﻿Column1,Column2
Column1,Column2
Name,Price
阿迪达斯 （adidas）女鞋运动鞋时尚百搭透气耐磨休闲鞋跑步鞋GZ0983 37码UK4.5码,￥319.00
意尔康女鞋韩版帅气百搭马丁靴厚底潮流加绒女靴 47611W 黑色 38,￥269.90
鸿星尔克女鞋休闲运动鞋秋季网面透气休闲鞋情侣跑鞋女|沐雨52122102292,￥149.00
阿迪达斯 （adidas）时尚潮流运动舒适休闲鞋女鞋GY5903,￥202.00
乔丹QIAODAN【日日有财】运动鞋2023年秋冬情侣老爹鞋复古跑步休闲鞋 黑色/象牙色(女款） 36,￥99.00
达芙妮马丁靴女牛皮英伦粗高跟女靴加绒皮靴女鞋子 422104611W 绒黑 37,￥219.00
特步女子舒适耐磨跑鞋运动鞋878118110041 帆白/浅粉橘/芋泥紫 37码,￥279.00
意尔康女鞋时尚复古英伦风小皮鞋深口百搭单鞋女 26017W 黑色 38,￥219.90
阿迪达斯 （adidas） 女子 跑步系列 ALPHACOMFY 运动 跑步鞋 ID0352 37码 UK4.5码,￥349.00
李宁新之板鞋丨女鞋2023经典小白鞋休闲鞋运动鞋AGCT474,￥178.00
阿迪达斯 （adidas）Adidas阿迪达斯BOOST系列女子休闲运动跑步鞋EH0846黑白粉 37,￥339.00
唐狮（TonLion）女鞋秋冬季复古鞋子女厚底增高运动小白鞋女士软底休闲板鞋女潮鞋,￥188.00
回力马丁靴女款秋冬季女鞋2023新款显瘦靴子女百搭英伦风短靴高帮女靴 【单层内里】0295皮带扣款 38,￥89.90
安踏凌云女鞋轻便跑鞋子女2023冬季新款软底减震休闲运动鞋健身跳绳鞋 象牙白/藕【凌云】 38,￥269.00
回力女鞋二棉鞋女2023秋冬新款高帮小白鞋子女款加绒加厚休闲运动板鞋 米色 37,￥89.00
ZHR厚底短靴女真牛皮松紧带切尔西靴女网红炸街女靴 EHX65D 黑色 38,￥139.00
达芙妮单鞋女牛皮小皮鞋百搭平底乐福鞋一脚蹬女鞋子 422104579 黑色 37,￥179.00
KAPPA卡帕女鞋加绒老爹鞋女2023秋冬季新款厚底运动二棉鞋百搭休闲鞋子 月灰色【四季款】脚瘦拍小一码 38,￥389.00
鸿星尔克跑运动鞋女透气网面皮革拼接活力撞色舒适轻便户外休闲鞋女鞋 暖亚麻/浅沫绿 37,￥148.00
361°女鞋运动鞋子女2023冬季新款轻便减震跑步鞋皮面防水休闲鞋老爹鞋 曜石黑/银白色 37码,￥169.00
花花公子（PLAYBOY）女鞋秋季百搭小白鞋女软萌鞋子女学生休闲板鞋女 1622 白色 37,￥68.00
回力抹茶绿小白鞋女鞋冬季新款小香风厚底休闲板鞋子女学生保暖面包鞋 抹茶米绿/ 底厚4cm，显高显气质 38码,￥89.90
361°运动鞋女鞋秋冬季百搭舒适增高软弹跑步鞋休闲鞋子女 682312203-2,￥199.00
蕉下（beneunder）马丁靴女大黄靴短靴薄款透气超轻靴子厚底增高英伦风姜阳黄37码,￥399.00
回力官方女鞋冬季运动鞋女皮面防水老爹鞋女百搭休闲鞋子女加厚保暖 奶油米白【推荐色】 37,￥99.90
李宁运动板鞋女2023春秋季款小白鞋休闲跑步低帮耐磨透气潮流百搭鞋子 【经典休闲鞋】标准白 38码,￥135.00
骆驼（CAMEL）老爹鞋女复古增高休闲运动鞋子  X23C09L7003  黏土色 38,￥319.00
ZHR小白鞋女舒适软底百搭女鞋厚底增高休闲板鞋女 Y731 米色 37,￥159.00
京东京造【EZI-CARE二代】羊皮毛一体女士冬款雪地靴保暖防滑靴子女栗色38,￥269.00
回力女鞋秋冬款运动鞋厚底板鞋ins小白鞋子女学生,￥84.55
达芙妮（DAPHNE）帆布鞋女鞋2023年秋季透气德训鞋小众原创设计板鞋潮ins休闲鞋女 米蓝色 36,￥219.90
特步【国潮】女鞋休闲鞋秋季新款时尚轻便网面透气运动鞋潮流老爹 革面-米 37,￥189.00
FILA斐乐官方山丘鞋COLLINA女鞋复古运动鞋2023户外休闲老爹鞋,￥639.00
特步休闲鞋百搭女鞋潮流女子运动鞋女士时尚老爹鞋877118320012 帆白 37码,￥209.00
安踏兔子鞋丨关晓彤同款休闲鞋女鞋小白鞋轻便老爹鞋增高运动鞋,￥299.00
安踏（ANTA）漫步运动鞋女2023秋冬轻便网面舒适跑步鞋学生低帮百搭休闲鞋 象牙白/藕灰色【店长推荐】 37.5码,￥209.00
阿迪达斯 （adidas）三叶草女鞋休闲鞋2023秋季新款缓震透气运动鞋高帮板鞋 HR1419 红棕 38,￥505.00
匹克板鞋男鞋秋季低帮休闲鞋子女空军一号小白鞋运动鞋女DB310128,￥139.00
啄木鸟女鞋运动鞋2023年春秋新款真皮小白鞋女百搭休闲女士平底鞋子女款 8902白黑 38,￥98.00
,
鸿星尔克鞋子女运动休闲女鞋轻便软底网面透气运动女慢跑鞋  12117202113,￥119.00
GUQIAN女鞋2023年新款休闲鞋女秋冬款透气板鞋小白老爹鞋加绒运动休闲鞋 黑色 38,￥65.00
安踏运动鞋女鞋秋冬季密网轻便跑步鞋软底休闲耐磨减震旅游鞋,￥179.00
回力女鞋妈妈鞋子女2023冬季棉鞋加绒保暖防滑雪地靴中老年鞋防水皮鞋 黑色【加绒皮靴】 38,￥89.90
卡帝乐鳄鱼真皮羊毛雪地靴女2023冬季皮毛一体加绒保暖棉靴女厚底内增高棉鞋 黑色(羊毛内里) 38,￥318.00
,
回力女鞋小白鞋女秋冬季休闲板鞋子女士厚底运动鞋 白灰 38,￥79.90
安踏（ANTA）女鞋运动鞋子女秋冬季透气保暖软底皮网面鞋跑步鞋休闲旅游鞋 象牙白/藕灰(皮面) 37.5(6.5),￥239.00
回力女鞋运动鞋女款2023新款秋季轻便厚底休闲鞋软底皮面跑步鞋子女潮 白灰 39女,￥79.00
达芙妮（DAPHNE）贝壳头油画板鞋女2023春季新款厚底百搭休闲显脚小超火溶解小白鞋 米卡其色【二层牛皮】 38/240,￥159.00
意尔康女鞋粗跟短靴英伦风切尔西靴保暖加绒棉鞋女靴 26640W 黑色 37,￥319.90
安踏星云女鞋运动鞋2023年秋冬季新款休闲鞋学生跑步鞋子 象牙白/藕灰 37.5码 (美码6.5码),￥189.00
安踏（ANTA）喵喵鞋老爹鞋女鞋2023秋冬季透气休闲鞋潮流厚底运动鞋子七夕礼物 【网面】-6黑 37.5,￥249.00
达芙妮官方真皮马丁靴女加绒秋冬2023新款法式气质瘦瘦靴子女百搭短靴女 米白色【真皮系列】 37,￥199.90
耐克NIKE休闲鞋女复古跑WAFFLE ONE运动鞋DC2533-103白38,￥259.00
星期六（St&Sat）切尔西短靴女英伦风粗跟烟筒靴女靴 黑色 37,￥329.00
特步（XTEP）【门店同款】翼型女鞋春秋板鞋低帮鞋百搭潮鞋运动鞋978218310075 纯净粉/轻瓷粉 37,￥159.00
"线下同款	
安踏官网漫步运动鞋女鞋秋冬季新款皮网面透气防水保暖软底耐磨跑步鞋 【top皮面】象牙白/泡沫绿-8 6.5码 (女37.5)",￥209.00
361°运动鞋女积木秋季复古革面厚底休闲时尚板鞋子女 682336619-3,￥169.00
FILA FUSION 斐乐潮牌文化篮球鞋女鞋休闲鞋子运动鞋BARRICADE,￥579.00
思加图【杨幂同款】2023冬季新款火星电音马丁靴厚底短靴女靴ESE02DD3 火星咖（单里） 38,￥1500.00
乔丹QIAODAN运动鞋女2023年秋冬新款革面跑步鞋轻便休闲鞋老爹鞋 象牙色/云雾紫(革面版） 38,￥219.00
斯凯奇（Skechers）女鞋2023秋季新款轻便休闲鞋一脚穿运动鞋妈妈鞋中老年软底健步鞋 海军蓝色/桃红色-NVHP 38,￥169.00
361°运动鞋女鞋飞翼2.0PRO秋冬季Q弹超软弹跑步鞋子女 682132239-2,￥299.00
特步（XTEP）女运动休闲鞋透气厚底老爹鞋增高877218320026 象牙粉 38码,￥249.00
回力女鞋樱花粉小白鞋子女秋冬款加绒板鞋潮流多巴胺保暖棉鞋休闲鞋女 米/粉【店铺力荐】 37,￥79.90
李宁女鞋板鞋夏秋季2023新款透气行初2.0鞋子黑白厚底休闲运动小白鞋 行初2.0-熊猫【热款配色活动中】 38,￥165.00
ZHR老爹鞋女春秋透气厚底增高休闲鞋女时尚潮流女鞋 G623 深灰色 37,￥147.51
ZHR休闲鞋女精选牛皮舒适百搭女鞋 经典INS潮拼色运动鞋女 韩版时尚轻便透气鞋子女 AK60 米灰色 37,￥139.00
ZHR女靴质感绒面网红粗跟短靴女增高显瘦加绒保暖靴子女仙女风 Y382 黑色 37,￥149.00
红蜻蜓棉鞋女冬季加绒保暖老北京棉靴子加厚防水防滑中老年舒适妈妈棉鞋 红色 36,￥78.00
"线下同款	
安踏绵绵弹2.0丨女鞋运动鞋秋冬季跳绳鞋女软底缓震防滑跑步鞋子女 象牙白/冰粉蓝-2 7(女38)",￥319.00
"线下同款	
安踏运动鞋学生女鞋秋季新款皮面网面韩版原宿软底透气百搭跑步鞋官网 【店长力荐】黑/玫瑰金-6 38码",￥159.00
百思图（BASTO）博主推荐百思图23冬商场新款加绒弹力连袜靴瘦瘦靴女短靴VUN02DD3 黑色 37,￥699.00
361°【皮面】女鞋运动鞋女皮面保暖跑鞋季秋冬季跑步鞋女休闲鞋女 -2羽毛白/冷雾灰 38码,￥149.00
回力女鞋秋季运动鞋子女学生休闲小白鞋百搭厚底板鞋女 米/砖红 37,￥99.00
达芙妮 马丁靴女2023秋冬新品英伦风加绒短靴女靴子女鞋 棕色 37,￥219.90
快乐玛丽（J&M）雪地靴女2023冬季新款短筒靴加绒保暖女靴时装皮毛一体棉鞋女东北 驼色 38,￥379.00
特步女鞋老爹鞋休闲运动厚底878118320026 帆白/雪雾绿/柔粉橘 36码,￥199.00
特步（XTEP）网面女休闲鞋透气运动休闲鞋百搭877218320014 帆白/黑 38码,￥199.00
FILA FUSION斐乐潮牌女鞋BUBBLE泡泡鞋时尚百搭跑步鞋休闲鞋 米色-AG 37.5,￥669.00
安踏板鞋女鞋小零感2023秋季透气休闲运动鞋厚底白色百搭鞋子女 象牙白/泥沙灰【厚底增高3cm】 37.5,￥219.00
"爱心东东	
思伦鸟老爹鞋女2023新款鞋子秋季百搭女鞋ins潮圆头厚底增高女士运动鞋 米白色 36",￥68.00
ZHR马丁靴女平底加绒细绑带单靴时尚百搭英伦风经典休闲短靴子女 BA05A 黑色（加绒） 37,￥138.00
红蜻蜓马丁靴女秋冬保暖厚底英伦风短靴休闲瘦瘦靴WTC43480黑色绒里38,￥339.00
鸿星尔克跑运动鞋女透气网面皮革拼接活力撞色舒适轻便户外休闲鞋女鞋 暖亚麻/浅沫绿 38,￥148.00
乔丹QIAODAN女鞋独白休闲鞋2023秋冬加绒保暖老爹鞋跑步鞋情侣运动鞋,￥269.00
达芙妮马丁靴女粗跟女靴百搭皮靴高跟短靴女鞋子 422104596 绒黑 36,￥219.00
达芙妮（DAPHNE）老爹鞋女2023新款秋冬增高显瘦舒适女鞋百搭保暖运动休闲鞋网面鞋 D231009灰色【四季款】 37/235,￥159.00
李宁惟吾LITE丨经典休闲鞋女鞋板鞋舒适软弹2023运动鞋AGCT116,￥288.00
轩途诗女鞋新款女士运动鞋女秋冬透气网面鞋跑韩版软底健步鞋女休闲鞋女 黑色单鞋 37,￥49.00
"线下同款	
安踏运动鞋女鞋轻便凌云女跑步鞋女中学生鞋子休闲健身减震跳绳鞋 白/藕灰 38",￥239.00
耐克（NIKE）男女同款板鞋COURT VISION LO NN运动鞋FN7141-100白紫38码,￥429.00
CAT卡特马丁靴经典大黄靴工装靴女靴鞋子女生户外23新款牢固防水短靴 女士 37,￥894.00
361°运动鞋女秋冬季高帮保暖加绒增高小白休闲板鞋子女682146606A-1,￥199.00
达芙妮（DAPHNE）雪地靴女皮毛一体秋冬加绒加厚保暖短靴年冬季新款女鞋厚底增 黑色  跟高4cm 37  标准码,￥179.00
福来红老北京棉鞋女冬加绒奶奶鞋防水防滑保暖妈妈鞋软底老太太加厚棉靴 红色 38,￥35.00
"爱心东东	
小回力家小白鞋女鞋2023春秋新款镂空透气运动休闲鞋时尚舒适百搭鞋 粉色皮面 38",￥37.00
特步（XTEP）【门店同款】女鞋革面运动春百搭休闲鞋舒适耐磨鞋潮978118320031 黑 36,￥139.00
耐克NIKE女休闲鞋缓震TANJUN 运动鞋 DJ6257-004黑36.5,￥349.00
百丽靴子女冬季保暖牛皮短靴女马丁靴英伦风Y8W1DDD2 黑绿-单里 36,￥769.00
千娇蝶（QIANJIAODIE）牛皮老爹鞋2023秋冬新款女鞋高帮鞋厚底运动休闲鞋百搭软底旅游鞋 米黑色【单里】PTQJD1734 37,￥208.00
思加图【杨幂同款】2023新款爵士乐福鞋英伦风厚底小皮鞋黑色EGB04CA3 曜金爵士 37,￥1390.00
安踏【关晓彤同款】C37老爹鞋休闲鞋女鞋秋冬网革复古跑步运动鞋,￥399.00
意尔康女靴 雪地靴女冬季新款真皮加绒加厚长毛保暖女短靴妈妈靴婆婆靴 棕色 38,￥299.90
安踏运动鞋女鞋秋季皮面透气轻便跑步鞋软底休闲耐磨减震旅游鞋 象牙白/藕灰【皮面防水】 38,￥189.00
鸿星尔克板鞋女学生厚底小白鞋舒适轻便百搭运动滑板鞋女 52123101203 微晶白/粉刷灰 39,￥139.00
百思图女靴商场同款复古百搭方头粗跟时装靴女短靴MD222DD2 黑色 36,￥549.00
千娇蝶（QIANJIAODIE）牛皮雪地靴2023冬季新款女鞋厚底短靴马丁靴加绒加厚棉鞋防水靴子 米色M58289 38,￥268.00
百丽靴子女冬保暖羊皮复古英伦女短靴B0952DD2 黑色-单里 36,￥769.00
阿迪达斯 （adidas）女鞋运动鞋低帮轻便舒适耐磨休闲鞋FX3451,￥299.00
千娇蝶（QIANJIAODIE）牛皮老爹鞋女2023秋冬季新款女鞋高帮鞋厚底休闲鞋复古百搭旅游鞋 奶茶色【加绒】QJD11255-1 38,￥188.00
彪马（PUMA）女子 休闲鞋 板鞋 厚底松糕鞋 363559-01-米白色-黑色 38UK5,￥439.00
意尔康保暖防滑皮鞋妈妈棉靴加绒短靴中老年棉鞋  29779W 黑色 38,￥299.90
回力女鞋运动鞋女跑步鞋春夏季全黑色软底学生网面透气休闲慢跑旅游鞋 全黑（6138女鞋） 38,￥99.00
环球小众板鞋女2023秋冬新款加绒学生百搭潮流厚底鞋子女运动休闲鞋 ZHQ3163黑粉 38,￥89.00
阿迪达斯 （adidas）时尚潮流运动舒适透气休闲鞋女鞋HP2148,￥353.00
达芙妮（DAPHNE）灰色老爹鞋2023新款鞋子女春秋夏季网面透气厚底增高炸街休闲运动 深灰色 38/240,￥159.00
巧丂踩屎感孕妇专用防滑运动鞋女款秋冬季外穿软底鞋脚宽胖孕期休闲鞋 卡其色【37码】（主图款）,￥59.00
红蜻蜓红蜻蜓女鞋牛皮英伦休闲鞋女软皮小皮鞋工作单鞋子女 WTB234141,￥239.00
,
回力女鞋小白鞋女2023秋季新款鞋子女百搭休闲运动鞋透气学生板鞋潮鞋 白灰 38,￥79.90
可牧丽羊澳洲进口羊毛马丁靴女鞋子皮毛一体冬季短靴棉鞋女保暖鞋雪地女鞋 暗夜幽光[轻奢小牛皮] 38,￥428.00
阿迪达斯neo女子休闲系列100DB运动 休闲鞋IE5583 36.5码UK4码,￥459.00
百丽方扣高跟鞋女2023秋季新商场同款气质单鞋B1344CQ3 羊皮-杏色 37,￥619.00
达芙妮（DAPHNE）官方华夫老爹鞋女2023秋新款轻便厚底休闲鞋小蛮腰复古阿甘运动鞋 米卡其色 38,￥199.90
百丽马丁靴女2023冬季新款厚底擦色复古小众中短筒靴加绒B1623DZ3 黑色-绒里 37,￥699.00
MLB鞋四季复古增高老爹鞋男鞋女鞋休闲鞋3ASHC101N-50BGL-260/淺米色,￥649.00
斯凯奇休闲运动鞋 D'lites 黑白熊猫款 情侣款男女同款黑色/白色 37,￥539.00
百丽百搭弹力靴女2023冬季新商场同款芒果头平跟休闲短靴加绒A2P1DDD3 黑色-绒里 38,￥689.00
百丽乐福鞋女2023春季新专柜同款黑色牛皮粗跟单鞋Z1R1DAA3 黑色 36,￥629.00
阿迪达斯（adidas）三叶草女鞋 冬季新款高帮时尚潮流舒适保暖休闲鞋运动鞋滑板鞋 米白-绿/三叶草/高帮板鞋 37码（内长230mm）,￥379.00
卡帝乐鳄鱼（CARTELO）厚底老爹鞋女2023年新款夏季透气百搭炸街松糕运动休闲轮胎鞋 灰色 38,￥158.00
VANS范斯官方 线上专售Asher黑白棋盘格夏日帆布鞋 黑色黑白棋盘格(女款) 38码,￥269.00
热风2023年秋冬新款女士丝袜骑士靴棕色长筒靴显瘦高筒靴女靴子 01黑色（四季单里3802） 37,￥297.00
特步【国潮】洄游棉鞋男运动休闲鞋女棉鞋轻便包裹保暖情侣鞋子 茶白色-女 38,￥359.00
回力皮鞋女2023秋季单鞋女新款厚底英伦风黑色日系乐福鞋jk学院风鞋子 黑色 37,￥85.40
"线下同款	
安踏毒刺丨运动鞋跑步鞋女鞋秋冬季轻便慢跑鞋女透气减震健身训练鞋 象牙白/紫/灰-2 7(女38)",￥339.00
达芙妮（DAPHNE）马丁靴女2023秋冬系带英伦风加绒中筒短靴黑白经典款时尚女靴 黑色【主图款单里】 37,￥199.90
百思图春秋商场同款潮流厚底增高黑色老爹鞋女运动休闲鞋UD096CM2 米白 37,￥609.00
VANS范斯官方 SK8-Hi墨绿色复古风男鞋女鞋板鞋运动鞋 绿色 35码,￥199.00
耐克（NIKE）女鞋新款TC 7900 LX 运动休闲跑步鞋 CU7763-100 DZ2756-611 37.5,￥389.00
斯凯奇女款D'lites绑带时尚复古熊猫休闲鞋13148 白色/黑色/WBK 36,￥499.00
"线下同款	
安踏板鞋女鞋秋季百搭小白鞋平底低帮休闲鞋耐磨轻便增高运动鞋子 【厚底设计】象牙白/藕灰-10 6.5(女37.5)",￥189.00
回力马丁靴女2023年秋冬季新款百搭厚底小个子时尚炸街短靴靴子女 黑色 37,￥95.00
红蜻蜓真皮百搭小皮鞋软底单鞋女2023春夏季新款工作鞋厚底乐福鞋 黑色 36,￥156.00
快乐玛丽（J&M）雪地靴女靴子2023冬季新款厚底短筒加绒保暖棉鞋女皮毛一体东北 驼色 37,￥349.00
URBAN REVIVO2023冬季新款女时髦休闲百搭弹力厚底短靴UAWS30043 黑色 37,￥399.00
百丽气质通勤时装靴女2023冬季新商场同款牛皮短筒靴加绒BCZ41DD3 黑色-绒里 37,￥939.00
安踏（ANTA）星辰丨老爹鞋男鞋女鞋2023冬季增高运动休闲鞋子男 【女款】黑/白垩色/花岗灰-5 37.5,￥399.00
特步【国潮】女子休闲鞋春秋季新款机甲风潮流运动鞋百搭时尚老爹 米色 36,￥169.00
特步女鞋高帮板鞋运动鞋品牌秋冬季保暖学生户外休闲滑板鞋子 9712 白粉9712 37,￥89.00
魅旅牛皮板鞋女2023秋冬季新款女鞋厚底运动休闲鞋加绒棉鞋软底旅游鞋 绿色【单里】ZS1222-2 37,￥268.00
百思图23秋商场新款复古阿甘德训鞋软厚底女休闲板鞋VPI02CM3【预售】 紫色 37,￥699.00
森达可可鞋单鞋女2023秋冬新商场同款免系带防滑真皮休闲4CF22AM3预售 米色 37,￥400.00
达芙妮官方老爹鞋女2023新款ins潮小白鞋女鞋厚底增高百搭休闲运动鞋 米白色【主图款】 37,￥199.90
骆驼（CAMEL）复古手工擦色牛皮后拉链粗跟皮靴 LF22247537 棕色 37,￥449.00
361°女鞋运动鞋女2023冬季新款轻便减震跑步鞋子皮面保暖休闲鞋老爹鞋 羽毛白/淡桃粉 37码,￥169.00
百丽撞色厚底马丁靴女2023冬季新商场同款休闲短靴女加绒A3D1DDD3 黑色-单里 37,￥959.00
"线下同款	
安踏女鞋跑步鞋2023秋季新款软底皮面防水运动鞋女学生户外休闲鞋子女 （皮面防水top款）黑/玫瑰金 38(美码7码)",￥159.00
意尔康女鞋粗跟短靴时尚百搭皮靴加绒保暖时装靴女靴子 26632W 米白 38,￥299.90
卡帝乐鳄鱼马丁靴女靴秋冬短靴女厚底英伦风切尔西靴子女 1409 棕色 38,￥162.00
西遇长筒骑士靴女2023新款秋冬英伦风机车高筒靴不过膝长靴子 黑色 单层 37,￥319.00
骆驼（CAMEL）拱桥1.0跑步鞋女轻便运动跳绳鞋 X23S09L7001 米白/浅粉 38,￥129.57
百丽增高潮流高帮鞋23冬季新商场同款厚底休闲板鞋加绒A4T2DDM3 米色/黑色-绒里 37,￥659.00
意尔康女短靴高跟皮女鞋加绒保暖靴冬款马丁靴 26619W 黑色 37,￥329.90
鸿星尔克官方旗舰女鞋减震休闲鞋耐磨运动鞋时尚老爹鞋【浔系列·龙飞凤舞】 52122302038 未漂原色/雾紫 39,￥179.00
奥古狮登老爹鞋女鞋新款2023春秋款运动鞋休闲软底舒适鞋子女厚底网面鞋 213140米灰色【春秋款】 38,￥78.00
森馬（senma）雪地靴女2023秋冬季新款加绒加厚短筒靴保暖棉鞋平底防滑妈妈鞋靴 驼色加绒 38,￥139.00
Cupald牛皮运动鞋女2023冬季新款女鞋子老爹鞋休闲鞋跑步鞋软底旅游鞋女 黑灰色  （真皮 标准尺码） 38,￥278.00
Onitsuka Tiger鬼塚虎板鞋男女复古德训鞋运动休闲男女鞋 TOKUTEN 1183A862 米白色 36,￥650.00
ZHR板鞋女真牛皮潮流百搭厚底女鞋运动休闲小白鞋子女 CX07H 米黑 37,￥158.00
鸿星尔克（ERKE）女鞋跑步鞋软底运动鞋防滑耐磨缓震轻便健身户外女生慢跑鞋 橡芽白 36,￥209.00
意尔康女鞋 2023冬季新款马丁靴女真皮英伦风女靴加绒保暖粗跟靴子女 黑色 37,￥419.90
耐克NIKE休闲鞋女黑白老爹鞋缓震ZOOM 2K休闲鞋AO0354-100白黑38,￥399.00
新百伦官方男鞋2023新款530系列秋季休闲情侣百搭网面透气运动老爹鞋女 NB530白银 41标准尺码,￥179.00
ZHR女鞋厚底布洛克风英伦单鞋女舒适百搭透气小皮鞋女增高 AH151 黑色 37,￥129.00
蜘蛛王 SPIDER KING 妈妈鞋羊毛加绒保暖棉鞋软底舒适中老年人棉皮鞋女 216ZM22931 黑色 38,￥408.00
奥古狮登老爹鞋女四季百搭新款学生韩版厚底女款5cm增高舒适轻便网面鞋冬 9396灰黑【网面款】5cm跟高 37,￥89.00
耐克NIKE板鞋女经典百搭COURT VISION LOW休闲鞋CD5434-111白38,￥389.00
百丽增高厚底老爹鞋女2023春新潮酷设计运动鞋B1158AM3 卡其色 37,￥659.00
达芙妮（DAPHNE）老爹鞋女2023新款透气厚底内增高超火显瘦休闲运动鞋女网面鞋 D221051杏色【四季款】 37/235,￥159.00
安踏关晓彤同款丨C37老爹鞋女鞋2023冬季复古潮流运动鞋休闲鞋女 象牙白/泥沙灰/雾紫灰-2 6.5(女37.5),￥399.00
斯普王（SIPUWANG）老爹鞋女2023秋冬新款舒小蛮腰阿甘鞋女港风休闲百搭增高老爹鞋 卡红 39,￥498.00
百思图23冬商场新款加绒弹力连袜靴瘦瘦靴厚底女短靴VUN03DD3【预售】 黑色绒里 35,￥699.00
九寸阳光 黑色小个子高筒长靴子春季女鞋2023年高筒长筒骑士靴显瘦靴 黑色长筒【单里】【36码】,￥95.00
双星跑步鞋女春秋透气休闲鞋网面中老年健步鞋轻便舒适妈妈运动女鞋,￥85.00
百丽百搭毛毛鞋女2023冬季新款撞色休闲毛毛板鞋B1511DM3 杏色 37,￥649.00
回力女鞋高帮小白鞋女2023新款秋季超火休闲鞋子女厚底百搭运动板鞋 米蓝粉/主卖款 39女,￥79.00
达芙妮小皮鞋女配正装英伦风粗跟中高跟职业工作商务鞋乐福鞋女鞋4622404047 黑色 38,￥199.00
特步（XTEP）运动板鞋女鞋夏季新款透气小白鞋女轻便百搭休闲鞋潮流运动鞋女 帆白/泡沫绿 37,￥129.00
安踏（ANTA）【毒刺】安踏女鞋运动鞋冬季跑步鞋子女慢跑鞋 【店长推荐】象牙白/氧气蓝-4 7(女38),￥339.00
百丽个性擦色烟筒靴女23冬季新商场同款牛皮短筒靴加绒A4Z1DDD3 卡其色-单里 36,￥949.00
ZHR长筒靴女复古英伦风保暖加绒骑士靴女时尚潮流粗跟厚底女靴网红不过膝靴子女 BL105A 黑色 37,￥179.20
九寸阳光 小白鞋女鞋2023年新款秋季百搭鞋子春秋百搭厚底休闲运动板鞋女 百搭休闲运动板鞋米绿【38码】,￥55.00
回力女鞋运动鞋女秋冬厚底老爹鞋小白鞋潮流百搭舒适休闲鞋子女 米棕 38,￥89.90
雬aj空军一号板鞋女时尚小白鞋女系带运动休闲女鞋舒适百搭鞋子女 粉紫 35,￥488.00
百丽舒适乐福鞋女2023秋季新款通勤OL单鞋BZ4B1CA3 黑色 36,￥660.00
百思图23冬商场新款大黄靴登山户外加绒工装马丁短靴男女款WD201DD3 女款-黄色 38,￥699.00
ZHR短靴女冬季新品英伦风气质靴子女显高粗跟加绒保暖时尚女靴后拉链 黑色 40,￥129.00
莱尔斯丹商场同款时尚中粗跟切尔西女靴女鞋3T30202 黑色 BKL 38,￥1399.00
康莉（COMELY）水钻方扣单鞋女粗跟秋季方头时尚中跟晚宴鞋 奶茶色 35,￥609.00
牛皮短靴女2022新款女鞋子秋冬单靴厚底内增高马丁靴女英伦风女士皮鞋黑色皮靴加绒加厚高跟女靴子 黑色【加绒】1015-1 37,￥259.00
FILA斐乐猫爪鞋女鞋老爹鞋休闲鞋女 休闲复古运动鞋 猫爪一代-黑-BK 38,￥629.00
回力马丁靴女2023秋冬季新款女鞋厚底小个子学生百搭女靴系带短靴女 黑色 37,￥89.00
奥古狮登乐福鞋女2023新款秋冬小众法式厚底单鞋英伦风气质系带小皮鞋女 523203黑色【四季款】 38,￥87.90
ZHR乐福鞋女春秋真牛皮两穿平底单鞋子女通勤豆豆女鞋 BT36 米色 38,￥119.00
安踏女鞋老爹鞋女喵喵鞋猫爪女鞋2023秋季新款黑色跑鞋休闲运动鞋子女 黑-6 37.5,￥199.00
花花公子（PLAYBOY）马丁靴女秋冬潮流靴子女百搭短靴女韩版女靴女鞋 1618 黑色 37,￥165.00
达芙妮老爹鞋女厚底增高显脚小休闲软底韩版运动鞋子女4623404091黑色38,￥329.00
卡帝乐鳄鱼（CARTELO）春季真牛皮炸街老爹鞋女2023秋冬新款厚底增高运动鞋百搭跑步女鞋 杏色 【专柜真皮 36,￥248.00
,
蕉下（beneunder）户外鞋【周杰伦同款】登山鞋缓震煦柔米（女款）37LD626,￥499.00
达芙妮短靴女牛皮英伦厚底马丁靴切尔西靴女鞋子  4023605067 黑色 36,￥239.00
特步女鞋运动鞋秋冬潮流舒适简约皮面小白鞋透气网面软底休闲跑步鞋子 紫红(皮面) 35,￥59.00
新百伦官方男鞋2023秋季新款CTC系列简约时尚板鞋舒适百搭运动休闲鞋女 NB300全皮灰银 40,￥179.00
卓诗尼骑士靴女2023年秋冬季新款皮靴子粗跟高筒长靴厚底增高长筒靴女 黑色-单里 37,￥249.00
特步（XTEP）女鞋运动鞋秋冬季潮流皮面防水休闲鞋子轻便回弹减震旅游跑步鞋 黑/新玫瑰金 38码,￥139.00
耐克NIKE篮球鞋女AJ1乔1 AIR JORDAN 1秋运动鞋BQ6472-117白橙37.5,￥559.00
蕉下（beneunder）马丁靴女大黄靴轻超轻厚底增高英伦风CW69823姜阳黄37,￥399.00
ZHR休闲鞋女秋季复古拼色德训鞋女厚底百搭运动女鞋 EJ29P 米黑 37,￥159.00
百丽厚底板鞋女2023秋季新款百搭撞色可爱熊猫休闲鞋A3Y1DCM3 黑白 38,￥619.00
特步休闲鞋女鞋运动鞋轻便休闲鞋子百搭老爹鞋女潮鞋 880318320087 米 36码,￥189.00
FILA 斐乐官方女鞋运动鞋2023年时尚复古老爹鞋休闲鞋OAKMONT 2,￥549.00
西遇厚底板鞋女2023年新款秋季美式复古拼接休闲运动小白鞋德训鞋 白+咖色 37,￥139.00
森达时尚切尔西靴女2023冬季新款简约舒适休闲短皮靴TJZ04DD3 黑色单里 38,￥459.00
ZHR德训鞋女复古休闲女鞋透气运动跑步鞋女 CX10 米色（四季） 38,￥129.00
回力老爹鞋女ins潮女鞋新款休闲鞋春秋鞋百搭鞋子学生显脚小运动鞋 白黑 37,￥79.00
他她（TATA）2023秋商场同款轻便撞色厚底老爹鞋女休闲运动鞋WC601CM3【预售】 米灰/粉 38,￥759.00
百丽时髦弹力靴女秀气显瘦瘦瘦靴加绒B1028DD2 驼色-薄绒 38,￥649.00
达芙妮（DAPHNE）官方绒面气质小短靴女2023秋新款法式粗跟弹力瘦瘦靴增高切尔西靴 卡其色 37,￥209.90
百思图23秋商场新款时尚英伦一脚蹬真皮乐福鞋粗跟女单鞋WHX46CA3 米白 37,￥699.00
康莉（COMELY）瘦瘦靴女冬季商场同款法式方头粗高跟加绒短靴 驼色 37,￥709.00
鸿星尔克征服2.0|运动板鞋女冬季中高帮拼接撞色休闲女鞋52123301017,￥179.00
百丽阿甘鞋女2023春季新款商场男女同款休闲运动鞋子女Z2T1DAM3 米色/绿（女款Z2T1D） 37,￥629.00
安踏女鞋跑步鞋子女秋冬季凌云防水皮面缓震护踝运动鞋子绵绵弹跳绳鞋 -5象牙白/藕灰【皮面】 38,￥269.00
【商场同款】特步女鞋白色运动鞋女春秋新款轻便休闲鞋时尚百搭老爹鞋女979418320102 黑白 35,￥139.00
阿迪达斯 （adidas）JZ RUNNER女鞋时尚休闲跑步鞋IE5547 38码UK5码,￥349.00
ZHR老爹鞋女复古潮流休闲鞋子女拼接网面厚底女鞋 PEP03 灰色 37,￥99.00
Guard my light皮毛一体雪地靴潮鞋子女士2023新款秋冬季马丁靴加绒保暖休闲户外 驼色MYM1836-1 37,￥268.00
百丽经典通勤袜靴女23冬季新商场同款百搭舒适短靴A2N1DDD3 黑色 37,￥639.00
卡帝乐鳄鱼（CARTELO）平底马丁靴女英伦风8孔2023年新款秀气圆头显瘦短靴真皮春秋单靴 黑色单里 38,￥278.00
快乐玛丽（J&M）运动鞋女休闲2023秋季新款登山鞋露营风厚底户外丑萌大头溶解鞋女 黑色（晒图送20元红包） 37,￥349.00
欧牧盾羊毛绒雪地靴女保暖魔术贴东北户外冬季加厚保暖棉鞋防滑防水溅中 黑色 38,￥118.00
红蜻蜓单鞋女个性牛皮休闲鞋软底妈妈鞋中年软皮小皮鞋女 WLB434821,￥349.00
特步（XTEP）跑鞋女秋冬2023新款网面透气运动鞋轻便减震跑 帆白/纯净粉 38码,￥209.00
回力官方马丁靴女鞋2023冬季新款厚底棉鞋女保暖英伦风女士皮靴子女 百搭黑色【单里款】 37,￥99.90
歌黛妍品牌休闲鞋女鞋秋冬季新款真皮透气运动鞋女加绒保暖厚底老爹鞋女 白灰【四季全皮】 37 男女同款,￥1100.00
森馬（Senma）女鞋秋季厚底炸街轻便增高学生休闲运动鞋秋季复古2023新款老爹鞋 黑色【5.0cm柔软厚底】 37,￥109.00
他她（TATA）2023冬商场同款小短靴女通勤羊皮时装靴子女2023秋冬新款WCTA2DD3 黑色（单里） 38,￥759.00
达芙妮（DAPHNE）老爹鞋女2023新款复古增高松糕鞋百搭休闲小众轻便运动鞋 米黑 36标准码,￥188.00
达芙妮（DAPHNE）老爹鞋女2023新款秋冬女鞋百搭厚底运动休闲鞋子女轻便透气网面鞋 BD231151米杏色【二层牛皮】 37/235,￥159.00
阿迪达斯 （adidas）JZ RUNNER男鞋女鞋运动休闲鞋时尚跑步鞋IE5544  42码UK8码,￥269.00
百丽雪地靴女商场同款加绒棉鞋靴Y8C1DDD2 杏色 35,￥659.00
OTZSHOES休闲鞋女秋冬情侣毛毛鞋可拆卸兔耳朵丑萌果冻板鞋 米色 37,￥1073.00
达芙妮（DAPHNE）阿甘鞋女2023新款秋冬透气软底女鞋轻便百搭休闲运动鞋网面鞋 D111052米杏【春秋款】 38/240,￥159.00
啄木鸟品牌断货真皮小白鞋女2023秋冬新款皮面休闲鞋中学生运动跑步鞋子 白黑 37,￥69.90
牧言（MUYAN）头层牛皮短靴2023秋冬新款真皮女鞋平底马丁靴皮鞋复古软底女靴子 黑色【加绒】WZZM233339 36,￥458.00
361°【火山雨屏】运动鞋女鞋秋季防泼水缓震跑步鞋子女 682332209-3,￥259.00
思加图新款厚底简约英伦风乐福鞋jk鞋小皮鞋一脚蹬女鞋A2901AA1 黑色 34,￥600.00
Skechers斯凯奇女鞋跑步鞋软底皮面防泼水运动鞋秋冬季新款轻便缓震休闲鞋 全黑色 37,￥349.00
达芙妮短靴女方头粗跟女靴高跟气质显瘦皮靴女鞋子 4023605115 黑色 37,￥219.00
足力健老人鞋散步鞋2331316J 车厘子红-女款 37,￥399.00
回力女鞋棉鞋女2023冬季新款高帮加绒加厚休闲鞋子女士百搭厚底板鞋女 米粉-加绒款 38,￥89.00
达芙妮厚底老爹鞋女鞋2023秋季新款休闲百搭增高软底ins熊猫运动鞋子女 黑白熊猫 37,￥199.90
达芙妮女靴袜靴秋季小短靴粗跟高跟包头防护时尚百搭2023新款秋冬季 咖色 37标准码,￥179.00
MLB秋冬男女情侣复古学长鞋厚底增高运动休闲鞋3ASXCA12N-50IVS-230,￥892.00
他她（TATA）休闲厚底板鞋女撞色百搭透气小白鞋2023秋季新款WUL02CM3 米白 37,￥609.00
特步闪电休闲鞋年秋季新款运动鞋男女款轻便百搭情侣鞋子 帆白 37,￥199.00
允鹿板鞋男百搭dunk莆田官方情侣运动休闲鞋子男鞋2023新款秋冬季女鞋 黑白熊猫[内置气垫] 41码,￥158.00
盼洁Pansy日本女鞋冬短靴平底舒适软底单鞋中帮冬款休闲妈妈鞋4043 黑色 38,￥239.00
达芙妮官方马丁靴女2023新款秋冬加绒烟筒靴子女英伦风中筒切尔西女靴 黑色（中筒） 37,￥219.90
达芙妮（DAPHNE）官方板鞋女2023新款厚底百搭红色小白鞋运动休闲透气鞋子女设计感 白红色 38,￥179.90
安踏（ANTA）千禧冰河丨关晓彤同款休闲鞋女2023冬季增高老爹鞋 象牙白/浅雾灰/银-2 37.5,￥369.00
回力女鞋老爹鞋女秋季2023新款透气厚底情侣运动休闲鞋潮流百搭单鞋 米蓝-四季款 38,￥79.00
达芙妮(DAPHNE) 短靴子女秋冬2023新品马丁靴女瘦瘦靴气质百搭粗跟靴子 米色【单里直线款】 37,￥199.90
耐克（NIKE）yysports INTRLK  MAX缓震气垫鞋女耐磨舒适透气轻便户外鞋 DX3705-001 37.5,￥599.00
特步（XTEP）氢风5.0跑鞋|秋季女鞋2023新款透气跑步鞋女款网面减震运动鞋 新白色/芋泥紫/宁静蓝 38,￥208.00
达芙妮（DAPHNE）老爹鞋女厚底运动休闲鞋2023新款女鞋春秋款学生透气百搭跑步鞋 黑色 39标准码,￥189.00
红蜻蜓红蜻蜓女鞋休闲鞋女平底系带小白鞋女百搭运动板鞋女 C0TTN01192,￥219.00
南极人轻奢高档 白色马丁靴女2022新款冬季百搭加绒加厚雪地短靴学生冬鞋保暖棉鞋新品 白色 标准鞋码 37,￥318.00
,
李宁运动鞋女秋季潮流减震耐磨透气防滑运动团购百搭新款休闲运动鞋 AGLS134-1新标准黑/标准白 36,￥99.00
昂智（ANGZHI）品牌真牛皮老爹鞋女秋冬季女鞋新款2023休闲运动鞋女厚底增高板鞋 米绿 37,￥228.00
达芙妮官方老爹鞋女2023秋季新款鞋子女百搭透气舒适厚底运动休闲鞋女 灰色【主图款】 37,￥199.90
哲绅普雪地靴女冬款2023冬季新款加绒加厚棉鞋防寒短靴女保暖马丁靴子女 米白【冬季加绒】 37,￥88.29
美思鸟（MEISINIAO）运动鞋女 休闲鞋女鞋子学生跑步鞋轻便网鞋女透气黑色女士旅游鞋 黑色 37,￥54.99
回力女鞋小白鞋女2023新品女鞋秋冬季加绒运动板鞋百搭平底休闲鞋子女 皮面-9635白银 35,￥89.90
森馬（senma）森马【增高显瘦】鞋子女秋季内增高女鞋透气双网面运动小白鞋 新华增高米色 37 标准码号,￥117.35
Skechers斯凯奇女鞋小白鞋运动鞋休闲百搭老爹鞋女厚底增高熊猫鞋 海军蓝/WNV 37.5,￥296.80
安踏C37+ | 女鞋秋冬季轻便网面透气减震软底跑步鞋休闲运动鞋女 【C37+】象牙白/芯片灰/淡紫灰 6.5(女37.5),￥359.00
利达妮（TZLDN）全包跟棉拖鞋女士秋冬季防水防滑保暖室内家居毛绒情侣棉鞋男外穿 卡其色 38-39 (适合37-38码),￥26.90
耐克yysports nike耐克秋季女鞋AIR MAX 97 FUTURA运动鞋训练跑步鞋 FB4496-001 37.5,￥1199.00
李宁跑步鞋女新款运动鞋轻质减震透气女款跑步鞋 新标准黑/标准白-夏 36(内长225),￥99.00
FILA 斐乐官方MARS 1S+女鞋复古运动鞋2023秋季跑步鞋火星鞋,￥659.00
达芙妮（DAPHNE）绒面高帮鞋女秋冬老爹鞋冬季加绒保暖棉鞋厚底休闲AJ运动板鞋冬 杏色跟高4.5cm加绒 38标准码,￥259.00
森馬（Senma）韩版加绒老爹鞋女2023秋冬款炸街软面皮休闲运动鞋女ins潮厚底鞋 白色加绒 37,￥109.00
百思图2023春季新款商场同款可爱兔子小白鞋女休闲板鞋YPQF7AM3 白色 36,￥699.00
森达气质乐福鞋女秋季时尚马衔扣通勤粗跟单鞋ZT727CA2 米白 37,￥319.00
回力女鞋2023秋冬新款鞋子女ins潮百搭小众休闲鞋学生舒适运动板鞋女 黑粉 37,￥89.00
FILA 斐乐官方ROSETTA女鞋摩登板鞋2023秋新轻便回弹厚底复古板鞋 奶白/浅粉-GP 37.5,￥699.00
耐克（Nike）女鞋 2023冬季新款运动鞋低帮轻便舒适耐磨休闲鞋板鞋 DM0113-102  36.5/230/6,￥488.00
卡帝乐鳄鱼（CARTELO）孕妇鞋子春秋季外穿防滑软底脚浮肿秋冬厚底休闲运动秋款老爹鞋女 黑色 37,￥128.00
,
星期六（ST&SAT）JK鞋圆头方跟休闲单鞋女乐福鞋 11黑色 36,￥369.00
达芙妮官方羊羔毛毛鞋棉鞋女2023秋冬新款雪地靴女小香风加绒豆豆鞋女 米白色【羊羔毛内里】 37,￥199.90
紫橼驹（ziyuanju）厚底老爹鞋女秋季ins潮2023新款秋季透气黑色增高休闲运动鞋 米白色 38,￥69.00
啄木鸟品牌真皮运动鞋女2023秋冬新款软底阿甘鞋轻便跑步中学生休闲鞋子 卡其 36,￥88.00
百丽金扣切尔西靴女2023冬季新商场同款秀气小短靴加绒A2M1DDD3 黑色-绒里 38,￥949.00
百思图23秋季新款魔术贴阿甘德训鞋软厚底女小白面包鞋VLD11CM3【预售】 粉色 39,￥699.00
安踏【王一博】安踏AO骜驭丨2023年滑板鞋男女同款潮流运动鞋耐磨官网 【炙热】象牙白/芯片灰-1 41码 男款,￥155.00
牧言（MUYAN）头层牛皮短靴2023秋冬新款真皮女鞋厚底马丁靴皮鞋复古软底女靴子 棕色【单里款】ZZM21100 37,￥468.00
百丽厚底舒适雪地靴女23冬季新商场同款羊毛加绒短靴A4F1DDD3 杏色 38,￥649.00
Cherish Sunshine头层牛皮短靴女2023秋冬新款女鞋子厚底马丁靴皮鞋加绒棉鞋女靴子 黑色【加绒款】ZZMOM720 38,￥298.00
花花公子（PLAYBOY）女鞋冬季老爹鞋女加绒鞋子女防寒棉鞋女保暖运动鞋女 1623 米色37,￥179.00
安踏C37丨高帮板鞋女2023冬季新款厚底小白鞋轻便软底休闲运动鞋子女 象牙白/绛红色/泥沙灰-4 6.5(女37.5),￥299.00
森馬（Senma）长筒靴女秋季新款靴子女超火高跟小个子不过膝高筒瘦瘦v 黑色[选加绒] 品牌断码清·仓特·价-37,￥80.00
达芙妮（DAPHNE）大黄蜂马丁靴女户外工装短靴春秋单靴冬季加绒大黄靴秋季新款 卡其加绒跟高4.8CM 37标准码,￥198.99
回力女鞋豆豆鞋女秋冬季毛毛鞋女保暖鞋加绒棉拖鞋一脚蹬休闲鞋子女 棕色 36,￥89.90
特步女鞋跑步鞋皮面防水运动鞋学生休闲鞋轻便简约户外旅游鞋子女款 【皮面防水】黑色 36码,￥139.00
MLB复古老爹鞋厚底增高小白鞋3ASHBMN3N-50BKS-235,￥949.00
特步（XTEP）【国潮】【商场同款】特步女鞋复古运动鞋女款秋季透气网面202 帆白/淡紫色/泡沫绿 38,￥309.00
ZHR休闲鞋女高帮时尚运动简约真牛皮鞋子女厚底增高潮流女鞋韩版ins舒适耐穿小白鞋女 CX07A 米黑（加绒） 38,￥158.00
耐克NIKE秋运动鞋女空军一号AF1 FORCE 1运动鞋DD8959-100白36.5,￥699.00
达芙妮（DAPHNE）老爹鞋女2023秋季新款复古厚底港风休闲运动鞋网红炸街显脚小女鞋 米粉色【二层牛皮】 37/235,￥179.00
卡帝乐鳄鱼（CARTELO）头层牛皮厚底炸街老爹鞋女款2023新款春春季女鞋轻便运动跑步鞋子 白色(真皮专柜版) 37,￥258.00
特步女鞋运动鞋女秋季皮面鞋新款缓震跑步鞋软底舒适鞋子女士休闲鞋 粉棕褐/帆白 38,￥169.00
耐克女子篮球鞋WMNS JORDAN STADIUM 90运动鞋FB2269-106 米色 36码,￥629.00
Devo Life的沃软木鞋包头休闲搭扣复古时尚半包日系女单鞋56116 黄棕反绒皮 37,￥369.00
红蜻蜓23冬款妈妈鞋加绒保暖软底老人棉鞋皮鞋防滑短靴 WTC43288黑色37,￥359.00
安踏女鞋运动鞋子女秋冬季凌云软底皮网面鞋跑步鞋女轻便减震慢跑鞋 浅米白/粉 7(女38),￥189.00
安踏后浪 | 棉鞋女2023冬季新款运动鞋子保暖加绒厚底增高板鞋 泥沙灰/象牙白-1 6.5(女37.5),￥359.00
ZHR马丁靴女秋冬时尚厚底短靴女英伦风真牛皮增高女靴 G631 黑色 37,￥129.00
啄木鸟品牌高跟磨砂短靴女单靴2023新款秋冬加绒真皮细跟尖头马丁靴 黑色单里 37 标准码,￥138.00
,
啄木鸟品牌专柜运动鞋女2023秋季软底女鞋百搭中学生阿甘跑步休闲鞋鞋子 D2022白灰加绒 39,￥68.00
安踏（ANTA）星海丨老爹鞋男女2023冬季情侣休闲鞋复古运动鞋子 【男款】白垩色-3 42,￥359.00
耐克（NIKE）官网舰店女鞋 23秋冬新款运动鞋空军一号简版AJ1休闲鞋高帮板鞋子 简版空军一号/晒图退10【元】 38,￥469.00
卡澜珊牛皮短靴女2023冬季新款女鞋子粗跟马丁靴加绒棉鞋皮鞋皮靴女靴子 黑色/字母（加绒）头层牛皮 37,￥338.00
安踏街顽Lite丨王一博同款板鞋女2023新款情侣休闲运动鞋女122338071 象牙白/沙粒灰/薄蓝色-6 6.5(女37.5),￥389.00
回力女鞋2023春秋季新款厚底老爹鞋透气运动休闲鞋潮流鞋子女 米蓝-0526 37码(标准码),￥79.00
大东马丁靴女2023年冬季新款欧美圆头车缝线侧拉链中跟平底女鞋0651 黑色 38,￥140.00
奥古狮登厚底雪地靴女2023新款冬季加绒加厚保暖中筒东北棉鞋女防滑短靴子 栗色 37,￥109.00
莱尔斯丹时尚短筒中跟系带马丁靴女靴女鞋3T42701 黑色 BKL 38,￥1099.00
特步休闲鞋女复古潮搭女子运动休闲鞋2023年秋冬新款低帮百搭女鞋 帆白/雪雾绿 38,￥199.00
康莉（COMELY）瘦瘦靴短靴女冬季粗跟法式方头高跟简约时装靴 米白色 36,￥739.00
星期六（St&Sat）女鞋拼色百搭休闲鞋厚底舒适板鞋 21杏色 38,￥339.00
回力女鞋老爹鞋女2023秋季新款厚底网面透气运动鞋子女潮流百搭休闲鞋 白/灰 37,￥75.05
红蜻蜓红蜻蜓豆豆鞋牛皮单鞋软底乐福女鞋休闲英伦小皮鞋女 WTB234091,￥218.80
达芙妮（DAPHNE）官方白色短靴女2023新款秋冬粗跟法式瘦瘦靴方头靴子高跟马丁靴女 米白色【主图款跟高约5.2cm】 37,￥199.90
ZHR平底女靴秋冬复古百搭靴子女圆头软底短靴女 EHX61D 黑色 39,￥129.00
KAPPA卡帕女鞋运动鞋2023新款秋季厚底增高小白鞋复古老爹鞋情侣阿甘鞋 冬日白/棕色 38,￥319.00
回力女鞋运动鞋女2023新款秋冬季新款鞋子女减震轻便休闲鞋女士跑步鞋 米粉/偏小一码 38,￥89.00
啄木鸟品牌真皮加绒高帮鞋女秋冬2023新款棉鞋百搭软底厚底休闲运动棉靴 卡其加绒 38,￥78.00
回力官方马丁靴女鞋冬季英伦风烟筒靴子女切尔西靴女厚底鞋子女皮面 黑色【后跟拉链款】 37,￥99.90
安踏（ANTA）C37高帮板鞋女2023冬新厚底小白鞋软底运动鞋子女 象牙白/绛红色/泥沙灰-4 8(女39),￥299.00
回力马丁靴女2023秋冬季新款英伦风加绒靴子女增高百搭显瘦高帮短靴女 【单里】弹力带款-黑色 37,￥89.90
NIKE耐克男鞋秋冬季新款Air Jordan aj1中高帮板鞋缓震耐磨篮球鞋女鞋 湖水绿554725-132（GS款） 35.5,￥808.00
耐克（NIKE）yysports NIKE SPARK女子运动休闲厚底老爹鞋休闲鞋 DJ6945-003 37.5,￥899.00
达芙妮官方马丁靴女新品2023秋冬加绒短靴女复古英伦风设计感百搭靴子女 黑色【主图款】 37,￥199.90
adidas阿迪达斯三叶草RETROPY E5男女运动鞋复古跑鞋老爹鞋 H03697 H03697 42,￥489.00
361°女鞋高帮板鞋女大棉鞋秋冬加绒加厚高帮保暖防滑休闲运动鞋子女 羽毛白/浅浆紫 38,￥159.00
红蜻蜓冬款保暖防滑皮鞋妈妈棉靴加绒短靴中老年棉鞋 WTC42927黑色37,￥339.00
蕉下（beneunder）雪地靴女冬季加绒超轻防滑保暖棉鞋靴子女短靴切尔西靴灰雾咖36,￥249.00
九寸阳光法式尖头高跟凉鞋女细跟一字带单鞋夏季优雅仙女风浅口高跟鞋,￥59.00
百丽设计感舒适老爹鞋女23秋季新款双蝴蝶结运动鞋B1543CM3 黑色 38,￥649.00
FILA斐乐官方女鞋跑步鞋2023秋百搭复古运动鞋老爹鞋掠夺者2商场同款 黑/南极灰-BA 37.5,￥609.00
安踏（ANTA）加绒保暖女鞋棉鞋女冬季加厚革面高帮厚底抗寒运动鞋女子跑步鞋 基础黑 37.5码 6.5,￥289.00
达芙妮（DAPHNE）老爹鞋女2023春季新款内增高网红加绒百搭学生跑步鞋厚底小白鞋女 米色【四季款】 38/240,￥169.00
回力女鞋运动鞋女2023秋冬季新款百搭老爹鞋红蓝撞色双鞋带潮鞋子女 米/深蓝/红【店铺力荐】 38,￥89.00
百丽通勤牛津鞋女2023春季新商场同款黑色牛皮系带小皮鞋Z3A1DAM3 黑色 36,￥699.00
361度女鞋高帮板鞋女棉鞋冬季加绒加厚高帮保暖防寒棉鞋防滑休闲运动鞋 -8羽毛白/燕麦奶 37码,￥159.00
斯凯奇（Skechers）女士一脚蹬短靴黑色百搭舒适雪地靴144290 全黑色/BBK 40,￥669.00
红蜻蜓马丁靴女23冬季加绒休闲户外工装靴短靴女 WCC43626米色37,￥359.00
回力皮鞋女2023秋冬单鞋女学生百搭复古英伦风女鞋黑色平底JK小皮鞋女 全黑 37,￥79.00
星期六（St&Sat）通勤小皮鞋厚底百搭一脚蹬单鞋乐福鞋女 黑色 37,￥299.00
百丽潮酷老爹鞋女2023春季新商场同款运动鞋Z1B1DAM3 杏色 37,￥639.00
阿迪达斯（adidas）女鞋 2023秋季新款运动休闲鞋时尚复古缓震耐磨透气跑步鞋老爹鞋 灰色/舒适中底/主推款 37/230mm,￥257.00
他她2024春时尚休闲厚底圆头撞色热门老爹鞋新款DGAF1AM4 卡其/灰/粉/蓝 38,￥759.00
意尔康女鞋 保暖妈妈棉鞋2023冬季新款牛皮加绒舒适女靴中老年婆婆鞋 黑色 37,￥309.90
"爱心东东	
回力女鞋子女老爹鞋女士网面透气休闲运动鞋女2023新款春秋季百搭小白 0003 | 米蓝 39女",￥79.00
回力女鞋棉鞋女冬2023年秋冬季新款加绒加厚高帮帆布鞋板鞋情侣二棉鞋 米浅咖-加绒 39,￥79.00
"爱心东东	
啄木鸟断码清·仓女鞋2023年春夏新款小白鞋女板鞋休闲运动鞋学生厚底软 咖啡色[断码特·价] 单层 37 37[断码特·价]",￥68.00
KAPPA卡帕女鞋运动鞋女2023秋季新款厚底老爹鞋情侣潮流百搭休闲鞋子女 韩国白/鲨鱼灰 36,￥359.00
ZHR中跟短靴秋冬季女生法式优雅方头靴子V口便捷后拉链纯色软底女靴 黑色 37,￥179.00
李宁超轻20丨跑步鞋男女轻质透气减震回弹止滑运动鞋肖战同款ARBT001 ARBT001-15荧光浅青绿 41,￥309.00
FILA【高圆圆同款】 斐乐可颂鞋复古运动鞋女2023冬休闲鞋老爹鞋 豆腐白/燕麦色-TO 36.5,￥879.00
"线下同款	
安踏女鞋运动鞋秋季新款漫步皮面防水轻便网面透气跑步鞋学生休闲鞋子 【革面】白蓝922315573-8 8(39码)",￥189.00
FILA FUSION 斐乐潮牌【欧阳娜娜同款】星云鞋女鞋老爹鞋2023休闲鞋潮,￥579.00
"爱心东东	
MLB韩国代购 男女情侣复古老爹鞋增高厚底休闲小白鞋运动鞋春夏 纽约洋基队/浅米色 37",￥518.00
他她（TATA）法式高跟弹力长筒靴女美拉德时装靴子2023冬新款WEC01DG3 黑色 36,￥759.00
百丽马丁靴女23冬季新商场同款美拉德厚底擦色加绒短靴A5R1DDD3 棕色-单里 37,￥929.00
莱尔斯丹2023秋冬新款简约英伦复古方头低跟真皮乐福鞋女单鞋4M21202 灰褐色 TPP 36,￥869.00
百丽刘雯同款复古美式裤管靴女23冬季新商场同款休闲靴BDL60DZ3 陨石黑 36,￥949.00
达芙妮雪地靴女厚底东北棉鞋加绒保暖增高休闲百搭显瘦高帮老爹鞋女鞋子 4022607206 卡其色 38,￥239.00
特步（XTEP）【商场同款】特步休闲女鞋透气23春软底老爹鞋百搭977118320025 帆白/棕粉色 35,￥259.00
回力女鞋2023春夏季新款女款透气跑步鞋百搭休闲运动软底跑步鞋子 蓝色|0440 36,￥119.00
匡威（Converse）官方 All Star女经典低帮帆布鞋自在白A01595C A01595C 36,￥309.00
Cherish Sunshine头层牛皮马丁靴女2023秋冬新款女鞋粗跟短靴切尔西靴皮鞋棉鞋女靴 棕色【单里款】ZZM21183 37,￥358.00
阿迪达斯 （adidas）三叶草休闲鞋 23冬季新款男鞋女鞋RETROPY E5运动鞋跑步鞋子 IE5062/BOOST中底-白 41,￥719.00
Dickies马丁靴女短靴百搭秋冬皮靴子女英伦风休闲增高女靴 黑色 37码,￥429.00
啄木鸟品牌春夏秋季阿甘运动鞋女真软皮网红超火透气百搭运动小白鞋女 白灰色-【皮面】 38,￥66.00
,
ZHR真牛皮乐福鞋法式单鞋女鞋软底不臭脚秋季鞋子女新款鞋子女 黑色 38码,￥99.00
达芙妮（DAPHNE）加绒老爹鞋女2023新款厚底百搭网红显脚小百搭高颜值休闲运动鞋女 米卡其【二层牛皮】 37/235,￥159.00
中老年人冬天穿的棉鞋中年妇女秋冬运动鞋休闲老爹鞋妈妈加绒旅游轻便软底跑步鞋 HN014黑紫加绒棉鞋_脚胖脚宽选大一码 38,￥118.00
回力女鞋高帮鞋女2023秋季新款小白鞋子女皮面厚底百搭休闲运动板鞋 米蓝/主卖款 37,￥89.00
森馬（senma）秋冬雪地靴仿貂毛瓢女鞋加棉毛毛鞋女欧洲站潮大码豆豆鞋棉鞋厚底 黑色 37,￥107.00
"线下同款	
安踏（ANTA）女鞋子不羁运动鞋休闲鞋户外鞋包女士品牌秋冬季网面鞋透气老爹鞋 象牙白/泥沙灰【不羁】 37.5码",￥229.00
百丽肌理感休闲靴女2023冬季新商场同款柔软皮面短靴加绒A2D1DDD3 黑色-绒里 37,￥939.00
达芙妮（DAPHNE）勃肯鞋女2023新款秋季鞋子ins百搭休闲鞋轻便平底懒人一脚蹬单鞋 栗色 37,￥219.90
FILA斐乐官方MIX舞动鞋女鞋厚底板鞋2023年女子时尚百搭休闲鞋运动鞋,￥719.00
斯凯奇（SKECHERS）2023秋季新款女鞋厚底增高老爹鞋休闲运动鞋经典百搭复古熊猫鞋女 【升级款】四季熊猫鞋 38,￥349.00
百慕倾臣 棉拖鞋女冬居家居软萌小羊室内加绒保暖柔软 包根情侣月子棉鞋男 米白 38-39 适合37-38,￥39.90
百丽撞色老爹鞋女2023秋季新商场同款增高运动休闲鞋加绒A4V1DCM3 黑白 36,￥659.00
福来红棉鞋女冬加绒妈妈鞋休闲运动鞋加棉保暖女鞋獭兔毛软底防滑女棉鞋 黑紫 38,￥39.00
百丽透气网面老爹鞋女2023秋季新商场同款厚底休闲运动鞋Z9H1DCM3 米色-网面 36,￥649.00
百思图2023秋季新款商场同款时尚运动老爹鞋厚底女休闲鞋XC622CM3 卡其灰 36,￥699.00
特步女鞋运动鞋复古70潮流877318320022 鸽子灰/帆白/青木灰 37,￥299.00
回力女鞋棉鞋子女2023年新款棉靴秋冬季加厚百搭运动老爹鞋加绒休闲鞋 米蓝-加绒款 38,￥78.00
安踏漫步丨女鞋跑步鞋女秋季透气轻便舒适运动鞋女子休闲旅游鞋 【皮面】象牙白/藕灰-7 39(245),￥209.00
伯格利亚运动鞋女2023年新款厚底华夫阿甘鞋女轻便增高圆头防滑耐磨跑步鞋 卡其色 37,￥1088.00
阿迪达斯 （adidas）休闲鞋女运动时尚老爹鞋回弹透气跑步鞋子 GY5053,￥266.00
特步女鞋皮面防水运动鞋女2023冬季轻便缓震跑步鞋子女百搭休闲鞋 米紫【皮面防水】 38-官网现货速发,￥139.00
Guard my light牛皮老爹鞋子女士2023秋冬新款厚底内增高运动休闲潮百搭软底时尚 奶卡色【单里】WZZL0576-6 38,￥238.00
耐克NIKE休闲鞋女气垫AIR MAX 97秋运动鞋DH8016-002黑38,￥539.00
回力女鞋小白鞋女2023新款高帮鞋韩版白鞋休闲运动鞋夏季百搭板鞋 白酒红 38,￥79.00
宜驰（EGCHI）女鞋子单中老年妈妈鞋子女士皮鞋乐福鞋 H7523 黑色 38,￥99.00
回力女鞋板鞋女2023秋季新款厚底透气运动鞋潮流百搭情侣款休闲面包鞋 黑色/S-3379C 38码（标准码）,￥79.90
星期六（St&Sat）切尔西靴女绒里烟筒靴英伦风女靴子 黑色 36,￥329.00
361°女鞋秋季新款复古皮面气垫跑鞋女学生运动鞋减震轻便休闲鞋跑步鞋 乌黑色/10U中灰 39,￥128.00
森达德训鞋女2023春新商场同款真皮透气软底单鞋休闲板鞋SKH01AM3预售 米色棕 37,￥400.00
安踏（ANTA）女鞋冬季板鞋女士休闲小白鞋秋冬新款皮面防水滑板鞋潮运动鞋子女 象牙白/藕灰-10 37.5,￥169.00
达芙妮（DAPHNE）乐福鞋女新款秋冬厚底英伦风小皮鞋透气百搭黑色法式复古单鞋 AD523090黑色【多种扣饰】 37/235,￥179.00
浅町磨砂牛皮粗跟西部靴女秋冬尖头中跟堆堆靴复古中筒靴侧拉链牛仔靴 卡其 38,￥398.00
双星八特女鞋运动鞋2023秋冬季加绒皮面防水跑步鞋轻便舒适学生旅游休闲鞋 黑玫红 38码,￥89.00
耐克女鞋nike板鞋 23冬季新款COURT运动鞋子舒适小白鞋透气休闲鞋板鞋 粉标女神款/舒适简约/晒图退10 38码,￥279.00
特步（XTEP）女鞋运动鞋夏秋季皮面减震跑步休闲小白鞋学生官方新品旗舰鞋子女 黑红【发两对鞋带】-店长推荐 38,￥139.00
九寸阳光平跟单鞋女圆头珍珠豆豆鞋一脚蹬温柔单鞋百搭 杏色 38码,￥19.90
nike耐克Dunk Low GS女子低帮黑白熊猫休闲板鞋篮球鞋 CW1590-100 CW1590-100 39码,￥659.00
洁丽雅拖鞋女夏季室内家居家用浴室洗澡防滑防臭EVA情侣凉拖鞋男夏外穿 黄色 38-39 （适合37-38码）,￥10.90
红蜻蜓女鞋小皮鞋真皮头层牛皮2023秋冬季工作鞋英伦风软底平底妈妈单鞋 头层牛皮 黑色 38,￥249.00
耐克（NIKE） Nike/耐克 Court Borough low GS兔年女子限定运动休闲板鞋 861533-400蓝灰 37.5码,￥429.00
阿迪达斯 （adidas）三叶草男鞋女鞋2023春季情侣款金标贝壳头运动鞋时尚潮流休闲板鞋 经典金标贝壳头偏大/晒图退10 36码/220mm,￥449.00
达芙妮 小皮鞋女2022新品女鞋齿轮粗跟系带单鞋女厚底乐福鞋女 黑色【哑光】 37,￥199.90
BIRKENSTOCK女秋冬带毛软木休闲鞋牛皮绒面革毛毛London系列 棕色窄版1014963 37,￥1899.00
安踏女鞋运动鞋子女秋冬季皮面保暖舒适减震跑步鞋百搭耐磨休闲鞋 象牙白/妃红/绿 37.5码,￥189.00
VANS范斯官方 Old Skool Platform经典黑白厚底增高女鞋板鞋 黑色 37码,￥439.00
千娇蝶（QIANJIAODIE）头层牛皮小短靴2023秋冬季新款真皮女鞋平底马丁靴皮鞋复古女靴子 棕色【单里】ZZM22305 37,￥258.00
OTZSHOES丑萌女鞋情侣四季百搭透气休闲鞋小清新大头果冻男鞋小众潮鞋 灰色/绿色/深灰色O21342521 39,￥875.00
FILA 斐乐官方细胞鞋CELLA女鞋休闲鞋厚底老爹鞋2023秋新款时尚运动鞋 浅豆绿/泥土黄-AC 37.5,￥669.00
安踏（ANTA）运动鞋女鞋轻质透气跑步鞋女冬季休闲鞋女 象牙白/光晕粉-1 6.5(女37.5),￥219.00
双星运动鞋女鞋春季网面飞织透气舒适轻便缓震耐磨休闲旅游鞋慢跑步鞋,￥109.90
意尔康女鞋乐福鞋女2023秋季新款软底休闲皮鞋平底低跟豆豆鞋通勤单鞋女 米白 37,￥309.90
千百度女鞋2023秋冬新款乐福鞋时尚漆皮粗跟小皮鞋真皮一脚蹬单鞋 黑色 37,￥475.00
耐克（NIKE）男女同款跑步鞋REACT MILER 3 运动鞋 DD0490-200 黑粉色 41码,￥429.00
百思图冬季商场同款黑色弹力瘦瘦靴袜靴绒面短靴女鞋RFO51DD2 黑色 36,￥699.00
Bata时装靴女2023冬季新款牛皮英伦风粗跟百搭通勤中靴AXN61DZ3 黑色 37,￥749.00
大东高跟鞋女2023新款气质尖头细跟单鞋ol风通勤女鞋3367 黑色 36,￥81.00
红蜻蜓红蜻蜓女鞋休闲鞋女平底耐磨小白鞋女百搭运动板鞋女 C0TTN01202,￥269.00
,
MLB虞书欣明星同款男女老花学长鞋增高秋冬款3ASXCDN3N-50GRS-230,￥1139.00
他她（TATA）百搭厚底增高小白鞋透气休闲板鞋女2023秋季新款GDY01CM3 白/黑 37,￥759.00
盼洁Pansy日本女鞋平底舒适软底短靴妈妈鞋中老年靴子鞋子秋冬HD4129 黑色 39,￥409.00
思加图2023秋季新款芭比圆舞曲玛丽珍鞋蝴蝶结方头平底鞋女单鞋9UR46CQ3 雅致黑杏 38,￥990.00
回力女鞋高帮运动鞋女2023年秋季新款时尚百搭板鞋舒适休闲鞋子女学生 米粉色0332 38,￥79.90
"爱心东东	
MLB男女鞋情侣鞋子复古增高NY百搭黑色老爹鞋厚底休闲透气跑步鞋 老爹鞋老花白金 38",￥699.00
达芙妮（DAPHNE）老爹鞋女秋冬厚底加绒休闲板鞋高帮新款女鞋冬季保暖棉鞋冬鞋冬 黑色/加绒 38标准码,￥259.00
Guard my light雪地靴潮鞋子女士2023新款秋冬季马丁靴厚底防水加绒保暖休闲户外 米白色SYM22130 37,￥238.00
耐克（NIKE）女鞋  COURT VISION MID 休闲板鞋CD5436-100 839977-103 37.5,￥389.00
爱步（ECCO）靴子女 2023冬季新款保暖真皮中筒烟筒靴女 都市阿姆222003 黑色22200351052 37,￥2399.00
百丽英伦风牛津鞋女23秋季新款牛皮松糕底潮酷单鞋B1537CM3 棕色 37,￥619.00
回力女鞋高帮鞋子女秋冬新潮厚底百搭舒适板鞋女透气轻便运动鞋休闲鞋 米粉 37,￥89.90
思加图2023秋季新款百搭小白鞋板鞋厚底增高运动休闲鞋潮流女S3682CM3 云感米白 37,￥1090.00
斯普王（SIPUWANG）女鞋2023秋冬舒适厚底阿甘鞋女百搭休闲ins韩版老爹鞋 黑色单里 37,￥498.00
李宁棉鞋女鞋冬季新款加绒中帮厚底运动鞋女款秋冬皮面复古休闲鞋 云雾白檀黑色海狸棕 37,￥179.00
安踏（ANTA）女鞋运动鞋女2023秋冬季皮面防水防滑软底跑步鞋休闲板鞋女 -1纸莎白/迷雾紫【皮面防水】 38,￥199.00
明盛卡通棉拖鞋女士冬季情侣室内家居保暖防滑防水包跟厚底月子棉鞋女 卡其色 38-39码适合平时穿37-38,￥19.80
牧言（MUYAN）头层牛皮短靴2023秋冬新款女鞋平底马丁靴皮鞋百搭真皮复古女靴子 棕色【单里】WZZM233338 37,￥458.00
特步（XTEP）【国潮】跑步鞋女运动鞋子2023新品跑鞋学生运动鞋子女校园跑 雪雾绿/浅粉色 38,￥309.00
阿迪达斯 （adidas）三叶草 女子 OZWEEGO W 运动 休闲鞋GY6177 40码UK6.5码,￥699.00
惠寻厚底棉拖鞋男女秋冬季外穿防水防滑室内家居包跟棉鞋 枣红 38-39,￥14.00
OTZSHOES丑萌鞋时尚女鞋秋帆布鞋透气休闲鞋子冰山果冻鞋女生鞋小众潮鞋 浅灰/红棕/黑白豹纹O22122522 38,￥720.00
星期六（St&Sat）英伦风切尔西靴圆头厚底百搭短靴女 黑色 36,￥349.00
ZHR乐福鞋女复古英伦风真牛皮小皮鞋职场通勤轻熟气质单鞋金属扣女鞋 黑色（AH188） 38码,￥102.60
鸿星尔克跑鞋女秋冬款户外运动鞋防滑缓震跑步鞋防泼水女鞋肆野 桦木色/麋鹿棕 38,￥309.00
索康尼泡芙PUFF跑步鞋女软弹舒适跑鞋慢跑运动鞋白浅紫38,￥639.00
双星（shuangxing）冬季妈妈鞋加绒保暖中老年女鞋舒适防滑软底老人皮鞋休闲低帮棉鞋 黑色 39,￥78.00
,
"线下同款	
安踏女鞋喵爪休闲鞋2023秋季新款皮网老爹鞋潮鞋女士运动鞋子女官网 【皮网】黑-6 36.5码",￥249.00
回力官方旗舰店 正品经典帆布鞋男女鞋春秋季低帮板鞋运动鞋学生情侣款跑步鞋 WXY-391 黑色 42,￥65.00
卡帝乐鳄鱼（CARTELO）炸街老爹鞋女2023年春新款拼色百搭厚底松糕鞋运动休闲鞋 蓝色全皮面 36,￥208.00
红蜻蜓短靴女冬季新款加绒保暖羊毛中老年皮鞋平底防滑真皮妈妈棉鞋女 黑色WTC41459【羊毛内里】 38,￥269.00
Gfoe高跟短靴女牛皮收口及踝靴女士秋冬季弹力瘦瘦靴高帮粗跟切尔西靴 单里棕色 38,￥428.00
回力女鞋雪地靴女冬季加绒2023新款东北特厚棉鞋男女一脚蹬情侣保暖鞋 米色-特厚 37,￥79.00
回力女鞋雪地靴女2023年冬季新款棉鞋女加绒加厚短靴百搭保暖二棉鞋 米白 38,￥79.00
安踏运动鞋女冬季网面透气轻质跑步鞋软弹透气运动休闲鞋女 象牙白/浅雾灰-1 6.5(女37.5),￥239.00
爱步（ECCO）【明星同款】靴子女 冬季新款保暖切尔西女靴粗跟皮靴 型塑290933 石灰色29093301378 37,￥2199.00
回力棉鞋女冬季加绒加厚家居保暖外穿防滑软底中老年人妈妈鞋雪地靴女 紫红色女款 38,￥79.00
百思图23春商场新款厚底增高黑色老爹鞋女运动休闲鞋BD909AM3 卡其色单里 36,￥699.00
GQF真皮乐福鞋女 原创潮牌秋季新款厚底英伦风小皮鞋单鞋漆皮粗跟松糕女鞋 黑色 37,￥529.00
香港轻奢风kabqi老爹鞋女2022新款春秋休闲鞋子女ins潮超火显脚小休闲运动鞋百搭 白红色 37,￥358.00
达芙妮（DAPHNE）马丁靴女2023秋冬新款粗跟百搭保暖单靴女复古时尚潮酷短靴子女 D624017黑色【单里款】 36/230,￥159.00
FILA FUSION斐乐潮牌50-50女鞋滑板鞋2023秋季厚底运动休闲鞋,￥519.00
千娇蝶（QIANJIAODIE）牛皮短靴2023秋冬季新款女鞋单靴厚底马丁靴棉皮鞋复古软底女靴子 棕色【加绒款】ZZM20-89-1 36,￥298.00
卡帝乐鳄鱼（CARTELO）软皮老爹鞋女ins潮2023秋冬季新款网红小白鞋百搭厚底休闲运动鞋 白色 38,￥78.00
,
百慕倾臣棉拖鞋女士冬季新款室内外穿防滑防水居家加绒保暖加厚月子棉鞋男 白色(花朵兔子) 38-39 正码,￥26.90
鸿星尔克休闲鞋女秋季防滑减震软底轻便耐磨运动鞋子【灌灌】【100元券】 橡芽白/银灰绿 39,￥249.00
洁丽雅棉拖鞋女冬天室内家居防滑保暖拖鞋情侣毛毛女士家用男秋冬季棉鞋 粉红 40 -41(适合39-40码),￥16.80
Cherish Sunshine头层牛皮短靴女2023秋冬新款女鞋子厚底马丁靴皮鞋加绒棉靴女靴子 棕色【单里款】ZZM22320 35,￥358.00
