﻿Column1,Column2
Column1,Column2
Name,Price
同仁堂北京同仁堂除螨皂硫磺皂洗脸精油手工皂洁面洗澡去螨虫肥皂男女,￥39.90
COCOSILIYAcoco沐浴露久持留香72小时男女通用全身香体清爽润肤家庭装大 沐浴露1瓶 800ml,￥39.00
尊蓝男士薄荷除螨沐浴露500g（止痒背部净痘古龙持久留香控油沐浴液）,￥79.90
M+CHUN血橙烟酰胺沐浴露男女士网红补水保湿沐浴液香氛沐浴露乳 血橙香水沐浴露 1瓶,￥11.00
美澜妮硫磺除螨沐浴露液体香皂去深层清洁后背痘痘角质螨虫控油男女士,￥9.90
ABC护理液私处洗护私密清洁洗液外阴女性抑菌去异味女生男士专用 【推荐】泡沫型200MLx2瓶,￥43.90
仁和男士私处护理洗液 男性生殖器清洁抑菌瘙痒改善包皮垢异味250g,￥39.90
娇妍（JOLLy）抗菌喷雾剂（免洗）50ml男性私处洗液护理液阴部净味去包皮垢杀菌,￥89.00
欧诺康硫磺软膏男女私处皮肤瘙痒抑菌膏去阴虱乳膏15g*2支装,￥25.80
悦识香皂香味肥皂香型沐浴男士精油皂洗澡全身古龙香型香水皂留香古龙 600g(古龙香皂4块装，清香型),￥59.90
同仁堂北京同仁堂热敷蒸汽眼罩自发热眼部睡眠遮光男女通用眼贴薰衣草味,￥49.00
隆力奇蛇胆精华祛痘舒缓沐浴露保湿男士女持久留香水香氛,￥99.00
维特丝沐浴露男女通用香味持久留香男士沐浴液果酸润肤洗发沐浴露家庭装 【洗沐套装】洗发水+沐浴露,￥49.00
清扬（CLEAR）男士沐浴露古龙香氛系列清爽控油持续留香深海探险沐浴乳 深海探险600g*1瓶,￥27.90
维特丝除螨沐浴露男士专用控油香氛持久留香沐浴乳液洗发水沐浴露套装 古龙香沐浴露+古龙香洗发水,￥39.80
阿道夫（ADOLPH）阿道夫沐浴露 魅力经典滋润保湿香水味留香男女通用 魅力经典沐浴露680mL,￥71.00
格尔卡尼coco香水沐浴露持久留香小时男女士通用全身香体沐浴乳液 沐浴露1瓶【800ml】,￥88.00
欧舒丹（L'OCCITANE）甜扁桃紧致沐浴油500ml留香清新保湿滋润嫩肤沐浴露男女士送礼物,￥425.00
阿迪达斯 （adidas）男士洗发沐浴露二合一运动后舒缓肌肤洗沐套装深层清洁爽肤 【运动后舒缓款250ml*2瓶】,￥22.80
马丁男士除螨沐浴露500ml古龙香氛清洁去螨虫净油清香沐浴乳,￥45.00
国药精养除螨沐浴露男女螨虫沐浴液硫磺香味持久痘痘控油液体香皂400ml,￥68.00
尊蓝男士古龙沐浴露洗发水男香氛洗沐套装沐浴液男女通用香味持久控油 【除螨控油】清肤焕能沐浴露,￥25.90
仁和匠心 除螨沐浴露男士 止痒控油祛胸背痘香味持久清爽洁净爽肤沐浴乳女,￥39.90
,
修正男士私处抑菌护理液清洁杀菌止痒去异味男生殖器阴囊私处护理洗液,￥58.00
,
妮维雅（NIVEA）男士沐浴露 动能冰爽沐浴液 沐浴乳500ml,￥39.90
和风雨海洋香氛星河男士沐浴露500ml?净痘除螨 控油清爽,￥99.90
美容道可可coco沐浴露持久留香小时男女通用香水味沐浴液清爽家庭装大容量 沐浴露800ml+洗发水800ml,￥43.00
美容道可可coco沐浴露持久留香小时男女通用香水味沐浴液清爽家庭装大容量 沐浴露800ml*2瓶,￥43.00
邦士银 男士私处洗液护理液杀菌清洗液去污垢瘙痒喷剂异味清洁护理私密 套装组合1(30ml+30g),￥280.00
极男沐浴露男士持久留香清爽控油背部止痒男女通用香氛沐浴液350ml,￥69.90
ABC护理液私处洗护私密清洁洗液外阴女性抑菌去异味女生男士专用 【推荐】粉色KMS200MLx2瓶,￥37.90
COCOSILIYAcoco沐浴露久持留香72小时男女通用全身香体清爽润肤家庭装大 沐浴露2瓶,￥73.00
尊蓝除螨沐浴露男士控油止痒净痘去螨虫持久留香古龙香氛清爽沐浴液 【控油除螨】沐浴露+洗发水,￥99.90
ABC护理液私处洗护私密清洁洗液外阴女性抑菌去异味女生男士专用 【超值】粉色KMS温和型200ML,￥24.90
ABC护理液私处洗护私密清洁洗液外阴女性抑菌去异味女生男士专用 【超值】绿色草本祛味型200ML,￥24.90
本草仕佳男士植萃私处护理液温和洗下面清洁抑菌护理沐浴露去异味 1瓶装150ml,￥79.00
ABC护理液私处洗护私密清洁洗液外阴女性抑菌去异味女生男士专用 【超值】蓝色泡沫型200ML,￥27.90
歌倩法国花香沐浴露2000ML爽肤留香保湿男学生女士滋润补水家庭装,￥24.80
COCOSILIYAcoco沐浴露久持留香72小时男女通用全身香体清爽润肤家庭装大 去屑控油洗发水+沐浴露,￥73.00
美博莱资私处脱毛膏男士去肛毛阴囊私密处下体胸毛阴部睾丸毛专用否永久 进阶套装130ml,￥198.00
范泳辰 山茶花沐浴露保湿持久留香除螨控油男女士通用香氛洗头膏沐浴乳 山茶花沐浴露850ml【单瓶装】,￥15.90
惠润（SUPER MiLD）现货惠润沐浴露淡雅柑橘香滋润保湿补水男女家庭装日本原装650ml 淡雅柑橘香,￥39.90
欧舒丹（L'OCCITANE）男士活力沐浴露250ML控油保湿清爽香氛清洁滋润沐浴液送男士礼物,￥185.00
阿迪达斯 （adidas）男士洗发沐浴露二合一运动后舒缓肌肤洗沐套装深层清洁爽肤 【运动后舒缓400ml*2瓶】,￥35.00
阿迪达斯 （adidas）男士洗发沐浴露二合一运动后舒缓肌肤洗沐套装深层清洁爽肤 【清新酷爽款250ml*2瓶】,￥26.90
维特丝除螨沐浴露男士专用控油香氛持久留香沐浴乳液洗发水沐浴露套装 古龙香沐浴露800g*2,￥39.80
妇炎洁凯迪克男士洗液私处清洁护理洗液 植物本草抑菌凝露男士沐浴露 植物本草抑菌凝露(男士专用)*1瓶,￥39.90
梦典 男士私处护理液男性抑菌清洁隂部生殖器男生隂茎阴囊下体肛门去异味殺菌瘙痒包皮私护保养慕斯清洗液 男性私处清洁液300ml*2瓶,￥123.00
美容道（MEIRONGDAO）洗发水男士专用去屑控油蓬松持久留香洗头膏沐浴露套装无硅油 沐浴露500ml+洗发水500ml,￥29.20
清扬（CLEAR）男士沐浴露古龙香氛系列清爽控油持续留香深海探险沐浴乳 雨林秘境100g+深海探险100g,￥9.90
阿迪达斯 （adidas）男士洗发沐浴露二合一运动后舒缓肌肤洗沐套装深层清洁爽肤 【运动后舒缓套装*2组】,￥49.90
清扬（CLEAR）男士沐浴露古龙香氛系列清爽控油持续留香深海探险沐浴乳 活力运动沐浴露+洗发水,￥21.90
清扬（CLEAR）男士沐浴露古龙香氛系列清爽控油持续留香深海探险沐浴乳 雨林秘境600g+洗发水500g,￥57.90
ABC护理液私处洗护私密清洁洗液外阴女性抑菌去异味女生男士专用 【便携装】绿色草本祛味型80ML,￥19.90
红卫红卫老牌传统药皂洗衣男女洗脸洗头沐浴皂牛羊脂肥皂 三块装,￥9.90
川井男用五倍子蛇床子降敏膏喷剂脱敏膏耐力敏感降低男性龟秒滋液润,￥66.00
力仕康店男士古龙香氛沐浴露500ml香味持留久香沐浴液清洁控油瘙痒长痘,￥29.80
阿道夫（ADOLPH）烟酰胺香感焕亮沐浴液沐浴露男女通用沐浴乳 350ml*2瓶,￥59.00
尊蓝除螨沐浴露男士止痒净痘保湿滋润嫩白清洁清爽香氛迷人沐浴液套装 【去痘除螨+古龙香】沐浴露,￥99.90
ABC护理液私处洗护私密清洁洗液外阴女性抑菌去异味女生男士专用 【套餐】3款香型600ml,￥52.90
宛神眼青春护眼保健贴【買2贈1盒買3贈2 眼贴10袋20贴每盒 男女学生用 眼青春買2贈1盒=发3盒（盒装）,￥30.00
柏缇海盐净透沐浴露舒爽洁净肌肤留香男女士滋润清洁补水保湿沐浴乳液 柏缇海盐净透沐浴露475ML一瓶,￥55.50
妇炎洁洗液私处护理液女性私密处止痒抑菌洗液 【男净爽+女益生菌】情侣组合装,￥104.90
ABC护理液私处洗护私密清洁洗液外阴女性抑菌去异味女生男士专用 【推荐】草本绿色200MLx2瓶,￥37.90
亮美嘉SOD蜜身体乳液面霜护手霜男士女生护肤品 1瓶,￥10.00
妇炎洁凯迪克男士洗液私处清洁护理洗液 植物本草抑菌凝露男士沐浴露 植物本草抑菌凝露(男士专用)*2瓶,￥59.90
隆力奇蛇胆男士霜滋润保湿补水保湿控油平衡深润保湿护肤乳液面霜 隆力奇男士霜50g*1瓶,￥14.90
正彩【无痛脱毛】脱毛膏温和脱毛快速不刺激全身男女通用脱毛慕斯喷雾 单瓶150+刮板,￥25.80
仁和手裂口干裂修复霜护手霜手裂愈合膏手足皮肤干燥皲裂膏防 开裂男 1瓶,￥35.00
维特丝（vetes）氨基酸沐浴露男女士通用持久留香保湿嫩肤洗发水沐浴乳液套装 【洗沐套装】洗发水500ml+沐浴露,￥69.90
依莎贝（ESABA）男士古龙香水手工皂清爽控油洗脸洗澡香皂80G 一盒古龙香水手工皂,￥2.63
花姬赏男士脱毛膏脱胡子胡须脸部面部私处去络腮胡渣肛毛全身否专用 脱毛膏*1套,￥118.00
范泳辰海盐除螨氨基酸沐浴露女浴液持久留香泡沫保湿滋润止痒沐浴乳男士 海盐除螨沐浴露1000ml,￥27.60
美博莱资胡子脱毛膏永久男士脸部脱胡须专用去胡渣络腮胡学生面部脱毛神器 脱毛膏*1套,￥169.00
格尔卡尼coco香水沐浴露持久留香小时男女士通用全身香体沐浴乳液 沐浴露1瓶【500ml】,￥68.00
宛神眼青春护眼保健贴【買2贈1盒買3贈2 眼贴10袋20贴每盒 男女学生用 眼青春1盒（盒装款）,￥15.00
诗朗法国迷蝶香水沐浴露男女沐浴液留香芦荟冰爽润肤家庭装淋浴露 迷蝶沐浴露2008ML,￥22.80
美澜妮硫磺除螨沐浴露液体香皂深层清洁后背痘痘螨虫控油男女士两瓶装,￥18.90
忆媞亭生殖男器疱l疹外用女性hsv2疱l疹病毒防l复发根断日 本私处中膏 本私处中膏,￥186.00
茵倩茵倩INY茵倩沐浴露果酸泡乳液留香男女官方 红石榴香氛嫩肤沐浴露500ml*1,￥68.00
隆力奇蛇胆男士霜滋润保湿补水保湿控油平衡深润保湿护肤乳液面霜 隆力奇男士霜50g*2瓶,￥26.80
阿道夫（ADOLPH）烟酰胺香感焕亮沐浴液沐浴露男女通用沐浴乳 350ml*1瓶,￥59.00
净町沐浴露清新滋养嫩肤温和男女通用白茶清爽止痒沐浴液 白茶清新舒爽清润沐浴露500ml,￥79.00
东半球SOD蜜男女士面霜补水保湿乳液润肤霜秋冬防干防裂 SOD蜜1瓶,￥9.90
欧舒丹（L'OCCITANE）甜蜜樱花香氛沐浴露啫喱500ML香味持久嫩肤滋润保湿男女士送礼物,￥335.00
复方黄柏洗液女性私处护理妇科洗剂止痒去异味男女通用（更换新包装） 1瓶,￥55.10
ABC护理液私处洗护私密清洁洗液外阴女性抑菌去异味女生男士专用 【便携装】粉色KMS温和型80ML,￥19.90
妇炎洁男士私处洗液男士私处护理液本草萃取温和清洁私处抑菌去垢 植物本草抑菌凝露260ml,￥39.90
"爱心东东	
626男士私处洗液男性阴部护理液 异味去垢清洗液生殖器阴囊私密处清 男士专用护理液  1瓶",￥59.00
"爱心东东	
薇婷（VEET）脱毛膏女腋下腿毛非身男女士学生通用芦荟丝滑温和四肢除毛去毛 25g+刮板",￥19.00
梦典男士护理液包皮垢念珠菌隂茎肛门私密处洗液男性私处清洁液沐浴露外隂部阴囊龟生殖器头瘙癢抑菌去味男生 男人下体卫生私处清洗液慕斯泡沫1...,￥78.90
芊淳沐浴露男士专用古龙香味留香家庭装清爽蓬松洗发水沐浴露套装 洗发水沐浴露套装/大浴球,￥29.90
白云山淫羊藿沐浴露男士沐浴液男性沐浴乳劲爽活力留香持久精华露300ml,￥68.00
美澜妮硫磺除螨沐浴露液体香皂去深层清洁后背痘痘角质螨虫控油3瓶装,￥27.90
凡士林保湿霜护手霜保湿滋润不油腻大瓶容量秋冬季防干裂倍润肤霜男女士 170g超值装凡士林4瓶,￥36.80
祖郎中硫磺软膏20%浓度疥1疮结节疥螨虫阴囊疙瘩湿症疹皮肤瘙痒止男女 20g一瓶装(含量20%),￥26.00
宝中宝尿素霜补水保湿搽脸油滋润肌肤不干全身体乳液护手霜男士女士面霜 500g（5瓶）,￥13.90
银硝宁抑菌洗液洗发液煤焦油洗剂脂溢性洗发水,￥138.00
,
COCOSILIYACOCO沐浴露 香水沐浴露  男女通用 香奈味 官方品牌大容量 【2瓶装】香氛沐浴露*2瓶   香氛家庭装  800ml/瓶,￥68.00
"爱心东东	
丸気【官方】旗舰丸気K&P君真强男士能量液延I时次抛涂抹外用私处护理 2盒装",￥98.00
瑞研士南京同仁堂硫磺除螨沐浴露男女士去螨虫后背祛痘全身止痒沐浴皂液 硫磺除螨液体香皂1瓶/500ml,￥51.27
天羽 香皂桂花香皂160g清香男女沐浴肥皂 洗澡洗脸皂身体清洁手工皂 【桂花香皂3个】+盒1个 160g,￥148.00
舒肤佳香皂洗澡沐浴洗手洁面通用深层清洁肥皂温和留香沐浴皂男女家庭装 金银花/菊花100克*3块,￥15.00
金久康  金久康艾草护膝冬季古法发热养膝保暖防寒中老年男女士纯棉护腿套昌昊 黑色3套,￥55.00
宛神眼青春护眼保健贴【買2贈1盒買3贈2 眼贴10袋20贴每盒 男女学生用 眼青春買3贈2盒=发5盒（盒装）,￥45.00
南京同仁堂百部酊喷雾儿童头虱子阴虱虱卵百部酊男女私处通用 【一盒体验】60ml,￥38.00
天赋男科抑菌膏乳膏原江仁男科 男士私处抑菌护理男性常备 男科抑菌膏+抑菌喷剂,￥29.00
林肯香水沐浴露保湿滋润补水留香学生男女精油爱护沐浴二合一浓香型 精油300ml奢华香水沐浴露,￥68.00
vetes男士古龙香味除螨沐浴露男士专用持久留香男古龙香氛香水保湿沫浴 【爆卖古龙香】洗发水+沐浴露 500g,￥193.51
力士沐浴露小苍兰体验装沐浴乳植萃精油净透留香男女清洁旅行出差便携 小苍兰 100g【体验装】,￥5.99
COCOSILIYA大瓶香水沐浴露家庭装留香控油嫩白男女沐浴乳浪漫花香 沐浴露 2瓶,￥68.00
资生堂可悠然美肌沐浴露滋润保湿持续留香男女沐浴乳 日本进口550ML 美肌沐浴露（欣怡幽香型）550mL,￥52.90
资生堂可悠然美肌沐浴露滋润保湿持续留香男女沐浴乳 日本进口550ML 美肌沐浴露（恬静清香型）550mL,￥52.90
资生堂可悠然美肌沐浴露滋润保湿持续留香男女沐浴乳 日本进口550ML 美肌沐浴露（碧野悠悠）550mL,￥52.90
克威尔（Stockwell）除螨沐浴露洗发水套装 持久留香男士沐浴液+去屑洗头膏480ml*2,￥258.00
维特丝沐浴露男士专用清爽控油沐浴乳液氨基酸持久留香洗发水套装 【男士优选】古龙+海洋香沐浴露,￥78.80
小浣熊小浣熊洗发沐浴露二合一 儿童沐浴乳男女宝宝亲肤滋润洗澡清洁 洗发沐浴二合一 1L,￥25.90
格尔卡尼coco香水沐浴露持久留香小时男女士通用全身香体沐浴乳液 沐浴露1瓶【300ml】,￥48.00
M+CHUN血橙烟酰胺沐浴露男女士网红补水保湿沐浴液香水沐浴露乳 血橙沐浴露1瓶,￥11.00
薄荷冰爽沐浴露补水保湿滋养清爽清凉润肤夏天沐浴乳持久留香大瓶家庭男女通用 【薄荷清凉】沐浴露2000ml,￥28.00
红卫红卫密宝香皂沐浴润肤男女皮肤清洁洗脸皂面部保湿 3盒装,￥69.90
舒肤佳香皂纯白洗手沐浴洗澡肥皂洗脸洁面温和洁净抑菌男女士通用家庭装 纯白+柠檬+芦荟（100克各1块）,￥11.90
丝洛丹（Slerdan）男士古龙香皂古龙味香水皂沐浴皂控油洗脸洗澡全身肥皂精油手工皂 盒装60G*2块,￥19.90
泥颜堂（NIYANTANG）古龙香水香皂男士洗澡女留香手工皂香皂特香肥皂洗澡沐浴 130g 10块古龙皂+盒1+起泡网,￥223.00
日久爱五倍子鬼头敏感降低敏感度高时间短早射五倍子蛇床子男性外用耐力 三瓶巩固装,￥308.00
虎镖野橄榄润肤甘油 干燥补水保湿 皮肤护理男女通用 1瓶装,￥25.00
阿道夫 800ml魅力经典沐浴露 持久留香男女通用玫瑰精油香水沐浴液 魅力经典沐浴露一瓶 800g,￥45.00
仁和【四支套装】男士私处阴囊潮湿瘙痒脱皮性部止成慢人睾丸性痒 一喷剂+一软膏,￥68.00
LanBa【买2贈1买3贈2】富克舒舒阴膏植物草本型乳膏洁舒阴味爽男女 富克舒舒阴膏,￥13.50
美国forever永恒芦荟润唇膏滋润修复减淡唇纹保湿防干裂男女,￥85.00
,
梦天蓝苦参皂除淡螨虫香皂硫磺洗脸肥皂男女士面部淡化痘印手工肥皂 苦参除螨皂*2盒,￥9.90
东半球SOD蜜男女士面霜补水保湿乳液润肤霜秋冬防干防裂 SOD蜜2瓶,￥16.90
雅美肤芊芷草本百草霜止痒膏湿痒膏成人男女私处外用阴瘙痒止痒抑菌膏头炎龟大腿内侧皮肤顽固体身手足脚脱皮 草本止痒体股大腿内侧瘙痒止痒膏 ...,￥49.00
祖郎中硫磺软膏20%浓度疥1疮结节疥螨虫阴囊疙瘩湿症疹皮肤瘙痒止男女 30g3瓶(含量20%),￥78.00
欣美彤古龙男士香水皂古龙香皂手工皂洗脸洗头沐浴香皂男士古龙香皂 3盒装-深层清洁,￥39.00
南京同仁堂男士香皂淫滛羊藿身体皂沐浴露精华皂男士香皂手工沐浴皂控油 3盒装【买2+1】,￥72.00
金妮雅（KNIYEA）维生素e乳男女士润肤补水保湿滋养干燥肌肤细纹全身可用乳液面霜 维生素E乳100gx1,￥3.90
正彩3支小蓝瓶罐装女保湿滋润补水润唇膏修护学生男女 【三支】家庭装,￥22.56
泥颜堂（NIYANTANG）手工玫瑰香皂男士洗澡女留香皂浓香型洗脸皂沐浴皂精油香水皂 130g 1块玫瑰皂+盒1+起泡网,￥60.00
仁和乳木果护手霜维生素e护手霜手足干裂膏男女润肤补水保霜 霜 2支装  2支装,￥38.00
郁美净    身体乳女士香水型留香全身润肤露保湿补水秋冬滋润男士 浴后乳液*1瓶,￥20.90
弗烟MENS香氛身体乳男士300ml 世仲堂止痒润肤乳皮肤干燥瘙痒润肤露防干裂补水保湿烟酰胺润体乳 (男士)凡士林身体乳,￥48.80
药王印【2支】硫磺抑菌乳膏20%浓度硫磺软膏皮肤外用四季皆宜男女软膏,￥39.90
正彩3支小蓝瓶罐装女保湿滋润补水润唇膏修护学生男女 【一支】体验装,￥17.65
香之密语沐浴露男士古龙香氛（持久留香 清爽洁净滋养洗发水洗发露套装） 氨基酸沐浴露800g+洗发水800g,￥44.90
COCOSILIYA香水味沐浴露香味持久留香沐浴液男女通用全身香体约72小时家庭装 coco香水沐浴露【800ml】,￥39.00
名歌浪漫沐浴露大容量家庭版香氛持久留香男女通用舒缓肌肤 1300ml名歌香氛美肌沐浴露（浪漫香氛）,￥19.80
惠润（SUPER MiLD） 惠润果味柑桔沐浴露650ml原装进口男女通用水嫩润泽沐浴乳 柑桔*2+果味*1,￥118.00
净町沐浴露清新滋养嫩肤温和男女通用白茶清爽止痒沐浴液 甜扁桃倍润保湿沐浴露500ml,￥79.00
歌倩法国迷蝶香水沐浴露2L乳男女通用家庭留香补水保湿清香 滋润肌肤,￥35.00
林肯香水沐浴露保湿滋润补水留香清洁滋润学生男女家庭学生沐浴馨香型 香水保湿柔滑沐浴露300ml,￥59.00
COCOSILIYA大瓶香水沐浴露家庭装留香控油嫩白男女沐浴乳浪漫花香 沐浴露800ml 1瓶,￥39.00
格尔卡尼coco香水沐浴露持久留香小时男女士通用全身香体沐浴乳液 沐浴露500+身体乳500ml,￥138.00
格尔卡尼coco香水沐浴露持久留香小时男女士通用全身香体沐浴乳液 身体乳1瓶【500ml】,￥68.00
格尔卡尼coco香水沐浴露持久留香小时男女士通用全身香体沐浴乳液 沐浴露300ml+身体乳300ml,￥88.00
玉兰油（OLAY)B3烟酰胺香氛花漾沐浴露550ml沐浴乳沐浴液小花瓶男女士通用 和风樱花(日式樱花+香草香氛),￥35.90
韩婵牛奶沐浴露香水久持留香家庭装大容量男女香氛滋润保湿沐浴乳 【2瓶装沐浴露】800ml*2,￥65.00
,
阿迪达斯 （adidas）男士沐浴露扫除疲劳深层清洁爽肤男士沐浴液舒缓肌肤清新留香 【激情沐浴露250ml*2瓶】,￥19.90
尊蓝男士古龙香氛洗发水沐浴露套装（沐浴露500g+洗发水400g）自然留香 清爽洁净 去屑控油,￥99.00
佰束硫磺除螨液体香皂洗澡洗脸全身后背螨虫止痒沐浴露男女士通用 硫磺除螨400ML一瓶【体验装】,￥59.00
雨洁（RACLEN）沐浴露森林木香型男激情沐浴乳持久留香清爽控油止痒沐浴液400mL 洗发水（去屑止痒）400mL,￥49.00
雨洁（RACLEN）沐浴露森林木香型男激情沐浴乳持久留香清爽控油止痒沐浴液400mL 沐浴乳（魅力醉香）750mL,￥69.00
舒肤佳沐浴露温和清洁长效保护男女通用滋润沐浴乳大瓶家庭装沐浴液留香 纯白清香1000g,￥31.90
VINISON马油皂洗脸皂男女洁面沐浴香皂硫磺皂香皂去手工 100g 马油皂*4块,￥173.00
"爱心东东	
丸気【官方】旗舰丸気K&P君真强男士能量液延I时次抛涂抹外用私处护理 3盒装",￥135.00
极控古龙香氛沐浴露男士沐浴乳液全身清爽持久留香型男专用 沐浴露2瓶*500mL,￥42.00
极控古龙香氛沐浴露男士沐浴乳液全身清爽持久留香型男专用 沐浴露1瓶500mL,￥25.00
vetes男士古龙香味除螨沐浴露男士专用持久留香男古龙香氛香水保湿沫浴 【单瓶装】古龙香沐浴露500g 500g,￥156.46
COCOSILIYA香水味沐浴露香味持久留香沐浴液男女通用全身香体约72小时家庭装 coco香水沐浴露2瓶【1600ml】,￥68.00
coco沐浴露久持留香72小时男女通用全身香体清爽润肤家庭装大容量 沐浴露1瓶 800ml【配浴球】,￥49.00
资生堂日本原装进口惠润沐浴露保湿滋润持续留香补水男女通用水嫩沐浴乳 淡雅柑橘香650mL,￥48.00
清扬（CLEAR）沐浴露活力运动温和清洁保湿控油润肤留香男士沐浴出差旅行装180g 活力运动180g*2瓶丨沐浴,￥13.99
蕾昂莱（LEXONLY）香港马祖龙香水沐浴露香味持久留香小时男女通用清爽家庭装大瓶 沐浴露800mL,￥61.20
M+CHUN血橙烟酰胺沐浴露男女士网红补水保湿沐浴液香水沐浴露乳 血橙沐浴露x2瓶,￥9.90
澳宝沐浴露1200ml经典滋润芦荟保湿补水男女适用家庭促销装1.2L沐浴乳 2瓶装*1200ml,￥59.90
阿迪达斯 （adidas）男士沐浴露持续留香深层清洁舒缓肌肤沐浴液配方升级多款可选 【激情沐浴露400ml】,￥15.50
范泳辰 山茶花沐浴露保湿持久留香除螨控油男女士通用香氛洗头膏沐浴乳 山茶花沐浴露850ml*3【三瓶装】,￥55.80
舒肤佳西柚清爽沐浴露留香大瓶家庭装男女通用滋润沐浴乳长效保护沐浴液 1kg,￥34.90
KAIZINI凯姿妮【2件 仅49】山茶花红石榴沐浴露男女通用持久留香约72小时家庭装 红石榴沐浴露1000ml,￥29.00
苗老翁草本抑菌乳膏成人男女皮肤外用软膏  手脚大腿内侧脱皮身体湿瘙痒 买2+1_发3盒,￥25.00
凡士林 保湿霜护手霜保湿滋润不油腻大瓶容量秋冬季防干裂倍润肤霜男女 【170g*1】大容量凡士林1瓶,￥12.00
佰束清洁霜深层清洁毛孔按摩膏 面部清洁膏舒润平衡洁肤乳霜男女士 舒润平衡按摩膏70g/盒,￥14.90
倾龄烟酰胺马来西亚甘油脸部补水保湿滋润身体润肤露防干裂男女 买1 曾1,￥87.00
DESIQNER COLLECTION维迈科士威角鲨烷香氛身体乳香港版久留香保湿滋润补水秋冬男女 200ml*2支【港版浓香】,￥35.90
亮美嘉SOD蜜身体乳液面霜护手霜男士女生护肤品 3瓶,￥19.90
健滋宝新一代天然芦荟胶抑菌凝胶30g恒润堂成人学生男女 青春痘豆痘印疤 一盒装,￥13.00
复方黄柏洗液女性私处护理妇科洗剂止痒去异味男女通用（更换新包装） 5瓶装,￥150.10
众乐康健苦参洗液妇科私处洗液黄柏洗液瘙痒抑菌护理液女私密处阴 男士益生菌洗液,￥35.00
"爱心东东	
仁和男性护理液230ml洗液下体瘙痒头私处私密清洁阴囊龟潮湿去异味痒 男士私处护理液（男士套装）3瓶",￥356.40
众乐康健（ZHONGLEKANGJIAN）男士私处护理液男性洗液抑菌杀止菌痒包皮下体睾丸阴囊瘙痒龟炎头 男士护理液,￥21.00
选派男士私处护理液私密去污垢止痒抑菌下体瘙痒清洁去异味洗护液 一瓶装,￥93.18
西尼男士私处洗液私密处护理液清洁止痒阴部去异味清洗抑菌清洁止痒 男士清新净爽99ml,￥26.90
可悠然原装进口美肌沐浴露（花漾之恋）550ml 香氛美肌沐浴液男女通用 欣怡幽香 550ml,￥60.90
瞳医森 瞳医森眼罩 蒸汽眼罩 玻尿酸发热眼罩适搭成人男女士干眼专用 3盒装/15片【钜惠装】,￥59.00
强生婴儿爽身粉宝宝四季通用男女成人吸汗止痒爽肤去异味70g袋装,￥29.00
肤汇康【官方】皮肤霜瘙痒止痒植物萃取男女老少均可使用皮肤外用乳膏  1盒,￥128.00
大医生包皮阻复l环神器男用阴后拉过长矫茎防脱敏感姬欲液态硅胶隐形 1盒装【体验装】,￥36.00
鼎医生抑菌乳膏15g身体护理外用抑菌膏男女士蚊虫叮咬可涂抹抑菌软膏 15g/盒【1盒装】,￥10.00
芙顺堂液体鼾器防打呼噜喷剂阻鼾器打呼噜神器男女通用官方 发三盒,￥109.00
,
懿芙翎熊胆复明眼保健膏抑菌膏男女学生工作党熊胆眼膏流泪眼睛疲劳植物,￥19.90
力克爽力克爽穴位敷贴慢性男性非专用前列贴 3盒,￥59.00
大器先生大器先生抑菌液清洗护理液男士私处清洁液清洗 3瓶装,￥93.35
妍绮【官方优选】妍绮微酸积雪草小气泡面膜男士去黑头收缩【3瓶装】 3瓶,￥46.03
金生堂痱子粉私处 爽身粉异味四季通用热痱粉清凉爽肤型男女 爽身粉1瓶+粉扑,￥22.21
祖郎中天然硫磺软膏硫磺乳膏皮肤瘙痒潮湿抑菌舒爽植物草本精华男女用 30克3瓶【疗程装】,￥78.00
祖郎中天然硫磺软膏硫磺乳膏皮肤瘙痒潮湿抑菌舒爽植物草本精华男女用 30克2瓶【大众选择装】,￥58.00
川井日式男用包皮凝胶收缩包皮矫皮正液器包皮克星包皮过长不手术 30ml一瓶【加3种型号阻I复环】,￥121.00
南京同仁堂古法降敏液淫羊藿五倍子降低男性龟亀头敏感度早彡泄耐力劲能精油 1瓶体验装,￥29.00
南京同仁堂古法降敏液淫羊藿五倍子降低男性龟亀头敏感度早彡泄耐力劲能精油 3瓶周期装【买2+1 久挺久战】,￥59.00
名歌植物香薰沐浴露补水嫩滑清凉舒爽滋润持久留香男女通用 2000ml名歌玫瑰滋润柔肤沐浴露,￥28.80
倾龄香水型沐浴露事后入怀男女清晨留香72小时官方品牌沫浴乳 【单瓶装】粉色邂逅500ml 500ml,￥80.40
倾龄香水型沐浴露事后入怀男女清晨留香72小时官方品牌沫浴乳 【单瓶装】反转巴黎500ml 500ml,￥80.40
舒肤佳香皂纯白洗手沐浴洗澡肥皂洗脸洁面温和洁净抑菌男女士通用家庭装 3纯白＋1薰衣草超值100g*4块,￥15.90
时珍世家金系列毛炎宁液150ml头皮毛囊头皮洗发水男女通用 两瓶150ml毛炎宁液,￥118.00
澳谷沐浴露樱花香氛清爽沐浴乳男女通用香味持久滋润保湿 沐浴露1.8L+润肤乳150ml*2,￥79.00
力士(LUX)沐浴露 幽莲魅肤香味持久留香1kg男女通用沐浴液乳大容量组合家庭装 幽莲魅肤1kg*1瓶,￥32.90
"爱心东东	
贝尔爽邦美生姬伤口龟性头炎包皮l炎私处裂口裂开男性红肿溃疡皮肤烂男 软膏一盒",￥45.60
沐唯伊搓泥宝全身去角质去死皮男女通用澡堂搓灰神器搓澡泥600ml 玫瑰,￥18.00
强艾南京同仁堂艾草蒸汽眼罩热敷睡眠眼罩遮光男女士学生护眼贴眼疲劳 买3+2，共5盒,￥54.00
名歌香水沐浴露乳大瓶装滋润保湿补水男女学生持久留香家庭装 1.8L名歌香水芬香沐浴露（舒爽保湿）,￥29.80
沐唯伊搓泥宝全身去角质去死皮男女通用澡堂搓灰神器搓澡泥1750ml 牛奶,￥38.00
沐唯伊搓泥宝全身去角质去死皮男女通用澡堂搓灰神器搓澡泥1750ml 薰衣草,￥38.00
.yASS雅氏身体乳补水嫩肤润肤防干裂修护保湿留香润肤乳男女香味润肤露 500ML+200ML,￥33.00
苗草奇珍【购2发3】中国好医生抑菌乳膏皮肤外用 中国好匡生抑菌软膏男女 5+5【实发10支】,￥81.88
.yASS雅氏身体乳补水嫩肤润肤防干裂修护保湿留香润肤乳男女香味润肤露 500ML送200ML+125M+L80ML护手霜,￥37.90
"爱心东东	
华佗古皂植物手工皂面部男女黑头卸妆洁面精油皂 3盒装",￥78.00
本草千晶 男士阴部私处洗液潮湿清洗液 荫泰迩洗液1盒+舒阴膏1盒 舒阴膏1盒,￥29.00
夏士莲沐浴露男士女士沐浴乳香氛柔肤二合一持久留香家庭装 1kg+600g【兰花香】,￥24.90
木子兰心男士古龙香水皂皂控油香皂洗脸皂肥皂精油手工皂 两盒古龙皂【起泡网】,￥16.90
,
自由自在【精选优品】庄雅自由自在沐浴露美肌沐浴乳800ml男女学生大小瓶 浪漫香氛2008ml,￥65.00
本草千晶 男士阴部私处洗液潮湿清洗液 荫泰迩洗液1盒+舒阴膏1盒 荫泰迩+男立舒（先清洗后涂抹）,￥68.00
栢诗萃【男士古龙香氛搓泥宝】死皮 角质 男女全身通用搓泥浴宝膏大容量 【男士搓泥宝】一瓶,￥115.37
GBCLCOCO男士古龙香水皂洁面除螨控油痘洗脸黑头沐浴清爽留香皂买一搭一 古龙皂2块＋网+盒+球,￥56.05
本草千晶 男士阴部私处洗液潮湿清洗液 荫泰迩洗液1盒+舒阴膏1盒 男立舒1盒（舒阴膏升级款）,￥29.00
梵施雅古龙香皂香皂茉莉花香肥皂女士洗脸沐浴香皂 桂花香男士皂香味香 桂花+茉莉+古龙一起3个,￥169.00
阿原（YUAN）艾草皂手工皂洁面洗脸洗澡深层清洁控油滋润植物精油香皂男女 月桃皂,￥95.25
范泳辰除螨沐浴露植物氨基酸香水型持久留香润肤控油学生男女通用 晚樱沐浴露800ml,￥28.80
"爱心东东	
佳朗（KAVERN）沐浴露4斤家庭装清爽滋润清洁百合艾草男女学生通用大容量 艾草香氛沐浴露 2000ml",￥36.00
"爱心东东	
佳朗（KAVERN）沐浴露4斤家庭装清爽滋润清洁百合艾草男女学生通用大容量 牛奶香香沐浴露 2000ml",￥36.00
"爱心东东	
佳朗（KAVERN）沐浴露4斤家庭装清爽滋润清洁百合艾草男女学生通用大容量 迷迭香水沐浴露 2000ml",￥36.00
舒肤佳香皂洗澡沐浴洗手洁面通用深层清洁肥皂温和留香沐浴皂男女家庭装 纯白+柠檬+牛奶（100g各1块）,￥15.00
舒肤佳香皂洗澡沐浴洗手洁面通用深层清洁肥皂温和留香沐浴皂男女家庭装 (3纯白＋1薰衣草)超值100g四块,￥15.90
名歌沐浴露持久留香优雅香氛浪漫迷人香水沐浴露学生男女通用 900ml名歌香氛精油沐浴露（馥郁馨香）,￥18.80
阿达佩迪 珍世夫阿达佩迪净颜清肤膏眼膏油脂粒神器男女士眼周专用 用除 1支,￥101.00
舒肤佳沐浴露温和清洁长效保护男女通用滋润沐浴乳大瓶家庭装沐浴液留香 纯白清香850g,￥27.90
克洛思蜜（CLOSEKISS）ck沐浴露德国香水沐浴露留香男女士去屑止痒控油 玫瑰丝滑弹嫩沐浴露750mL,￥47.60
舒肤佳沐浴露温和清洁长效保护男女通用滋润沐浴乳大瓶家庭装沐浴液留香 950g纯白+950g柠檬,￥55.80
舒肤佳沐浴露温和清洁长效保护男女通用滋润沐浴乳大瓶家庭装沐浴液留香 纯白100ml(体验装),￥7.90
六神沐浴露甘草健肤清爽滋润型沐浴乳男女通用家庭装缓解干痒夏季清凉 甘草健肤【清爽型】450ml+沐浴球,￥16.80
COCOSILIYACOCO沐浴露香水持久留香72小时男女通用大瓶家庭装. 去屑洗+沐浴露+【1个浴球】 COCO香氛家庭装大容量,￥115.00
,
"爱心东东	
柏缇海盐香水沐浴露留香男女滋润补水清洁爽肤氨基酸沐浴乳液  柏缇海盐净透沐浴露475ml一瓶",￥55.50
六神沐浴露 冰片清凉夏季芦荟男女通用绿茶清凉沐浴乳易冲洗大瓶装 百合三茶花 沐浴露1000ml 沐浴球,￥27.80
极男清满沐浴露男 控油清洁莫吉托香氛香水男士沐浴露运动沐浴液通用 清满沐浴露+洗发水,￥129.00
维特丝（vetes）沐浴露男士专用控油清爽香体沐浴乳液洗发沐浴露香味持久 【单瓶装】蔚蓝木质香沐浴露,￥28.80
妮维雅NIVEA德国进口男士沐浴露洗头洗脸三效合一身体清洁淡香酷爽香体沐浴洗澡舒爽劲爽动能冰爽 沐浴露500ml+强韧健发洗发露400ml,￥79.00
逸路康白云山男科洗液龟鬼头包皮龟炎清女男士专用喷雾剂私处护理洗液 【1盒体验装】,￥88.00
杰威尔男士激爽净澈香氛磨砂沐浴露370g*2瓶（滋润保湿 持久留香）,￥59.00
DIW男士沐浴露男士淫羊藿锁阳鹿茸劲爽沐浴乳液持久留香保湿 1瓶装【300ml】男士专用,￥58.00
极控古龙香氛沐浴露男士专用men沐浴液乳全身香体清爽持久留香味 洗发水500mL+沐浴露500mL,￥43.00
【2瓶49】极控古龙男士沐浴露+洗发水洗沐套装氨基酸香水全身清爽持香久留香型男可用 男士沐浴露,￥49.00
波斯顿洗发沐浴二合一洗发水沐浴露套装男士香氛持久清爽控油洗澡洗头液 沐浴二合一440ml,￥39.00
【2瓶49】极控古龙男士沐浴露+洗发水洗沐套装氨基酸香水全身清爽持香久留香型男可用 男士洗发,￥49.00
NHFOUYOU【大的老婆害怕】【一块就够】短小要用男性洗澡香皂留香 一盒 活力十足,￥32.00
Bluetex蓝宝丝男士私处护理液清洗液私密沐浴露男性洗护液 200ml,￥229.00
露比黎登（LUBRIDERM）果酸身体乳 保湿清爽 男士女士润肤乳液 保湿乳 润肤乳 A醇Pro+润肤473ml,￥79.00
"爱心东东	
澳丝（AUSSIE）男女性按摩精油情侣免洗润滑人体润肤油私密spa身体乳 440ml",￥45.41
"爱心东东	
澳丝（AUSSIE）男女性按摩精油情侣免洗润滑人体润肤油私密spa身体乳 660ml",￥56.81
"爱心东东	
澳丝（AUSSIE）男女性按摩精油情侣免洗润滑人体润肤油私密spa身体乳 220ml",￥30.21
阿道夫 慕斯沐浴露800g 香水泡沫持久留香男女通用 阿道夫慕斯沐浴露*2,￥90.00
欧舒丹（L'OCCITANE）白色薰衣草润肤250ml补水保湿霜身体乳滋养嫩肤留香男女士送礼物,￥280.00
阿道夫 慕斯沐浴露800g 香水泡沫持久留香男女通用 阿道夫护发素260克（焗油宝）,￥36.00
诺特氨基酸净爽保湿沐浴乳家庭装大容量温和男女士沐浴露 迪菲娜诺特氨基酸净爽沐浴露600ml,￥49.00
拉芳 lovefun 花香润肤沐浴露营养嫩滑家庭装沐浴乳男女通用花香沐浴露玫瑰薰衣草香水荷花精华 水润保湿 550g,￥17.50
拉芳 lovefun 花香润肤沐浴露营养嫩滑家庭装沐浴乳男女通用花香沐浴露玫瑰薰衣草香水荷花精华 冰凉舒爽 900g,￥19.80
东半球SOD蜜男女士面霜补水保湿乳液润肤霜秋冬防干防裂 SO D蜜1瓶,￥11.00
舒肤佳沐浴露薰衣草舒缓呵护型留香身体清洁沐浴乳方便携带大瓶男女通用 720g,￥31.90
六神香皂125g*3块 沐浴皂芦荟皂男女洁面皂洗手家庭组合 金盏菊125g*3块,￥11.80
FA花牌止汗露l走珠香水喷雾男女通用出行 玫丽花语150g 玫丽花语150g(喷雾) 2瓶,￥90.00
FA花牌止汗露l走珠香水喷雾男女通用出行 玫丽花语150g 自然清透150(喷雾) 1瓶,￥50.00
FA花牌止汗露l走珠香水喷雾男女通用出行 玫丽花语150g 淡雅绿茶150g(喷雾) 1瓶,￥50.00
FA花牌止汗露l走珠香水喷雾男女通用出行 玫丽花语150g 淡雅绿茶150g(喷雾) 3瓶,￥128.00
FA花牌止汗露l走珠香水喷雾男女通用出行 玫丽花语150g 清香亚麻150[喷雾] 1瓶,￥50.00
六神香皂125g*3块 沐浴皂芦荟皂男女洁面皂洗手家庭组合 芦荟冬麦125g*3块,￥10.80
FA花牌止汗露l走珠香水喷雾男女通用出行 玫丽花语150g 玫丽花语150g(喷雾) 1瓶,￥50.00
AFSA【官方】AFSA软膏祛痘印凝胶修护脂溢性痘印黑红痘印青春痘印男女 1支装,￥112.10
AFSA【官方】AFSA软膏祛痘印凝胶修护脂溢性痘印黑红痘印青春痘印男女 2支装,￥229.00
六神香皂125g*3块 沐浴皂芦荟皂男女洁面皂洗手家庭组合 清凉【绿茶甘草】125g*3块,￥10.80
coco香水沐浴露洗护沐套装男女通用留香全身香体家庭装大容量 洗发水+护发素 800ml,￥78.00
coco香水沐浴露洗护沐套装男女通用留香全身香体家庭装大容量 洗发水+沐浴露【配浴球】 800ml,￥78.00
【精选优品】白眉毛染黑防水多色。白眉毛染黑剂眉毛染膏染眉膏男女染眉毛的染色剂 棕色 【流行色】 10ml,￥52.06
【精选优品】白眉毛染黑防水多色。白眉毛染黑剂眉毛染膏染眉膏男女染眉毛的染色剂 深咖 【流行色】 10ml,￥52.06
呈绿达克罗宁软膏笛梦男性外用膏降敏男用延凝胶非喷剂 白金版 1盒,￥68.00
莱脱（Rantto）脱毛膏男士私处脱毛专用腿毛四肢腋下温和去毛膏,￥59.00
,
聚然古龙香水皂男士除螨控油去黑头洗脸沐浴清爽留香手工精油香皂 超值装【3盒装】【极力推荐】,￥78.00
甜蜜夏日男士沐浴古龙留香水控油洗澡全身洗脸肥皂香皂 薰衣草香水皂＋蜂蜜牛奶皂(2块装),￥129.96
甜蜜夏日男士沐浴古龙留香水控油洗澡全身洗脸肥皂香皂 玫瑰香水皂＋薰衣草香水皂(2块装),￥129.96
芙迪脱毛膏男胡子须脱脸面部唇毛去络腮胡喷雾私处腋毛腿毛全身体可用 疗程三套装（劲省88）,￥176.00
甜蜜夏日男士沐浴古龙留香水控油洗澡全身洗脸肥皂香皂 古龙香水皂2块＋玫瑰香水皂2块4块装,￥237.70
甜蜜夏日男士沐浴古龙留香水控油洗澡全身洗脸肥皂香皂 古龙香水皂2块＋薰衣草香水皂2块,￥237.70
苏答玛腊（Sudamala）巴厘岛进口手工香皂洁面沐浴洗手香皂温和清洁润肤肥皂男士100g 牛油果（嫩滑肌肤）,￥23.90
苏答玛腊（Sudamala）巴厘岛进口手工香皂洁面沐浴洗手香皂温和清洁润肤肥皂男士100g 木瓜（清爽滋润）,￥23.90
苏答玛腊（Sudamala）巴厘岛进口手工香皂洁面沐浴洗手香皂温和清洁润肤肥皂男士100g 玫瑰（亮泽润肤）,￥23.90
苗先锋云南本草痔断膏男女混合凝胶草本抑菌乳膏 轻度1支装,￥38.00
澳宝沐浴露1200ml水润嫩肤家庭装保湿补水滋润1.2L沐浴液乳男女适用 1瓶装*1200ml 水润,￥37.90
COCOSILIYA大瓶香水沐浴露家庭装留香控油嫩白男女沐浴乳浪漫花香 去屑控油洗发水800ml 1瓶,￥39.00
【家庭大瓶装】韩婵家庭装牛奶沐浴露800ml 补水保湿滋养肌肤男女 【2瓶装】沐浴露1600ml,￥75.80
,
【家庭大瓶装】韩婵家庭装牛奶沐浴露800ml 补水保湿滋养肌肤男女 【值3瓶】沐浴露2400ml,￥92.02
,
六神冰凉超爽沐浴露冰片+桑叶沐浴液冰爽型清爽滋润保湿易冲洗男女士450ml750ml/1L实惠家庭装 1L,￥34.80
【家庭大瓶装】韩婵家庭装牛奶沐浴露800ml 补水保湿滋养肌肤男女 组合装：2瓶沐浴露+身体乳,￥88.82
,
六神冰凉超爽沐浴露冰片+桑叶沐浴液冰爽型清爽滋润保湿易冲洗男女士450ml750ml/1L实惠家庭装 450ML,￥18.90
宝中宝蛇油膏补水保湿滋润肌肤修护手足死皮龟裂脚后跟防干裂男女 100g,￥6.50
可悠然原装进口美肌沐浴露（花漾之恋）550ml 香氛美肌沐浴液男女通用 花漾之恋 550ml,￥60.90
美博莱资胡子脱毛膏永久男士脸部脱胡须专用去胡渣络腮胡学生面部脱毛神器 脱毛膏*2套,￥298.00
丹雅奴【新品】古龙男士香水皂真品男士皂肥皂洗澡沐浴专用香皂留香 古龙清香*1块,￥66.00
路易斯马丁TT沐浴露男士沐浴乳去汗水味沐浴露家庭装大容量 海洋香洗发+沐浴套装 500ml,￥256.00
路易斯马丁TT沐浴露男士沐浴乳去汗水味沐浴露家庭装大容量  大地香洗发+沐浴套装 500ml,￥256.00
路易斯马丁TT沐浴露男士沐浴乳去汗水味沐浴露家庭装大容量 海洋香沐浴露*2瓶 500ml,￥256.00
路易斯马丁TT沐浴露男士沐浴乳去汗水味沐浴露家庭装大容量 古龙香沐浴露*2瓶 500ml,￥256.00
丹雅奴【新品】古龙男士香水皂真品男士皂肥皂洗澡沐浴专用香皂留香 古龙清香*3块,￥145.00
烟酰胺 马来西亚甘油甘油保湿白醋烟酰胺维生素e护肤纯老牌补水脸部男女 4瓶烟酰胺甘油560ml 组合,￥208.00
弗烟大魔王 APD男士修护膏DD保养膏男用私处护理修复膏 4瓶-修复装,￥798.00
弗烟大魔王 APD男士修护膏DD保养膏男用私处护理修复膏 2瓶修复膏-体会装,￥408.00
弗烟大魔王 APD男士修护膏DD保养膏男用私处护理修复膏 1瓶修复膏-体验装,￥228.00
六神香皂125g*3块 沐浴皂艾叶芦荟沐浴皂男女洁面皂洗手皂家庭特惠装 除菌   百合  125g*6块,￥18.80
六神香皂125g*3块 沐浴皂艾叶芦荟沐浴皂男女洁面皂洗手皂家庭特惠装 艾叶   清凉  125g*3块,￥10.80
草本海洋【官方优选】亨利雅克固体香膏草本海洋固体香膏男士专用留香 月夜大地,￥70.46
草本海洋【官方优选】亨利雅克固体香膏草本海洋固体香膏男士专用留香 纵容旷野,￥70.46
六神香皂125g*3块 沐浴皂艾叶芦荟沐浴皂男女洁面皂洗手皂家庭特惠装 除菌   金盏菊  125g*3块,￥11.80
六神香皂125g*3块 沐浴皂艾叶芦荟沐浴皂男女洁面皂洗手皂家庭特惠装 清凉  绿茶甘草  125g*6块,￥18.80
六神香皂125g*3块 沐浴皂艾叶芦荟沐浴皂男女洁面皂洗手皂家庭特惠装 除菌   金盏菊  125g*6块,￥18.80
是否（IS）is珍珠沐浴露是否奶盖留香女西柚白桃乌龙是否男果酸 雪松与森林330ml【无珍珠】,￥64.00
COCOSILIYA香水沐浴露持久留香72小肤滋养体香男女通用沐浴 【去屑控油洗发水】+沐浴露 COCO香氛版800ML+(沐浴球),￥113.00
,
COCOSILIYA香水沐浴露持久留香72小肤滋养体香男女通用沐浴 【去屑控油洗发水】1瓶装 COCO香氛版800ML+(沐浴球),￥79.00
,
COCOSILIYA香水沐浴露持久留香72小肤滋养体香男女通用沐浴 【滋润修护】洗发水+润发素 COCO香氛版800ML+(沐浴球),￥113.00
,
COCOSILIYA香水沐浴露持久留香72小肤滋养体香男女通用沐浴 去屑控油洗+润发素+沐浴露 COCO香氛版800ML+(沐浴球),￥147.00
,
COCOSILIYA香水沐浴露持久留香72小肤滋养体香男女通用沐浴 滋润修护洗+润发素+沐浴露 COCO香氛版800ML+(沐浴球),￥147.00
,
COCOSILIYA香水沐浴露持久留香72小肤滋养体香男女通用沐浴 【滋润修护洗发水】1瓶装 COCO香氛版800ML+(沐浴球),￥79.00
,
COCOSILIYA香水沐浴露持久留香72小肤滋养体香男女通用沐浴 【去屑控油洗发水】+润发素 COCO香氛版800ML+(沐浴球),￥113.00
,
COCOSILIYA香水沐浴露持久留香72小肤滋养体香男女通用沐浴 【润肤滋养沐浴露】2瓶装 COCO香氛版800ML+(沐浴球),￥113.00
,
COCOSILIYA香水沐浴露持久留香72小肤滋养体香男女通用沐浴 【补水修护润发素】1瓶装 COCO香氛版800ML+(沐浴球),￥79.00
,
草本海洋【官方优选】亨利雅克固体香膏草本海洋固体香膏男士专用留香 月夜大地+纵容旷野【质感组合】,￥136.71
宛伊多效原浆洗发水去屑男女洗头,￥75.00
,
舒肤佳蜂蜜香滋润呵护沐浴露720ml大瓶家庭装男女通用 熏衣草720ml,￥34.80
舒肤佳蜂蜜香滋润呵护沐浴露720ml大瓶家庭装男女通用 芦荟720ml,￥34.80
舒肤佳蜂蜜香滋润呵护沐浴露720ml大瓶家庭装男女通用 牛奶滋润720ml,￥34.80
舒肤佳蜂蜜香滋润呵护沐浴露720ml大瓶家庭装男女通用 天然海盐720ml,￥34.80
舒肤佳蜂蜜香滋润呵护沐浴露720ml大瓶家庭装男女通用 薄荷720ml,￥34.80
舒肤佳蜂蜜香滋润呵护沐浴露720ml大瓶家庭装男女通用 清香白720ml,￥34.80
舒肤佳蜂蜜香滋润呵护沐浴露720ml大瓶家庭装男女通用 金银花720ml,￥34.80
舒肤佳蜂蜜香滋润呵护沐浴露720ml大瓶家庭装男女通用 樱花香720ml,￥34.80
舒肤佳沐浴露100mlx5小瓶纯白清香型男女士通用沐浴乳小样便携旅行装 纯白清香100ml*1瓶,￥8.74
美容道 可可coco沐浴露香味持久留香小时男女通用全身香体清爽家庭装大容量 沐浴露800ml,￥24.00
名歌植物香薰沐浴露补水嫩滑清凉舒爽滋润持久留香男女通用 2000ml名歌香水百合沐浴露,￥28.80
GA竹炭皂古龙香皂男士洗脸洗澡沐浴皂全身专用香水竹炭香味 GA香水皂 80g,￥37.00
名歌植物香薰沐浴露补水嫩滑清凉舒爽滋润持久留香男女通用 900ml名歌珍珠牛奶保湿沐浴露,￥16.80
【精选优品】男士胡子染色剂Just for Men男士浅棕深棕色漂染胡须膏遮白染胡子乳无 褐色 M-35中等棕色,￥142.00
【精选优品】男士胡子染色剂Just for Men男士浅棕深棕色漂染胡须膏遮白染胡子乳无 黑色 M-55黑色,￥142.00
名歌植物香薰沐浴露补水嫩滑清凉舒爽滋润持久留香男女通用 900ml名歌茉莉薄荷清爽沐浴露,￥16.80
名歌植物香薰沐浴露补水嫩滑清凉舒爽滋润持久留香男女通用 900ml名歌玫瑰滋润柔肤沐浴露,￥16.80
名歌植物香薰沐浴露补水嫩滑清凉舒爽滋润持久留香男女通用 900ml名歌金银花清凉止痒沐浴露,￥16.80
名歌植物香薰沐浴露补水嫩滑清凉舒爽滋润持久留香男女通用 2000ml名歌珍珠牛奶保湿沐浴露,￥28.80
美容道 可可coco沐浴露香味持久留香小时男女通用全身香体清爽家庭装大容量 沐浴露800ml*2瓶,￥44.00
【精选优品】男士胡子染色剂Just for Men男士浅棕深棕色漂染胡须膏遮白染胡子乳无 浅棕色 M-25浅棕色,￥142.00
舒肤佳香皂纯白洗手沐浴洗澡肥皂洗脸洁面温和洁净抑菌男女士通用家庭装 超值100g*3块纯白,￥12.90
舒肤佳香皂纯白洗手沐浴洗澡肥皂洗脸洁面温和洁净抑菌男女士通用家庭装 4纯白＋2柠檬超值100g*6块,￥24.90
萨弗（Saphus）香皂香味花香型男女士洗脸澡全身清香型进口精油香水皂 古龙绅士香水皂 150g +起泡网*1 4块装,￥69.90
舒肤佳香皂纯白洗手沐浴洗澡肥皂洗脸洁面温和洁净抑菌男女士通用家庭装 4纯白＋2薰衣草超值100g*6块,￥24.90
舒肤佳香皂纯白洗手沐浴洗澡肥皂洗脸洁面温和洁净抑菌男女士通用家庭装 2纯白＋2柠檬（独立装各100克）,￥17.90
舒肤佳香皂纯白洗手沐浴洗澡肥皂洗脸洁面温和洁净抑菌男女士通用家庭装 2纯白+1柠檬（各100g独立装）,￥14.90
舒肤佳香皂纯白洗手沐浴洗澡肥皂洗脸洁面温和洁净抑菌男女士通用家庭装 2纯白+1薰衣草超值100gx3块*2,￥23.90
"爱心东东	
竹盐竹盐精品草本保湿香皂保湿补水温和清洁香皂洗脸沐浴男女通用 1块",￥8.70
"爱心东东	
竹盐竹盐精品草本保湿香皂保湿补水温和清洁香皂洗脸沐浴男女通用 3块",￥12.68
时珍世家金系列毛炎宁液150ml头皮毛囊头皮洗发水男女通用 单瓶150ml毛炎宁液,￥69.00
时珍世家金系列毛炎宁液150ml头皮毛囊头皮洗发水男女通用 三瓶150ml毛炎宁液,￥158.00
"爱心东东	
竹盐竹盐精品草本保湿香皂保湿补水温和清洁香皂洗脸沐浴男女通用 6块",￥23.91
鸿遍天七草魔力抑菌乳膏草本成人男女皮肤外用软膏 原名7癣8毒七癣八毒 一盒装,￥10.80
川井日式男用包皮凝胶收缩包皮矫正液器包皮克星包皮过长不手术 30ml/瓶【加3种型号阻I复环】,￥121.00
阿迪达斯 （adidas）男士沐浴露持续留香深层清洁舒缓肌肤沐浴液配方升级多款可选 【冰点沐浴露400ml】,￥15.50
川井美研人体润滑肤油液成情侣spa按摩男性品精油身体乳私密花园 50ml,￥59.22
川井美研人体润滑肤油液成情侣spa按摩男性品精油身体乳私密花园 50g,￥63.00
川井美研人体润滑肤油液成情侣spa按摩男性品精油身体乳私密花园 49ml,￥63.00
川井美研人体润滑肤油液成情侣spa按摩男性品精油身体乳私密花园 100L,￥81.00
川井美研人体润滑肤油液成情侣spa按摩男性品精油身体乳私密花园 200g,￥167.40
强艾南京同仁堂艾草蒸汽眼罩热敷睡眠眼罩遮光男女士学生护眼贴眼疲劳 1盒装,￥18.00
澳宝澳宝沐浴露1.55L玫瑰柔润SPA冲凉液水润滋润男女沐浴乳 玫瑰沐浴露 1.55L/瓶,￥46.80
NIYANTANG香皂植物系列控油精油肥皂清爽男女洗手洁面洗澡手工皂 金盏香*2个,￥82.00
小瓶便携250ml韩婵牛奶沐浴露温和清洁嫩滑舒缓男女士学生沐浴乳 牛奶沐浴露250ml*两瓶,￥58.00
,
强艾南京同仁堂艾草蒸汽眼罩热敷睡眠眼罩遮光男女士学生护眼贴眼疲劳 买2+1，共3盒,￥36.00
小瓶便携250ml韩婵牛奶沐浴露温和清洁嫩滑舒缓男女士学生沐浴乳 牛奶沐浴露250ml*三瓶,￥71.80
,
祖郎中天然硫磺软膏硫磺乳膏皮肤瘙痒潮湿抑菌舒爽植物草本精华男女用 15克5支,￥66.00
祖郎中天然硫磺软膏硫磺乳膏皮肤瘙痒潮湿抑菌舒爽植物草本精华男女用 15克3支,￥44.00
祖郎中天然硫磺软膏硫磺乳膏皮肤瘙痒潮湿抑菌舒爽植物草本精华男女用 15克2支,￥29.00
祖郎中天然硫磺软膏硫磺乳膏皮肤瘙痒潮湿抑菌舒爽植物草本精华男女用 20克2瓶,￥46.00
祖郎中天然硫磺软膏硫磺乳膏皮肤瘙痒潮湿抑菌舒爽植物草本精华男女用 20克3瓶,￥64.00
强生美肌身体乳日版薰衣草甘菊悠然舒缓升级款肌肤润肤露男女保湿留香润肤乳 200ml,￥49.00
两颗树买3贈1买5贈2买10贈5）不怕痒软膏草本乳膏皮肤外用大腿内侧男女 腿内侧男女,￥14.00
祖郎中天然硫磺软膏硫磺乳膏皮肤瘙痒潮湿抑菌舒爽植物草本精华男女用 15克1支【儿童使用体验装】,￥15.90
六神原液沐浴露清新滋润型含芦荟+麦冬大瓶实惠清洁补水家庭装男女通用沐浴乳上海家化 450ml*1,￥18.80
名歌香水沐浴露乳大瓶装滋润保湿补水男女学生持久留香家庭装 800ml名歌香水芬香沐浴露（水润嫩肤）,￥19.80
莱枚（LaMilee）降敏膏男士脱敏膏男人早泄敏感时间短小男用私处修复护理膏 一盒装,￥72.50
,
莱枚（LaMilee）降敏膏男士脱敏膏男人早泄敏感时间短小男用私处修复护理膏 三盒装　买２+送１,￥145.20
,
妙丹堂香尊金装腋味止汗露喷雾液男女士净水味,￥97.00
UHC【买1贈1】男士护肤品SOD蜜男士面霜男保湿霜擦脸油乳液补水护脸,￥48.00
沐唯伊搓泥宝全身去角质去死皮男女通用澡堂搓灰神器搓澡泥1750ml 玫瑰,￥38.00
沐唯伊搓泥宝全身去角质去死皮男女通用澡堂搓灰神器搓澡泥1750ml 芦荟,￥38.00
COCO香水沐浴露持久留香72小时除螨全身香体清爽男女士通用 【持久留香】沐浴露800GX2瓶,￥68.00
,
苗草奇珍【购2发3】中国好医生抑菌乳膏皮肤外用 中国好匡生抑菌软膏男女 1支装15g,￥17.20
苗草奇珍【购2发3】中国好医生抑菌乳膏皮肤外用 中国好匡生抑菌软膏男女 2+1【实发3支】疗程装,￥35.49
苗草奇珍【购2发3】中国好医生抑菌乳膏皮肤外用 中国好匡生抑菌软膏男女 3+2【实发5支】巩固装,￥50.05
自由自在【精选优品】庄雅自由自在沐浴露美肌沐浴乳800ml男女学生大小瓶 浪漫香氛800ml,￥38.00
梵施雅古龙香皂香皂茉莉花香肥皂女士洗脸沐浴香皂 桂花香男士皂香味香 桂花1个+茉莉1个,￥149.00
韩泊莉古龙香皂男士香水皂洁面沐浴控油手工皂洗脸皂洗澡沐浴肥皂全身 古龙香水皂15块+起泡网,￥168.00
本草千晶 男士阴部私处洗液潮湿清洗液 荫泰迩洗液1盒+舒阴膏1盒 荫泰迩+舒阴膏（先清洗后涂抹）,￥68.00
梵施雅古龙香皂香皂茉莉花香肥皂女士洗脸沐浴香皂 桂花香男士皂香味香 玫瑰+茉莉+桂花+古龙+栀子,￥207.90
GBCLCOCO男士古龙香水皂洁面除螨控油痘洗脸黑头沐浴清爽留香皂买一搭一 古龙皂10块+网+盒+球,￥155.68
格尔卡尼香水沐浴露小苍兰持久留香家庭装男女通用沐浴液丝滑沐浴乳大瓶 小苍兰沐浴露800ML 1瓶,￥49.90
格尔卡尼香水沐浴露小苍兰持久留香家庭装男女通用沐浴液丝滑沐浴乳大瓶 小苍兰沐浴露800ML 2瓶,￥99.00
GBCLCOCO男士古龙香水皂洁面除螨控油痘洗脸黑头沐浴清爽留香皂买一搭一 古龙皂6块+网+盒+球,￥125.32
金妮雅（KNIYEA）维生素e乳男女士润肤补水保湿滋养干燥肌肤细纹全身可用乳液面霜 维生素E乳500gx3,￥19.90
栢诗萃【男士古龙香氛搓泥宝】死皮 角质 男女全身通用搓泥浴宝膏大容量 【男士搓泥宝】买二搭一(用一年),￥158.95
色娜娜男用阴II茎按摩软膏私处护理性夫I妻情II趣成I人用品 鳄鱼 膏一盒,￥58.00
奇力康洁肤液抑菌液女性妇科私处洗液男女阴部皮肤清洁抑菌护理清凉止痒,￥12.00
芃医芃医屁舒膏草本痔苍疮膏肛门球软男女内外屁屁舒竼 一盒装,￥99.00
,
隆力奇牛奶沐浴露持久留香滋润保湿补水沐浴乳液男女士通用家庭装 牛奶沐浴露*1瓶+浴球,￥19.90
舒肤佳西柚清爽沐浴露留香大瓶家庭装男女通用滋润沐浴乳长效保护沐浴液 皂100g,￥6.90
三国神医抑菌乳膏草本皮肤外用成人男女软膏 手脚大腿内侧脱皮身体湿瘙痒 一盒装,￥10.50
聚然古龙香水皂男士控油去黑头洗脸沐浴清爽留香手工精油香皂 超值装3盒装极力,￥116.00
隆力奇牛奶沐浴露持久留香滋润保湿补水沐浴乳液男女士通用家庭装 清凉沐浴露*1瓶+浴球,￥19.90
栢诗萃（BEASICUI）搓泥宝膏搓澡泥男士专用全身通用深层清洁角质死皮 古龙搓泥宝*1瓶,￥108.00
栢诗萃（BEASICUI）搓泥宝膏搓澡泥男士专用全身通用深层清洁角质死皮 古龙搓泥宝*3瓶,￥238.80
格尔卡尼5号COCO香水沐浴露72小时持久留香清爽保湿滋润男女士香体沐浴乳 香氛润肤沐浴露300ML,￥48.00
六神沐浴露 冰片清凉夏季芦荟男女通用绿茶清凉沐浴乳易冲洗大瓶装 抗白菊 沐浴露750ml  +沐浴球,￥24.80
川井男士修复膏按摩膏男性滋养露海绵体脱敏膏降低调理敏感度达克罗宁 【升级款】1瓶,￥198.00
川井男士修复膏按摩膏男性滋养露海绵体脱敏膏降低调理敏感度达克罗宁 1支【基础装】,￥158.00
蓝宝丝（Bluetex）大地香氛沐浴露祛痘除螨专利男士乳液持久留香全身体 大地沐浴露1瓶,￥59.00
呈绿达克罗宁油膏软膏时延调理早泄降低龟亀头敏感盐酸外用 尊享钻金版,￥128.00
雨洁（RACLEN）沐浴露古龙香氛净肌沐浴液雪松木质香型持久清洁滋润除螨控油保湿 【单瓶装】古龙香沐浴露400mL,￥59.00
本草仕佳男士护理液植萃私处温和洗下面清洁抑菌护理沐浴露去异味 1瓶装150ml,￥93.22
"爱心东东	
修正头龟喷雾男科洗液喷剂男士下体包皮垢私处护理抑菌清洁瘙痒红肿 升级版男科专用洗液护理液",￥55.00
WXE男士沐浴露持久留香水沐浴乳保湿洗头膏控油洗发水套装 【海洋香氛】洗发水+沐浴露套装,￥75.90
舒奈美木小白三花亁烈男士修护膏男性外用沐私l处成人按摩阴l茎锻炼用品 买3贈3(发6支) 默认1,￥159.00
清扬（CLEAR）洗发水沐浴露套装 清爽控油平衡男士 劲凉冰爽+冰凉酷爽,￥15.90
日久爱五倍子鬼头敏感降低敏感度高时间短早射五倍子蛇床子男性外用耐力 两瓶周期装效果好,￥208.00
DIW男士沐浴露男士淫羊藿锁阳鹿茸劲爽沐浴乳液持久留香保湿 2瓶装【男士私处好物】,￥98.00
古龙香氛沐浴露男士专用香水沐浴乳持久留香洗发水套装家庭装 男士沐浴露500ml+男士洗发水500ml,￥53.80
美容道 可可 古龙香味去屑控油沐浴露止痒洗发水香味持9蓬松大瓶洗护套装男 洗发水沐浴露【套装】,￥39.00
大医生北ji宫阿米毛净康毛囊炎头部长疙瘩头痒长头皮痘脸上溢脂性头c癣 2盒(轻度装),￥42.00
"爱心东东	
御南云方龟包皮垢头炎喷雾剂红点念珠菌疹珍珠外阴部阴囊瘙痒红肿专用喷剂 男士下体私处男科洗液红肿去异味",￥47.40
维特丝（vetes）沐浴露男女通用香味持久氨基酸沐浴乳液滋润保湿洗发水沐浴露套装 【爆卖推荐】清茶香沐浴露500ML,￥39.00
,
九叶草国药精养硫磺沐浴露除螨净痘去后背痘痘螨虫止痒去角质持久留香 一瓶装【400ml】,￥39.00
型邦【旗舰优品】十月玫瑰熬夜补水面膜提亮男女暗i黄 10盒,￥258.60
,
祖郎中硫磺软膏20%浓度疥仓结节疥螨虫阴囊疙瘩湿皮肤瘙痒草本精华男女 30g 二盒（轻微装）,￥56.00
舒肤佳沐浴露纯白清香沐浴液套装 长效保护无皂基pH中性温和男女士通用 沐浴露680g（柠檬清爽）,￥24.80
舒肤佳沐浴露纯白清香沐浴液套装 长效保护无皂基pH中性温和男女士通用 沐浴露680g*2瓶（纯白+柠檬）,￥44.80
可悠然可悠然 沐浴露大黄瓶香味持久美肌香氛沐浴液男女通用550ml 花漾之恋550ml,￥43.00
可悠然可悠然 沐浴露大黄瓶香味持久美肌香氛沐浴液男女通用550ml 恬静清香550ml,￥43.00
可悠然可悠然 沐浴露大黄瓶香味持久美肌香氛沐浴液男女通用550ml 碧野悠悠550ml,￥43.00
可悠然可悠然 沐浴露大黄瓶香味持久美肌香氛沐浴液男女通用550ml 恬静清香【替换装】400ml,￥32.42
迪菲娜净肤沐浴露古龙香氛清爽沐浴露男士香体久留香保湿补水家用家庭装 迪菲娜男士净肤沐浴露（海洋香）690g,￥49.00
刘药师华肤康抑菌乳膏草本男女皮肤外用软膏  手脚大腿内侧身体潮湿瘙痒 1盒,￥12.00
韩婵【官方优选】米作雪松之恋衣物身体香氛喷雾雪松之恋女男士持 雪松之恋 其他香调 x 80ml,￥48.73
冯天下狼毒抑菌乳膏成人男女皮肤外用软膏 脱皮手脚身体大腿内侧湿瘙痒 1盒体验装【实发1盒】,￥18.00
梵施雅古龙香皂香味桂花香肥皂洗脸香型沐浴男女精油皂洗澡除螨皂极光 栀子花1个160g 160g,￥62.00
梵施雅古龙香皂香味桂花香肥皂洗脸香型沐浴男女精油皂洗澡除螨皂极光 玫瑰香1个160g 160g,￥62.00
梵施雅古龙香皂香味桂花香肥皂洗脸香型沐浴男女精油皂洗澡除螨皂极光 桂花+茉莉+古龙(480g) 160g,￥179.00
梵施雅古龙香皂香味桂花香肥皂洗脸香型沐浴男女精油皂洗澡除螨皂极光 桂花香2个共320g 160g,￥119.00
梵施雅古龙香皂香味桂花香肥皂洗脸香型沐浴男女精油皂洗澡除螨皂极光 茉莉香2个共320g 160g,￥119.00
梵施雅古龙香皂香味桂花香肥皂洗脸香型沐浴男女精油皂洗澡除螨皂极光 玫瑰香2个共320g 160g,￥119.00
梵施雅古龙香皂香味桂花香肥皂洗脸香型沐浴男女精油皂洗澡除螨皂极光 栀子花2个共320g 160g,￥119.00
梵施雅古龙香皂香味桂花香肥皂洗脸香型沐浴男女精油皂洗澡除螨皂极光 桂花香3个共480g 160g,￥179.00
梵施雅古龙香皂香味桂花香肥皂洗脸香型沐浴男女精油皂洗澡除螨皂极光 茉莉香3个共480g 160g,￥179.00
梵施雅古龙香皂香味桂花香肥皂洗脸香型沐浴男女精油皂洗澡除螨皂极光 玫瑰香3个共480g 160g,￥179.00
梵施雅古龙香皂香味桂花香肥皂洗脸香型沐浴男女精油皂洗澡除螨皂极光 栀子花3个共480g 160g,￥179.00
梵施雅古龙香皂香味桂花香肥皂洗脸香型沐浴男女精油皂洗澡除螨皂极光 桂花+玫瑰+栀子+古龙+茉莉(800g 160g,￥249.00
梵施雅古龙香皂香味桂花香肥皂洗脸香型沐浴男女精油皂洗澡除螨皂极光 桂花2个+古龙2个+茉莉2个(960g 160g,￥294.00
观颐堂瑶方止痒膏电视款膏舒缓润肤外用软膏男女通用 买5贈5【发10盒】,￥175.00
,
泥颜堂（NIYANTANG）手工玫瑰香皂男士洗澡女留香皂浓香型洗脸皂沐浴皂精油香水皂 130g 3块玫瑰皂+盒1+起泡网,￥108.00
铍白金速康360乳膏15g铍白金速康360抑菌乳膏草本软膏,￥20.00
名歌（MiNGE）香型香氛美肌沐浴露浪漫香氛淡雅香氛 娇肤香氛男女通用800ml大 浪漫香氛800ml,￥39.00
恋金芭汀蔻香水沐浴露沐浴乳液男女适用 金色真爱香水沐浴露570ml,￥38.00
可悠然沐浴露男女通用香味持久美肌液持久留香乳（香型随机，可备注） 恬静清香400ml（替换装）,￥37.00
