﻿Column1,Column2
Column1,Column2
Name,Price
Grimar Jonsson家用练腹神器自动回弹滚动健腹轮收腹肌运动男女肘撑滚轮健身器材 动力橙[肘撑设计 自动回弹]+3,￥398.00
微匣健腹轮 巨轮 男女通用收瘦腰腹轮静音家用体育用品健身器材推轮 s s跪垫-S,￥136.00
迪卡侬（DECATHLON）跳绳儿童小学成人专用健身减肥运动学生男女生燃脂EYE1 JR500 跳绳-黑色,￥29.90
晨升盆底肌训练器夹腿器凯格尔训练器女士美腿器腿部肌肉练腿神器 升级款【无计数加厚款】蜜桃粉,￥21.46
李宁护膝保暖运动半月板篮球跑步专用髌骨男女羽毛球足球登山膝盖护具,￥58.00
ZEAMO日本备长炭护膝保暖夏季薄款中老年防寒男女运动关节炎漆盖护具L,￥118.00
李宁护腰带保暖腰间盘健身运动薄款收腹束腰深蹲硬拉跑步腰托男女塑身,￥89.00
,
安踏（ANTA）排球【中考训练】比赛专用中小学体考成人儿童男女5号蓝黄白配色,￥49.00
李宁护膝保暖加热老寒腿关节炎护漆膝盖男女中老年人加绒冬季防寒风,￥49.50
匹克网球拍男女初学者专业碳素复合单只网球带绳回弹训练器套装 蓝白,￥122.00
匹克网球拍男女初学者专业碳素复合单只网球带绳回弹训练器套装 黑白,￥122.00
李宁护膝保暖运动半月板髌骨跑步篮球专用男女羽毛球登山足球膝盖护具,￥89.00
,
李宁【两只装】护腕男女运动健身吸汗防扭伤护手腕护具篮球羽毛球擦汗,￥25.00
匹克网球拍对拍男女初学者专业两只对拍套装含网球训练器 黑白,￥179.00
"线下同款	
匹克弹力绳弹力带瑜伽拉力带拉力器健身阻力带男女力量训练拉力绳引体向上单杠辅助带伸展带",￥41.90
"线下同款	
李宁（LI-NING）瑜伽垫加厚宽男女士健身垫跳绳操静隔音减震防滑专业运动舞蹈垫子",￥69.00
,
匹克比赛排球5号中考专用排球儿童男女学生中考训练排球蓝/黄/白,￥47.90
李宁护膝保暖运动半月板篮球跑步专用髌骨男女羽毛球足球登山膝盖护具,￥59.00
,
李宁护腰带保暖腰间盘健身运动举重束腰深蹲硬拉腰托男女久坐暖腰收腹,￥121.00
李宁护腰带保暖腰间盘健身运动收腹束腰跑步深蹲硬拉腰托男女久坐腰封,￥129.00
,
匹克全碳素网球拍单拍男女款 PK-888 黑/白 含拍包 手胶 避震器,￥339.00
李宁（LI-NING）CBA职业联赛室内外训练比赛6号篮球 女子篮球 LBQK576-1,￥99.00
李宁护腕手腕扭伤腱鞘女款健身运动男固定羽毛球篮球关节薄款 黑色（0.9mm厚度 轻薄加压护腕） 均码单只（左右手通用）,￥21.00
迈康（MIKING） 单杠家用引体向上器室内单双杠 多功能儿童女士增高健身器材体育用品 4001F黑色【外八支撑防侧翻，不占空间】,￥173.00
艾栢恩包胶哑铃女士塑形初学者家用运动训练健身器材套装学生锻炼防滚动 【肩背塑形】樱花粉2KG*2只,￥35.90
李宁护腕手腕扭伤腱鞘女款健身运动男固定羽毛球篮球关节薄款 灰色（0.9mm厚度 轻薄加压护腕） 均码单只（左右手通用）,￥21.00
AOLIKES 加长篮球护臂运动保暖薄款加长护肘男女透气套袖吸汗护手臂防晒 黑色单只 适合手肘围23-40厘米单只价,￥12.90
TMT 弹力带健身绳男女阻力带康复拉力带训练引体向上辅助瑜伽运动 强化训练-深绿+深灰+收纳袋,￥75.80
TERROR磁吸雪镜滑雪眼镜护目镜抗UV男女双层防雾卡近视柱面 粉色 均码,￥240.00
沃顿日本护膝运动半月板跑步专用男女士髌骨带膝盖护具羽毛球登山跳绳 【两只】8代护膝【EVA护垫】黑色 XL【腿围41-49cm体重120-160斤】,￥188.00
匹克篮球成人比赛儿童训练室内外水泥地橡胶耐磨防滑男女篮球7号,￥53.90
艾栢恩包胶哑铃女士塑形初学者家用运动训练健身器材套装学生锻炼防滚动 【儿童/老人推荐】樱花粉1KG*2只,￥19.90
南极人护腰带腰间盘运动突出收腹带轻薄夏季女护具束腰神器健身腰封保暖 钢板支撑丨改善腰椎问题 L码丨腰围2尺6-3尺2丨140-170斤,￥39.00
维动（VEIDOORN） 篮球7号实战蓝球比赛男女生专用耐磨训练室内外蓝球 赛级7号球【粉蓝鸳鸯】超燃手感,￥69.80
李宁（LI-NING） 李宁篮球室外成人儿童小学生幼儿园水泥地街头男女生彩虹色蓝球 7号 蓝黄粉(通用标准),￥73.90
川崎2023新品冰川羽毛球拍 全碳素纤维5U超轻男女专业比赛训练单拍 冰川蓝【5U G6】冰蓝线 成品拍(备注磅数),￥219.00
李宁（LI-NING） 羽毛球拍雷霆双拍男女学生羽拍成人青少年娱乐型训练耐打对拍 双拍 蓝绿+白青+3只球+2只手胶,￥169.00
洛克兄弟摩托车保暖护膝男女秋冬季防摔防风骑行护具护腿骑士装备 长款(抓绒保暖)-不带护具 均码,￥138.00
艾栢恩包胶哑铃女士塑形初学者家用运动训练健身器材套装学生锻炼防滚动 【肩背塑形】天空蓝2KG*2只,￥35.90
艾栢恩包胶哑铃女士塑形初学者家用运动训练健身器材套装学生锻炼防滚动 【进阶臀腿训练】天空蓝3KG*2只,￥46.90
麦斯卡（Mesuca）库洛米7号PU篮球礼盒装女生礼物送爱人情人节礼物KAA23354-KU,￥168.00
川崎2023新品冰川羽毛球拍 全碳素纤维5U超轻男女专业比赛训练单拍 冰川紫【5U G6】粉色线 成品拍(备注磅数),￥219.00
川崎2023新品冰川羽毛球拍 全碳素纤维5U超轻男女专业比赛训练单拍 冰川紫【5U G6】紫色线 成品拍(备注磅数),￥219.00
MIKASA 米卡萨排球比赛级PU排球中考训练学生 标准5号球成人男女 V300W,￥368.00
悦步TPE瑜伽垫 加厚防滑健身垫女生专用减震静音地垫运动跳操加宽垫子 紫色185*61cm 两件套 6mm,￥27.90
UVEX athletic滑雪镜 德国优维斯进口男女滑雪眼镜超清防雾可卡近视镜 FM 5505202230 哑光黑-绿.S2,￥776.00
艾栢恩包胶哑铃女士塑形初学者家用运动训练健身器材套装学生锻炼防滚动 【进阶臀腿训练】清新绿3KG*2只,￥46.90
川崎羽毛球拍二次方5U新款超轻全碳素纤维高颜值男女款训练单双拍粉色 新款上市【二次方】5U青白 25磅   (入门业余)2条手胶+3球,￥200.00
川崎（KAWASAKI）2023极光7羽毛球拍 1973冰川全碳素纤维超轻男女专业比赛训练拍 冰川-冰川蓝【冰蓝线】 成品拍(备注磅数),￥219.00
艾栢恩包胶哑铃女士塑形初学者家用运动训练健身器材套装学生锻炼防滚动 【儿童/老人推荐】天空蓝1KG*2只,￥19.90
艾栢恩包胶哑铃女士塑形初学者家用运动训练健身器材套装学生锻炼防滚动 【进阶臀腿训练】樱花粉3KG*2只,￥46.90
川崎羽毛球拍二次方5U新款超轻全碳素纤维高颜值男女款训练单双拍粉色 新款上市【二次方】5U黑白 26磅   (民间高手)2条手胶+3球,￥200.00
李宁（LI-NING） 羽毛球拍雷霆双拍男女学生羽拍成人青少年娱乐型训练耐打对拍 白红全碳素单拍+12只球+1只手胶,￥169.00
李宁（LI-NING） 羽毛球拍雷霆双拍男女学生羽拍成人青少年娱乐型训练耐打对拍 紫白+蓝绿对拍+12只球+2只手胶,￥200.00
川崎羽毛球拍二次方5U新款超轻全碳素纤维高颜值男女款训练单双拍粉色 新款上市【二次方】5U粉白 26磅   (民间高手)2条手胶+3球,￥200.00
川崎（KAWASAKI）羽毛球拍青花瓷花颜专业女性全碳素单拍超轻粉色Q5倾城 【全碳素 5U】青花瓷-花颜 粉紫 留言穿线磅数 羽线颜色 默认25磅,￥269.00
川崎（KAWASAKI）2023极光7羽毛球拍 1973冰川全碳素纤维超轻男女专业比赛训练拍 冰川-冰川紫【白色线】 空拍,￥219.00
川崎（KAWASAKI）高颜值羽毛球拍 青花瓷十里桃花繁花似锦美女生超轻全碳素单拍粉 Q7 香槟色高端拍（备注磅数）,￥369.00
川崎（KAWASAKI） 川崎羽毛球拍青花瓷新款七彩祥云全碳素纤维超轻男女生进攻型拍 【对拍】七彩祥云 天霞+天霞 25磅(入门业余)羽球+手胶+拍套,￥606.00
李宁（LI-NING） 羽毛球拍单拍雷霆8娱乐型训练耐打入门拍男女儿童羽拍 雷霆08紫色单拍,￥89.00
李宁护腕手腕扭伤腱鞘女款健身运动男固定羽毛球篮球关节薄款 黑色（0.9mm厚度 轻薄加压护腕） 均码单只/开放式设计 左右手通用,￥21.00
川崎（KAWASAKI）羽毛球拍氢气H2 疾氢主义全碳素纤维6U比赛男女超轻羽毛球拍新色 川崎H2【青碧黛蓝】备注磅数,￥414.00
VICTOR威克多羽毛球拍入门级全碳素单拍女神拍 TK-7 新配色 TK-7/U春日青 4U/成品拍,￥208.00
川崎（KAWASAKI）羽毛球拍2023新款H2疾氢主义超轻6U全碳素进攻型男女比赛训练单拍 H2 疾氢主义 青碧黛蓝 默认25（需其他磅数请留言）,￥449.00
UVEX athletic滑雪镜 德国优维斯进口男女滑雪眼镜超清防雾可卡近视镜 FM5505205230.哑光犀牛灰-银.S2,￥776.00
川崎（KAWASAKI）高颜值羽毛球拍 青花瓷十里桃花繁花似锦美女生超轻全碳素单拍粉 十里桃花礼盒装粉色（备注磅数）,￥299.00
冬季骑行摩托车护膝电动车保暖护腿电瓶车男女骑车护具加厚防风防寒 中款-护膝防寒防风,￥27.30
川崎（KAWASAKI）川崎羽毛球拍青花瓷倾城全碳素超轻女生粉色成人进攻型穿线5u单拍 新款 倾城 御纳户蓝【已拉线】 23磅(女生初学适用),￥298.00
GOSKI 23新款滑雪护腕男女防摔护掌护具轮滑单双板防扭伤内置护腕 力莫黑 M,￥129.00
李宁（LI-NING）篮球女子CBA室内外通用篮球耐磨男子成人儿童篮球lanqiu 6号 LBQK027-1,￥84.90
PROPRO滑雪护甲衣男女成人儿童单双板专业防摔护具户外运动多功能软护甲 黑色 M,￥689.00
川崎（KAWASAKI）高颜值羽毛球拍 青花瓷十里桃花繁花似锦美女生超轻全碳素单拍粉 十里桃花礼盒装紫青（备注磅数）,￥299.00
耐力克斯日本护膝半月板损伤专用韧带女跑步膝盖男关节运动护具髌骨保护套 黑色一对【绑带加固+弹簧支撑】 M号【适合100-120斤】,￥59.00
PROPROpropro单双板滑雪护甲衣护臀护膝一体裤套装男女成人儿童防护装备 黑色 XL码,￥1154.00
Copozz滑雪护臀小乌龟护膝护肘白熊男女单双板护具套装防摔滑雪装备 白熊护臀（成人款）,￥128.00
道禾（DOHOPE）护肩肩周炎颈椎羊绒护肩套保暖睡觉护肩男女士坎肩中老年人防寒 长款加绒黑色 M,￥79.00
川崎（KAWASAKI）羽毛球拍青花瓷花颜专业女性全碳素单拍超轻粉色Q5倾城 【全碳素 5U】青花瓷如梦令 粉紫 留言穿线磅数 羽线颜色 默认25磅,￥269.00
胜利（VICTOR） 羽毛球拍训练级超轻亮剑11 12N BRS-12全碳素男女款单双打易操控 亮剑BRS-12N W铜色4U,￥799.00
薰风（KUMPOO）羽毛球拍520 告白气球 全碳素纤维男女超轻专业训练比赛羽毛球拍 告白气球 樱草色【紫色线】 成品拍(备注磅数),￥224.00
TERROR小黑板滑雪板单板套装女男全能滑雪装备三件套进阶野雪板刻滑板 白色板+快穿固定器 156cm,￥2380.00
川崎（KAWASAKI）高颜值羽毛球拍 青花瓷十里桃花繁花似锦美女生超轻全碳素单拍粉 青花瓷 Q5 粉绿（备注磅数）,￥298.00
川崎（KAWASAKI）羽毛球包双肩单肩背包网球包男女便携手提多功能羽毛球拍包袋 8327D蓝红(三支装),￥59.00
卡拉威（Callaway） 高尔夫球杆女士套杆REVA碳素钛合金初中级全套新款 玫瑰金碳素L：3木5铁1推1包,￥15800.00
卡拉威（Callaway） 高尔夫球杆女士套杆REVA碳素钛合金初中级全套新款 玫瑰红碳素L：3木5铁1推1包,￥15800.00
安踏（ANTA）护膝运动半月板篮球跑步专用保暖髌骨男女羽毛球足球登山膝盖护具 粉色-3 S,￥27.00
威克多VICTOR羽毛球拍TK66/TK7U超轻进攻型拍男女款高磅进阶球拍耐打单拍 6U TK-70U深青(高磅强攻),￥442.00
威克多VICTOR羽毛球拍TK66/TK7U超轻进攻型拍男女款高磅进阶球拍耐打单拍 7U TK-7U粉紫T(高磅突袭),￥600.00
UVEX ultra MIPS滑雪头盔 德国优维斯男女单双板专业IAS调节滑雪盔 哑光黑.59-61cm,￥1950.00
UVEX ultra MIPS滑雪头盔 德国优维斯男女单双板专业IAS调节滑雪盔 【MIPS】哑光烈焰红.55-59cm,￥2330.00
UVEX ultra MIPS滑雪头盔 德国优维斯男女单双板专业IAS调节滑雪盔 哑光白-薄荷绿.55-59cm,￥1950.00
川崎（KAWASAKI）羽毛球拍 十里桃花 全碳素纤维男女5u轻量化进攻羽毛球拍 粉色+紫青色【情侣优选】 25磅(入门业余),￥556.00
川崎（KAWASAKI）羽毛球拍 十里桃花 全碳素纤维男女5u轻量化进攻羽毛球拍 粉色【青色线】6球+2手胶+1挂件 22磅(小朋友适用),￥298.00
川崎（KAWASAKI）羽毛球拍 十里桃花 全碳素纤维男女5u轻量化进攻羽毛球拍 粉色【白色线】6球+2手胶+1挂件 25磅(入门业余),￥298.00
Taylormade泰勒梅高尔夫球杆套杆男女士M4系列初学练习套杆golf组合套杆 女士碳素L：3木6铁1包 不含推杆,￥11000.00
川崎（KAWASAKI）川崎羽毛球拍青花瓷Q5倾城全碳素单拍超轻5U比赛训练女生羽毛球拍 倾城 藕碧莲粉 27磅-羽坛小王子,￥288.00
李宁（LI-NING）羽毛球拍男女情侣全碳素比赛运动训练超轻进攻拍 青色已穿线（手胶+球+拍套）,￥229.00
李宁（LI-NING）羽毛球拍男女情侣全碳素比赛运动训练超轻进攻拍 紫色已穿线（手胶+球+拍套）,￥229.00
李宁（LI-NING）羽毛球拍男女情侣全碳素比赛运动训练超轻进攻拍 粉色已穿线（手胶+球+拍套）,￥229.00
PING高尔夫球杆23新款女士套杆GLE3 新一代钛合金轻量高容错全套球具 左手 GLe3 (4木5铁1推1球包),￥22426.00
PING高尔夫球杆23新款女士套杆GLE3 新一代钛合金轻量高容错全套球具 GLe3 碳素L (4木5铁1推1球包),￥22426.00
PGM  高尔夫球杆 女士初学全套装 高尔夫套杆 钛合金一号木 【碳杆身】L级12支套杆+伸缩球包,￥2799.00
李宁（LI-NING）篮球7号CBA联赛官方成人比赛室内外5号儿童PU材质训练蓝球 6号【女子款】LBQK027-1,￥84.90
川崎（KAWASAKI）川崎羽毛球拍青花瓷倾城全碳素超轻女生粉色成人进攻型穿线5u单拍 新款 倾城 藕碧莲粉【已拉线】 23磅(女生初学适用),￥298.00
PGM 高尔夫球杆沙杆 男女士挖起杆/切杆/S杆/沙坑杆短铁杆 女款 56度,￥98.00
ATOMIC ATOMIC阿托米克滑雪眼镜新品男女柱面镜雪场滑雪护目镜SAVOR系列 黑色 AN5106502,￥898.00
ATOMIC ATOMIC阿托米克滑雪眼镜新品男女柱面镜雪场滑雪护目镜SAVOR系列 白色 AN5106504,￥898.00
"爱心东东	
狮奥利兴雪镜登山滑雪护目镜男女专业滑防雾眼镜成人儿童通用防风镜单双板 升版-白框+透明（防雾）加袋子2",￥41.00
"爱心东东	
狮奥利兴雪镜登山滑雪护目镜男女专业滑防雾眼镜成人儿童通用防风镜单双板 升版黑框+夜视（防雾）加袋子晟O",￥41.00
"爱心东东	
狮奥利兴雪镜登山滑雪护目镜男女专业滑防雾眼镜成人儿童通用防风镜单双板 升版黑框+灰片（防雾）加袋子晟5",￥41.00
"爱心东东	
狮奥利兴雪镜登山滑雪护目镜男女专业滑防雾眼镜成人儿童通用防风镜单双板 升版黑框+透明（防雾）加袋子晟T",￥41.00
"爱心东东	
狮奥利兴雪镜登山滑雪护目镜男女专业滑防雾眼镜成人儿童通用防风镜单双板 黄框炫彩+袋子（防雾款晟罔",￥41.00
"爱心东东	
狮奥利兴雪镜登山滑雪护目镜男女专业滑防雾眼镜成人儿童通用防风镜单双板 普通款-黑框+夜视（加袋子)晟罔",￥26.00
安踏（ANTA）【王一博同款】LUCKY YOU滑板男女同款编织衫休闲172348703S 星运绿/纸莎白-3 S,￥449.00
狮奥利兴专业滑雪运动护具护膝防摔护臀裤成人儿童女男滑板轮滑屁股垫装备 奶油紫7件套（护臀+护具） S号（适合体重25-60斤）,￥231.00
李宁（LI-NING）羽毛球拍男女锋影800NEW碳纤维速度型攻防一体中高端 4U 锋影800NEW 绿色4U/穿线联系客服,￥1344.00
Pauline Pesery滑雪镜护目镜眼镜男女成人柱面滑雪镜双层防雾防风护目镜可卡近视 227白框玫红片（成人） 买一送,￥111.00
JIEZHUANG护膝保暖加长纯羊毛皮毛一体护腿关节膝盖加厚腿套防滑男女抗寒 黑色60厘米长(一面羊毛) M码适合80105斤用,￥132.50
耐克（NIKE）男女篮球 2023秋季新款运动篮球7号球室内室外比赛训练用球七号球 DN3635-129 7,￥179.00
李宁（LI-NING）羽毛球拍男女 2023新款突袭 7 白黑高弹性碳纤维运动比赛球拍 AYPQ022-5/穿线联系客服 MISC,￥1032.00
耐克（NIKE）护具男女款 2023新款新款护膝健身户外运动跑步半月板关节护具 DA7068-010 XL,￥169.00
京顿羽毛球拍kitty凯蒂猫铝碳素纤维一体轻ins风女学生 凯蒂猫铝碳一体单支装,￥97.90
,
红双喜（DHS）篮球 7号标准6号女子5号青少年用蓝球PU比赛训练用球室内室外中考彩色附气筒球包气针 FB1116 篮球一只+球包气筒气针(6号）,￥89.00
安德玛（Under Armour）官网男女篮球 2023秋季新款场上比赛球训练球弹力篮球运动7号球 7号      23620103-980 7,￥169.00
李宁（LI-NING）羽毛球单拍  男女全碳素耐用羽拍入门拍控球稳 HC1000-黑色-AYPQ138-1 MISC,￥270.00
安德玛（Under Armour）官网男女篮球 23秋季新款运动7号弹力室内外比赛训练专用球篮球 21620102-901 7,￥159.00
铭汇通粉色羽毛球拍30磅hellokitty羽毛球拍女生全碳素纤维超轻拍成人儿 24磅数（所有人通用） 一支kitty猫拉链包袋,￥677.00
安踏（ANTA）【王一博同款】LUCKY YOU滑板男女同款编织衫休闲172348703S 基础黑/星运绿-2 S,￥449.00
斯伯丁（SPALDING）篮球男女 新款篮球小子系列白蓝色日常训练耐磨标准7号球 77-746Y 7,￥205.00
安德玛（Under Armour）官网男女篮球 2023秋季新款运动室内户外比赛训练弹力专用7号篮球 7号  21620108-960 7,￥149.00
HEAD海德23年新款L6 Prestige 西里奇御用男女专业网球拍全碳素 236123新款 MP 310g,￥1904.00
HEAD海德23年新款L6 Prestige 西里奇御用男女专业网球拍全碳素 236133新款MP L 300g,￥1904.00
狮奥利兴滑雪护具全套内穿臀膝套装具单板滑冰防摔屁股垫成人男女装备晟罔 【轻便款】黑灰护臀 Ｓ,￥276.00
JIEZHUANG中考初中生正规6号7号小学生高颜值篮球女生专用运动防滑耐磨 7号   水墨黑() 含球针网兜,￥68.90
天颛儿童雪圈冬季滑雪圈双人加厚耐磨滑雪轮胎雪圈批发雪地滑雪圈轮胎 70cm -单内胎 -女,￥155.00
"爱心东东	
狮奥利兴护肩高领羽绒坎肩2023冬季日本款式纯色男女通用防寒睡 灰色 羽绒均码",￥123.00
GUBPMTSHIM羽毛球包手提2023新款羽毛球包2支装大容量女款运动干湿分离 粉色,￥149.00
GUBPMTSHIM羽毛球包手提2023新款羽毛球包2支装大容量女款运动干湿分离 绿色,￥149.00
安德玛（Under Armour）官网男女篮球 2023秋季新款运动7号球户外训练专用球体育课篮球 7号 21620106-900 7,￥159.00
adidas阿迪达斯瑜伽垫双面防滑纹理瑜伽男女专业健身训练垫子减震运动垫 ADYG-10010PB瑜伽垫7mm,￥110.00
adidas阿迪达斯瑜伽垫双面防滑纹理瑜伽男女专业健身训练垫子减震运动垫 ADYG-10010SV瑜伽垫7mm,￥110.00
安德玛（Under Armour）官网男女篮球 23秋季新款运动球室内户外比赛训练弹力专用7号篮球 7号 21620108-960 7,￥149.00
斯伯丁SPALDING青少年女子6号橡胶WCBA篮球84-446Y粉色,￥76.00
摩腾（MOLTEN）篮球EZ7X水泥地室内室外成人耐磨防滑比赛训练儿童学生蓝球魔腾 6号 【女子】EZ6X,￥79.00
李宁髌骨带护膝运动男女跑步膑骨护膝盖护具半月板跳绳羽毛球篮球,￥139.00
,
阿罗科台球杆碳纤维小头中头大头通杆男女士球杆中式英式斯诺克黑八球杆 八仓JD物流【中头11.5mm】杆桶,￥351.45
TERROR 滑雪头盔男女运动安全护具单双板户外装备保暖防撞雪盔 C4黑色 L(58-61cm),￥240.00
李宁护膝保暖运动跑步篮球羽毛球膝盖男女防老寒腿登山半月板足球护腿,￥53.00
李宁足球5号儿童小学生球成人男女4号比赛训练中考五号足球zuqiu 5号 【白金】LFQK671-1,￥65.00
PROPRO内穿式滑雪护甲衣男女单板双板滑雪防摔护具柔软舒适滑雪装备L,￥689.00
华亚（HUAYA） 哑铃男士杠铃套装可调节环保包胶手铃亚玲家用运动锻炼健身器材 20公斤（左右各10kg）+连接杆,￥88.00
"爱心东东	
羽豪网球回弹训练器带绳单人网球带线回弹训练器带拍网球拍男女成人 蓝色【成人】球拍+底座+高弹网球",￥65.90
Ma fitness拉力绳弹力绳健身男拉力带弹力带练臂力练胸肌多功能综合健身器材 乳胶弹力绳专业12件套（100磅）,￥55.60
华峻宇 呼啦圈收肚子女成人款8节可拆卸呼加重呼啦圈健身器材运动家用 升级泡棉【自由调节大小】,￥29.80
美津浓（MIZUNO） 美津浓 运动护肩 保暖男女防脱臼护肩套羽毛球篮球可调节护肩带 标准型护肩带（左右肩通用） 2XL(肩宽116-128cm重130-160斤),￥59.00
美津浓（MIZUNO） 运动护膝保暖发热跑步护具髌骨带半月板男女防损伤篮球护腿装备 黑色【EVA垫片+四弹簧+防滑】 均码（两只装）膝围31-43CM,￥189.00
美津浓（MIZUNO）护踝运动男女透气护脚踝扭伤恢复护具篮球护脚腕保暖关节足球崴脚 曜夜黑 加压透气 （右脚单只装） L码(踝围21-23cm),￥24.00
LAC 摩托车护膝冬季电动车保暖骑行骑车防寒挡风护腿膝盖女男防风 升级版反光条,￥25.90
"爱心东东	
羽豪网球回弹训练器带绳单人网球带线回弹训练器带拍网球拍男女成人  红色【成人旗舰款】豪华套装",￥98.00
美津浓（MIZUNO） 美津浓 护踝运动男女透气护脚踝运动扭伤伤后恢复护具篮球护脚腕保暖关节足球崴脚 曜夜黑 弹力加压（单只装） L码(踝围21-23cm),￥24.90
施耐德平衡垫健腹轮跪垫加厚健身垫男女腹肌轮平板支撑卧推垫 健腹轮跪垫】50*40*6cm大号-蓝色,￥75.00
施耐德平衡垫健腹轮跪垫加厚健身垫男女腹肌轮平板支撑卧推垫 健腹轮跪垫】50*40*6cm大号-灰色,￥79.00
杜威克硅胶握力圈 男女练手力握力球老年手指训练复力量训练健身器球 3D分指握力球,￥25.80
美津浓（MIZUNO） 护踝男女透气篮球足球跑步运动防护脚踝扭伤固定保暖护具 黑色 L码(踝围21-23cm)两只装,￥39.00
美津浓（MIZUNO） 运动护膝保暖跑步篮球足球羽毛球男女半月板损伤登山护具装备 银黑色绑带加压-2只 L码(膝围36-40cm/适合95-135斤 ),￥169.00
施耐德甩脂机抖动律动机垂直震动抖抖机家用健身器材懒人运动塑形男女 绅士灰【垂直振动】,￥799.00
美津浓（MIZUNO） 运动护膝保暖发热跑步护具髌骨带半月板男女防损伤篮球护腿装备 灰色【EVA垫片+四弹簧+防滑】 均码（两只装）膝围31-43CM,￥189.00
美津浓（MIZUNO） 护踝男女透气篮球足球跑步运动防护脚踝扭伤固定保暖护具 白色 L码(踝围21-23cm)两只装,￥39.00
斯伯丁（SPALDING）篮球室内外耐磨7号比赛专用粉色女学生男生日礼物训练用PU蓝球 浪漫樱花粉礼盒装篮球,￥121.00
耐力克斯羊绒护腕脚腕脚踝保护套脚脖保暖关节女护踝护裸加厚护袜套防寒 护踝驼色升级【羊绒款】 均码一对装【适合36-42码】,￥53.60
VICTOR威克多羽毛球拍女神款单拍 全碳素初学入门进攻型TK-7经典球拍 TK-7 A-4U(米白色)已穿线,￥208.00
美津浓（MIZUNO） 运动护膝保暖跑步篮球足球羽毛球男女半月板损伤登山护具装备 灰蓝色绑带加压-1只 XL码(膝围41-46cm/适合135-180 ),￥89.00
美津浓（MIZUNO） 美津浓 护踝运动男女透气护脚踝运动扭伤伤后恢复护具篮球护脚腕保暖关节足球崴脚 蓝黑色 弹力加压（单只装） L码(踝围21-23cm),￥24.90
MF壶铃女士健身家用软体壶铃5kg提壶哑铃专业练臀翘臀力量训练器材 软壶铃5KG（约11磅）-紫色,￥49.40
【国际品牌】护膝男运动篮球跑步保暖护膝盖男女半月板损伤透气防撞护具装备髌骨带 黑色 顶配版（两只装）【EVA垫片+四弹簧+防滑】 均码(膝围31-43...,￥199.00
【国际品牌】护膝男运动篮球跑步保暖护膝盖男女半月板损伤透气防撞护具装备髌骨带 灰色 顶配版（两只装）【EVA垫片+四弹簧+防滑】 均码(膝围31-43...,￥199.00
劳拉之星（LARASTAR）LS0702自律兔猫爪助力带护掌女硬拉牛皮手套健身壶铃防滑护腕 【助力带+护腕】含收纳包 均码,￥118.00
劳拉之星（LARASTAR）LS0702自律兔猫爪助力带护掌女硬拉牛皮手套健身壶铃防滑护腕 【助力带+虐臀圈+毛巾】含收纳包 均码,￥149.00
美津浓（MIZUNO） 美津浓 运动护肩 保暖男女防脱臼护肩套羽毛球篮球可调节护肩带 条纹设计(双向绑带+两重加压) XL(肩宽106-116cm体重110-130斤),￥69.00
美津浓（MIZUNO） 护腕 男女运动健身篮球护手腕吸汗加长保暖训练扭伤防护手装备网球羽毛球护具 深蓝色 均码 两只装,￥44.90
劳拉之星0816 牛皮健身腰带举重硬拉护腰带男女运动护具训练深蹲腰带 黑色 / 四层牛皮 钢制速扣 M(适合腰围80~90cm)全长100cm,￥399.00
美津浓（MIZUNO） 护腕 男女运动健身篮球护手腕吸汗加长保暖训练扭伤防护手装备网球羽毛球护具 幻影黑 均码 两只装,￥44.90
劳拉之星0816 牛皮健身腰带举重硬拉护腰带男女运动护具训练深蹲腰带 湖蓝 / 四层牛皮 钢制速扣 M(适合腰围80~90cm)全长100cm,￥399.00
美津浓（MIZUNO）运动护臂男女冰袖袖套冰丝防紫外线透气吸汗薄款骑车户外防晒护臂套袖 浅蓝色（一对装）直筒款,￥39.00
TERROR 滑雪头盔雪盔男女单板安全滑雪盔装备护具专业帽透气防撞 C3克朗-灰色 L,￥240.00
Fairtex 菲泰真皮拳套拳击手套训练健身 BGV16泰国原装进口拳套搏击散打拳套男女成人打沙包 橙色 8oz,￥518.00
威克多（VICTOR） 胜利羽毛球拍全碳素纳米7升级版单拍小鬼斩轻量高磅单拍 TK-66Y淡粉66g（女神拍）,￥517.00
美津浓（MIZUNO） 护踝男女透气篮球足球跑步运动防护脚踝扭伤固定保暖护具 粉色 L码(踝围21-23cm)两只装,￥39.00
美津浓（MIZUNO）运动护臂男女冰袖袖套冰丝防紫外线透气吸汗薄款骑车户外防晒护臂套袖 黑红色（一对装）,￥49.00
劳拉之星1111深蹲护颈垫子保护套臀桥杠铃护肩垫健身男力量举重女杆套 红 【加厚泡棉 含绑带】 25*T35*450mm,￥35.00
劳拉之星 0819健身腰带深蹲硬拉护腰带力量举男举重束腰训练运动护具女 黑色 M码 / 腰围2.2-3.1尺,￥59.00
逆山 九梦专业长板滑板舞板dc平花代步刷街兔兔男女生通用儿童成人 祥龙 整板组装好,￥730.00
劳拉之星（LARASTAR）LS0702自律兔猫爪助力带护掌女硬拉牛皮手套健身壶铃防滑护腕 护腕  宽度5CM【含收纳包】 均码,￥59.00
美津浓（MIZUNO） 护腕 男女运动健身篮球护手腕吸汗加长保暖训练扭伤防护手装备网球羽毛球护具 烈焰红 均码 一只装,￥24.90
美津浓（MIZUNO） 护肘 运动男女篮球跑步保暖手臂肘关节防护高弹健身护具 黑色（单只装） XL码(适合26-33cm臂围),￥29.00
美津浓（MIZUNO） 护肘 运动男女篮球跑步保暖手臂肘关节防护高弹健身护具 灰黑色 （单只装） M码(适合16-23cm臂围),￥29.00
劳拉之星0816牛皮健身腰带 举重硬拉护腰带 男女运动护具训练深蹲腰带 湖蓝 / 四层牛皮 钢制速扣 S（适合腰围70~80cm）全长90cm,￥399.00
劳拉之星0816牛皮健身腰带 举重硬拉护腰带 男女运动护具训练深蹲腰带 棕色 / 四层牛皮 钢制速扣 S（适合腰围70~80cm）全长90cm,￥399.00
美津浓（MIZUNO） 美津浓 护踝运动男女透气护脚踝运动扭伤伤后恢复护具篮球护脚腕保暖关节足球崴脚 红黑色 弹力加压（单只装） XL码(踝围23-25cm),￥24.90
劳拉之星（LARASTAR）LS0702自律兔猫爪助力带护掌女硬拉牛皮手套健身壶铃防滑护腕 【护腕+虐臀圈+毛巾】含收纳包 均码,￥98.00
美津浓（MIZUNO）运动护臂男女冰袖袖套冰丝防紫外线透气吸汗薄款骑车户外防晒护臂套袖 粉色（一对装）直筒款,￥39.00
TERROR 滑雪头盔雪盔男女单板安全滑雪盔装备护具专业帽透气防撞 C3克朗-黑色 L,￥240.00
MU SPORTS高尔夫新款配件时尚便携简约男女士防护防尘运动蜘蛛型golf杆头套 米白703J6531IVO,￥296.00
MU SPORTS高尔夫新款配件时尚便携简约男女士防护防尘运动蜘蛛型golf杆头套 黑703J6531BLK,￥296.00
MU SPORTS高尔夫新款配件时尚便携简约男女士防护防尘运动蜘蛛型golf杆头套 红703J6531RED,￥296.00
尚学季干湿分离羽毛球包女双肩防水网球拍背男可装支韩版版 249白蓝色,￥284.00
"京东国际	
铠武者长短滑雪护臀裤防摔凯夫拉男女同款轻量化护具 2223凯夫拉护甲黑 XXS",￥3039.05
"京东国际	
铠武者长短滑雪护臀裤防摔凯夫拉男女同款轻量化护具 2223加强护膝黑 现货 M",￥841.70
"京东国际	
铠武者长短滑雪护臀裤防摔凯夫拉男女同款轻量化护具 2223凯夫拉滑雪短护臀 现货 XXS",￥1653.95
高尔夫球杆RBZ/kalea/REVA男女士全套碳素初中级左手套杆 KALEA女士樱花,￥4988.00
广羽（GuANG yu）羽毛球拍超轻碳素纤维女球拍儿童耐打用单双拍套装 L LA642两只装一体全碳素_+豪,￥574.00
,
"京东国际	
POC【新品】瑞典 男女滑雪运动护肘VPD2.0防护护具骑行护肘20393 黑色M26-30 M",￥1700.00
"京东国际	
POC【新品】瑞典 男女滑雪运动护肘VPD2.0防护护具骑行护肘20393 黑色L31-35 L",￥1700.00
"京东国际	
POC【新品】瑞典 男女滑雪运动护肘VPD2.0防护护具骑行护肘20393 黑色XL36-40 XL",￥1700.00
狮奥利兴滑雪头盔雪镜一体式专业男女硬盔单板双板具安全帽滑雪具装备晟罔 哑光黑（专业款） 1,￥276.00
GUBPMTSHIM冷感运动毛巾吸汗健身房冰凉巾男女跑步擦汗巾手腕羽毛球速干毛巾 小号灰色收纳套冷感方巾40x40cm,￥38.00
节极欢高尔夫球杆套杆头套男女士通用款推杆切杆角度杆沙杆套磁铁闭合 白/黑色 52度磁铁闭合,￥30.00
"京东国际	
BURTON伯顿22-23雪季男女滑雪包 SPACE 收纳包便携234811 23481100001 181",￥3074.00
"京东国际	
始祖鸟（ARC’TERYX） EMBROIDERED BIRD  透气 男女同款 滑雪绒线帽 BLACK_黑色 均码",￥846.00
纤韵瑶篮球男篮世界杯 威立德7号蓝球比赛6号男女学生耐磨软皮手感训练 【红白紫色】6号球 赠打气筒+气针网兜+球袋,￥91.14
纤韵瑶篮球男篮世界杯 威立德7号蓝球比赛6号男女学生耐磨软皮手感训练 【红白蓝色】7号球 赠打气筒+气针网兜+球袋,￥85.56
"京东国际	
POC瑞典 新款男女滑雪竞技比赛护甲护背 VPD2.0高性能防护20323 竞技护背 L",￥4250.00
"京东国际	
POC瑞典 新款男女滑雪竞技比赛护甲护背 VPD2.0高性能防护20323 VPD2.0护甲 M",￥3910.00
橙央篮球女生专用凯蒂猫3号5号儿童蓝球皮球幼儿园粉色女生专用篮球4 3号K七彩粉气筒,￥83.94
橙央篮球女生专用凯蒂猫3号5号儿童蓝球皮球幼儿园粉色女生专用篮球4 3号K花猫粉气筒,￥83.94
橙央篮球女生专用凯蒂猫3号5号儿童蓝球皮球幼儿园粉色女生专用篮球4 4号K七彩粉气筒,￥118.44
橙央篮球女生专用凯蒂猫3号5号儿童蓝球皮球幼儿园粉色女生专用篮球4 5号K花猫蓝气筒,￥118.44
倍炫 滑雪护甲护具套装防摔衣内穿甲衣滑冰刀防护臀裤垫装备全套女 黑色护甲衣 L(建议体重100-130斤),￥169.00
"京东国际	
迪卡侬（DECATHLON）运动毛巾吸汗巾健身房速干擦汗跑步男女便携篮球手腕巾END4 几何藏青",￥68.53
茶太五龙拳击手套拳套成人男散打搏击女泰拳青少年拳击训练器材 磨砂蓝 10oz,￥240.00
木兰旅2KG中考专用体育考试2公斤训练器材软式铅球男女小学生1KG 中考专用1KG橙色款无礼品 实心球,￥34.82
,
ATOMIC ATOMIC阿托米克成人男女滑雪头盔滑雪帽防护保护头盔SAVOR系列 白色SAVOR AN5005692 S,￥898.00
诺兰森迪 旅行洗漱包游泳包干湿分离沙滩包 男女化妆包洗漱用品收纳包袋N560 大号,￥49.00
铂芬旅行包收纳袋加厚行李包待产包运动男女士衣服手提折叠344 紫色,￥39.90
铂芬旅行包收纳袋加厚行李包待产包运动男女士衣服手提折叠344紫红,￥39.90
富光塑料杯随手杯大容量男女便携式时尚太空杯学生水杯运动带盖水杯子,￥29.90
安德玛（Under Armour）篮球袜子 运动袜男女 跑步羽毛球防臭袜中筒棉袜 白色L码三双装,￥99.00
亚瑟士网球鞋GEL-DEDICATE 耐磨防滑男女款运动鞋 1041A223-004 41.5,￥315.10
特百惠（Tupperware）乐C塑料杯 男女学生夏季运动水杯子带吸管户外便携 蜜桃橙550ML,￥125.00
川崎KAWASAKI羽毛球鞋防扭耐磨纽扣鞋带飞织套袜男女同款运动训练鞋穿越42,￥347.00
浪莎（LangSha）外套男士夹克防风防水三合一休闲连帽户外春秋运动男女装冲锋衣,￥89.00
YONEX尤尼克斯羽毛球鞋yy女款训练透气缓震SHB101CR 粉红蓝 37,￥258.00
麦斯卡（Mesuca）篮球儿童5号发泡橡胶玩具球幼儿园小学生篮球女孩礼物 HAA20201,￥52.00
洲克ZOKE女士泳衣专业训练连体遮肚运动游泳衣女122601124 深兰/淡紫兰L,￥189.00
膳魔师保温杯儿童出行运动直饮杯成人学生水杯男女小黄鸭3岁500ml淡绿,￥288.00
苏泊尔不锈钢吸管男女成人便携保温茶水咖啡杯子450mL羊皮纸色KC45KF10,￥99.00
李宁（LI-NING）自行车头盔骑行公路车山地车装备单车配件带磁吸风镜安全帽子男女,￥199.00
特百惠（Tupperware）乐趣塑料杯 男女学生夏季运动水杯子高颜值户外便携 活力粉550ML,￥105.00
维动（VEIDOORN）淬炼系列实战篮球袜子毛巾底运动精英男女高筒长筒加厚篮球袜 淬炼绿【单双装】,￥13.80
耐克（NIKE） 男袜女袜 2023新款三双装跑步训练运动袜透气休闲中筒袜子 SX7677-010/三双装 L/26-28厘米/42-46码,￥69.00
准者长款羽绒服男女2023冬季厚保暖防寒防风体育生连帽美式外套大衣 纯正黑 XL/180,￥499.00
范德安（BALNEAIRE）连体裙式泳衣 运动防晒抗氯遮肚显瘦塑身时尚高腰泳装女 61486,￥425.00
维动（VEIDOORN）实战专业篮球袜子毛巾底低帮运动精英男女中筒跑步袜加厚 一对装【白蓝款】透气舒适加压,￥10.90
维多利亚旅行者三双装篮球袜男女专业球袜冬季运动袜加厚精英袜中筒跑步袜子,￥36.90
维动（VEIDOORN） 实战篮球袜子毛巾底运动精英男女中筒高帮长筒加厚撒野篮球袜 颜色自选备注【三双装】,￥36.80
海尔斯（HEALTH） 钉鞋田径中短跑跑鞋男女学生专业比赛运动田径钉子鞋181S 181s白渐蓝 42,￥189.00
维动（VEIDOORN）篮球袜吸汗防滑毛巾底运动袜男女长袜透气防磨加压款蓝绿色一双装,￥16.00
,
富光塑料杯创意随手杯子 男女太空杯夏季运动便携式学生水杯带盖茶杯,￥23.90
准者（RIGORER） 竞技-追影篮球袜袜子专业运动男女防滑毛巾底CUBA同款加厚精英袜 白色【08-1长款单双】 均码（38-45）,￥12.90
洛克兄弟（ROCKBROS） 洛克兄弟秋冬季骑行服套装男女款抓绒保暖长袖长裤户外单车运动服 昆仑套装-黑红（升级款 防风抓绒保暖） XL,￥328.00
WELLCLS 山地车自行车成人男变速越野单车双减震碟刹赛车学生青少年女 尊享版-黑白色【辐条轮】 26寸21速,￥252.00
YONEX尤尼克斯羽毛球包yy男女款休闲运动背包双肩包多功能大容量双肩包 249CR 白蓝,￥338.00
维动（VEIDOORN）实战篮球袜子毛巾底高帮运动精英男女长筒透气薄款耐磨 一双装【粉色-蝉翼实战款】舒适透气 均码,￥16.80
YONEX尤尼克斯儿童羽毛球鞋男女小学生训练防滑减震舒适运动鞋SHB210JR 210JR白/水粉色 36码=220mm(童鞋）,￥215.00
"爱心东东	
李宁（LI-NING） 新款羽毛球包手提双肩背包大容量男女多功能羽毛球包运动网球包 黑金视频款ABJR076-3六支装鞋仓",￥319.00
YONEX尤尼克斯羽毛球鞋减震动力垫舒适耐久全面型训练男女款SHB65X3EX,￥585.00
361°女鞋运动鞋子女2023冬季新款轻便减震跑步鞋皮面防水休闲鞋老爹鞋 曜石黑/银白色 37码,￥169.00
"线下同款	
安踏健步鞋运动鞋女秋冬季新款有氧健身训练缓震保暖跑步跳绳羽毛球鞋 【皮面保暖】藕灰-6 6.5(女37.5)",￥209.00
KAPPA卡帕男女鞋老爹鞋女2023秋季新款鞋子女百搭休闲鞋轻便软底运动鞋 韩国白/鲨鱼灰 37,￥359.00
美津浓（MIZUNO）泳衣女士连体裙摆速干防晒大码温泉泳装保守显瘦游泳衣A1322紫XL,￥249.00
李宁（LI-NING） 羽毛球鞋男女防滑减震专业比赛运动鞋贴地飞行乒乓球鞋网球鞋 标准白/浅松绿(宽楦) 43,￥319.00
匹克保暖骑行皮手套男女滑雪户外冬天防寒加绒厚触屏 YH23421黑色,￥39.90
"线下同款	
安踏男鞋跑步鞋男2023秋季新软底轻便皮面防水运动鞋慢跑鞋子休闲鞋男 （皮面）黑 41码(美码8)",￥159.00
宜肤防晒泳衣女保守显瘦女士学生运动游泳衣女款3件套平角大码专业温泉泳装 黑灰色 2XL,￥139.00
海尔斯（HEALTH）钉鞋田径碳速CP1全掌碳板男女学生专业短跑比赛冲刺田径钉子鞋 彩虹色 42,￥399.00
kawasaki川崎羽毛球服套装夏运动速干短袖T恤训练服K2901 女款荧光红 L,￥179.00
洛克兄弟摩托车头套保暖骑行头套电动车冬季保暖防寒男女面罩围脖护脸防风帽子 黑色,￥35.00
李宁（lining）袜子男女运动袜中筒棉加厚吸汗透气防臭四季跑步篮球袜 白色三双装199-3,￥31.00
阿迪达斯 （adidas）羽毛球包运动双肩包男女通用休闲学生书包健身便携2支装BGAA0055,￥159.00
维动（VEIDOORN） 实战撒野篮球袜子毛巾底高筒运动精英男女中筒高帮长筒加厚防滑 蓝粉【一双装】,￥13.90
洛克兄弟（ROCKBROS） 骑行头盔山地公路自行车头盔男女带风镜一体成型炫彩安全帽 钛色 （58-62cm 灰色镜片）,￥118.00
洛克兄弟（ROCKBROS）骑行短指手套半指健身手套男女自行车户外透气运动春夏季 黑色(SBR+天鹅绒掌垫) L,￥48.00
安踏儿童运动鞋男童鞋中大童革面跑鞋防水保暖休闲鞋男女学生校园跑鞋 【女童】黑/婴儿粉/安踏白-2 36/23cm,￥129.00
美津浓（MIZUNO）游泳包干湿分离运动健身包男女手提收纳包大容量旅行户外装备 黑色手提包,￥159.00
李宁羽毛球鞋变色龙6男女情侣款比赛训练耐磨减震高弹防滑运动鞋男女 变色龙6代lite 39.5,￥252.00
膳魔师保温杯儿童膳魔师出行运动吸管直饮杯男女水杯305ml奶咖礼盒,￥258.00
四万公里 游泳包干湿分离健身包女运动包男沙滩包防水包洗漱包 SW7332,￥39.00
海尔斯（HEALTH） 钉鞋田径中短跑跑鞋男女学生专业比赛运动田径钉子鞋181S 181s黄渐紫 42,￥189.00
酷峰（kufun）新款韩版滑雪服男女加厚保暖防水单双板装备分体滑雪衣裤情侣雪衣 奶粉粉套餐B（联系客服备注） XS,￥2498.00
YONEX尤尼克斯羽毛球鞋轻量型动力垫比赛训练男女SHBAX2EX蓝灰43码,￥594.00
希乐保温杯女高颜值便携咖啡杯大容量学生简约杯316不锈钢水杯黑400ml,￥69.00
"线下同款	
安踏绵绵弹2.0丨女鞋运动鞋秋冬季跳绳鞋女软底缓震防滑跑步鞋子女 燕麦白-3 7(女38)",￥319.00
匹克男鞋态极科技大三角篮球鞋情侣款球鞋缓震耐磨专业实战运动鞋女鞋 珍珠(ET24977A) 40,￥409.00
安踏板鞋女运动鞋秋季耐磨透气小白鞋女轻便学生百搭休闲板鞋女 象牙白/氧气蓝8009-4 6/36.5,￥139.00
舒漫泳衣女士分体平角保守遮肚显瘦宽松大码韩国学生运动温泉度假泳装 桔色 L,￥129.00
YONEX尤尼克斯羽毛球鞋yy男女款网羽鞋动力垫碳板缓震Ts2ex 黑黄 40,￥538.00
美津浓（MIZUNO）泳衣女士连体平角裤泳装速干显瘦防走光大码温泉游泳衣A1313黑L,￥209.00
悦步假两件瑜伽服裤裙女运动长裤防走光秋冬加绒跑步健身裤羽毛球服 【假两件】钛灰色瑜伽裤 M[建议95-105斤],￥108.00
维动（VEIDOORN） 实战篮球袜子毛巾底运动精英男女中筒高帮长筒加厚撒野篮球袜 紫蓝【一双装】,￥13.80
必迈2023男女新款运动冰薄修身长裤轻薄速干运动裤跑步训练裤 冬夜黑【男】 L,￥129.00
MIZUNO 美津浓乒乓球鞋8代男款女排汗专业防滑减震运动鞋WAVE DRIVE 8 81GA170514_白绿色 樊振东同款 38_240mm,￥638.00
必迈（bmai）跑步运动休闲短筒袜子男女通用简约舒适耐磨百搭透气白色袜 冰雪白 L（42-44）,￥29.00
安踏王一博同款奥特莱斯雪饼鞋运动鞋男鞋情侣男女同款低帮休闲鞋 【新雪饼鞋】城堡灰/洲灰/白-2 42码(8.5),￥164.00
HONMA  运动外套 男休闲外套 65周年樱の舞运动樱花 男女时尚夹克 外套 浅粉色 S,￥1097.00
李宁（LI-NING）加绒保暖卫衣女子23秋冬新款印花宽松圆领套头运动上衣AWDTE46 【加绒】米白色-1 S,￥148.00
必迈必迈2023秋冬新品跑步魔方竞训保暖长袖加绒运动上衣半拉链卫衣 浅云白【女】 L,￥199.00
DFIFANTritan大容量运动水壶健身水杯男女户外旅行水瓶夏季耐高温塑料杯 1500ML灰色（幻影款）,￥69.00
鹰图（OUTDOOR INOXTO）现货越野跑步运动超轻户外徒步水袋包防水骑行包12L双肩男女背包 白色（仅背包）,￥139.00
HONMA运动高尔夫配件女子帽子正反可戴遮阳格纹渔夫帽 黑色 均码,￥209.00
必迈新品男女跑步圆顶帽透气遮阳防晒帽子加宽帽檐运动时尚百搭 冰雪白,￥69.00
YONEX尤尼克斯羽毛球鞋超轻四代女款运动鞋SHBAXEX 粉色 36,￥633.00
安踏（ANTA）防泼水运动羽绒服女子炽热科技连帽保暖商城同款羽绒外套加厚棉袄 基础黑962347901-4 XL/女175,￥549.00
乐扣乐扣（LOCK&LOCK）彩蛋杯 吸管运动水杯Tritan便携大容量男女塑料杯子760ML 蓝色,￥79.00
李宁（LI-NING） 羽毛球鞋男女防滑减震专业比赛运动鞋贴地飞行乒乓球鞋网球鞋 标准白(宽楦) 41,￥319.00
卡特兔秋冬新款运动鞋透气防滑耐磨跑步鞋男女童足球鞋白鞋X3CF011 白蓝红 内长15.5cm 25码 适合脚长14.5cm,￥339.90
"线下同款	
安踏男鞋跑步鞋男2023秋季新软底轻便皮面防水运动鞋慢跑鞋子休闲鞋男 （皮面）黑 42.5码(美码9)",￥159.00
YONEX尤尼克斯羽毛球鞋男女款减震动力垫运动鞋SHB39 白红 40,￥358.00
川崎（KAWASAKI）羽毛球鞋川崎穿越2.0超轻男女款透气防滑减震耐磨专业比赛运动鞋 穿越2.0 海豚蓝 41码,￥429.00
MIZUNO美津浓男女透气排球鞋减震回弹专项运动鞋专业比赛排球鞋运动鞋 V1GA211248白色/蓝色 40=255mm,￥730.00
刺桐先生四季款专业排球鞋男女情侣款儿童网面防滑耐磨透气比赛运动训练鞋 1928白兰 42,￥179.00
李宁（LI-NING）CF溯溯元玩家丨卫衣男女同款2023新款套头连帽运动上衣 【加绒】黑色-1 M,￥238.00
匹克态极2.0光轮运动鞋 太极新品秋季跑步鞋 轻便休闲鞋情侣鞋跑鞋 大白/湖人紫(男款) 42,￥209.00
川崎（KAWASAKI）川崎春季新款专业羽毛球服运动T恤 男女款排汗速干透气休闲衫 男款V领短袖T恤 A1942-1 木精蓝 XL,￥129.00
特步特步羽绒马甲女装2023年冬季新款女子保暖立领外套背心休闲上衣 正黑色 L,￥339.00
onepolar极地户外旅行包迷你双肩包女登山包男运动轻便情侣小背包18L 黑色,￥209.00
李宁（lining）袜子男女运动袜中筒棉加厚吸汗透气防臭四季跑步篮球袜 白色三双装283-2,￥31.00
李宁（LI-NING）羽毛球包男女6支装独立鞋仓大容量球拍包双肩包  ABJS023 黑色,￥278.00
牧高笛（MOBIGARDEN）帽子 户外休闲运动保暖针织帽男女通用加厚弹力休闲帽 霞光橙,￥39.00
威克多（VICTOR）羽毛球包航海王胜利大容量矩形包维克多手提运动包男女款 BR3641 BR3641 HK浅灰/深灰【矩形包】,￥215.00
李宁新款运动袜跑步健身训练中筒男袜透气防滑春夏薄款棉质吸汗袜子 白黑+浅灰+黑色 35-40码 均码,￥59.00
亚瑟士ASICS女鞋网面跑鞋百搭缓震运动鞋透气跑步鞋 GEL-CONTEND 4 米白色/黑色 37.5,￥419.00
威克多（VICTOR） 羽毛球鞋胜利李梓嘉减震包裹运动鞋男女能量垫专业透气鞋A970ACE P8500II C黑色 44,￥897.00
匡威（Converse）官方 Chuck 70 Hacked Heel男女堆叠感帆布鞋A07982C A07982C 42,￥609.00
卡帕（Kappa）羽绒服2023新款情侣男女冬连帽保暖防寒服短款面包服 黑色-990 L,￥779.00
安踏（ANTA）喵喵鞋老爹鞋女鞋2023秋冬季透气休闲鞋潮流厚底运动鞋子七夕礼物 【网面】-6黑 37.5,￥249.00
"线下同款	
安踏女鞋跑步鞋2023秋季新款软底皮面防水运动鞋女学生户外休闲鞋子女 （皮面防水top款）黑/玫瑰金 38(美码7码)",￥159.00
乐基因（nalgene） 美国户外运动水杯热水女学生便携耐摔随手直饮塑料太空杯子男 682010-0421新品透明蓝,￥138.00
BLACK YAK 布来亚克BLACK YAK 男女同款冬季新品户外长款鸭绒羽绒服WLX655 黑色 180/96A,￥1109.00
安踏漫步丨运动鞋女鞋秋冬季防滑耐磨回弹低帮跑步鞋女官网922315573 白绿-1(网面) 38,￥209.00
李宁（LI-NING）游泳衣女士连体宽三角专业运动显瘦深色收腰遮肚保守温泉游泳装备 黑色 L【身高157-165体重49-55】,￥159.00
匡威（Converse）官方 All Star男女休闲经典高帮帆布鞋1J793C 1J793C 40,￥359.00
必迈（bmai）2023新款魔方长袖高弹力马拉松速干跑步运动套头衫柔软吸湿T恤 经典黑【女】 M,￥99.00
瑞尔士（WRELS） 保暖耳罩运动护耳户外女男冬季发带吸汗防风护额头带骑行跑步头套 黑色 (加厚款),￥25.00
必迈（bmai）【远征者Pure】运动休闲鞋男女款户外运动透气防滑训练减震慢跑鞋 海沙白【男】 43,￥359.00
准者氢一代篮球鞋男女实战球鞋防滑耐磨比赛送男友礼物 七夕粉(基础版) 41,￥179.00
QINKUNG轻功 秋冬跑步高弹针织帽 男女同款 长春花蓝 均码（52-64CM）,￥99.00
阿迪达斯（adidas）卫衣女装 2023秋季新款运动休闲服保暖宽松透气连帽套头衫上衣 HE4348/紫粉/男码纯棉/YT M,￥169.00
YONEX 尤尼克斯羽毛球鞋yy男女情侣防滑减震超轻动力垫透气专业运动鞋 SHB50深灰 动力垫男女款羽鞋 41码=265mm,￥488.00
必迈（bmai）运动竞速短筒袜男轻薄透气袜子女吸湿速干短袜训练减震保护运动袜 炭灰/骑士黑/必迈紫 L,￥29.00
KAPPA卡帕女鞋运动鞋2023新款秋季厚底增高小白鞋复古老爹鞋情侣阿甘鞋 冬日白/棕色 37,￥319.00
KAPPA卡帕女鞋运动鞋2023新款秋季厚底增高小白鞋复古老爹鞋情侣阿甘鞋 冬日白/棕色 38,￥319.00
悦步瑜伽服套装女 开衫运动外套秋冬加绒假两件显瘦瑜伽裤跑步健身服 两件套-藕紫上衣+钛灰健身裤 XL,￥163.00
安踏王一博同款奥特莱斯雪饼鞋运动鞋男鞋情侣男女同款低帮休闲鞋 【新雪饼鞋】白/灰/墨水蓝-1 41码(8),￥164.00
"线下同款	
安踏（ANTA）男鞋运动鞋网面软底跑步鞋轻便休闲鞋户外男士旅游鞋减震慢跑鞋子 【C款】黑/安踏白-6 42(260)",￥189.00
KAPPA卡帕女鞋运动鞋女2023秋季新款厚底老爹鞋情侣潮流百搭休闲鞋子女 韩国白/鲨鱼灰 37,￥359.00
卡帕（Kappa） 游泳包干湿分离挎包手提包时尚健身运动温泉泳衣女装备收纳包袋 珊瑚粉【带独立鞋仓】,￥59.90
安踏【王一博】安踏AO骜驭丨2023年滑板鞋男女同款潮流运动鞋耐磨官网 【炙热】象牙白/芯片灰-1 41码 男款,￥155.00
李宁（LI-NING）X奇奇蒂蒂羽绒服女开衫立领宽松保暖舒适中长款羽绒外套 米白色-1 XL,￥448.00
"线下同款	
安踏男鞋跑步鞋男2023秋季新软底轻便皮面防水运动鞋慢跑鞋子休闲鞋男 （皮面）黑色 42码(美码8.5)",￥159.00
鹰图（OUTDOOR INOXTO）越野跑步背包男女超轻户外徒步登山越野水袋包防水骑行双肩包12L 灰色（仅背包）,￥139.00
adidas阿迪达斯运动双肩包男女旅行包大容量学生书包时尚休闲包 大容量 HT4746-黑色,￥229.00
adidas阿迪达斯运动双肩包男女旅行包大容量学生书包时尚休闲包 大容量 HG0356-黑色,￥239.00
"线下同款	
安踏男鞋休闲运动鞋男士秋冬季大码网面鞋软底轻质减震慢跑步鞋子男 【皮网拼接】5535-1黑 8.5/(42码)",￥189.00
必迈（bmai） 跑步热能压缩衣V4男女训练上衣弹力加绒加厚保暖紧身衣健身服 瑾瑜蓝【男】 L,￥239.00
必迈（bmai） 跑步热能压缩衣V4男女训练上衣弹力加绒加厚保暖紧身衣健身服 冬夜黑【女】 L,￥239.00
必迈（bmai）Mile42K Pro潜能男女款防滑减震耐磨pb马拉松专业运动鞋跑步鞋 樱花粉【女】 37,￥439.00
安踏（ANTA）传承丨休闲鞋男鞋2023冬季运动鞋潮流男女情侣复古鞋子112348878 【女款】白/灰/郁锈色-6 37.5,￥439.00
李宁（LI-NING）运动裤男春秋季休闲卫裤跑步针织棉质收口训练男士裤子可定制 黑色 XXL/185,￥105.00
威克多（VICTOR） 羽毛球鞋胜利运动鞋减震高弹羽鞋透气男鞋女鞋防滑包裹球鞋P9200 P9200TD AH亮白/深青玉灰 41,￥362.00
西遇厚底板鞋女2023年新款秋季美式复古拼接休闲运动小白鞋德训鞋 白+咖色 37,￥139.00
曙曦 大容量保温杯316L不锈钢随手杯子学生 女生 运动保温水壶 400ml,￥89.00
必迈必迈2023新品男女跑步空顶帽遮阳防晒透气帽散热运动户外时尚百搭 冰雪白,￥59.00
鹰图（OUTDOOR INOXTO）现货越野跑步运动超轻户外徒步水袋包防水骑行包12L双肩男女背包 白色+2L水袋,￥179.00
"线下同款	
安踏女鞋跑步鞋2023秋季新款软底皮面防水运动鞋女学生户外休闲鞋子女 （皮面防水top款）黑/玫瑰金 36.5(美码6码)",￥159.00
"线下同款	
安踏女鞋休闲运动鞋秋冬女子跑步鞋轻便网面软底休闲鞋情侣运动鞋子女 【网面】5566-1白/樱花粉/蟹壳青 8/(39码)",￥189.00
QINKUNG轻功 遮阳跑步帽 防晒帽子UPF50+圆顶帽 男女同款 宝蓝,￥139.00
塔斯队长（TOSUOD）自行车骑行眼镜偏光变色近视男女护目镜户外运动专业跑步防风沙  5副镜片 到手11样 含炫彩 黑灰,￥48.00
西遇厚底小白鞋女2023年春秋季新款透气百搭圆头女鞋舒适休闲板鞋 蓝色 38,￥77.00
北面（The North Face）卫衣男女同款户外运动休闲针织套头衫2023秋季新款|86Q0 JK3/黑色 XL/180,￥538.00
QINKUNG轻功 女款跑步紧身裤环绕腰包 可放手机（紧身版型） 黑色 M,￥299.00
李宁（LI-NING）卫裤运动裤女长裤2023春秋季新款直筒束口休闲卫裤棉质女裤子 灰色（直筒/棉质） M/165,￥99.00
NIKE aj1 Low耐克男鞋女鞋air jordan低帮休闲鞋子板鞋潮流运动篮球鞋 DC0774-101黑白熊猫 38,￥988.00
拉比儿童保暖束脚裤秋冬运动休闲裤男童女童束口长裤不倒绒 咖啡红 90,￥110.00
安踏（ANTA）跑鞋pro丨氮科技运动鞋女鞋秋季新款竞速训练缓震跑步鞋112345582 纸莎白/金属金-1 7(女38),￥699.00
Flipbelt跑步运动腰带马拉松装备男女士魔术贴轻薄款 空气腰包防水版经典黑 M-XL,￥229.00
鹰图登山包男户外徒步包运动双肩包大容量爬山轻便旅行通勤水袋背包女 卡其色 35升背包,￥238.00
双鱼（DOUBLE FISH）乒乓球鞋男款专业训练鞋女款比赛室内运动鞋透气 黑/金（鞋底更软/更舒适） 43,￥138.00
悦步跑步套装女网球裙晨跑羽毛球服速干秋季健身训练运动套装瑜伽服 梅沙色短袖+灰色裤裙+健身袜  M 【建议98-110斤】,￥177.00
森地客Santic秋冬羽绒骑行运动马甲自行车双面可穿保暖马甲男女【比安】 黑色 M,￥328.00
劳拉之星LS0038能量一代超临界跑鞋减震运动鞋防滑耐磨透气男女跳绳鞋 荧光绿 42,￥299.00
酷峰（kufun）2023新款滑雪服男女套装户外防水单双板保暖工装户外情侣款雪服 极光紫上衣 XS,￥669.00
李宁火锅羽绒服男冬季新款潮流长款保暖加厚外套情侣款运动服上衣女 标准黑 2XL/185  (160-170斤),￥609.00
洲克（ZOKE）泳衣女连体三角遮肚显瘦时尚训练女式泳衣运动泡温泉游泳衣 黑色（升级版119601105） XL,￥159.00
特步（XTEP）2023新款减震旋10.0男女儿童跑鞋中国航天运动鞋透气舒适 新白色/普鲁士蓝（男夏款） 38码,￥139.00
KAPPA卡帕女鞋加绒老爹鞋女2023秋冬季新款厚底运动二棉鞋百搭休闲鞋子 韩国白/鲨鱼灰【四季款】脚瘦拍小一码 37,￥389.00
NIKE女鞋耐克2023新款板鞋Court Borough Low复古休闲鞋女 BQ5448-007 BQ5448-007 35.5,￥269.00
"线下同款	
安踏男鞋跑步鞋男2023秋季新软底轻便皮面防水运动鞋慢跑鞋子休闲鞋男 (皮面）黑/安踏白 42码(美码8.5)",￥159.00
李宁新款运动袜跑步健身训练中筒男袜透气防滑春夏薄款棉质吸汗袜子 白黑+灰+黑（吸汗毛巾底）45-49 均码,￥59.00
QINKUNG轻功 定格圆领跑步短袖T恤女款 (修身版型) 绛紫 M,￥169.00
BLACK YAK 布来亚克户外运动保暖厚款长款羽绒服外套男女WNX343W 黑色 185,￥1548.00
优拉（JOOLA） 尤拉 乒乓球鞋男款夏季女款 103飞翼耐磨透气运动鞋防滑耐磨 白色-【京仓速达】 42_260mm,￥158.00
阿瑞娜（arena）女士泳衣平角短袖遮肉显瘦保守分体运动游泳衣时尚舒适 黑色(BLK) XL,￥539.00
必迈（bmai）2023新款魔方长袖高弹力马拉松速干跑步运动套头衫柔软吸湿T恤 深蓝色【女】 M,￥99.00
必迈（bmai）2023新款魔方长袖高弹力马拉松速干跑步运动套头衫柔软吸湿T恤 远山蓝【女】 M,￥99.00
李宁（LI-NING）游泳包男干湿分离健身包女独立鞋仓大容量旅行运动手提包 蓝白,￥149.00
安踏冬季保暖羽绒服国潮连帽保暖加厚男女同款长款上衣外套抗寒防风 【店长推荐-加购1W+】黑-中长款 4XL,￥469.00
"线下同款	
安踏（ANTA）女鞋跳绳鞋秋冬季新款减震轻便透气防水健身训练运动跑步鞋官网 【皮面防水】象牙白/藕灰-10 6(女36.5)",￥145.00
耐克（Nike）网球鞋纳达尔COURT ZOOM VAPOR CAGE4 22年澳网男女专业运动鞋  DV3276-100 白橙色 23澳网款 43,￥619.00
安踏女鞋老爹鞋女喵喵鞋猫爪女鞋2023秋季新款黑色跑鞋休闲运动鞋子女 黑-6 36.5,￥199.00
特步特步风火27代丨女跑鞋2023年秋冬季皮面女鞋ACE科技跑步鞋运动鞋 黑/藤萝紫 37,￥399.00
美津浓（MIZUNO）男鞋女鞋 2023秋季新款绿野仙踪运动鞋透气缓震耐磨休闲跑步鞋 绿野仙踪配色/舒适缓震 41,￥458.00
安踏漫步丨运动鞋女鞋秋冬季防滑耐磨回弹低帮跑步鞋女官网922315573 白绿-8(皮面) 36.5,￥209.00
阿迪达斯（adidas）羽绒服女装男装 23冬季新款长款运动休闲服情侣防风保暖连帽外套 黑色长款/鸭绒/绒子含量：80% S-175,￥1479.00
KAPPA卡帕男女鞋老爹鞋女2023秋季新款鞋子女百搭休闲鞋轻便软底运动鞋 韩国白/鲨鱼灰 40,￥359.00
北面（The North Face）三合一冲锋衣女款夹棉内胆户外运动防水防风保暖23秋冬上新|5B1X I0V/紫色 M/160,￥2208.00
劳拉之星0881自律兔帆布健身腰带女深蹲硬拉深蹲硬拉护腰器械训练送女友 自律兔粉【帆布材质/耐磨耐腐】 XS,￥99.00
KAPPA卡帕男女鞋老爹鞋女2023秋季新款鞋子女百搭休闲鞋轻便软底运动鞋 月灰色 37,￥359.00
洲克 ZOKE 泳衣女连体平角五分修身遮肚短袖时尚简约运动训练温泉女士游泳衣120501415-2 深兰/兰花 XL,￥275.50
美津浓（MIZUNO）泳衣女夏抗氯速干防晒平角连体泳装时尚大码温泉游泳衣A1344黑L,￥249.00
"爱心东东	
李宁（LI-NING） 新款羽毛球包手提双肩背包大容量男女多功能羽毛球包运动网球包 ABJT011-2白粉6支装（有鞋仓）",￥349.00
李宁（LI-NING）羽毛球鞋男女专业减震防滑比赛运动鞋乒乓球鞋网球鞋贴地飞行 辰砂桔/黑色 41,￥309.00
悦步瑜伽服女运动套装跑步上衣长袖2023秋新款健身服套装立领拉链修身 奶咖色 L,￥109.00
悦步瑜伽服女运动套装跑步上衣长袖2023秋新款健身服套装立领拉链修身 【两件套】奶咖色+可可色瑜伽裤 S,￥179.00
亚瑟士（asics）乒乓球鞋耐磨防滑专业比赛训练鞋男女通款初学透气 白/黑（超透气款） 43.5码=275MM,￥378.00
GOSKI 滑雪速干衣套装排汗保暖贴身男女运动内衣功能内衣 男款套装 L,￥429.00
Naturehike挪客登山杖碳纤维三节登山杖伸缩超轻户外徒步登山男女手杖老人杖 远风炽焰红-两根装（含收纳袋）,￥271.00
彪马（PUMA）斜挎包男包女包 新款运动包情侣单肩包学生休闲健身旅行包胸包 078692-01/宽14长39高21/黑色 OSFA,￥149.00
耐克（NIKE）官方 舰店女鞋 23冬季运动鞋气垫休闲透气舒适网面透气跑步鞋 DH9393-101/黑白 39码,￥326.00
匹克态极2.0光轮运动鞋 太极新品秋季跑步鞋 轻便休闲鞋情侣鞋跑鞋 冰灰(男款) 42,￥209.00
耐克（NIKE） 男包女包 23新款运动包休闲包健身训练跑步轻便胸包单肩包斜挎包 JD2113012AD-001/黑武士款 MISC,￥259.00
安踏雪壳羽绒服丨中长款羽绒服女2023冬季保暖防泼水面包服 基础黑-2 M/女165,￥899.00
美津浓（MIZUNO） 乒乓球鞋专业比赛训练鞋男女款 白/黑 43（280mm）,￥378.00
李宁长款羽绒服男冬季2023新款情侣过膝防风保暖女运动服外套 黑色中长款羽绒服/70%含绒量 L/175,￥549.00
FREESCOPE户外防晒帽子旅游登山徒步遮阳帽钓鱼帽男女速干折叠棒球帽鸭舌帽 藏青 均码,￥35.00
MIZUNO美津浓 乒乓球鞋男款女乒乓球运动鞋 专业防滑减震耐磨训练鞋RX4 81GA183028 白天蓝色【新配色】 41_265mm,￥374.00
"线下同款	
安踏冬季新款【毒刺】女鞋运动鞋网面透气缓震跑步鞋子女轻便官网 黑/冰川蓝122235521-1 7(女38)",￥139.00
鹰图（OUTDOOR INOXTO）越野跑步背包男女超轻户外徒步登山越野水袋包防水骑行双肩包12L 黑色（仅背包）,￥139.00
Flipbelt美国飞比特轻薄款魔术贴跑步腰包马拉松隐形运动空气腰包女男腰带 轻薄魔术贴款-经典黑 大码（腰围80-100cm）,￥189.00
安踏女鞋运动鞋冬季皮面透气跑步鞋女子轻便训练运动休闲鞋软底旅游鞋 【皮面保暖】黑5571-6 38码 /美码7,￥189.00
李宁羽毛球鞋全能王Ⅴ男女成人儿童同款亲子2023新品耐磨抗扭防滑减震 029 标准白/深海军蓝全能王2 39.5,￥179.00
李宁羽绒服女冬季新款潮流长款大衣保暖加绒加厚情侣款运动服外套 黑色 M/170  (110-129斤),￥609.00
范德安（BALNEAIRE）修身运动泳装遮肚显瘦保守板型温泉时尚拼接泳衣女 61186 黑色,￥323.00
安踏漫步丨运动鞋女鞋秋冬季防滑耐磨回弹低帮跑步鞋女官网922315573 白灰-6(网面) 38,￥209.00
KAPPA卡帕男女鞋老爹鞋女2023秋季新款鞋子女百搭休闲鞋轻便软底运动鞋 G14CJ-149奥运灰 38,￥359.00
斯帝卡（Stiga）乒乓球鞋专业比赛训练鞋斯蒂卡男款耐磨防滑女鞋 白/蓝 41（255）,￥218.00
PUMA彪马官方男鞋女鞋 2023秋季新款德训鞋运动鞋低帮情侣跑步休闲鞋 复古经典-德训T头鞋 40/255mm/6.5,￥379.00
川崎（KAWASAKI）羽毛球包网球双肩包男女新款多功能运动时尚背包 双肩包 K2G00-A8216-1 蓝色,￥169.00
卡帕（Kappa）羽绒马甲2023新款情侣冬男女连帽羽绒马夹户外保暖背心 深常青藤绿-3997 L,￥449.00
Saucony索康尼SLAY全速跑鞋男23年秋季碳板马拉松男女竞速跑步运动鞋 白黑黄12【男女款】 41,￥679.00
川崎（KAWASAKI）2023极光7羽毛球拍 1973冰川全碳素纤维超轻男女专业比赛训练拍 冰川-冰川紫【粉色线】 成品拍(备注磅数),￥219.00
安踏（ANTA）星光老爹鞋女鞋秋季新款厚底潮流休闲鞋百搭运动鞋 燕麦白/麦粉色-2 6(女36.5),￥399.00
YONEX 尤尼克斯羽毛球鞋国家队SHB65Z3 男女款透气减震运动鞋 SHB65Z3MEX 白海蓝 国家队同款 41码=265mm,￥784.00
DFIFAN运动水杯大容量塑料杯子男女户外骑行健身水壶便携水瓶学生随手杯 影卫黑1000ML-升级款,￥79.00
"线下同款	
安踏（ANTA）男鞋篮球鞋秋冬季皮面防泼水透气学生高帮运动鞋KT减震耐磨战靴 1632S-3安踏白/冰川蓝 7.5(男40.5)",￥239.00
"线下同款	
安踏（ANTA）运动鞋女鞋冬季跑步鞋耐磨防滑休闲鞋轻便旅游鞋子学生小白鞋 黑-7 39(245)",￥189.00
安踏女鞋运动鞋2023皮面轻便缓震软底休闲鞋女子旅游跳绳健身跑鞋 【皮面】象牙白/豆绿-9 38,￥179.00
KAPPA卡帕女鞋运动鞋女2023秋季新款厚底老爹鞋情侣潮流百搭休闲鞋子女 月灰色 38,￥359.00
耐克（NIKE）Air Jordan aj1女子粉白低帮休闲运动鞋 553560-616 36,￥1099.00
keen官方 JASPER 女子户外徒步鞋露营舒适透气潮搭休闲女鞋 橄榄绿/黑色-1025619 37女,￥999.00
耐克（NIKE）拎包男包女包新款大容量运动包训练健身包户外旅游储物手提行李包 DM3976-010/52*28*28cm MISC,￥219.00
李宁（LI-NING）防泼水双肩包男女同款2023新款运动生活系列通勤运动背包ABST147 淡粟棕-2 F,￥168.00
asics亚瑟士女鞋户外跑步鞋秋季新款GEL-VENTURE8减震耐磨越野跑运动鞋 黑色/蓝色 40,￥459.00
"线下同款	
安踏男鞋跑步鞋男2023秋季新软底轻便皮面防水运动鞋慢跑鞋子休闲鞋男 （皮面）黑色 43码(美码9.5)",￥159.00
PLAY-KING双肩包女旅行背包学生书包户外运动徒步登山包男防水多隔层电脑包 碧玉蓝25L  【轻便耐磨防泼水】,￥59.90
YONEX尤尼克斯羽毛球鞋88D2男女士yy超轻5代英菲尼迪65z3减震运动宽楦 SHB65Z3K白虎纹 桃田贤斗款 42=内长270mm,￥810.00
YONEX尤尼克斯羽毛球鞋男女鞋sc6ld超轻4代透气防滑耐磨专业比赛运动鞋 SHBAZM 亮黄 男士超轻4代 41码,￥899.00
耐克（NIKE）女装2023秋冬季新款加绒保暖运动服宽松休闲连帽夹克开衫外套 FB5639-110 象牙白 M,￥545.00
MT HELMETS摩托车头盔男女夏季西班牙赛车骑行头盔透气舒适机车全盔3C认证 白银影者（标配透明镜片） L码,￥628.00
英途锐（etto） 健身包休闲运动包男女手提行李袋足球篮球训练包单肩斜挎包DIY印制 黑色 大号(50*26*26cm),￥96.00
洛克兄弟防晒面罩全脸冰丝头巾电动车骑行遮脸薄款透气男女骑行面罩夏季 黑色-耳绳可调,￥29.00
李宁（LI-NING）速干凉爽丨长袖T恤男女同款23新款反伍BADFIVE宽松套头衫ATLT021 黑色-2 L,￥79.00
