﻿Column1,Column2
Name,Price
四万公里 透明亚克力唇釉整理口红架收纳盒带翻盖防尘桌面化妆品收纳盒,￥29.90
KAMAN口红收纳盒防尘网红桌面装化妆品的盒子带盖多格整理唇釉口红架 18格防尘带把手,￥10.90
KAMAN口红收纳盒防尘网红桌面装化妆品的盒子带盖多格整理唇釉口红架 24格防尘带把手,￥14.80
KAMAN口红收纳盒防尘网红桌面装化妆品的盒子带盖多格整理唇釉口红架 18格加高防尘,￥9.90
EACHY镜柜收纳盒浴室柜分格整理盒洗漱台化妆品口红置物架-透明金,￥17.90
KAMAN口红收纳盒防尘网红桌面装化妆品的盒子带盖多格整理唇釉口红架 阶梯款【9格】,￥6.90
KAMAN 口红收纳盒桌面少女心多格口红整理盒家用大容量唇釉置物架 立式鱼形口红盒（16格）,￥11.90
懒角落 化妆品收纳盒旋转防尘化妆刷筒收纳笔筒刷子筒化妆品口红盒带盖,￥24.90
四万公里化妆品桌面收纳盒整理盒首饰口红遥控器透明韩式笔筒梳妆台置物架,￥14.90
贞喜气化妆品口红收纳盒 唇釉唇膏唇彩整理盒化妆刷彩妆置物架 豆沙红,￥16.90
KAMAN口红收纳盒桌面化妆品口红盒卧室大容量唇泥唇釉置物架 双层【有隔板】透灰,￥29.90
KAMAN 口红收纳盒桌面少女心多格口红整理盒家用大容量唇釉置物架 立式鱼形口红盒（28格）,￥20.90
千屿网红化妆品收纳盒护肤品口红防尘置物架宿舍整理桌面梳妆台收纳框,￥12.90
四万公里化妆品桌面收纳盒整理盒首饰口红遥控器透明韩式笔筒梳妆台置物架,￥19.90
粉饼眼影收纳盒放口红的化妆品收纳盒女气垫眼影盘腮红架抽屉分隔槿忆 粉饼+口红多用收纳盒,￥35.90
KAMAN口红收纳盒防尘网红桌面装化妆品的盒子带盖多格整理唇釉口红架 平底款【12格】,￥7.86
KAMAN口红收纳盒防尘桌面多格化妆品口红架奢华玻璃带盖唇釉架子 40格加高款,￥79.90
可狄口红收纳盒抽屉宿舍透明亚克力网红大容量彩妆眼影唇釉化妆品防尘 2个装大号三层口红唇釉收纳盒,￥57.70
KAMAN口红收纳盒防尘唇釉唇膏整理盒透明亚克力桌面化妆品置物架 18格【防尘口红盒】1个,￥16.90
KAMAN镜柜收纳盒卫生间浴室壁挂收纳盒洗漱台口红化妆品置物架 大号分格款【透明】1个,￥19.90
星优化妆品收纳盒防尘梳妆台口红护肤品宿舍整理箱 【奶油白 特大号】,￥99.00
KAMAN 化妆品收纳盒防尘家用大容量化妆盒宿舍桌面梳妆台护肤品置物架 北欧粉（大号）,￥35.80
KAMAN口红收纳盒防尘桌面多格化妆品口红架奢华玻璃带盖唇釉架子 24格加高款,￥59.90
KAMAN 口红收纳盒桌面防尘透明唇釉口红收纳梳妆台分格化妆品置物架 【简约款】18格,￥9.90
卡洛特（KLUOT）口红收纳盒桌面防尘透明18格多格唇釉唇膏唇彩整理盒口红收纳 口红收纳盒【金边】,￥25.90
KAMAN化妆品收纳盒轻奢梳妆台抽屉式桌面透明亚克力口红盒护肤品置物架 收纳盒【简约透明】,￥19.90
初心化妆品收纳盒护肤品盒桌面收纳箱梳妆台化妆箱生日礼物女 方形带镜化妆品收纳盒-胡桃木色,￥399.00
KAMAN化妆品收纳盒防尘大容量桌面透明宿舍梳妆台口红护肤品置物架 升级一体款【大号】,￥49.90
宜美汇（YIMEIHUI）旋转化妆品收纳盒桌面梳妆台口红护肤品化妆刷ins家用整理置物架 奶油白【可旋转】化妆盘,￥33.90
遇上佳人 化妆品桌面收纳盒 气垫腮红美甲口红眼影盘粉饼置物展示架整理盒 化妆品收纳盒【五层】,￥39.00
KAMAN化妆刷收纳筒防尘带盖可旋转眼影口红置物架桌面化妆品收纳盒笔筒 竖纹刷桶【白】1个,￥18.90
加仕高卫生间镜柜收纳盒壁挂式免打孔洗漱台化妆品口红饰品首饰置物架,￥16.90
优勤（YOUQIN） 化妆品收纳盒旋转化妆刷收纳筒梳妆台桌面笔筒口红眼影置物架 多功能旋转收纳桶-白色,￥22.90
KAMAN镜柜收纳盒卫生间浴室壁挂收纳盒洗漱台口红化妆品置物架 分格款【透明】1个,￥10.90
KAMAN化妆刷收纳筒防尘旋转大容量化妆品收纳盒桌面口红眼影置物架笔筒 防尘旋转刷筒【暮色白】1个,￥12.90
全品屋化妆品收纳盒多功能轻奢桌面收纳盒储物整理盒梳妆护肤杂物零食筐 【店长力荐】大号-翡翠绿（9L） 加厚耐摔,￥5.90
EACHY化妆品收纳盒桌面抽屉式梳妆台置物架护肤品口红透明收纳盒白色,￥148.00
KAMAN 化妆品收纳盒防尘玻璃大容量桌面口红护肤品置物架送女友礼物 【网红3件套】顶+抽+三合一,￥129.90
KAMAN镜柜收纳盒卫生间浴室壁挂收纳盒洗漱台口红化妆品置物架 壁挂款【灰色】1个,￥15.90
KAMAN轻奢化妆品收纳盒桌面口红护肤品分格整理盒卫生间洗漱台面收纳筐 大号7格收纳盒【透明色】,￥17.90
KAMAN口红收纳盒防尘网红桌面装化妆品的盒子带盖多格整理唇釉口红架 金边玻璃款【加高24格】,￥59.90
KAMAN镜柜收纳盒卫生间浴室柜化妆品收纳盒洗手间护肤品口红分格置物架 透灰【分格款】1个,￥14.90
KAMAN镜柜收纳盒卫生间洗漱台柜内化妆品口红置物架浴室壁挂式整理盒子 立式化妆盒【透明】1个装,￥22.90
那澜多好实木化妆品收纳盒桌面防尘化妆柜梳妆台大容量口红护肤品置物架 小冰箱造型-化妆柜,￥629.00
觅锐口红收纳盒桌面收纳唇釉唇膏整理盒化妆品收纳按压拿取 18格白,￥39.00
"爱心东东	
Imakara梳妆台化妆镜护肤品化妆品收纳盒高级感置物架化妆盒桌面首饰盒架 镜柜项链口红化妆刷整理-透明白",￥19.90
KAMAN口红收纳盒防尘网红桌面装化妆品的盒子带盖多格整理唇釉口红架 金边玻璃款【加高40格】,￥79.90
HOUYA 化妆品收纳盒 化妆品收纳置物架   桌面收纳盒口红护肤品抽屉式,￥59.90
可狄口红收纳盒抽屉宿舍透明亚克力网红大容量彩妆眼影唇釉化妆品防尘 大号三层口红唇釉收纳盒 可叠加,￥28.90
KAMAN旋转化妆刷收纳筒桌面分格口红盒子笔刷桶轻奢透明散粉刷收纳盒 透明水晶【360°旋转收纳筒】,￥14.90
KAMAN镜柜收纳盒卫生间浴室柜化妆品收纳盒洗手间护肤品口红分格置物架 透明【分格款】1个,￥10.90
井井标记化妆品收纳盒美妆护肤收纳组合桌面置物架带盖防尘透明防紫外线 口红收纳盒|配件|深棕色,￥29.90
KAMAN化妆品收纳盒抽屉式防尘桌面透明护肤品口红面膜盒置物架 两个装【双+三层】,￥39.00
KAMAN眼影盘收纳盒大容量桌面分隔可拆粉饼口红盒抽屉化妆品置物架 2件套【小号+大号】,￥69.00
美厨（maxcook）收纳盒 化妆品零食收纳筐桌面茶几杂物整理篮轻奢储物盒 6L透明白,￥33.00
KAMAN镜柜收纳盒卫生间洗漱台柜内化妆品口红置物架浴室壁挂式整理盒子 立式首饰架【透明】1个装,￥22.90
KAMAN 化妆品收纳盒桌面亚克力梳妆台口红盒新款透明护肤品面膜收纳筐 3040轻奢化妆盒【透明白】,￥24.80
EACHY化妆品收纳盒桌面抽屉式梳妆台置物架护肤品口红透明收纳盒粉色,￥148.00
KAMAN面膜收纳盒桌面透明亚克力化妆品盒子梳妆台护肤品口红杂物整理筐 方形款-透白【约放40片面膜】,￥9.90
KAMAN镜柜收纳盒卫生间浴室柜化妆品收纳盒洗手间护肤品口红分格置物架 透灰【立式化妆架】1个,￥16.90
懒角落化妆品收纳盒360度旋转大容量透明梳妆台桌面护肤品口红盒置物架,￥89.00
纳川镜柜化妆品收纳盒子格亚克力卫生间洗漱台浴室桌面口红 2个装,￥27.90
KAMAN 化妆品收纳盒防尘大容量桌面透明梳妆台口红护肤品置物架 【升级版/大号透明】弧形一体款,￥39.90
KAMAN镜柜收纳盒卫生间浴室柜化妆品收纳盒洗手间护肤品口红分格置物架 透明【抽屉式/带分格】1个,￥24.90
KAMAN桌面化妆品收纳盒卫生间口红面膜箱化妆刷筒桶梳妆台护肤品置物架 组合装【三格+四格】,￥16.90
KAMAN 化妆品收纳盒防尘玻璃桌面大容量梳妆台化妆刷口红护肤品置物架 新·暗影系列【三件套】,￥199.00
林家小子化妆品收纳盒面膜桌面梳妆台放口红盒子卫生间护肤置物架彩妆架子 金色中号,￥12.90
HOUYA 收纳盒 收纳筐 化妆品收纳盒 桌面收纳盒 干果盒 厨房调味品收纳,￥9.90
KAMAN镜柜收纳盒卫生间洗漱台柜内化妆品口红置物架浴室壁挂式整理盒子 可壁挂【小号/透明】2个装,￥11.90
Edo化妆品桌面收纳盒 分格首饰口红整理盒文具遥控器收纳盒置物架,￥15.90
KAMAN口红收纳盒防尘桌面多格化妆品口红架奢华玻璃带盖唇釉架子 18格加高款,￥49.90
粉饼眼影收纳盒放口红的化妆品收纳盒女气垫眼影盘腮红架抽屉分隔槿忆 八格款（适合口红腮红等）,￥20.90
芙昕轻奢化妆品收纳盒大容量防尘透明桌面梳妆台护肤口红置物架整理盒 双层化妆收纳架,￥39.00
bdo镜柜收纳盒桌面化妆品口红整理盒卫生间浴室储物盒置物架小号,￥7.80
荣予化妆品收纳盒口红亚克力网红桌面大容量护肤防尘刷桶Tx. 加大号黑色两件套,￥288.00
优勤（YOUQIN）化妆品收纳盒桌面梳妆台置物架抽屉护肤品口红整理箱防尘 白色【标准款中号】一抽屉,￥12.80
KAMAN 化妆品收纳盒防尘家用大容量化妆盒宿舍桌面梳妆台护肤品置物架 北欧粉（中号）,￥29.90
KAMAN 口红收纳盒桌面防尘透明唇釉口红收纳梳妆台分格化妆品置物架 【阶梯款】 9格,￥9.50
KAMAN镜柜收纳盒窄亚克力化妆品收纳卫生间浴室口红首饰收纳盒 透明色【斜插款】1个,￥19.90
卫亮口红收纳盒防尘桌面装化妆品指甲油透明口红盒高级唇釉口红置物架 加厚透明36格,￥50.00
KAMAN口红收纳盒桌面多格装化妆品的盒子带盖网红欧式小奢华唇釉架 18格【防尘加高】1个,￥49.90
晗畅口红收纳盒防尘网红桌面装化妆品的盒子带盖多格整理唇釉口红架 36格加高防尘款/带把手(可放长管口红唇釉),￥70.00
优勤（YOUQIN） 旋转化妆刷收纳筒口红眼影化妆品收纳盒防尘散粉刷梳妆台置物架 6格收纳-奶黄色,￥22.80
洁百牧口红收纳盒 高端真皮包迷你羊皮带镜子随身便携可爱网红ins化妆镜 黑色 羊皮,￥81.60
德梵蒂口红架收纳盒多格展示置物架子ins少女心小透明家用化妆品整理盒 12格口红盒,￥49.00
冇力 化妆品收纳盒 防尘口红面膜收纳箱桌面首饰收纳盒梳妆台,￥29.90
KAMAN口红收纳盒桌面多格装化妆品的盒子带盖网红欧式小奢华唇釉架 15格【防尘加高】1个,￥39.90
KAMAN 玻璃化妆品收纳盒抽屉式防尘化妆刷口红梳妆台护肤品置物架 【小棕盒·经典两件套】,￥159.00
豪金门口红盒收纳盒 直播便携随身日系复古口红架 化妆品指甲油置物架 24格【小号14.5*9.5*8cm】,￥16.00
贞喜气 口红收纳盒 化妆品桌面透明梳妆台护肤品化妆刷家用分格置物架 【分格透明黑】,￥24.80
多川口红收纳盒 随身 口红包真牛皮鳄鱼纹小镜子随身带网红便携化妆包 厚款材质浅粉色,￥26.00
KAMAN 口红收纳盒桌面防尘透明唇釉口红收纳梳妆台分格化妆品置物架 【阶梯款】12格,￥7.50
KAMAN口红收纳盒防尘唇釉唇膏整理盒透明亚克力桌面化妆品置物架 24格【防尘口红盒】1个,￥23.90
聂莊 透明口红架化妆品收纳盒 唇膏收纳盒展示彩妆架指甲油粉饼香水架 长形12格,￥15.36
KAMAN玻璃化妆品收纳盒高级感衣帽间梳妆台彩妆盒护肤品桌面口红置物架 大号聚光玻璃【化妆刷盒】,￥129.00
ABDT办公桌下收纳柜化妆品收纳盒收纳柜抽屉式口红美甲护肤面膜桌面桌 款 茶色【三层】,￥146.00
KAMAN口红收纳盒防尘ins风少女心口红格子大容量化妆品唇釉多格展示架 立式鱼形【16格】,￥11.50
荣予网红化妆品收纳盒整理桌面防尘家用口红大容量梳妆台护肤GK9 太空舱/优雅粉特大号,￥299.00
美厨（maxcook）化妆品收纳盒 桌面置物架护肤品口红文具抽屉式整理盒小4层赠贴纸,￥32.00
家居口红盒收纳盒单只 便携随身日系少女单只复古迷你小号收纳盒带镜子唇膏盒 单支-仙鹤红色,￥13.68
HOUYA 桌面收纳盒 多格透明轻奢桌面收纳盒梳妆台桌面置物架口红收纳,￥19.90
芙昕桌面旋转化妆刷收纳筒化妆品收纳盒置物架台面梳妆台口红眼影笔筒 奶油白-可旋转-化妆品收纳盒,￥37.90
KAMAN卫生间镜柜收纳盒壁挂式化妆品口红置物架桌面洗漱台柜内化妆刷筒 立式置物款【透明】1个,￥15.90
瀛乐桌面收纳盒化妆品面膜口红护肤品杂物透明亚克力宿舍办公室收纳筐 【透绿】小号(把手无金边),￥8.00
KAMAN镜柜收纳盒卫生间浴室柜化妆品收纳盒洗手间护肤品口红分格置物架 透灰【抽屉式/带分格】1个,￥24.90
鼓团口红盒子收纳化妆品收纳盒口红架唇釉架子亚克力透明分格整理盒 9格口红盒1033,￥28.80
KAMAN口红收纳盒分格双层桌面新款梳妆台化妆品刷子唇釉整理盒置物架 透灰双层【带隔板】1个,￥29.90
KAMAN眼影盘收纳盒大容量桌面分隔可拆粉饼口红盒抽屉化妆品置物架 小号8格,￥23.00
茨格曼 360带盖防尘旋转化妆刷收纳桶刷子筒化妆品桌面彩妆置物架口红盒,￥35.00
TaTanice礼品盒 礼物包装盒收纳盒圣诞节生日礼物盒香水口红礼盒送女友,￥28.80
ABDT口红收纳盒口红收纳盒小型精致长管唇釉亚克力桌面整理盒防尘带盖 SK2,￥307.00
KAMAN口红收纳盒防尘唇釉唇膏整理盒透明亚克力桌面化妆品置物架 36格【防尘口红盒】1个,￥29.90
遇上佳人化妆品收纳盒桌面大容量透明梳妆台口红护肤品化妆刷整理盒 【大号透明白】,￥15.90
美厨（maxcook）化妆品收纳盒 桌面置物架护肤品口红文具抽屉式整理盒小3层赠贴纸,￥25.00
"爱心东东	
Imakara梳妆台化妆镜护肤品化妆品收纳盒高级感置物架化妆盒桌面首饰盒架 镜柜项链口红化妆刷整理-透明绿",￥19.90
美厨（maxcook）化妆品收纳盒 桌面置物架护肤品口红文具抽屉式整理盒大4层赠贴纸,￥49.00
WELLMEET化妆刷收纳筒旋转有盖防尘口红眼影化妆品桌面收纳盒梳妆台置物架 简约白/360°旋转 分格防尘,￥17.80
TaTanice礼品盒 圣诞节礼物包装盒收纳盒生日礼盒口红香水伴手礼盒送女友,￥14.80
美厨（maxcook）化妆品收纳盒 化妆刷收纳筒旋转置物架梳妆台桌面口红整理 奶油白,￥49.00
KAMAN 化妆品收纳盒防尘玻璃大容量桌面口红护肤品置物架送女友礼物 【美妆4件套】顶+抽+三合一+镜,￥189.00
KAMAN 玻璃化妆刷收纳筒桌面分格眉笔口红盒美妆刷桶轻奢笔刷收纳盒 三格化妆刷筒【高定灰】,￥49.00
KAMAN化妆品收纳盒抽屉式防尘桌面透明护肤品口红面膜盒置物架 【三层/三抽屉】1个,￥19.80
TaTanice礼品盒礼物盒 礼物包装盒圣诞节生日礼物盒口红香水礼盒送女友,￥24.90
潮九玩五LINE FRIENDS化妆品收纳盒护肤品桌面梳妆台杂物整理口红抽屉收纳 旋转桌面收纳盒-BROWN款,￥69.90
霜山（SHIMOYAMA）日本霜山化妆品收纳盒磨砂整理盒桌面抽屉分隔盒口红镜柜储物盒 S号-内置隔板一块,￥9.40
初心化妆品收纳盒口红化妆刷护肤品大容量梳妆台桌面收纳 360旋转收纳盒,￥189.00
慕亚（MUYA）镜柜收纳盒卫生间化妆品置物架口红整理盒浴室桌面分层储物盒 透明色丨常规款,￥12.90
百草园首饰收纳盒高档三层精致耳环钉项链饰品带盖桌面收纳盒ins奶油风,￥39.00
KAMAN桌面化妆品收纳盒卫生间口红面膜箱化妆刷筒桶梳妆台护肤品置物架 三格刷筒,￥6.90
KAMAN眼影盘收纳盒大容量桌面分隔可拆粉饼口红盒抽屉化妆品置物架 大号8格,￥53.00
Luxury lady 化妆品收纳盒防尘带盖亚克力高级感大容量梳妆台护肤品桌面口红首饰抽屉式置物架 黑色HZ11+HZ27组合,￥798.00
KAMAN 化妆品收纳盒防尘玻璃大容量桌面口红护肤品置物架送女友礼物 【加大4件套】顶+抽+桶+盒,￥309.00
雏田多层收纳盒抽屉式收纳盒桌面化妆品口红储物盒透明整理置物架 多层化妆品架【白色两层】,￥11.91
KAMAN口红收纳盒防尘桌面多格化妆品口红架奢华玻璃带盖唇釉架子 15格加高款,￥39.90
KAMAN镜柜收纳盒卫生间浴室壁挂收纳盒洗漱台口红化妆品置物架 立式收纳盒【灰色】1个,￥19.90
木丁丁ins网红女口红收纳盒大容量卡通防水便携化妆箱化妆包收纳盒 收纳盒米色小狗,￥35.00
KAMAN 玻璃化妆品收纳盒轻奢防尘桌面梳妆台护肤品置物架情人节520礼物 口红盒,￥69.00
雕刻红尘口红收纳盒 口红架收纳盒多格展示置物架子ins少女心小透明家用化 共20格 10格口红盒2件装,￥16.00
KAMAN口红收纳盒防尘网红桌面装化妆品的盒子带盖多格整理唇釉口红架 金边玻璃款【加高15格】,￥39.90
浅檬旋转化妆品收纳盒梳妆台桌面护肤品置物架子家用防尘亚克力口红箱 防尘旋转款（4块小隔板）无盖,￥128.00
DCLOUD化妆品收纳盒旋转防尘化妆刷收纳筒梳妆台桌面笔筒口红眼影置物架 白色  透明旋转刷筒,￥18.80
美厨（maxcook）收纳盒 桌面零食化妆品收纳筐茶几小物件储物盒轻奢整理篮 6L墨绿,￥33.00
德梵蒂桌面口红收纳盒带盖防尘唇釉唇膏多格收纳网红透明化妆品展示架 黑色口红盒(带贴纸),￥69.00
奢茨网红轻奢化妆品收纳盒PET透明有盖防尘储物盒桌面口红面膜置物架/ 透明色,￥92.12
浅檬化妆品收纳盒桌面高级感收纳箱防尘大容量口红护肤品梳妆台置物架 优雅白【LED镜面款】,￥155.00
优勤（YOUQIN）镜柜收纳盒卫生间化妆品置物架口红整理盒浴室桌面分层储物盒 透明色丨常规款,￥12.90
唯 M 化妆品收纳盒防尘大容量桌面亚克力收纳神器梳妆台口红护肤品置物架特大号 【超大容量】加高化妆盒,￥149.00
季萌镜柜收纳盒壁挂卫生间洗漱台置物架厨房浴室化妆品口红斜口收纳盒 （2个装）白色,￥15.20
KAMAN口红收纳盒防尘ins风少女心口红格子大容量化妆品唇釉多格展示架 立式鱼形【28格】,￥20.50
KAMAN镜柜收纳盒窄亚克力化妆品收纳卫生间浴室口红首饰收纳盒 透明灰【平口款】1个,￥19.90
AKBK笔筒多功能桌面茶几遥控器收纳盒会议室办公用品文具皮质名片盒黑,￥59.00
木丁丁礼物盒空盒礼品包装盒礼品袋生日送朋友口红香水包包伴手礼盒 渐变双开门礼盒【29*21*9cm】,￥35.00
优勤（YOUQIN）镜柜收纳盒卫生间化妆品置物架口红整理盒浴室桌面分层储物盒 透明色丨常规款带分格,￥15.90
KAMAN 镜柜收纳盒卫生间洗漱台口红化妆品置物架护肤品面膜整理盒 透明金【升级带隔板】1个,￥19.90
奢吧新款带风扇化妆品收纳盒桌面口红护肤品首饰收纳防尘化妆镜收纳箱 少女粉LED+风扇款,￥173.24
KAMAN 化妆品收纳盒防尘玻璃大容量桌面口红护肤品置物架送女友礼物 【超值3件套】顶+抽+桶,￥168.00
KAMAN 化妆品收纳盒防尘大容量桌面透明梳妆台口红护肤品置物架 【奢华四件套】加大号套装,￥149.00
拜杰（baijie）桌面收纳盒 3个装 化妆品收纳盒藤编收纳筐玄关钥匙客厅遥控器小杂物抽屉储物盒子,￥59.00
KAMAN镜柜收纳盒卫生间浴室柜化妆品收纳盒洗手间护肤品口红分格置物架 透明【立式化妆架】1个,￥22.90
KAMAN 化妆品收纳盒桌面眼影盘粉饼置物架气垫口红盒美甲架 【5层阶梯款】眼影盘收纳盒,￥24.90
星优 化妆品收纳盒圣诞生日礼物抽屉梳妆台化妆品置物架【高透3层】,￥129.00
那澜多好化妆品收纳盒首饰一体梳妆台护肤品口红香水精油桌面收纳 化妆品收纳盒,￥249.00
KAMAN镜柜收纳盒卫生间浴室柜化妆品收纳盒洗手间护肤品口红分格置物架 透灰【立式口红架】1个,￥22.90
KAMAN口红收纳盒桌面多格装化妆品的盒子带盖网红欧式小奢华唇釉架 24格【防尘加高】1个,￥59.90
KAMAN轻奢化妆品收纳盒桌面口红护肤品分格整理盒卫生间洗漱台面收纳筐 大号7格收纳盒【玉簪绿】,￥24.90
菩本家 化妆品收纳盒护肤品梳妆台整理面膜口红化妆刷抽屉置物架防尘 白色三抽屉34*22*15,￥199.00
季萌镜柜收纳盒免打孔卫生间洗漱台口红化妆品置物架壁挂整理盒厨房 白色 长款,￥12.50
KAMAN卫生间镜柜收纳盒洗手台柜内整理盒口红盒护肤品浴室化妆品置物架 小号【透明色/可壁挂】1个,￥9.90
季萌眼镜收纳盒多格口红首饰文具笔收纳盒抽屉式桌面整理盒眼镜展示盒 透明四格 27*17.5*7.3CM,￥26.80
卡梵顿（Cavandon）轻奢网红化妆品防尘收纳盒口红面膜护肤品化妆刷桌面分层式储物盒 镜柜收纳-彩妆收纳架【透明白】,￥25.00
贤菁化妆品收纳盒桌面梳妆台护肤品置物架口红整理桌上抽屉式盒子LL8 白色【豪华超大号】 三抽屉,￥199.00
唯 M 化妆品收纳盒桌面口红整理梳妆台大容量护肤品置物架生日礼物 【加大号】八件套（送珍珠）,￥698.00
蜗鲸口红收纳盒 随身 口红包真牛皮鳄鱼纹小镜子随身带网红便携化妆包 实用款酒红色,￥9.50
澳颜莱  口红收纳盒随身 口红收纳小包口红盒子收纳随身便携唇膏盒 黑色2支-人造革 轻微瑕疵-不退,￥38.00
片希口红收纳盒亚克力网红颜料收纳多格口红盒子唇釉置物架 亚克力120格有门,￥517.00
森物社化妆品收纳盒旋转护肤品化妆刷口红整理盒梳妆台桌面实木收纳盘 化妆品收纳盒木质【大号】,￥188.00
淑饰口红收纳盒木质大容量多格木制口红盒唇膏唇釉眼影梳妆台桌面化妆品架网红整理置物架护肤品口红架展示架 大容量斜插式口红收纳盒------两个装,￥88.00
雅漫庭玻璃化妆品收纳盒轻奢高级感梳妆台护肤品香水口红置物架透明防尘 白色中号一体两件套(珍珠),￥144.00
LISM口红收纳盒口红架收纳盒多格展示置物架子ins少女心小透明家用化 10格口红盒,￥7.02
京漫首饰盒饰品盒珠宝盒带扣饰品首饰收纳盒整理盒生日礼物 粉色,￥45.90
欧凯登双旋转化妆刷收纳筒桌面口红化妆品收纳盒散粉刷梳妆台置物架 双旋转化妆刷收纳筒,￥28.80
名尊礼物盒空盒大号包装盒ins包装高级感小众礼品盒口红香水仪式感 星空盒【礼袋+拉菲草+贺卡】 3号盒20*15*7,￥21.90
德国进口品质桌面化妆品收纳盒防尘亚克力口红大容量护肤品梳妆台抽屉盒置物架 大号透明防尘斜顶+顺滑抽屉可叠加抽屉,￥206.00
KAMAN 化妆品收纳盒防尘家用大容量化妆盒宿舍桌面梳妆台护肤品置物架 中号【粉色2件套】镜+化妆盒,￥56.90
锦贝传说 首饰盒螺钿漆器结婚礼物生日情人节嫁妆盒子项链手镯饰品收纳盒 B-043国色天香【经典推荐】,￥559.00
初心如雪黑胡桃木口红收纳盒化妆品彩妆收纳盒实木长管唇釉置物架子大容量 口红唇釉一体盒,￥499.00
荣予网红护肤化妆品刷口红面膜桌面带镜子收纳盒箱一体防尘置物架家用 1003单面镜【珊瑚红】,￥458.00
锦贝传说高档首饰盒结婚精致礼物螺钿漆器珠宝实木双层收纳嫁妆情人节礼物 D-029喜鹊登梅【红绒布底-鱼锁】,￥558.00
TENMA桌面首饰收纳盒 天马抽屉式整理箱 口罩纸巾盒办公文具储物盒,￥77.00
ABDT口红收纳盒口红收纳盒小型精致长管唇釉亚克力桌面整理盒防尘带盖 12格黑色,￥100.00
雏田多层收纳盒抽屉式收纳盒桌面化妆品口红储物盒透明整理置物架 多 多层化妆品架【白色三层】,￥15.31
SOFIS首饰盒首饰收纳盒饰品盒化妆盒珠宝盒手表盒皮革礼品单层盒送礼 深蓝色 花边盒尺寸,￥49.00
KAMAN化妆刷收纳筒防尘带盖可旋转眼影口红置物架桌面化妆品收纳盒笔筒 钻纹刷桶【白】1个,￥19.90
TaTanice礼品盒 圣诞节礼物包装盒惊喜口红伴手礼盒生日礼物盒收纳盒,￥25.80
WELLMEET化妆刷收纳筒旋转有盖防尘口红眼影化妆品桌面收纳盒梳妆台置物架 天空蓝/360°旋转 分格防尘,￥17.80
KAMAN镜柜收纳盒卫生间浴室壁挂收纳盒洗漱台口红化妆品置物架  无分格款【透明】1个,￥12.90
禧仕多桌面收纳盒塑料磨砂面膜刷置物架整理筐口红办公桌收纳 【磨砂透白】手提款中号3个装,￥49.90
聚可爱 镜柜收纳盒卫生间洗漱台口红化妆品透明置物架免打孔壁挂式整理盒 【壁挂款】透明（12*8*8.5cm）,￥7.90
勋狸粑透明护肤品桌上梳妆台宿舍桌面水乳收纳置物架 冰晶白-三格【放化妆刷+口红】,￥9.80
KAMAN镜柜收纳盒卫生间浴室壁挂收纳盒洗漱台口红化妆品置物架 壁挂款【透明】1个,￥13.90
季萌镜柜收纳盒壁挂卫生间洗漱台置物架厨房浴室化妆品口红斜口收纳盒 （2个装）透明,￥15.20
达沃（dawo）化妆品收纳盒梳妆台护肤品口红收纳箱桌面亚克力便携大容量多功能 透明色化妆品收纳盒,￥59.00
德梵蒂口红架收纳盒多格展示置物架子ins少女心小透明家用化妆品整理盒 16格口红盒,￥39.00
美厨（maxcook）化妆品收纳盒 桌面置物架护肤品口红文具抽屉式整理盒大3层赠贴纸,￥39.00
晶小姐首饰盒高端带锁化妆镜饰品收纳盒女友生日520七夕情人节结婚礼物 枫丹白露-精巧款,￥1249.00
TaTanice 礼品盒 圣诞节礼物包装盒收纳盒生日礼物盒送女友口红香水礼盒,￥11.50
KAMAN 化妆品收纳盒防尘大容量桌面透明梳妆台口红护肤品置物架 【超值套装】透明大号斜顶+抽屉,￥49.90
KAMAN化妆刷收纳筒防尘带盖可旋转眼影口红置物架桌面化妆品收纳盒笔筒 竖纹刷桶【黑】1个,￥18.90
KAMAN 化妆品收纳盒防尘大容量桌面透明梳妆台口红护肤品置物架 【升级版/加大透明】弧形一体款,￥89.00
冇力 化妆品收纳盒 口红面膜大号收纳箱桌面收纳盒 透明三层,￥49.90
简吉丝德国进口品质化妆品收纳盒防尘带镜子一体旋转口红盒梳妆台护肤品 ?可旋转?梦幻魔盒孔雀绿【镜面灯,￥597.00
红孚旋转化妆刷收纳筒分格桌面眉笔眼影桶化妆品口红笔筒梳妆台收纳盒 优雅白【可旋转/双层收纳】,￥31.00
KAMAN轻奢化妆品收纳盒桌面护肤品置物架浴室洗漱台面膜口红整理盒 透明色【大号/7格】1个,￥19.90
EACHY化妆品收纳盒箱抽屉式桌面梳妆台高级感可爱面膜带盖防尘置物架,￥89.90
KAMAN镜柜收纳盒卫生间浴室柜化妆品收纳盒洗手间护肤品口红分格置物架 透灰【无分格】1个,￥12.90
KAMAN镜柜收纳盒卫生间浴室壁挂收纳盒洗漱台口红化妆品置物架 无分格款【灰色】1个,￥12.90
KAMAN桌面化妆品收纳盒卫生间口红面膜箱化妆刷筒桶梳妆台护肤品置物架 四格化妆盒,￥11.90
KAMAN镜柜收纳盒卫生间浴室壁挂收纳盒洗漱台口红化妆品置物架 分格款【灰色】1个,￥14.90
KAMAN镜柜收纳盒卫生间浴室壁挂收纳盒洗漱台口红化妆品置物架 立式收纳盒【透明】1个,￥19.90
KAMAN镜柜收纳盒卫生间洗漱台柜内化妆品口红置物架浴室壁挂式整理盒子 可壁挂【大号/透明】1个装,￥10.90
美厨（maxcook）化妆品收纳盒 桌面置物架梳妆台护肤口红抽屉式整理盒大2层赠贴纸,￥29.00
京寻首饰收纳盒化妆刷美妆蛋口红眼影化妆品防尘旋转桌面收纳盒,￥49.90
TENMA桌面收纳盒 天马抽屉盒 纯白F184-2只装化妆品首饰盒储物箱整理柜,￥129.00
优勤（YOUQIN）化妆品收纳盒桌面梳妆台置物架抽屉护肤品口红整理箱防尘收纳盒 白色【升级款大号】三抽屉大容量,￥36.80
唯 M 透明化妆品收纳盒防尘大容量桌面梳妆台口红护肤品置物架 特大号透黑【29.5*17.2*39cm】,￥89.00
侑家良品收纳盒桌面收纳筐多用化妆品储物盒日式简约杂物整理盒零件盒小号,￥9.90
KAMAN 镜柜收纳盒卫生间洗漱台口红整理盒浴室柜化妆品置物架子 大号【透明色】可壁挂,￥17.90
WELLMEET化妆刷收纳筒旋转有盖防尘口红眼影化妆品桌面收纳盒梳妆台置物架 少女粉/360°旋转 分格防尘,￥17.80
KAMAN 镜柜收纳盒卫生间洗漱台口红整理盒浴室柜化妆品置物架子 大号多分格【透明色】,￥19.90
KAMAN 镜柜收纳盒卫生间洗漱台口红整理盒浴室柜化妆品置物架子 大号多分格【琥珀色】,￥19.90
Edo化妆刷收纳筒360°旋转口红收纳盒化妆刷筒收纳筒笔筒梳妆台眉笔筒,￥29.90
木丁丁化妆品口红收纳盒 桌面ins少女心大容量口红整理盒唇釉口红盒 口红盒【深棕色】,￥14.90
唯 M 透明化妆品收纳盒防尘大容量桌面梳妆台口红护肤品置物架 大号透黑【长24*宽16*高32cm】,￥69.00
遇上佳人 化妆品收纳盒 透明旋转宿舍桌面口红护肤品亚克力梳妆台置物架,￥45.90
KAMAN 玻璃化妆刷收纳筒桌面分格眉笔口红盒美妆刷桶轻奢笔刷收纳盒 三格化妆刷筒【全透明】,￥49.00
霜山（SHIMOYAMA）日本霜山化妆品收纳盒磨砂整理盒桌面抽屉分隔盒口红镜柜储物盒 L号-内置隔板一块,￥14.15
贞喜气化妆品收纳盒带镜子化妆盒宿舍家用桌面首饰整理收纳盒杂物收纳箱 大号双格圆镜,￥36.80
KAMAN 镜柜收纳盒卫生间洗漱台口红化妆品置物架护肤品面膜整理盒 透明金【基础无隔板】1个,￥17.90
KAMAN轻奢化妆品收纳盒桌面口红护肤品分格整理盒卫生间洗漱台面收纳筐 小号3格收纳盒【透明色】,￥19.90
KAMAN 镜柜收纳盒卫生间洗漱台口红整理盒浴室柜化妆品置物架子 小号【透明色】可壁挂,￥9.90
KAMAN卫生间镜柜收纳盒壁挂式化妆品口红置物架桌面洗漱台柜内化妆刷筒 无格款【灰色/可壁挂】1个,￥15.90
KAMAN卫生间镜柜收纳盒壁挂式化妆品口红置物架桌面洗漱台柜内化妆刷筒 刷桶款【透明】1个,￥17.90
KAMAN轻奢化妆品收纳盒桌面口红护肤品分格整理盒卫生间洗漱台面收纳筐 中号6格收纳盒【透明色】,￥22.90
季萌镜柜收纳盒免打孔卫生间洗漱台口红化妆品置物架壁挂整理盒厨房 透明色 长款,￥12.50
帕美居玄关钥匙门口创意口红化妆刷茶几客厅杂物桌面糖果盒收纳盒垃圾桶 圆三叉木架+灰大口径,￥53.90
KAMAN 化妆品收纳盒防尘大容量桌面透明梳妆台口红护肤品置物架 【加大号透明】防尘顶（斜顶）,￥45.00
KAMAN 化妆品收纳盒防尘大容量桌面透明梳妆台口红护肤品置物架 【超值套装】透明加大斜顶+抽屉,￥79.00
雏田多层收纳盒抽屉式收纳盒桌面化妆品口红储物盒透明整理置物架 多层化妆品架【白色三层】,￥17.68
米拉蒂首饰盒木质珠宝盒化妆手饰品收纳箱手饰品盒子带锁情人节礼物 珠光粉,￥169.00
唯 M 透明化妆品收纳盒防尘大容量桌面梳妆台口红护肤品置物架 特大号透黑条纹一体款,￥99.00
禧仕多化妆刷收纳盒面膜口红化妆品置物架护肤品储物盒桌上梳妆台置物盒 化妆品盒三件套,￥19.90
KAMAN 化妆品收纳盒防尘家用大容量化妆盒宿舍桌面梳妆台护肤品置物架 大号【粉色2件套】镜+化妆盒,￥79.90
宜美汇（YIMEIHUI）旋转化妆品收纳盒桌面梳妆台口红护肤品化妆刷ins家用整理置物架 珍珠白【可旋转】化妆盘,￥33.90
KAMAN镜柜收纳盒卫生间洗漱台柜内化妆品口红置物架浴室壁挂式整理盒子 立式口红盒【透明】1个装,￥22.90
宜美汇（YIMEIHUI）旋转化妆品收纳盒桌面梳妆台口红护肤品化妆刷ins家用整理置物架 孔雀绿【可旋转】化妆盘,￥33.90
优勤（YOUQIN）化妆品收纳盒桌面梳妆台置物架抽屉护肤品口红整理箱防尘 白色【升级款大号】三抽屉大容量,￥39.80
KAMAN 化妆品收纳盒防尘玻璃大容量桌面口红护肤品置物架送女友礼物 【经典2件套】防尘顶+三格抽屉,￥81.90
晴碧琳（Qbily） 桌面收纳盒化妆品收纳盒学生ins文具手账柜办公书桌抽屉式置物架 化妆品/桌面收纳盒【3层】送贴纸,￥36.90
KAMAN 化妆品收纳盒桌面亚克力梳妆台口红盒新款透明护肤品面膜收纳筐 3040轻奢化妆盒【玉簪绿】,￥24.80
KAMAN 化妆品收纳盒防尘大容量桌面透明梳妆台口红护肤品置物架 【轻奢三件套】大号套装,￥79.00
TaTanice礼品盒 礼物包装盒圣诞节生日礼物盒口红香水伴手礼盒送女友,￥29.90
木丁丁礼物盒空盒礼品包装盒礼品袋生日送朋友口红香水包包伴手礼盒 山茶花双开门礼盒【20*15*7cm】,￥32.00
KAMAN卫生间镜柜收纳盒壁挂式化妆品口红置物架桌面洗漱台柜内化妆刷筒 刷桶款【灰色】1个,￥17.90
慕亚（MUYA）镜柜收纳盒卫生间化妆品置物架口红整理盒浴室桌面分层储物盒 透明色丨常规款带分格,￥15.90
浅檬旋转化妆品收纳盒梳妆台桌面护肤品置物架子家用防尘亚克力口红箱 防尘旋转款（8块小隔板）带盖子,￥165.00
惠寻化妆品收纳盒桌面梳妆台护肤品置物架口红整理箱26.5*16*12cm 1个,￥8.90
瑾匠精美礼盒空盒包装盒精致ins风口红香水书签唇釉礼品盒生日圣诞中秋春节教师节礼物盒小号 【小荔枝】奶白+拉菲草 礼盒尺寸(15*8.5*5.5cm),￥9.60
美外口红收纳盒桌面化妆刷置物架高颜值精致梳妆台化妆品整理盒子 透明色-口红收纳盒,￥33.00
包贝勒礼物盒空盒包装礼品盒小号送生日礼物大号口红香水礼袋毕业伴手礼 小熊礼品盒（送拉菲草+贺卡）,￥29.90
Edo化妆品收纳盒 轻奢桌面化妆刷收纳筒分格整理盒化妆品口红置物架,￥47.90
木丁丁礼物盒空盒礼品包装盒礼品袋生日送朋友口红香水包包伴手礼盒 翻盖双开礼物盒【20*18*8cm】,￥29.90
雏田多层收纳盒抽屉式收纳盒桌面化妆品口红储物盒透明整理置物架 多层化妆品架【粉色两层】,￥11.91
KAMAN镜柜收纳盒卫生间浴室柜化妆品收纳盒洗手间护肤品口红分格置物架 透灰【立式首饰架】1个,￥22.90
KAMAN镜柜收纳盒卫生间浴室壁挂收纳盒洗漱台口红化妆品置物架 立式口红盒【灰色】1个,￥19.90
雏田多层收纳盒抽屉式收纳盒桌面化妆品口红储物盒透明整理置物架 多层化妆品架【粉色四层】,￥27.09
唯 M 透明化妆品收纳盒防尘大容量桌面梳妆台口红护肤品置物架 特大号透明【29.5*17.2*39cm】,￥89.00
唯 M 透明化妆品收纳盒防尘大容量桌面梳妆台口红护肤品置物架 一体款特大号透黑,￥89.00
KAMAN化妆刷收纳筒防尘旋转大容量化妆品收纳盒桌面口红眼影置物架笔筒 防尘旋转刷筒【莲藕粉】1个,￥19.90
晴碧琳（Qbily）旋转化妆刷收纳筒分格桌面眉笔眼影桶化妆品口红笔筒梳妆台收纳盒 化妆刷收纳筒-6格可旋转【白色】,￥35.00
名创优品（MINISO）三丽鸥抽屉式收纳盒 桌面收纳首饰收纳盒化妆用品办公室 粉色,￥29.90
百露杂物收纳盒北欧ins厨房橱柜收纳筐桌面零食化妆品储物盒办公收纳 圆孔扁型收纳盒白,￥14.60
美厨（maxcook）桌面收纳盒 书本化妆品整理框透明零食杂物储存箱收纳盒U型特大号,￥25.00
KAMAN镜柜收纳盒卫生间浴室柜化妆品收纳盒洗手间护肤品口红分格置物架 透明【立式口红架】1个,￥22.90
林家小子化妆品收纳盒面膜桌面梳妆台放口红盒子卫生间护肤置物架彩妆架子 白色中号,￥12.90
木丁丁礼物盒礼品包装盒礼品袋结婚伴手礼盒生日礼物送朋友口红香水礼袋 蓝色方形礼盒【中号21*16*21CM】,￥29.90
那澜多好化妆品收纳盒桌面防尘置物架木制口红神器梳妆台亚克力透明收纳盒 松果可视化妆盒,￥399.00
KAMAN化妆品收纳盒防尘大容量卡通少女心整理盒梳妆台口红护肤品置物架 网红粉猫咪（升级款）,￥59.90
木丁丁礼物盒空盒礼品包装盒礼品袋生日送朋友口红香水包包伴手礼盒 墨绿手提礼物盒【25*14*12cm】,￥32.00
欧斯若 创意蝴蝶结礼品盒  情人节韩版手提抽屉盒 口红香水化妆品送礼 1个黑色抽屉礼盒（含拉菲草） 内盒约11*9cm,￥16.00
亲朋复古马口铁盒子带锁收纳盒钥匙桌面化妆品储物家用首饰小箱子 大号(星月夜)盒子+一个密码锁,￥28.00
唯兰朵便携小号首饰盒送女友ins风户外旅行便携饰品盒耳钉戒指盒,￥79.00
KAMAN镜柜收纳盒卫生间浴室柜化妆品收纳盒洗手间护肤品口红分格置物架 透明【无分格】1个,￥12.90
KAMAN卫生间镜柜收纳盒壁挂式化妆品口红置物架桌面洗漱台柜内化妆刷筒 分隔款【透明/可壁挂】1个,￥17.90
包贝勒礼品盒空盒礼物包装盒小号生日礼物惊喜口红香水大号毕业送男女友 许愿兔小礼盒（灯串贺卡拉菲草）,￥28.00
唯兰朵便携首饰盒桌面收纳盒生日礼物送女友学生耳钉项链饰品盒,￥139.00
"爱心东东	
鸣朗精美礼盒空盒包装盒精致ins风口红香水唇釉礼品盒生日礼物盒小号 轻奢绿小号13*7*3.5+袋子(含拉菲草) 空盒",￥8.40
瑾匠精美礼盒空盒包装盒精致ins风口红香水书签唇釉礼品盒生日圣诞中秋春节教师节礼物盒小号 【小荔枝】银灰+拉菲草 礼盒尺寸(15*8.5*5.5cm),￥9.60
瑾匠精美礼盒空盒包装盒精致ins风口红香水书签唇釉礼品盒生日圣诞中秋春节教师节礼物盒小号 【小荔枝】胭脂粉+拉菲草 礼盒尺寸(15*8.5*5.5cm),￥9.60
优勤（YOUQIN）化妆品收纳盒桌面梳妆台置物架抽屉护肤品口红整理箱防尘收纳盒 绿色【升级款大号】三抽屉大容量,￥36.80
优勤（YOUQIN）卫生间镜柜收纳盒浴室柜分层斜口化妆品置物架洗手洗漱台口红架子 立式镜柜收纳架-透明色,￥19.90
那澜多好实木化妆品收纳盒桌面防尘化妆柜梳妆台大容量口红护肤品置物架 小冰箱收纳柜-透明,￥649.00
KAMAN 化妆品收纳盒防尘大容量桌面透明梳妆台口红护肤品置物架 【超值套装】黑色大号斜顶+抽屉,￥49.90
唯 M 轻奢化妆品收纳盒桌面大容量口红护肤品梳妆台置物架高级分格化妆盒 【亚克力透明-2层款】分格顶+单层抽屉,￥58.00
瑾匠精美礼盒空盒包装盒精致ins风口红香水书签唇釉礼品盒生日圣诞中秋春节教师节礼物盒小号 【小荔枝】奶白+拉菲草+【礼袋】 礼盒尺寸(15*8.5*5.5cm),￥12.90
铂芬 收纳盒化妆品收纳盒桌面收纳盒防尘化妆箱口红护肤品收纳盒透明抽屉式三层化妆盒首饰盒【白色大号】,￥119.00
木丁丁 化妆品收纳盒防尘桌面收纳盒奶瓶收纳箱防尘大容量化妆品置物架 化妆收纳盒小号2层棕色,￥69.90
KAMAN面膜收纳盒桌面透明亚克力化妆品盒子梳妆台护肤品口红杂物整理筐 长形款-透白【约放120片面膜】,￥22.90
墨忘圣诞节礼物元旦送女友化妆镜带灯生日礼物化妆品收纳盒闺蜜姐姐 淡粉色LED款,￥139.00
晴碧琳（Qbily）化妆品收纳盒桌面梳妆台护肤品置物架口红整理箱桌上抽屉式收纳盒 【大号三抽屉-白色】,￥45.80
木丁丁礼品盒空盒 生日礼物盒礼盒包装盒口红香水伴手蓝色玫瑰礼盒 蓝色玫瑰【大号】,￥25.90
恬星装口红的小礼盒礼品盒 情人节礼物盒生日礼物口红香水手提礼盒 长款礼盒+礼袋+贺卡,￥18.90
胖景品口红收纳盒收纳口红盒化妆盒便携防尘化妆箱抽屉式首饰盒 轻奢口红收纳盒1个【皓月白】,￥33.00
清野の木桌面收纳盒 1.2L四个装 杂物收纳盒化妆品储物盒收纳箱储物箱,￥36.90
名尊礼物盒空盒大号包装盒ins包装高级感小众礼品盒口红香水仪式感 星空盒【开盖灯+草】套餐 9号盒33*25*12,￥44.90
SOFIS 小马多层带锁大首饰盒首饰收纳盒饰品收纳盒公主欧式带镜结婚礼 三层粉色（礼盒装） 250/185/135,￥149.00
欧斯若 彩色小礼品盒手提袋套装  香水口红礼盒 徽章胸针钥匙扣生日礼物包装盒子 蓝盖粉底 空盒+手提袋 14*8*5CM,￥19.00
瑾匠精美礼盒空盒包装盒精致ins风口红香水书签唇釉礼品盒生日圣诞中秋春节教师节礼物盒小号 【小荔枝】奶白+流星球 礼盒尺寸(15*8.5*5.5cm),￥10.40
欧斯若 彩色小礼品盒手提袋套装  香水口红礼盒 徽章胸针钥匙扣生日礼物包装盒子 粉盖蓝底 空盒+手提袋 14*8*5CM,￥19.00
"爱心东东	
鸣朗精美礼盒空盒包装盒精致ins风口红香水唇釉礼品盒生日礼物盒小号 轻奢绿礼盒18*8*5+袋子(含拉菲草) 空盒",￥10.80
欧斯若 2个装油画风创意服装饰品纸盒 珠光丝巾盒睡衣衬衫包装盒 口红香水护肤品精美礼盒 奥斯汀油画（配双层蝴蝶结丝带）350克白卡纸覆膜 2个装...,￥27.00
名尊礼物盒空盒大号包装盒ins包装高级感小众礼品盒口红香水仪式感 星空盒【开盖灯+玫瑰花】套餐 9号盒33*25*12,￥49.90
名尊礼物盒空盒大号包装盒ins包装高级感小众礼品盒口红香水仪式感 星空盒【开盖灯+球+玫瑰花】套餐 3号盒20*15*7,￥38.90
贞嘻化妆品收纳盒桌面护肤品收纳箱化妆镜梳妆台抽屉置物架防尘饰品盒 抽屉式化妆品收纳盒+蝴蝶镜,￥38.90
卡洛特（KLUOT）轻奢桌面首饰收纳盒 耳钉耳环首饰珠宝多层防尘首饰盒 折叠饰品收纳【莫兰迪】,￥32.80
芙昕轻奢化妆品收纳盒大容量防尘透明桌面梳妆台护肤口红置物架整理盒 透明顶层+2层抽屉,￥79.90
雏田多层收纳盒抽屉式收纳盒桌面化妆品口红储物盒透明整理置物架 多层化妆品架【粉色三层】,￥17.68
KAMAN化妆刷收纳筒梳妆台旋转眼影刷口红置物架子笔筒桌面化妆品收纳盒 钻纹旋转刷桶【透明咖】,￥19.80
KAMAN 化妆品收纳盒桌面眼影盘粉饼置物架气垫口红盒美甲架 【7层阶梯款】眼影盘收纳盒,￥33.90
包贝勒礼品盒空盒礼物包装盒小号生日礼物惊喜口红香水大号毕业送男女友 许愿兔大礼盒（灯串贺卡拉菲草）,￥49.00
"爱心东东	
鸣朗精美礼盒空盒包装盒精致ins风口红香水唇釉礼品盒生日礼物盒小号 轻奢绿小号13*7*3.5(含拉菲草) 空盒",￥5.70
瑾匠精美礼盒空盒包装盒精致ins风口红香水书签唇釉礼品盒生日圣诞中秋春节教师节礼物盒小号 【小荔枝】胭脂粉+拉菲草+【礼袋】 礼盒尺寸(15*8.5*5....,￥12.90
"爱心东东	
小型收纳盒 香水收纳盒香水收纳盒防尘亚克力香水小样展示架ins放口红化妆品的置物架子 透明带盖/香水收纳盒(大号)",￥57.00
优勤（YOUQIN）化妆品收纳盒桌面梳妆台置物架抽屉护肤品口红整理箱防尘收纳盒 粉色【升级款大号】三抽屉大容量,￥36.80
帝造 【2个装】镜柜收纳盒卫生间浴室收纳盒日式斜口卫生间洗漱台化妆品口红置物架浴室台面整理盒 白色 两个装【配无痕胶】,￥19.90
名尊礼物盒空盒大号包装盒ins包装高级感小众礼品盒口红香水仪式感 星空盒【开盖灯+球】套餐 3号盒20*15*7,￥33.90
晴碧琳（Qbily）礼物盒空盒礼品包装盒袋生日送朋友口红香水伴手礼盒婚礼礼品盒 鼠尾草绿【10*10*10cm】,￥19.90
KAMAN镜柜收纳盒窄亚克力化妆品收纳卫生间浴室口红首饰收纳盒 透明灰【斜插款】1个,￥19.90
纳川口红收纳盒桌面透明亚克力防尘整理盒化妆品带盖唇釉口红盒 15格,￥29.90
AKBK化妆品收纳盒桌面护肤品盒梳妆盒首饰盒高档大容量送老婆生日礼物,￥388.00
"爱心东东	
鸣朗精美礼盒空盒包装盒精致ins风口红香水唇釉礼品盒生日礼物盒小号 橙色长盒18*8*5+袋子(含拉菲草) 空盒",￥10.80
符象 撞色收纳盒子储物盒塑料桌面内衣口红化妆品玩具收纳箱家用 16L 绿色箱体+黄色盖子,￥22.00
KAMAN 化妆品收纳盒桌面亚克力梳妆台口红盒新款透明护肤品面膜收纳筐 桌面分格收纳盒【轻奢绿】,￥22.90
KAMAN 化妆品收纳盒防尘玻璃大容量桌面口红护肤品置物架送女友礼物 【加大5件套】顶+抽+盒+桶+三合,￥379.00
KAMAN 化妆品收纳盒防尘大容量桌面透明梳妆台口红护肤品置物架 【奢华四件套】大号套装,￥109.00
欧斯若 2个装油画风创意服装饰品纸盒 珠光丝巾盒睡衣衬衫包装盒 口红香水护肤品精美礼盒 抽象艺术款（配双层蝴蝶结丝带）350克白卡纸覆膜 2个装...,￥27.00
KAMAN卫生间镜柜收纳盒壁挂式化妆品口红置物架桌面洗漱台柜内化妆刷筒 立式置物款【灰色】1个,￥21.90
KAMAN面膜收纳盒桌面透明亚克力化妆品盒子梳妆台护肤品口红杂物整理筐 方形款-透灰【约放40片面膜】,￥9.90
"爱心东东	
鸣朗精美礼盒空盒包装盒精致ins风口红香水唇釉礼品盒生日礼物盒小号 轻奢绿礼盒14.5*8.5*5袋子(含拉菲草) 空盒",￥10.30
惔愔口红盒包装盒空盒迷你小盒子单只通用口红礼盒单支小号礼品盒 酒红底白色盖+礼袋(拉菲草) 小号【10.5*6.5*4cm】,￥19.80
唯 M 化妆品收纳盒旋转置物架梳妆台桌面护肤品 宿舍口红架 旋转升级款,￥49.00
KAMAN 镜柜收纳盒卫生间洗漱台口红整理盒浴室柜化妆品置物架子 分格收纳盒【透明色】,￥19.90
KAMAN 玻璃化妆品收纳盒抽屉式防尘化妆刷口红梳妆台护肤品置物架 【小棕盒·经典三件套】,￥219.00
KAMAN网红化妆品收纳盒整理桌面防尘家用口红大容量梳妆台护肤品置物架 网红款【佳人粉/大号3层】,￥69.00
青草泉口红收纳盒带盖子防尘唇釉整理盒化妆品收纳盒高颜值多功能 墨绿色翻盖40格,￥31.10
KAMAN口红收纳盒桌面化妆品口红盒卧室大容量唇泥唇釉置物架 单层【无隔板】透明,￥12.90
朴珀妮化妆品收纳盒桌面梳妆台护肤品置物架口红整理箱桌上抽屉式小hky 店长粉色豪华超大号 三抽屉,￥40.76
唯 M 轻奢化妆品收纳盒亚克力大容量防尘桌面梳妆台口红护肤品置物架 【透明】巨无霸三层-贈口红格,￥139.00
唯 M 网红化妆品收纳盒360度旋转家用梳妆台口红护肤桌面整理置物架 升级L型钻纹【可调节层高】,￥49.00
KAMAN 化妆品收纳盒防尘大容量桌面透明梳妆台口红护肤品置物架 【推荐】加厚特大号防尘顶+抽屉,￥139.00
荣予化妆品收纳盒家用防尘口红网红桌面护肤刷梳妆台整理大容量置物TX 金边40格翻盖,￥188.00
KAMAN网红化妆品收纳盒整理桌面防尘家用口红大容量梳妆台护肤品置物架 企鹅款【新撞色/大号3层】,￥79.00
KAMAN轻奢化妆品收纳盒桌面护肤品置物架浴室洗漱台面膜口红整理盒 透明色【小号/3格】1个,￥14.90
瑾匠精美礼盒空盒包装盒精致ins风口红香水书签唇釉礼品盒生日圣诞中秋春节教师节礼物盒小号 【小荔枝】胭脂粉+流星球 礼盒尺寸(15*8.5*5.5cm),￥10.40
万安安化妆刷化妆品收纳盒桌面笔筒透明梳妆台口红多功能收纳桶旋转盒子 白色化妆刷收纳筒【带盖旋转款】,￥29.90
季萌2个装3格口红收纳盒多格化妆刷唇膏唇彩唇釉整理盒分隔收纳盒 2个装,￥8.90
KAMAN镜柜收纳盒卫生间洗漱台柜内化妆品口红置物架浴室壁挂式整理盒子 可壁挂【大号/透明】2个装,￥29.90
"爱心东东	
我思我梦小王子礼物礼品盒 ins网红生日伴手礼礼盒礼袋精美女生口红包装 礼盒礼袋套餐-大号【拉菲草+灯】",￥49.00
林家小子化妆品收纳盒面膜桌面梳妆台放口红盒子卫生间护肤置物架彩妆架子 黑色大号,￥20.90
KAMAN 化妆品收纳盒防尘玻璃大容量桌面口红护肤品置物架送女友礼物 【加大2件套】三格抽屉+防尘顶,￥169.00
文东惠利 桌面收纳 化妆品收纳盒桌面口红面膜刷梳妆台杂物亚克力透明盒子 中号-轻奢绿,￥29.00
KAMAN 化妆品收纳盒防尘大容量桌面透明梳妆台口红护肤品置物架 【加大号透明】透明抽屉,￥55.00
逸品格 桌面化妆品收纳盒木质口红护肤品遥控器杂物梳妆台收纳盒化妆盒 胡桃木色桌面收纳盒,￥159.00
浅浣桌面旋转化妆刷收纳筒化妆品收纳盒置物架梳妆台口红眼影笔筒Y. 奶油白-收纳盒+旋转盘,￥199.00
KAMAN 口红收纳盒桌面少女心多格口红整理盒家用大容量唇釉置物架 轻奢【双层/带隔板】透明,￥29.90
井井标记化妆品收纳盒美妆护肤收纳组合桌面置物架带盖防尘透明防紫外线 口红收纳盒|配件|浅茶色,￥29.90
粉饼眼影收纳盒放口红的化妆品收纳盒女气垫眼影盘腮红架抽屉分隔槿忆 大号八格款（粉饼眼影等）,￥31.90
KAMAN口红收纳盒分格双层桌面新款梳妆台化妆品刷子唇釉整理盒置物架  透明双层【无隔板】1个,￥25.90
KAMAN卫生间镜柜收纳盒壁挂式化妆品口红置物架桌面洗漱台柜内化妆刷筒 分隔款【灰色/可壁挂】1个,￥21.90
优勤（YOUQIN）化妆品收纳盒桌面梳妆台置物架抽屉护肤品口红整理箱防尘收纳盒 白色【标准款中号】一抽屉大容量,￥19.90
茶花（CHAHUA）【防水防尘】口罩收纳盒化妆品分格透明塑料盒子抽屉桌面家用收纳 带盖收纳盒【大号】,￥22.90
茶花（CHAHUA）【防水防尘】口罩收纳盒化妆品分格透明塑料盒子抽屉桌面家用收纳 分隔收纳盒【中号】,￥9.90
慕质旋转化妆刷收纳筒带盖防尘化妆品收纳盒梳妆台桌面口红眼影置物架  墨绿（不带盖）,￥55.90
慕质旋转化妆刷收纳筒带盖防尘化妆品收纳盒梳妆台桌面口红眼影置物架 透明（带盖）,￥65.90
KAMAN 化妆品收纳盒桌面亚克力梳妆台口红盒新款透明护肤品面膜收纳筐 桌面分格收纳盒【透明白】,￥22.90
KAMAN化妆刷收纳筒梳妆台旋转眼影刷口红置物架子笔筒桌面化妆品收纳盒 钻纹旋转刷桶【透明色】,￥19.80
"爱心东东	
鸣朗精美礼盒空盒包装盒精致ins风口红香水唇釉礼品盒生日礼物盒小号 轻奢绿礼盒15*15*7+袋子(含拉菲草) 空盒",￥18.00
惔愔口红盒包装盒空盒迷你小盒子单只通用口红礼盒单支小号礼品盒 酒红底白色盖+拉菲草 小号【10.5*6.5*4cm】,￥15.80
宜美汇（YIMEIHUI） 化妆品收纳盒抽屉式防尘置物架梳妆台桌面护肤品口红面膜收纳 浅衫绿【化妆刷收纳盒】,￥26.80
KAMAN镜柜收纳盒卫生间洗漱台化妆品口红置物架壁挂浴室柜内分格整理盒 透明【立式置物架】1个,￥21.90
唯 M 轻奢化妆品收纳盒亚克力大容量防尘桌面梳妆台口红护肤品置物架 奶油白3件套-化妆盒+抽屉+刷筒,￥139.00
KAMAN 化妆品收纳盒防尘玻璃大容量桌面口红护肤品置物架送女友礼物 【轻奢4件套】顶+抽+盒+桶,￥259.00
嘉必美桌面收纳盒透明笔筒磨砂简约斜插式多功能文具筒化妆刷口红收纳筒 透明灰色圆筒式,￥3.00
晴碧琳礼物盒礼品盒礼物包装盒空盒中秋生日香水口红礼盒伴手礼盒送女友 秘密花园礼盒【中号-蓝色】,￥32.00
雏田化妆品收纳盒桌面抽屉式送女友化妆盒梳妆台护肤品口红大号化妆箱 【墨绿色化妆盒】【共三层】,￥51.21
KAMAN玻璃化妆品收纳盒桌面大容量美妆箱高级感护肤品口红置物架 中号多功能刷桶【摩卡棕】,￥119.00
KAMAN化妆品收纳盒防尘大容量桌面透明宿舍梳妆台口红护肤品置物架 分体款【加大号】透黑,￥79.00
Luxurylady 防尘化妆品收纳盒 网红大容量化妆盒桌面护肤品置物架口红 亚克力梳妆台整理盒送礼 HZ11B+HZ27B 瓷光白 化妆品收纳盒组合,￥798.00
贤菁化妆品收纳盒桌面梳妆台护肤品置物架口红整理桌上抽屉式盒子LL8 白色【升级款大号】 两抽屉,￥169.00
KAMAN化妆品收纳盒防尘便携整理盒大容量抽屉式口红护肤品桌面置物架 【大号2件套】珊瑚橘+化妆镜,￥79.90
傲家旋转化妆品收纳盒化妆刷收纳筒梳妆台桌面口红眉笔眼影刷子置物架 透明绿【无盖】,￥29.90
唯 M 轻奢化妆品收纳盒亚克力大容量防尘桌面梳妆台口红护肤品置物架 【透明】防尘三层一体款,￥109.00
唯 M 网红化妆品收纳盒防尘家用大容量桌面亚克力护肤口红整理置物架 【透明】网红多功能一体款,￥139.00
KAMAN轻奢化妆品收纳盒桌面护肤品置物架浴室洗漱台面膜口红整理盒 透明色【中号/6格】1个,￥18.90
KAMAN化妆刷收纳筒防尘旋转大容量化妆品收纳盒桌面口红眼影置物架笔筒 防尘旋转刷筒【远峰蓝】1个,￥19.90
文东惠利 桌面收纳 化妆品收纳盒桌面口红面膜刷梳妆台杂物亚克力透明盒子 大号-透明色,￥32.00
KAMAN加厚透明化妆品收纳盒防尘大容量梳妆台桌面口红护肤品置物架 单个防尘顶,￥79.00
KAMAN 化妆品收纳盒桌面防尘大容量护肤品口红置物架梳妆台化妆箱 透明白,￥109.00
利快首饰盒生日结婚礼物纪念日礼物黄金饰品吊坠收纳盒口红收纳盒 粉色口红盒,￥99.00
KAMAN卫生间镜柜收纳盒壁挂式化妆品口红置物架桌面洗漱台柜内化妆刷筒 无格款【透明/可壁挂】1个,￥14.90
KAMAN 化妆品收纳盒防尘玻璃桌面大容量梳妆台化妆刷口红护肤品置物架 金色三格抽屉,￥59.00
那澜多好实木化妆品收纳盒桌面防尘化妆柜梳妆台大容量口红护肤品置物架 小冰箱收纳柜-白色,￥649.00
KAMAN镜柜收纳盒卫生间浴室柜化妆品收纳盒洗手间护肤品口红分格置物架 透明【立式首饰架】1个,￥22.90
荣予旋转化妆品收纳盒梳妆台桌面大容量口红化妆刷护肤品整理置物架ll 奶油白可旋转组合装,￥249.00
唯 M 玻璃化妆品收纳盒桌面防尘口红护肤整理梳妆台置物架网红北欧ins风 黑色防尘顶,￥59.00
KAMAN 化妆品收纳盒防尘玻璃大容量桌面口红护肤品置物架送女友礼物 【超值3件套】顶+抽+盒,￥168.00
唯 M 网红化妆品收纳盒防尘大容量桌面宿舍收纳神器透明梳妆台口红护肤品香水置物架 大号透黑,￥49.00
森物社化妆品收纳盒旋转护肤品化妆刷口红整理盒梳妆台桌面实木收纳盘 化妆品收纳盒木质【小号】,￥109.00
惠谦化妆品收纳盒可旋转分格桌面ins风口红化妆刷眉笔筒护肤品置物架 旋转收纳桶【奶油白】,￥25.80
荣予化妆品收纳盒大容量新款收纳箱防尘口红护肤梳妆台网红置物架jm8 【奶油白】双层抽屉收纳盒,￥299.00
雷仕顿轻奢防尘储物盒桌面抽屉式多分格口红面膜整理盒化妆品收纳盒 面膜收纳盒 优雅白,￥59.00
KAMAN化妆品收纳盒防尘便携整理盒大容量抽屉式口红护肤品桌面置物架 象牙白（中号）,￥25.80
唯 M 透明化妆品收纳盒防尘大容量桌面梳妆台口红护肤品置物架 大号透明条纹一体款,￥89.00
唯 M 透明化妆品收纳盒防尘大容量桌面梳妆台口红护肤品置物架 奶油白三件套-化妆盒+抽屉+刷筒,￥139.00
KAMAN化妆品收纳盒抽屉式防尘桌面透明护肤品口红面膜盒置物架 【二层/双抽屉】1个,￥19.80
KAMAN轻奢化妆品收纳盒桌面护肤品置物架浴室洗漱台面膜口红整理盒 轻奢绿【大号/7格】1个,￥19.90
慕亚（MUYA）镜柜收纳盒卫生间化妆品置物架口红整理盒浴室桌面分层储物盒 透明色丨套装(外框+内框+分格),￥26.90
唯 M  香水置物架护肤品架ins化妆品桌面口红铁艺整理梳妆台鸟笼收纳盒 双层,￥149.00
宜美汇（YIMEIHUI） 化妆品收纳盒抽屉式防尘置物架梳妆台桌面护肤品口红面膜收纳 樱花粉【手提收纳盒】,￥69.00
KAMAN 口红收纳盒桌面少女心多格口红整理盒家用大容量唇釉置物架 轻奢【双层/无隔板】透明,￥25.90
百圣牛粉饼收纳盒眼影盘放口红的化妆品收纳盒透明抽屉分隔女气垫腮红架,￥31.18
KAMAN卫生间镜柜收纳盒洗漱台桌面化妆品口红盒浴室柜内分格整理置物架 基础/无隔板【透明金】1个,￥17.90
KAMAN卫生间镜柜收纳盒洗漱台桌面化妆品口红盒浴室柜内分格整理置物架 升级/带隔板【透明金】1个,￥19.90
芙昕轻奢化妆品收纳盒大容量防尘透明桌面梳妆台护肤口红置物架整理盒 透明托盘+2层抽屉,￥49.00
恬星装口红的小礼盒礼品盒 情人节礼物盒生日礼物口红香水手提礼盒 香水礼盒+礼袋+贺卡,￥20.90
林家小子化妆品收纳盒面膜桌面梳妆台放口红盒子卫生间护肤置物架彩妆架子 金色大号,￥20.90
KAMAN 化妆品收纳盒防尘玻璃大容量桌面口红护肤品置物架送女友礼物 【5件套】顶+抽+盒+桶+三合一,￥299.00
KAMAN 镜柜收纳盒卫生间洗漱台口红整理盒浴室柜化妆品置物架子 3件套【琥珀色】一大两小,￥19.90
唯 M 轻奢化妆品收纳盒桌面大容量口红护肤品梳妆台置物架高级分格化妆盒 【亚克力透明】分格顶,￥30.80
爱之橙 桌面化妆品收纳盒亚克力轻奢宿舍梳妆台口红护肤品塑料透明置物架 透明白,￥22.80
优勤（YOUQIN）镜柜收纳盒卫生间化妆品置物架口红整理盒浴室桌面分层储物盒 透明色丨立式口红刷子收纳盒,￥25.90
宜美汇（YIMEIHUI） 化妆品收纳盒抽屉式防尘置物架梳妆台桌面护肤品口红面膜收纳 浅衫绿【手提收纳盒】,￥69.00
唯 M 化妆品收纳盒防尘大容量桌面亚克力收纳神器梳妆台口红护肤品置物架特大号 【经典组合】化妆盒+口红盒+珍珠刷桶,￥149.00
"爱心东东	
鸣朗精美礼盒空盒包装盒精致ins风口红香水唇釉礼品盒生日礼物盒小号 橙色方盒15*15*7+袋子(含拉菲草) 空盒",￥13.00
瑾匠精美礼盒空盒包装盒精致ins风口红香水书签唇釉礼品盒生日圣诞中秋春节教师节礼物盒小号 【小荔枝】胭脂粉+流星球+【礼袋】 礼盒尺寸(15*8.5*5....,￥13.70
金狸 化妆品收纳盒壁挂式置物架家用免打孔洗漱台护肤品口红整理塑料盒 透明白色-壁挂式化妆品收纳盒,￥19.90
KAMAN卫生间镜柜收纳盒壁挂式化妆品口红置物架桌面洗漱台柜内化妆刷筒 口红格款【灰色/可壁挂】1个,￥23.90
帕美居玄关钥匙门口创意口红化妆刷茶几客厅杂物桌面糖果盒收纳盒垃圾桶 灰大口径,￥19.90
潮九玩五 LINE FRIENDS化妆品收纳盒旋转防尘化妆收纳筒桌面笔筒口红置物 化妆品收纳筒-BROWN款,￥49.90
化妆品收纳盒超大高档精致壁挂化妆品收纳盒免打孔防尘大容量护肤品口红挂墙上卫生间置物架 壁挂防水【轻奢绿】免打孔-拱门形,￥70.00
优勤（YOUQIN）旋转化妆刷收纳筒分格桌面眉笔眼影桶化妆品口红笔筒梳妆台收纳盒 【薄荷绿】化妆刷收纳筒,￥29.90
Luxurylady 防尘化妆品收纳盒 网红大容量化妆盒桌面护肤品置物架口红 亚克力梳妆台整理盒送礼 HZ11B 瓷光白 防尘大容量化妆品收纳盒,￥518.00
雏田化妆品收纳盒桌面抽屉式送女友化妆盒梳妆台护肤品口红大号化妆箱 【琥珀色化妆盒】【共1层】,￥12.71
旋转化妆品收纳盒置物架透明亚克力宿舍桌面护肤品梳妆台口红整理 钻纹L型款-化妆品护肤品 二合一收纳,￥78.49
优勤（YOUQIN） 化妆品收纳盒旋转化妆刷收纳筒梳妆台桌面笔筒口红眼影置物架 多功能旋转收纳桶-白色,￥22.90
唯 M 轻奢化妆品收纳盒亚克力大容量防尘桌面梳妆台口红护肤品置物架 【透明】四层抽屉+托盘架+口红格,￥149.00
"爱心东东	
我思我梦小王子礼物礼品盒 ins网红生日伴手礼礼盒礼袋精美女生口红包装 礼盒礼袋套餐-中号【拉菲草+灯】",￥39.00
先赞（FIRST PRAISE） 生日礼物盒送长辈礼品盒粉色伴手礼情人节正方形礼盒天地盖口红创意包装 大号礼盒+礼袋28*20*9,￥29.80
唯 M化妆品收纳盒网红桌面透明防尘大容量亚克力护肤品梳妆台置物架 【高颜值-贈口红盒】透黑三层,￥119.00
KAMAN 玻璃化妆品收纳盒抽屉式防尘化妆刷口红梳妆台护肤品置物架 月光宝盒,￥199.00
唯 M 化妆品收纳盒旋转置物架梳妆台桌面护肤品 宿舍口红架 电镀玻璃可旋转,￥79.90
唯 M 化妆品收纳盒旋转置物架梳妆台桌面护肤品 宿舍口红架 圆形旋转款,￥39.00
贤菁化妆品收纳盒防尘桌面化妆箱梳妆台口红盒护肤品置物架LL7 【摩卡棕】,￥399.00
唯 M 透明化妆品收纳盒防尘大容量桌面梳妆台口红护肤品置物架 一体款大号透黑,￥69.00
"爱心东东	
可狄（kedi） 可爱简约迷你小号桌面抽屉式口红收纳盒桌上小型收拾儿童头饰首饰钥匙架放小东西物件物品 黑色小号三层18*10*12c",￥25.00
雅漫庭网红化妆品收纳盒亚克力透明旋转桌面多功能梳妆台护肤口红置物架 大号旋转收纳,￥59.00
中掌柜善业古奇礼品盒手提袋 GUCC古奇盒子口红盒空盒香水礼盒开学季 礼品盒+袋子+丝带+贺卡+拉菲草,￥46.00
"爱心东东	
鸣朗精美礼盒空盒包装盒精致ins风口红香水唇釉礼品盒生日礼物盒小号 橙色14.5*8.5*5+袋子(含拉菲草) 空盒",￥10.30
"爱心东东	
鸣朗精美礼盒空盒包装盒精致ins风口红香水唇釉礼品盒生日礼物盒小号 轻奢绿礼盒14.5*8.5*5(含拉菲草) 空盒",￥7.50
卡瑟格（CASEGRACE） 化妆品收纳盒双层轻奢风旋转玻璃梳妆台化妆台化妆刷口红置物架化妆盒 格纹玻璃双层旋转化妆品收纳盒,￥269.00
KAMAN 化妆品收纳盒防尘玻璃桌面大容量梳妆台化妆刷口红护肤品置物架 【超值3件套】,￥157.00
KAMAN旋转化妆刷收纳筒桌面分格口红盒子笔刷桶轻奢透明散粉刷收纳盒 轻奢透绿【360°旋转收纳筒】,￥24.90
慕质旋转化妆刷收纳筒带盖防尘化妆品收纳盒梳妆台桌面口红眼影置物架 透明（不带盖）,￥55.90
素树家居 眼影盘收纳盒气垫粉饼收纳放口红的化妆品收纳盒腮红架抽屉分隔 小八格有3隔片可以拆 福利价,￥17.46
荣予旋转化妆品收纳盒梳妆台桌面大容量口红化妆刷护肤品整理置物架ll 奶油白可旋转单个装,￥169.00
宜美汇（YIMEIHUI）化妆品收纳盒轻奢防尘箱大容量抽屉梳妆台粉饼面膜化妆品置物架子 奶油白-三层【带防尘盖+口红盒】,￥109.00
KAMAN 化妆品收纳盒防尘玻璃大容量桌面口红护肤品置物架送女友礼物 【加大3件套】抽+顶+三合一,￥258.00
KAMAN 化妆品收纳盒防尘玻璃大容量桌面口红护肤品置物架送女友礼物 【4件套】顶+抽+口红盒+三合一,￥259.00
鸿科 抽屉式化妆品收纳盒首饰整理护肤桌面梳妆台塑料面膜口红置物架 中号 【卡其色】28*17*13,￥24.90
KAMAN化妆品收纳盒轻奢梳妆台抽屉式桌面透明亚克力口红盒护肤品置物架 收纳盒【烟晶灰色】,￥29.90
KAMAN桌面化妆品收纳盒卫生间口红面膜箱化妆刷筒桶梳妆台护肤品置物架 高定玻璃款【三格】,￥39.00
KAMAN化妆品收纳盒轻奢梳妆台抽屉式桌面透明亚克力口红盒护肤品置物架 单层抽屉【烟晶灰色】,￥34.90
KAMAN化妆品收纳盒轻奢梳妆台抽屉式桌面透明亚克力口红盒护肤品置物架 组合装【透】盒+抽屉,￥59.90
韩伦美羽化妆品收纳盒防尘透明桌面梳妆台大容量护肤高级感置物架亚克力箱 【奶白色】升级三层+口红格,￥119.00
KAMAN轻奢化妆品收纳盒梳妆台桌面护肤品口红置物架茶几零食杂物收纳筐 透明【带底座】2个装,￥39.90
KAMAN轻奢化妆品收纳盒桌面口红护肤品分格整理盒卫生间洗漱台面收纳筐 中号6格收纳盒【玉簪绿】,￥22.90
KAMAN轻奢化妆品收纳盒桌面口红护肤品分格整理盒卫生间洗漱台面收纳筐 小号3格收纳盒【玉簪绿】,￥19.90
KAMAN 化妆品收纳盒防尘大容量桌面透明梳妆台口红护肤品置物架 【超值套装】黑色加大斜顶+抽屉,￥79.00
菩本家 化妆品收纳盒护肤品梳妆台整理面膜口红化妆刷抽屉置物架防尘  粉色三抽屉34*22*15,￥199.00
Boelter亚克力收纳盒桌面化妆品口红零食透明护肤品镜柜梳妆台杂物盒子 透明手提可叠加*4个,￥21.90
KAMAN 镜柜收纳盒卫生间洗漱台口红整理盒浴室柜化妆品置物架子 大号多分格【透明绿】,￥19.90
KAMAN 镜柜收纳盒卫生间洗漱台口红整理盒浴室柜化妆品置物架子 分格收纳盒【透明绿】,￥19.90
KAMAN化妆品收纳盒轻奢玻璃桌面口红盒子防尘家用大容量护肤品置物架 轻奢一体免组装【金色】,￥159.00
贤菁化妆品收纳盒桌面梳妆台护肤品置物架口红整理桌上抽屉式盒子LL8 粉色【豪华超大号】 三抽屉,￥199.00
KAMAN化妆品收纳盒防尘便携整理盒大容量抽屉式口红护肤品桌面置物架 象牙白（大号）,￥45.80
KAMAN 化妆品收纳盒桌面眼影盘粉饼置物架气垫口红盒美甲架 【3层阶梯款】眼影盘收纳盒,￥15.90
傲家 旋转化妆品收纳盒 大号轻奢桌面梳妆台护肤品口红面膜整理置物架 【祖母绿】旋转收纳盒,￥39.90
KAMAN加厚透明化妆品收纳盒防尘大容量梳妆台桌面口红护肤品置物架 化妆盒+刷筒+口红盒+饰品盒,￥259.00
ABDT化妆品收纳盒桌面梳妆台护肤品置物架口红整理桌上抽屉式盒子 白色【豪华超大号】 三抽屉,￥259.00
唯 M 透明化妆品收纳盒防尘大容量桌面梳妆台口红护肤品置物架 特大号透明条纹一体款,￥99.00
唯 M 透明化妆品收纳盒防尘大容量桌面梳妆台口红护肤品置物架 大号透明【长24*宽16*高32cm】,￥69.00
