﻿Column1,Column2
Column1,Column2
Name,Price
汤臣倍健 女士多种复合维生素矿物质片120片礼盒 维生素b族维生素c维生素e烟酰胺维生素d 含铁叶酸锌硒片补硒,￥136.00
北京同仁堂 青源堂 阿胶固元糕1kg礼盒 阿胶膏固元膏即食阿胶糕阿胶片女人滋补生产产地东阿县,￥159.00
Swisse斯维诗 力她维女士多种维生素矿物质片90片 含B族VD维E钙铁硒叶酸烟酰胺等复合免疫营养 呵护成人女性,￥179.00
固本堂  人参阿胶补血口服液20ml*48支礼盒装阿胶浆  送礼长辈父母家长补品女人营养品食品礼盒增强免疫力,￥333.00
女用快感春朝液成人女人提高女性调情1用性感性生活用的情趣冷谈精油 【快感迭起】夫妻房事的用品 刺激液可搭配性功能保健男人激情喷雾,￥58.00
固本堂 人参阿胶口服液20ml*7支*7盒再加14支（共63支）阿胶浆女人送父母营养品食品礼盒,￥378.00
女士同房冷淡通用提高性情欲增强性冷谈女人用的潮兴分剂性功能春激情神器女性用品兴成人奋助性补充剂 【两粒尝鲜】 药房同绶】快乐同房神器阴...,￥16.90
汤臣倍健高含量维生素b族120片含烟酰胺多种复合维生素b含维生素b2维生素b6 成人男女加班熬夜,￥118.00
女人夫妻房事助性女士用品女性增强生活调情冷谈用品私处可射兴成人奋性性功能补充剂快感同房神器快乐水 套餐一】两粒体验装 药房同绶】乖乖发...,￥15.90
同仁堂 北京同仁堂大豆异黄酮葡萄籽维生素C软胶囊祛黄褐斑雌激素补充女性保健品60粒/瓶,￥59.00
同仁堂北京同仁堂铁叶酸片 白发维生素b6补铁叶酸变乌黑孕妇备孕成人男士女士中老年补充活性叶酸送礼物 1瓶,￥49.00
京东京造 女士多种复合维生素矿物质片（草莓味）60片 叶酸烟酰胺生物素维生素b族维生素c维生素e,￥39.90
内廷上用北京同仁堂黄芪当归铁片改善缺铁性贫血成人女性铁剂补七夕情人节礼物送女友60片/瓶,￥35.00
女用快感春朝液成人女人提高女性调i情专用性感性生活用的情趣冷谈精油刺激液可配性功能保健男人激情喷雾 【唤醒高潮】高潮液1瓶 药房同售夫妻...,￥54.00
福东海 阿胶糕固元糕1000克(约100块)食品礼盒 即食阿胶糕膏片 送女人长辈滋养补礼品气血佳品 东阿县产,￥126.00
Swisse斯维诗 胶原水光粉 透明质酸钠胶原蛋白肽固体饮料3g*28袋 热巴同款 含血橙VC玻尿酸 送女友 女士好礼,￥169.00
"爱心东东	
女人用品春房事女用兴成人奋补充剂女士欲仙性生活助性调情女外用夫妻刺激性用品性冷谈药房同绶 外用丸】 可搭唤起提高男女夫妻性功能女专通用...",￥76.44
【120粒礼盒款】汤臣倍健多维女士多种维生素矿物质片60粒*2 复合维生素女士含维生素C维E维b叶酸 女士,￥203.00
善存银善存中老年女士 复合维生素矿物质片 维生素C维生素e保健品 富含烟酰胺钙铁锌 160片 新旧包装随机发货,￥169.00
女人用品春房女事用搭兴成人奋补充剂女士欲仙性生活助性调情女外用夫妻非激素刺激性用品性冷谈药房同绶 一盒装,￥68.00
善存佳维片 复合维生素矿物质 含维生素c维生素e维生素b烟酰胺叶酸 男士女士中老年保健品全家适用120片装,￥142.00
"爱心东东	
【官方授权】善存女士复合维生素小紫瓶男士多种矿物质片多维生素片善存片多维元素片80粒膳存 【关爱女神-加送维c60粒】女士维生素80片 -",￥169.00
养生堂天然维生素E100粒+维C泡腾片30片 ve美容（祛黄褐斑）补充维生素C  成人男士女士营养品,￥109.00
汤臣倍健Yep胶原蛋白口服液 胶原蛋白肽小粉瓶3g小分子肽礼盒 水蜜桃酸甜味 送女友礼物 【热卖款】3盒装30瓶,￥458.00
养生堂高含量维生素b族150片  复合b12b2b6叶酸烟酰胺 成人男女保健品,￥138.00
德国进口性用夫妻用巧克力激情情趣成人倍用女性用品女性保健滋补他增强感情真品男人夫妻房事兴奋专门用 女用巧克力,￥49.00
同仁堂北京同仁堂维生素b族片复合维生素生物素叶酸烟酰胺多维元素b1维生素b2维生素b6维生素b12维生素b3瓶装,￥79.00
性功能兴助性奋夫妻增强欲仙调情高謿用品补充剂私处女性刺激成人女用性用品女人性生活提升药房同缓 体验装】袋装女士凝露两袋 房事男女通用冷...,￥15.90
"爱心东东	
女人用品春房事女用兴成人奋补充剂女士欲仙性生活助性调情女外用夫妻刺激性用品性冷谈药房同绶 两瓶外用丸】 可搭唤起提高男女夫妻性功能女专...",￥119.85
汤臣倍健 婷好青春胶囊(大豆异黄酮) 女士 保健品女人 0.2g*60粒,￥208.00
"爱心东东	
女性用品房事女人调情春兴成人奋女用夫妻用品男女通用提高欲情趣吹私处可射非薬兴分剂药房同绶 敏感迭起一瓶装】 药房同绶】",￥50.96
太太美容口服液60支 红花桃仁口服液内调祛黄褐斑四物汤口服液礼盒装,￥538.00
善存佳维片 复合维生素矿物质 含维生素c维生素e维生素b烟酰胺叶酸 男士女士中老年保健品全家适用60片装,￥89.00
诺特兰德 血橙复合维生素b族  维生素b咀嚼片 多种复合维生素vb1b2b6 成人男女加班熬夜 含叶酸【60粒/瓶】,￥9.90
善存 银善存片320片 中老年男女士 复合维生素b族 维生素C 维生素e 烟酰胺钙铁锌 送爸妈礼物 新旧包装随机发,￥310.00
汤臣倍健 迷你维E软胶囊100粒 高浓度维生素E小灯泡 补充ve送礼 送女友保健品 男士女士成人可搭配vc,￥103.00
胶城 传统原味阿胶糕500g盒装 山东东阿即食阿胶固元糕膏片块驴皮熬制 ejiao女性滋补送女友送长辈送礼礼品,￥46.20
【120片礼盒装】汤臣倍健多种维生素矿物质片120片 复合维生素含维生素C维生素B族保健品成人 女士120片礼盒装 含维生素E钙铁女性多维片,￥203.00
汤臣倍健 银色多维多种维生素矿物质片120片礼盒装 中老年男女士复合维生素含维生素c维生素e 钙铁锌硒片补硒,￥168.00
星鲨 富铁软糖女性铁元素气血色糖果零食营养品90g,￥49.00
康麦斯 丽多祛斑胶囊40粒 女性美容祛黄褐斑内调进口胶原蛋白肽羊胎素口服营养品护肤品,￥435.60
康恩贝 氨基酸片 适宜免疫力低 成人男女性中老年增强免疫力 0.8g/片*100片,￥55.00
汤臣倍健 高含量维生素b族60片 烟酰胺维生素 多种复合维生素b2b6 成人男女加班熬夜 可搭配vc【蓝帽产品】,￥58.00
加送90片】汤臣倍健 葡萄籽维生素C加E含原花青素抗氧化含vcve非软胶囊能搭胶原蛋白买送共180片,￥209.00
女人用品春房事女用兴成人奋补充剂女士欲仙性生活助性调情女外用夫妻刺激性用品性冷谈药房同绶 一盒装可搭男女性通用提高性情欲,￥118.00
北京同仁堂 阿胶糕 阿胶 阿胶固元糕 阿胶块 东阿特产补品礼盒年货送礼长辈非补血补气血女口服液 【500g*3盒】,￥256.00
汤臣倍健蛋白粉600g老年含乳清蛋白质粉增强免疫力成人男女中老年人营养品送礼,￥367.00
女人兴夫妻房事助性用品私处可射成人性专女用士性功能补充剂女性增强生活春调情冷谈用品 男久女潮】 【药房同绶,￥872.04
仁和叶酸B族生物素复合维生素h白发中老年补维生素B6黑头发成人男女士B族营养烟酰胺100片加班熬夜烟酒常备,￥59.90
女士套餐可搭淫羊藿女性欲仙非保健品用药提高欲調女性用品情趣性生活用的冷谈女人專通成人私处兴春奋剂薬 套装一【买2发3，买3发5】 夫妻房事...,￥198.00
胶城 阿胶片铁盒250g  东阿原产阿胶块可熬阿胶糕即食 增强免疫力滋补品送女友送妈妈节日送礼礼品,￥306.00
固本堂  人参阿胶口服液20ml*49支*4箱(共196支) 阿胶浆滋补气血女囤货装送补品长辈女性营养品,￥1253.33
999三九胶原蛋白肽口服液30ml*10支桃白白鲣鱼小分子弹性胶原蛋白活性肽粉抗搭胶原衰老七夕情人节礼物送女友,￥68.00
固本堂 人参阿胶口服液20ml*52支礼盒阿胶浆 礼品送长辈补品女人营养品食品礼盒滋补补品,￥368.00
哈药 六 朴雪牌铁维生素B12朴血口服液 0防腐剂 儿童成人孕妇中老年补铁口服液90支女性送礼礼盒,￥199.00
黄金搭档多种维生素矿物质片女士适用复合维生素含维生素C维生素E钙铁锌叶酸维生素B 60片/瓶,￥19.90
康富来血尔口服液礼盒装(76ml×8瓶)女人补血改善营养性贫血卟啉铁送爱人妈妈礼物礼品过节,￥128.00
康恩贝 冻干蜂王浆胶囊 成人中老年男士女士免疫调节保健食品 80粒,￥89.00
仁和大豆异黄酮维E软胶囊*3瓶装 黄体酮雌激素可配更年期妇女月经卵巢内分泌女性增强免疫保健品,￥177.00
,
女用快感春朝液成人女人提高女性调情1用性感性生活用的情趣冷谈精油 【快感迭起】夫妻房事的用品 [久战每一晚]夫妻房事的用品一支装配牡蛎玛咖...,￥109.00
成人性用品女人夫妻刺激房事女性女用性功能用品春兴助性奋调情私处可射增强欲仙性生活提升药房同缓 套餐一【单效女用款】 男女通用性唤起女士...,￥37.44
女人高乖乖可舔興奋房事夫妻快乐男人用增强女性同房神器非吃保健品冷谈调 情趣用品的春 药房 【第二盒半忦】浓缩丸二十粒,￥44.00
女用 一盒,￥128.00
汤臣倍健 多维男女士多种维生素矿物质片 含vc维生素c维生素e维生素片钙铁叶酸b族 【16种营养】女士多维礼盒120片,￥172.00
善存复合维生素c钙铁锌镁硒b族维生素d3evc叶酸钙片烟酰胺成人男女中老年佳维120片保健品送礼长辈 佳维成人复合维矿150片礼盒(120片送30片）,￥170.00
北京同仁堂乳清高钙蛋白质粉动植物双蛋白增强免疫提高抵抗力中老年男女成人术后营养品送礼400g一盒装,￥108.00
男性成人可配夫妻房事不麻不专用性用品非男士保健品大粗增快效速增加持硬度久三天非处方药房事专用性用药 [二人共爽]夫妻房事的用品一支装配...,￥99.00
999三九医药大豆异黄酮软胶囊增强免疫黄体酮雌激素建议搭配更年期妇女月经卵巢内分泌女性保养保健品,￥99.00
冬海红 人参阿胶糕400g礼盒 阿胶 即食产后男女补品块粉黑芝麻枸杞山东阿胶特产滋补 节日送礼物,￥398.00
【120片】汤臣倍健多维女士多种维生素矿物质片60粒*2复合维生素女士含维生素C维E维b叶酸 女士多维共120片,￥86.00
南京同仁堂 阿胶 阿胶糕 阿胶固元膏 非补气血女补养气血东阿特产阿胶即食阿胶 阿胶膏中秋礼品阿胶礼盒 实发3盒 送礼袋【510g*3盒】,￥112.00
北京同仁堂 阿胶糕 阿胶固元糕 东阿产阿胶阿姣糕礼盒送礼女士长辈父母家长非阿胶膏阿胶块气血女礼品礼盒 500g*2盒装,￥106.00
汤臣倍健男士多种维生素礼盒120片+女士多种维生素礼盒120片（含附件)复合维生素b维生素c维生素e 锌硒片补硒,￥406.00
女人高乖乖可舔興奋房事夫妻快乐男人用增强女性同房神器非吃保健品冷谈调 情趣用品的春 药房 体验装 】三粒,￥11.90
女性快感增强液成人性用品夫I妻房事专用免洗可搭阴道干涩私处调情欲仙药喷潮兴性奋春液的保健品药使用 【唤醒爱欲&仙仙水】1瓶装,￥48.00
同仁堂阿胶糕女性滋补即食块固元膏ejiao阿娇礼盒装气血调理营养膳食品家长见面礼物,￥99.00
莱特维健大豆异黄酮女品平衡片调理女性保养天然 (莱特维健大豆异黄酮女性更年期保健品天然平衡片巢保,￥88.80
北京同仁堂 阿胶糕 阿胶固元糕 东阿产阿胶阿姣糕礼盒送礼女士长辈父母家长非阿胶膏阿胶块气血女礼品礼盒 500g*1盒装,￥56.00
女士套装可搭淫羊藿夫妻房事用品女性丸药非保健品性冷谈女人用的速调效专情欲春望兴水奋乖乖非口吃补充剂 一瓶装,￥39.00
黄金搭档【3瓶】维生素c+维生素e+烟酰胺葡萄籽咀嚼片 维生素b成人女性烟酸VC VE【为美加分】补充vcve,￥79.90
,
999三九胶原蛋白肽口服液30ml*30支礼盒装 鲣鱼弹性小分子活性肽抗搭女朋友衰老桃白白七夕情人节礼物送女友,￥328.00
女用快感春朝液成人女人提高女性调情1用性感性生活用的情趣冷谈精油 【快感迭起】夫妻房事的用品 [二人共爽]夫妻房事的用品一支装配男士喷剂,￥99.00
999桃白白胶原蛋白粉6g*15袋 蜜桃味含vc维C补水抗水解胶原蛋白肽衰老小分子送女友礼物改善皮肤水分美容养颜,￥99.00
女人用品春房女事用搭兴成人奋补充剂女士欲仙性生活助性调情女外用夫妻非激素刺激性用品性冷谈药房同绶 三盒装,￥136.00
仁和当归苦杏仁何首乌祛斑胶囊2瓶装 祛黄褐斑内调养护女性养颜保养品美白配葡萄籽,￥179.90
官旗】汤臣倍健大豆异黄酮婷好青春胶囊60粒 大豆异黄酮含原花青素女士保健品,￥214.00
女人兴夫妻房事助性用品私处可射成人性专女用士性功能补充剂女性增强生活春调情冷谈用品 基础装】 【药房同绶,￥343.00
Natural Castle高纯度大豆异黄酮片搭女性更年期调理月经不调量少补充雌激 大豆复合片90粒/瓶【买2瓶送1瓶】,￥398.00
Swisse斯维诗复合维生素改善成人精力舒缓压力熬夜应酬维C营养成人活力片增强免疫保健品 女性复合维生素 120粒,￥249.00
【大药房直发】京补东黄芪阿胶口服液气血两虚改善营养性贫血可选择搭配男女士孕妇产后阿胶食品补l气血使用 黄芪阿胶1盒,￥17.80
采森牌B族维生素18片/瓶 补7种维生素营养含b12b2b6等成人男女皮肤干燥应酬多熬夜疲惫 1瓶装,￥9.90
诺特兰德 cyes血橙复合B族维生素咀嚼片多种复合维生素b族vb1b2b6牛磺酸成人熬夜血橙味【0.6克*100片/瓶】,￥14.90
女人用品兴成人奋女性助性男女冷淡通用提高性情欲增强潮兴分剂性功能激情补充剂同房神器快乐水药房同 29.5ml】一代基础款 药房同绶】欲仙夫妻房...,￥72.34
汤臣倍健维生素B族90片送30片男女士保健成人复合维生素b族b1维生素b2b6b12VB B族维生素片(成人)90片,￥114.00
诺特兰德 男士多维元素片 复合维生素b族锌硒综合片 维生素DB2B6锌镁多种维生素矿物质成人上班族【60片/瓶】,￥24.90
胶芝堂阿胶片保健品看望手术后看病人营养品增强免疫力提高男士女性成人中秋节送老人父母保养品中老年人补品 中秋端午节送礼佳品送长辈爸妈老...,￥536.00
,
福记坊 南京同仁堂 黑松露玛咖蛹虫草牡蛎肽片非男人滋补品可搭配男性肾保健品药海狗丸黄精口服 一盒【试吃装】,￥25.50
21金维他复合维生素 孕妇孕期营养 维生素bcd  叶酸片补钙铁备孕保健品送礼90片/瓶 孕妇【单瓶装90片】*2瓶,￥160.00
康恩贝 蛋白粉 蛋白质粉大豆分离蛋白成年中老年男女保健增强免疫力礼盒装400g/罐X2罐,￥119.00
女人高謿增加春嘲可搭調女情性春非保健用品非口的服情趣性冷談女人専用興奋增快强感提高慾望的丸丹 【三支装】,￥39.90
修正牌硒片补硒元素麦芽富硒i酵母片可搭有机硒维麦康五维生素富硒片hpv增强女性免胶囊疫力有机硒保健品 可搭锌硒片  60天量/瓶,￥77.90
金钙尔奇钙片 中老年维生素d3 补钙镁锌铜 成人男士女士骨骼健康老人缺钙骨质疏松腿抽筋营养保健礼盒装 【金秋送礼】钙300礼盒,￥205.00
朗迪 钙软胶囊60粒*1盒儿童钙液体钙补钙青少年钙片男女成人孕妇钙乳母营养,￥40.00
,
汤臣倍健 多维女士多种维生素矿物质片60片（女士型） 复合维生素片补充维生素CABDE含叶酸钙铁锌硒 1盒60粒,￥52.00
内廷上用 北京同仁堂驼乳高钙片驼奶钙片儿童青少年成人中老年 钙片 男士女士营养品送礼好礼,￥15.00
内廷上用 北京同仁堂钙维生素D片 儿童青少年成人中老年 钙片 儿童男士女士营养品送礼好礼,￥15.00
朗迪 钙软胶囊60粒*3盒儿童钙液体钙补钙青少年钙片男女成人孕妇钙乳母营养,￥79.00
康恩贝 复合维生素多种矿物质多维b族含维生素c vcvevb叶酸18种成人男女0.9g/片*60片,￥59.00
Natural Castle 钙片青少年高长高儿童钙片6-13岁10-15岁高中初中学生成人男女乳矿物盐钙片 90片/瓶,￥298.00
迪巧(D-cal)成人钙片 钙维生素D3维生素K2咀嚼片 钙片成人中老年补钙男女 孕妇钙片老年人通用 90片/盒,￥156.00
北京同仁堂内廷上用牡蛎精片蛹虫草海参牡蛎肽人参秋葵枸杞成人搭玛咖玛卡片男士性用品60片,￥69.00
Swisse斯维诗 胶原水光粉 透明质酸钠胶原蛋白肽固体饮料3g*28袋 *2盒装 热巴同款 含血橙VC玻尿酸 女士好礼,￥338.00
【海外优选】美国大豆异黄酮搭补充雌激素女性更年期卵巢早衰调理保养月经不调量少wxyz 3瓶周期装【2瓶的价格，实发3瓶】,￥896.00
"爱心东东	
【官方授权】钙尔奇孕妇钙片柠檬酸钙孕中期哺乳期孕晚期孕早期乳母产后补钙维生素d产妇专用60粒 【尝鲜20天量】孕妇钙60粒",￥118.00
【400粒礼盒装】汤臣倍健液体钙400粒 钙片中老年维生素D3维生素K2软胶囊钙DK男女成人孕妇补钙,￥248.00
凯镛 氨基酸口服液 10ml*10支 增强免疫力提高抵抗力成人中老年人术后营养补充送礼滋补品营养品,￥46.00
康恩贝 女士复合维生素多种维生素矿物质片烟酰胺生物素铁 vc vb族钙 60片,￥62.00
钙尔奇钙片成人女性钙 中老年 钙铁锌维c 补钙补铁补锌 维生素C vc k维生素 成人腿抽筋 30粒,￥53.50
修正优尔胶囊提高增强免疫力和抵抗力胶囊成人儿童男女士性免疫球蛋白胶囊术后恢营养补保健品中老年复送父母 一盒装（80粒）,￥228.00
【官方直营店】朗迪钙维生素D3咀嚼片 100粒碳酸钙 儿童钙片 男女孕妇补钙营养品 钙维D咀嚼片【100片/1瓶】,￥55.00
【官方直营】美国进口安美奇口服玻尿酸胶原蛋白肽男女通用中老年人可搭配美容养颜去皱纹淡斑美白抗i衰产品 【1瓶装60粒】建议买3赠1，4瓶一个周...,￥520.00
黄金搭档 黄芪阿胶补血口服液  女人改善营养性贫血补血气女士气血口服液补铁剂 送长辈送父母保健滋补礼品,￥79.00
胶城阿胶块片250g  山东东阿县原产铁盒 可打粉熬即食阿胶糕固元膏 女性补品增强免疫力 送长辈送礼礼品,￥348.00
北京同仁堂阿胶补血口服液可搭配补铁贫血气血女性补血口服液孕妇补铁口服液改善营养性贫血缺铁性贫血保健品 8盒巩固装,￥345.00
北京同仁堂 维生素B族片 维生素 维生素b 复合维生素b 维生素b1b2b6b12叶酸烟酸生物素成人 【0.5g*60片】*1瓶,￥39.90
人参鹿鞭片一粒快速起女用迈艾鑫戈蛹虫草黄精牡蛎肽女性滋补口服片成人专门用品老婆不让男性私人用品,￥59.00
21金维他 多种复合维生素bcde 烟酰胺 钙铁锌硒镁片 男女士中老年送礼维生素矿物质片 通用款60片 单瓶装,￥39.00
汤臣倍健 维生素E软胶囊 男士女士成人维e胶囊礼盒 送女友 补充ve保健食品（60粒*2瓶）,￥158.00
太太美容口服液红花桃仁内调祛黄褐斑四物汤口服液改善皮肤水分淡化色斑女美容调理 60支礼盒装,￥548.00
南京同仁堂 阿胶 阿胶糕 阿胶固元膏 非补气血女补养气血东阿特产阿胶即食阿胶 阿胶膏中秋礼品阿胶礼盒 配送礼袋【510g*1盒】,￥69.00
21金维他 复合维生素矿物质含钙镁锌硒维生素k2 备孕综合多种b族维生素bced营养补充送礼 成年女性【单瓶装56片】*1瓶,￥82.00
Swisse斯维诗 葡萄籽风味精华饮料300ml 含原花青素 接骨木莓味 成人女性营养 海外进口,￥349.00
善存 银善存160片复合维生素 中老年人50岁以上矿物质片 维生素C保健品 富含钙铁锌维e vc叶酸 50岁+中老年女士80片,￥99.00
养生堂 维生素B族片多种复合维生素b1B2b6加班上火熬夜常备b12叶酸 假一赔百 当天发货 60片送30片【实发90片】,￥43.90
黄金搭档 中老年多种维生素矿物质片100片礼盒装 送礼 含钙铁锌硒叶酸 成人补充维生素b维c维生素e补钙保健品,￥149.90
北京同仁堂青源堂当归黄芪铁片改善缺铁性贫血女性成人中老年可搭配补铁补血口服液营养品 30片,￥29.90
哈药六厂 维生素C柳橙味60片 补充VC维生素b6 成人男士女士维C维生素片咀嚼片 保健品,￥34.00
黄金搭档维生素B复合维生素维生素B1成人儿童维生素b2b6叶酸烟酰胺30粒瓶,￥9.90
钙尔奇 钙镁咀嚼片 青少年钙片 儿童成长钙片 学生钙4-6-13-17岁 男女孩补钙镁双重营养好吸收 【11-17岁青少年】钙镁同补180片60天囤货,￥210.00
女用性功能调情用品薬女人房事高謿私处刺激女性夫妻增强欲仙春兴助性奋成人性用品性生活提升药房同缓可射 套餐一】单瓶女士凝露 男女通用冷淡...,￥39.90
北京同仁堂 阿胶糕 阿胶固元糕 东阿产阿胶阿姣糕礼盒送礼女士长辈父母家长非阿胶膏阿胶块气血女礼品礼盒 250克*2盒（阿胶含量≥10%,￥87.80
斯利安 锌+叶酸片男女叶酸备孕好孕套装礼盒1个月量,￥118.00
康恩贝 黄芪当归  阿胶口服液 补气血 补铁 女性改善营养性贫血滋补保健品 10ml/支*10支,￥69.00
钙尔奇钙片液体钙维生素D软胶囊 中老年成人钙片女性日常补钙 VD3碳酸钙营养保健骨骼健康 【长辈尝鲜装】液体钙90粒*1瓶45天量,￥68.00
女性淫羊藿用品口服 女性淫羊藿用品口服虫草鹿鞭王胶囊金虎鞭黑金刚性保健品10粒 乳白色,￥62.90
"爱心东东	
【官方直营】康麦斯丽多羊胎素祛斑胶囊美国进口女性内调祛斑保健品 祛斑胶囊*3瓶【4年以上斑点套餐】",￥1071.57
北京同仁堂大豆异黄酮葡萄籽维生素C软胶囊祛黄褐斑雌激素补充黄体保健品非卵巢内分泌更年期妇女女性 1盒装,￥28.90
汤臣倍健多种复合维生素矿物质120片礼盒维生素b族维生素c维生素e加烟酰胺维生素d叶酸钙铁锌硒好礼 男士多维礼盒共120片4个月量,￥203.00
养生堂天然维生素E200粒 VE美容（祛黄褐斑）维生素e软胶囊 成人营养保健品 中老年人女士补充ve 1瓶VE200粒,￥65.00
内廷上用北京同仁堂维生素C维生素E烟酰胺片烟酸叶酸复合维生素b族180片,￥49.80
女人房事高謿调情用品薬私处刺激女性夫妻女用性功能欲仙增强春兴助性奋成人性用品性生活提升药房同缓可射 套餐一】98%人选购 男女通用性唤起女...,￥91.13
北京同仁堂 维生素B族片 维生素b1 b2 b6 b12儿童成人男性女性搭复合维生素 多种维生素片 5瓶装【30%客户选择】,￥67.00
【官方直营】美国进口安美奇口服玻尿酸胶原蛋白肽男女通用中老年人可搭配美容养颜去皱纹淡斑美白抗i衰产品 【4瓶周期装】3瓶价 85%客户选择,￥1560.00
善存佳维片男女复合多种维生素矿物质 成人老人通用 补钙铁锌硒维C维B维E 17种营养日常 60片x2盒/共120粒,￥199.00
康恩贝 蛋白粉 蛋白质粉营养粉植物成年中老年男女增强免疫力保健品营养品 400g/罐*1罐,￥68.00
女士按摩可搭女性性房事外用久壯延阳时持不粗射度助加非速延效迟补品不泄中老年保健品 【快感丸粉色装】,￥98.00
北京同仁堂 葡萄籽胶囊 祛黄褐斑 葡萄籽维生素e软胶囊 女性祛斑胶囊 含原花青素女性淡斑保健品 【500mg/粒*40粒】*3瓶,￥178.00
康恩贝 血红素铁补铁片含维C 孕妇女性儿童乳母成人中老年人搭红丽口服液改善营养性贫血产品 单瓶装【买二瓶发三瓶】,￥59.00
汤臣倍健女士多种复合维生素矿物质片 补充女士多维 vcvbve 叶酸钙b1b2b6 XK 礼盒装60粒*2瓶【共120片】,￥185.00
"爱心东东	
碳酸钙液体钙成人中老年补钙澳能达钙维生素D软胶囊成人中老年骨质酥松男女补钙产品 100粒*1瓶",￥39.90
女性夫妻冷淡用品巧克力男性用品德国黑金I刚增强感情 女巧克力（一颗）,￥26.00
安美奇牡丹番茄籽油 女性健康好物可搭配PRL乳安素保养产品使用 北美进口 1瓶装【建议四瓶周期调理】,￥428.00
汤臣倍健蛋白粉 含乳清蛋白质粉增强免疫力成人男女中老年人营养品保健品 蛋白粉共600g,￥394.00
汤臣倍健 多维男女士多种维生素矿物质片 含vc维生素c维生素e维生 【16种营养】女士多维礼盒120片,￥168.00
钙尔奇添佳片维D钙片 中老年成人男女补钙钙片 补充钙镁锌铜维生素 300粒*1盒 礼盒装,￥258.00
即食燕窝礼盒重阳节礼品（搭中老年人保健品术后营养品补品送长辈岳母父母老人礼物女士坐月子滋补品用） 中秋节八月十五送老人营养品孝敬长辈...,￥248.00
纽斯葆牌新品16种蚕蛹氨基酸片110片复合安基酸增强体质提高免疫力中老年男女增强免疫力保健营养品,￥108.00
21金维他2阶 复合维生素矿物质 锌镁片男士多种维生素女士多维元素片备孕叶酸维生素b维生素c保健品 成人男士款140片,￥188.00
汇仁长白山鲜人参原浆口服液皂苷中老年人营养品滋补手术后病人补品送父母长辈可搭免疫力非固本保健品礼盒 鲜人参原浆口服液(六盒礼盒装)半年...,￥3880.00
女士同房冷淡通用提高性情欲增强性冷谈女人用的潮兴分剂性功能春激情神器女性用品兴成人奋助性补充剂 【1盒/10粒】 药房同绶】快乐同房神器阴...,￥59.90
康恩贝 大豆异黄酮软胶囊 增强免疫力女性保健食品 500mg/粒*60粒,￥85.00
北京同仁堂 氨基酸口服液增强免疫力 老年人营养品 老人补品中老年保健品提高增强免疫力和抵抗力 男女士父母家长送礼【10ml/支*72支】*1盒,￥138.00
塔木金 北京同仁堂维生素B族片62片 B族维生素片成人男士女士复合维生素b vb生物素b1b2b6,￥39.90
桂林三金大健康锌硒片100片富硒酵母成人男女4岁以上儿童青少年补充白瓶营养元素协同锌硒宝备孕品,￥44.00
新盖中盖 哈药六厂 成人钙维生素D3维生素K2软胶囊 100粒 补钙钙片 中老年男女骨骼营养保健品 新升级,￥59.00
21金维他复合维生素 孕妇孕期营养 维生素bcd  叶酸片补钙铁备孕保健品送礼90片/瓶 孕妇【单瓶装90片】*1瓶,￥89.00
嘉德 卵白蛋白口服液白蛋白免疫调节提高免疫力 成人老年人营养品 术后营养保健品 送礼长辈营养品30ml*10瓶,￥238.00
体恒健白羊丹酸白固妍正多白品羊丹原花青素羊胎素胶囊羊丹肽丹参葡萄籽去祛黄褐斑,￥198.00
回凤堂【第二件0元】蜂胶软胶囊高浓度增强抵御力免疫蜂胶干提取中老年男女士营养保健品 蜂胶*1  60粒,￥59.00
汤臣倍健  婷好青春胶囊(大豆异黄酮) 0.2g*60粒 1瓶装,￥77.00
葵花药业维生素B族60片+维生素C咀嚼片60片 成年男士女士维生素组合【葵花维生素套装】,￥35.90
汤臣倍健 婷好青春胶囊 0.2g*60粒/瓶 大豆异黄酮 成年女性延缓|衰老 【延缓|衰老】标准装60粒/瓶【买赠发2瓶】,￥169.00
汤臣倍健维生素b族片 多种复合VB vb 含烟酰胺叶酸b6b12 中老年白发头发h CS （共190粒）100粒+30粒*3瓶,￥203.01
名实 巢倍滋大豆异黄酮胶囊120粒 延缓衰老女性保养保健品 含覆盘子葡萄籽 植物提取补充雌激素 【1盒基础装共120粒】,￥498.00
北京同仁堂大豆异黄酮葡萄籽维生素C软胶囊祛黄褐斑雌激素补充黄体保健品非卵巢内分泌更年期妇女女性 5盒装,￥147.00
人参玛咖黄精牡蛎片配性用品口服雄性激素配男性保健品威哥补I精固I精丸海狗丸可搭配 一瓶可搭增大二次發育海绵體增粗壯阳延時保健藥60粒,￥98.00
GNC健安喜 女多维 女士多种复合维生素矿物质片60片*2瓶 含钙铁锌硒镁锰维生素ABCDEK叶酸 60片*2瓶 有效期25年5月,￥139.00
同仁堂钙维生素D维生素K片 高钙片中老年腿疼腰疼腿抽筋 女士吃的钙片补钙女性骨折骨质疏松营养品补品 买2发3【到手3瓶 无蔗糖】,￥126.00
钙尔奇钙片中老年人成人补钙(吞服)维生素d3送父母老人缺钙骨质疏松腿抽筋金钙尔奇男士女士 【礼盒装】钙片100片*3瓶,￥229.07
澳琳达Aurinda牌蜂胶澳洲进口黑蜂胶胶囊男女性中老年保健品送礼老人亲朋免疫力低下者 蜂胶500mg*365粒,￥1088.00
仁和 大豆异黄酮维E软胶囊 60粒 黄体酮雌激素建议搭配更年期妇女月经卵巢内分泌女性保健品 1盒,￥35.80
倍思臣氨基酸口服液10ml*12支增强免疫力术后营养品保健品儿童孕妇男女中老年营养液健康过节送礼佳品 三盒装【18天用量】,￥158.00
北京同仁堂蛋白粉增强免疫力老年蛋白粉男女成人老年人增强免疫力和抵抗力中老年人术后营养品送礼礼品,￥88.00
北京同仁堂 青源堂 维生素C咀嚼片 成人补充维生素维C片橙子味 男士女士VC维生素片维C保健品100片,￥33.00
999多种B族维生素片复合维生素b b1 b2 b6 b12维他命B 三九vb叶酸100片/瓶,￥34.90
仁和B族维生素（生物素）锌硒片60片含维生素b1 b2 b6 b12成人男士复合维生素片,￥59.90
北京同仁堂硒片60片 硒元素富硒酵母成人中老年补硒麦芽硒片女性hpv增强免疫力提升抵抗力的保健品 1盒【推荐按周期买】,￥65.90
哈药朴雪牌铁维生素b12口服液补血口服液贫血搭补血口服液补铁女人礼盒成人儿童缺铁孕妇老人补铁 哈药六朴雪牌铁维B12口服液90支,￥209.00
90支礼盒】修正雪铁牌乳酸亚铁口服液非补血口服液补血气女气虚血亏贫血补血食品茶补血补铁成人儿童孕妇 90支*1盒【礼盒装】,￥149.00
诺特兰德 生命主义硒胶囊 补充硒微量元素 成人男女富硒酵母成人保健品【60粒/瓶】,￥39.00
资膳堂当归黄芪铁片补血补铁药房同款保健品可搭补血补铁口服液贫血女人成人官方大药房 2瓶装【多人购买】,￥69.00
胶城 阿胶粉5g×50袋 山东东阿县阿胶原粉即食速溶粉 增强免疫力健康滋补送女友送长辈节日送礼中秋礼品,￥348.50
北京同仁堂人参鹿鞭玛咖牡蛎片肽男用可搭配補腎壯陽产品使用强身健体 一瓶装,￥128.00
,
内廷上用 北京同仁堂硒含片补硒片 硒 硒元素片女性成人补硒 异麦芽酮糖醇 碳酸钙 硒片保健品 1盒装,￥49.00
仁和乳酸亚铁口服液搭女性补血口服液孕妇补血气儿童中老年成人贫血气虚保健品血亏铁元素补铁阿胶补血等使用 1盒60支(买2发到手3盒),￥89.00
修正叶酸B族生物素复合维生素h白发中老年维生素B6黑头发成人男女士B族营养加班熬夜烟酒常备,￥20.00
汤臣倍健蛋白粉600g礼盒装增强免疫力男女中老年人保健品蛋白质 蛋白粉礼盒装【600g】,￥210.00
哈药新盖中盖牌高钙片哈药六厂成人钙片男士女士中老年腰酸背痛骨质疏松补钙含维生素D钙片110片装碳酸钙 哈药盖中盖高钙片110粒2瓶装,￥59.80
999 钙片成人男女补钙 液体钙维生素D3钙片软胶囊孕妇钙片中老年腰疼腿疼骨质疏松骨骼骨折营养400粒礼品礼盒,￥128.00
佳莱福 涵谷关钙维生素D片 男女补钙中老年成人儿童孕妇乳母 维生素D3碳酸钙 高钙片500粒,￥83.00
善存维生素C咀嚼片橙子口味礼盒装 成人男女通用 补充vc 90片+15片+15片,￥109.00
修正维生素b族含片 含VB1维B2 B6 B12和叶酸 多种男女复合维生素,￥19.90
养生堂天然维生素C咀嚼片60片+VB30片 增强免疫力 VC  成人男士女士vc维生素片咀嚼片,￥89.00
禾博士当归黄芪铁片60片/瓶改善贫血补气血补气补铁补血男女成人中老年不上火营养品保健品铁剂 1盒【建议按周期买】,￥26.90
【美国进口】大豆异黄酮蔓越莓可搭鹿胎子宫卵巢月经量少月经不调更年期雌激素催经闭经女性内分泌失调 3瓶周期装（只需2瓶的价）,￥1196.00
即食燕窝礼盒节日送礼补品送父母礼品见面礼长辈礼物可搭癌症化疗手术后补品女性中老年人营养品保健品 看望病人术后营养品孕妇礼物产后妈妈礼...,￥248.00
【官方授权】钙尔奇钙片中老年金钙尔奇添佳片成人老年人男女补钙锌镁铜碳酸钙维生素d骨质盖尔奇疏松送礼盒 【送礼（赠礼袋）-5个月用量】钙尔...,￥249.90
桂林三金大健康B族维生素片多种复合维生素b1b2b6b12烟酸b3生物素b7叶酸成人男女补vb维b加班熬夜,￥33.90
修正维生素D钙片中老年人碳酸钙成年女性男青少年液体补钙d3,￥29.90
北京同仁堂力硒片非补硒片hpv增强免疫力硒元素片非麦芽硒维康非保健品提高抵抗力女性成人富硒片酵母宝片 3瓶【周期装】非增强提高抵抗力女人多...,￥78.00
北京同仁堂蛋白粉增强免疫力老年人补充营养分离乳清蛋白粉女性糖尿人专用食品无蔗糖术后复康500g,￥119.80
送摇摇杯/康恩贝金罐蛋白粉无糖分离乳清蛋白粉双蛋白高蛋白质粉增强免疫力学生中老年人成人男女大豆蛋白粉,￥129.90
【90支礼盒装】修正雪铁牌乳酸亚铁口服液搭补血口服液补血气女气虚血亏贫血补血食品补血补铁成人儿童孕妇,￥108.00
盈康 益生菌蛋白质粉1kg 白云山蛋白粉 中老年父母长辈女性成人孕妇儿童3一15岁免疫力 术后营养补品送礼,￥128.00
内廷上用 北京同仁堂维生素C泡腾片甜橙味VC补充维C保健食品小蓝帽营养品成人青少年老人男士女士送礼好礼,￥16.90
北京同仁堂青源堂锌硒维生素b6生物素片富硒酵母男女成人补充营养元素 【2个月量】60片,￥29.90
氨基酸口服液提高增强免疫力中老年人营养品抵抗力成人保健品老人滋补术后男女父母 4盒周期装1000ml,￥79.00
【官方授权】钙尔奇钙片中老年金钙尔奇添佳片成人老年人男女补钙锌镁铜碳酸钙维生素D骨质盖尔奇疏松送礼盒 【入门装-50天用量】钙尔奇100片*1瓶,￥79.00
仁和B族维生素片60片含多种维生素VB1b2b6b12烟酰胺 成人男女加班熬夜生物素 泛酸叶酸烟酒常备,￥29.90
999三九益普利生牌多种b族维生素 100片 男士女士成人复合维生素b1b2b6b12叶酸泛酸烟酸加 1瓶*100片,￥49.90
北京同仁堂铁叶酸片61片 男女成人补充中老年人可搭配活性叶酸产品 1盒【建议按周期买】,￥44.90
修正牌沛怡优佳复合蚕蛹双蛋白质粉浓缩乳清蛋白粉固体饮料可配成人男女性中老年术后营养品补品 沛怡优佳两盒,￥436.00
"爱心东东	
仁和 葡萄籽大豆异黄酮植物片女性增强免疫力保健品 葡萄籽大豆异黄酮片60片/瓶",￥28.65
L-精氨酸L-瓜氨酸粉精子不液化健身一氧化氮男性氮泵520情人节礼物送男女友荟草博精预售10月7日发 优选 精氨酸250g+瓜氨酸250g,￥54.34
【 增强女性免疫力 药房同售】金仕康 大豆异黄酮软胶囊 补充植物雌激素  呵护内分泌月经期更年期适用 单瓶 50粒,￥49.00
【海外优选】美国大豆异黄酮搭补充雌激素女性更年期卵巢早衰调理保养月经不调量少wxyz 7瓶巩固装【4瓶的价格，实发7瓶】,￥1792.00
仁和大豆异黄酮维E软胶囊雌性激素补充调节增强免疫力改善气色女性维持女性激素平衡内分泌失调养60粒/瓶 一瓶装【体验装】,￥59.00
200粒礼盒装】汤臣倍健维生素B族片100片成人男女多种复合维生素含b1b2b6b12 【100粒维B*2】礼盒装+小药盒,￥108.00
哈药朴雪牌铁维生素B12口服液 成人孕妇女性补铁补血营养品礼盒款 【1盒90支装】补充铁维生素B12,￥189.00
敬修堂 阿胶红枣蛋白质粉1000g 成人中老年人女性免疫力送长辈术后补品 送礼健康蛋白粉营养品,￥128.00
益中乐叶酸片补铁补叶酸成人男女士孕前孕中备孕专用 1瓶体验装,￥128.00
汤臣倍健Yep胶原蛋白口服液 胶原蛋白肽小粉瓶3g小分子肽礼盒 水蜜桃酸甜味 送女友礼物 买赠共9盒装共90瓶,￥1374.00
北京同仁堂青源堂当归黄芪铁片改善缺铁性贫血女性成人中老年可搭配补铁补血口服液营养品 【性价组合装】30片*3瓶,￥75.50
北京同仁堂人参鹿鞭玛咖牡蛎片肽男用可搭配補腎壯陽产品使用强身健体 三瓶装,￥256.00
,
北京同仁堂 维生素B族片 维生素 维生素b 复合维生素b 维生素b1b2b6b12叶酸烟酸生物素成人 【0.5g*60片】*3瓶,￥79.80
北京同仁堂阿胶补血口服液可搭配补铁贫血气血女性补血口服液孕妇补铁口服液改善营养性贫血缺铁性贫血保健品 5盒效果装,￥207.00
钙片中老年维生素d液体钙成人老年人搭腿抽筋腿疼骨质疏松腰疼女士补钙增加骨密度骨折营养品 三瓶周期装（大容量300粒，腿脚抽筋）,￥118.00
仁和多种维生素矿物质片成人复合维生素补充锌硒钙铁镁铜B族vb1b2b6b12叶酸b9男女综合元素 60片,￥25.50
21金维他 多种复合维生素bcde 烟酰胺 钙铁锌硒镁片 男女士中老年送礼维生素矿物质片 通用款60片 三瓶装,￥125.00
钙尔奇钙片液体钙维生素D软胶囊 中老年成人钙片女性日常补钙 VD3碳酸钙营养保健骨骼健康 【全家适用】易吸收液体钙90粒*2瓶90天量,￥149.00
999三九药业天然维生素C维生素E咀嚼片多维多种维生素片女士vcve复合维生素CE七夕情人节礼物送女友2瓶120片,￥49.80
北京同仁堂 青源堂 维生素E软胶囊 男女成人补充ve维e高含量维生素E内服外敷保健品100粒,￥39.00
当归黄芪铁片补血补铁改善缺铁性贫血京東店自營可搭补血口服液女人营养品官方店旗舰同款 1瓶60粒装【麦金利牌】初体验,￥49.00
资膳堂当归黄芪铁片补血补铁药房同款保健品可搭补血补铁口服液贫血女人成人官方大药房 5瓶装【中度缺铁性贫血】,￥169.00
汤臣倍健 多维女士多种维生素矿物质片 双瓶 60片*2瓶 1盒装（60片*2瓶）,￥80.00
北京同仁堂 青源堂 多种维生素矿物质片 成人中老年多种复合维生素b1b2b6b12维C维D钙铁锌硒生物素60片,￥39.90
哈药  哈药六B族维生素片 0.37g*100片/瓶 维生素B族复合维生素吞服片 富含叶酸烟酰胺,￥69.00
黄金搭档 【3瓶】男士型多种复合维生素矿物质片60片 综合补充男性钙锌硒叶酸vc营养品,￥168.00
,
同仁堂 北京同仁堂钙片成人中老年人孕妇儿童青少年成长维生素D高钙咀嚼片60片*3瓶,￥108.00
"爱心东东	
【官方直售旗舰】资膳堂当归黄芪铁片补铁补血改善贫血缺铁性可搭补血口服液贫血女性补女人气保健品 资膳堂当归黄芪铁片三瓶装",￥82.00
北京同仁堂 黄芪当归阿胶口服液 阿胶补血口服液补铁补血改善贫血补铁口服液补血气女人贫血成人 中秋送礼 90支礼盒装,￥168.00
海王牌蛋白粉500g 蛋白质粉大豆蛋白男女中老年成人增强免疫力动植物双蛋白 4罐装礼盒装,￥569.00
善存银善存 男女士多种维生素矿物质片  补充22种多维营养 女士  80片/盒（适用中老年成年女士）,￥209.00
北京同仁堂青源堂当归黄芪铁片改善缺铁性贫血女性成人中老年可搭配补铁补血口服液营养品 【15天量装】30片*2瓶,￥55.30
康恩贝钙片维生素D软胶囊 中老年成人男士女性液体钙片补钙骨质疏松腰腿疼痛腿抽筋cyb 【礼盒装】钙D200粒*2,￥57.47
汤臣倍健维生素E软胶囊维e颜值提升女士可搭VC片 60粒 120粒礼盒装 60粒 有效期至：2023.12,￥29.00
仁和维生素B族片 高含量B族维生素B水飞蓟护肝多种复合维生素含b1 b2 b6 b12烟酰胺 1瓶体验装【单拍不划算!】,￥24.90
仁和高含量B族维生素B100片多种复合维生素含b12b2b6烟酰胺 成人男女加班熬夜 生物素 叶酸,￥59.90
北京同仁堂 牛磺酸 多维牛磺酸片 牛磺酸维生素 复合维生素男女通用非牛磺酸片泡腾片 牛黄酸成人男士 【1.2g*60片】*3瓶,￥79.80
爱司盟活性叶酸片白发男女（可搭活性白头转黑同型半胱氨酸偏高活性铁叶酸片胱氨酸片使用丝易黑胶囊） 1瓶体验装【建议购买周期装】,￥628.00
丁甘叶 战桂旗 黄芪提取物女贞子胶囊 舰品 4瓶装,￥477.00
修正优尔胶囊提高增强免疫力和抵抗力胶囊成人儿童男女士性免疫球蛋白胶囊术后恢营养补保健品中老年复送父母 一盒装（40粒）,￥126.00
【官方授权】钙尔奇钙片中老年金钙尔奇添佳片成人老年人男女补钙锌镁铜碳酸钙维生素D骨质盖尔奇疏松送礼盒 【囤货装-200天用量】钙尔奇100片*4瓶,￥300.00
养生堂液体钙维生素D3维生素K2软胶囊320粒礼盒装日常补钙钙片中老年人成人男女孕妇哺乳期补钙营养品 实发钙DK320粒,￥128.00
北京同仁堂老年钙片搭腿抽筋腿疼骨质疏松液体钙中老年人保健营养品补钙腿疼腰疼骨骼健康膝盖疼男女士软骨素 五盒装 【回馈巩固装  买三宋二 低...,￥118.00
朗迪 钙软胶囊 儿童钙液体钙补钙青少年柠檬酸钙钙片男女成人孕妇钙乳母营养品 60粒*1,￥24.00
同仁堂北京同仁堂阿胶人参大枣颗粒改善营养性贫血女成人滋补营养品 补气补血女人补品3盒,￥142.00
钙尔奇 钙镁咀嚼片 青少年钙片 儿童成长钙片 学生钙4-6-13-17岁 男女孩补钙镁双重营养好吸收 【11-17岁青少年】钙镁同补180片60天量,￥300.00
仁和大豆异黄酮维E软胶囊雌性激素补充调节增强免疫力改善气色女性维持女性激素平衡内分泌失调养60粒/瓶 三瓶装【 周期装95%加购 】,￥118.90
【药房直售】玛丽安娜补血汽两虚双补贫血补血低血压口服液黄芪阿胶食品男女士孕妇产后可搭配补铁益气茶 黄芪阿胶3盒,￥54.80
"爱心东东	
氨基酸口服液提高增强免疫力和抵抗力搭老人食品营养中老年人术后复恢营养品男女士补品送长辈癌症病人化疗后 女性补充体力缓解疲劳抗疲劳熬夜 ...",￥128.00
北京同仁堂 阿胶补血口服液 黄芪当归阿胶口服液补铁补血改善贫血补铁口服液补血气女人贫血成人 礼盒 礼物送女友老婆【90支礼盒装】,￥198.00
康恩贝 阿胶黄芪口服液可搭阿胶补血口服液补血气血女人补铁口服液成人孕妇补血营养品改善缺铁性贫血产品 【周期装 90支】买2件再送30支 到手210支,￥328.00
【120片礼盒装】汤臣倍健多种维生素矿物质片120片 复合维生素含维生素C维生素B族保健品成人 女士多维礼盒共120片4个月量,￥203.00
【药房直售】汤臣倍健富硒片补硒品男女性有机硒微量元素片 富硒酵母 一罐  一罐,￥84.00
钙尔奇钙片 液体钙维生素D3软胶囊碳酸钙柠檬酸钙成人女性孕妇乳母中老年4-17岁补钙VD钙片骨骼健康 【家庭尝鲜装】液体钙90粒*2瓶90天量,￥149.00
善存男女复合多种维生素矿物质 成人老人通用 补钙铁锌硒维C维B维E 17种营养日常保健 善存佳维60片×2盒,￥209.00
21金维他 复合维生素 多种维生素矿物质片60片*5礼盒装 复合维生素锌镁片男女士 富含bcd vc ve,￥233.20
21金维他 维生素C维生素E咀嚼片60片 vc 维c ve 维生素c+e 成人男女士 中老年 保健品,￥75.00
康恩贝维生素B族片成人男女复合维生素b族b1b2b6b12 b族维生素C片烟酰胺生物素叶酸 1瓶B族90片（女款）,￥59.90
迪巧钙维生素D维生素K咀嚼片成人中老年男女钙片孕妇钙片含钙维生素d3k2成人钙片90片3盒礼盒装,￥393.00
黄金搭档 中老年型多种维生素矿物质片礼盒装180片老年人 送礼 复合维生素成人男女士补充钙铁锌硒维生素叶酸,￥158.00
礼盒装】汤臣倍健 多种维生素矿物质复合维生素vc维b维e钙铁锌h叶酸b族烟酰胺女士多维成人120片,￥203.00
汤臣倍健B族维生素片 中老年男女复合维生素B族成人男女士复合维生素b1b2b6b12 100片维B+100片维B【共200片】,￥115.00
21金维他 复合维生素钙片中老年男女性矿物质补充 维生素bcd k2叶酸片 50岁及以上人群礼盒 中老年男士140片1瓶,￥208.00
北京同仁堂阿胶固元糕即食驴皮阿胶礼盒装女人滋补品养气气血双补营养品送礼长辈父母家长300g 1盒装,￥79.00
禾博士当归黄芪铁片60片/瓶改善贫血补气血补气补铁补血男女成人中老年不上火营养品保健品铁剂 3盒【周期装】,￥119.90
21金维他 儿童青少年复合多种维生素矿物质补充维生素b族维cde补钙片7-17岁适用 送礼56片/瓶 青少年儿童女 【单瓶装56片】*3瓶,￥251.00
北京同仁堂 葡萄籽软胶囊 花青素软胶囊 葡萄籽提取物 抗氧化 美容养颜 改善衰老 女性保健品 60粒,￥49.90
康恩贝钙维生素D软胶囊200粒 无糖钙片液体钙中老年成人青少年缺钙补钙男士女性碳酸钙含维生素d3,￥39.00
400粒】汤臣倍健液体钙维生素D维生素K软胶囊 中老年男女补钙孕妇乳母补钙 补钙维生素DK礼盒装共400粒,￥192.00
碱来儿搭配碱性食物小苏打片调理专用碱性食品碱胶宝备生高碱性天然钙片男性孕前可吃营养强碱男女通用 礼包,￥17.10
无限极女仕口服液养固健女仕口服液 无极限保健品,￥225.00
北京同仁堂硒片60片 硒元素富硒酵母成人中老年补硒麦芽硒片女性hpv增强免疫力提升抵抗力的保健品 3盒【周期装】,￥110.90
华北制药 蒲公英栀子菊苣片 添加蒲公英粉 栀子粉 菊苣粉 男女士成人均可食用 送长辈礼物 60片/瓶,￥68.00
国蓉增强免疫缓解体力疲劳肉苁蓉胶囊30粒/瓶礼盒装 肉苁蓉西洋参胶囊男女保健品送礼 一瓶装30粒（15天量）,￥360.00
"爱心东东	
【康麦斯羊胎素祛斑胶囊】祛黄褐斑口服胶原蛋白美容养颜女性进口保健品 祛斑胶囊【3瓶周期装】推荐",￥1018.00
汤臣倍健Yep胶原蛋白口服液 胶原蛋白肽小粉瓶3g小分子肽礼盒 水蜜桃酸甜味 送女友礼物 1盒共10瓶,￥229.00
仁和硒片61片/瓶 硒元素 酵母硒片成人补硒可撘配麦芽硒片女性hpv增强免疫力提升抵抗力的保健品 1盒【建议按周期买】,￥44.90
美国进口爱司盟牡蛎片可搭海狗丸淫羊藿玛咖肽玛卡精华鹿鞭成人男性雄性激素睾酮素口服非保健品 一瓶装,￥398.00
男性口服10粒牡蛎片 一盒,￥138.00
美国进口爱司盟刺梨胡萝卜生物素 可与胱氨酸片生长头发胶囊维生素b6防掉脱头发营养素保健食品同食 1瓶60片【拍3瓶发4瓶】,￥498.00
海王优品 多种B族维生素片0.5g*90片复合维生素B族含叶酸 进口原料舒缓压力补充维b1b2b6b12成人男女加班熬夜,￥93.80
桂林三金大健康锌硒生物素维生素b6片补锌补硒片b7维生素h搭配锌硒宝成人男女保健品 1瓶60片,￥23.90
禾博士当归黄芪铁片60片/瓶改善贫血补气血补气补铁补血男女成人中老年不上火营养品保健品铁剂 5盒【周期效果巩固装】多数人选择,￥149.80
21金维他 B族多种维生素片 男女士胆碱8种B族 锌硒片 生物素叶酸b12b6b2 保健品礼盒 成年男士 锌硒同补60片,￥87.00
【美国原装进口】爱司盟羊胎素祛斑胶囊内调祛斑葡萄籽胶囊祛黄褐斑雀斑老年淡斑保健品适配美白美容养颜 【仅需三瓶价格】四瓶周期装更多客户...,￥1518.00
北京同仁堂多百白畅音维生素硒含片补硒片hpv麦芽硒维康提高女性硒元素片京东药房官方旗舰店正品自营xl 3盒=只需2盒价格,￥118.00
阿胶固元膏阿娇块糕即食纯手工片女人气血补品滋补调理山东驴皮驴胶 山臻 【1罐】,￥16.80
善存复合多种维生素多种矿物质片保健品男士女士多种营养素矿物质80片 富含维生素c维生素b 【善存小紫瓶】女士维生素80片,￥149.00
北京同仁堂多种维生素矿物质片复合维生素b1b2b族维生素c维生素abc补钙铁锌硒综合维生素片 3瓶装（2瓶价格） 60片/瓶,￥118.00
名实 巢倍滋大豆异黄酮胶囊120粒 延缓衰老女性保养保健品 含覆盘子葡萄籽 植物提取补充雌激素 【6盒巩固装共720粒】,￥2480.00
哈药朴雪牌铁维生素B12口服液 成人孕妇女性补铁补血营养品礼盒款 【90支*2盒】60天周期套餐,￥368.00
名实养延天韵胶囊 含葡萄籽提取物 大豆异黄酮 更年期成年中年妇女补充植物雌激素 120粒/3盒,￥499.00
益中乐叶酸片补铁补叶酸成人男女士孕前孕中备孕专用 店长推荐食5瓶巩固装【夫妻同补 】,￥465.00
"爱心东东	
【康麦斯羊胎素祛斑胶囊】祛黄褐斑口服胶原蛋白美容养颜女性进口保健品 祛斑胶囊【2瓶装】",￥718.00
【官方直营】YPEPRO益嘉适神经酸片希柔天然无激素脑黄金全年龄段适用男女 【推荐装】3瓶,￥700.00
【官方】南京同仁堂玛咖片男性保健品玛卡促睾丸睾酮素男淫羊藿胶囊男人房事专用 3瓶【改善强化】90%的人选择,￥236.00
女士钙片30到40岁 康恩贝多种复合维生素矿物质片60片女士vcve补 女士多维*1,￥75.00
钙尔奇钙片 女士成人补钙铁锌维生素VC维生素K 中老年骨质疏松 女性钙片30粒 骨骼健康 营养保健品 便携装-女士钙片30片*2瓶-30天量,￥149.00
北京同仁堂铁叶酸片白发维生素h维生素b6黑头发补铁营养保健品孕妇成人备孕男士女士中老年补充活性叶酸 9瓶装,￥183.33
康恩贝 阿胶黄芪口服液可搭阿胶补血口服液补血气血女人补铁口服液成人孕妇补血营养品改善缺铁性贫血产品 【改善装 30支】买3份再送30支 到手120支,￥149.00
善存复合维生素c中老年男女银善存50岁vc钙镁锌铁b族维生素d3e多维元素片160片保健品送礼 50岁+中老年女士复合维矿160片,￥200.00
善存复合维生素c中老年男女银善存50岁vc钙镁锌铁b族维生素d3e多维元素片160片保健品送礼 50岁+中老年男士复合维矿160片,￥200.00
美国孕乐乐 PQQ线粒体 女性备孕孕前营养品 搭配Q10调理促排卵受孕率自怀移植调理改善卵泡发育 30粒/1瓶,￥368.00
北京同仁堂 阿胶补血口服液 黄芪当归阿胶口服液补铁补血改善贫血补铁口服液补血气女人贫血成人 10ml*30支【3盒装】,￥84.00
吉山宝  人参阿胶糕 阿胶 固元糕 搭补气血女贫血阿胶膏配保健品女人阿娇片补血补气营养品,￥269.00
仁和氨基酸口服液增强免疫力和提高抵抗力中老年人营养品手术后恢回复营养女性男成人补品送礼长辈父母家长 体验装1盒,￥188.00
善存银善存中老年女士 锌镁片复合维生素矿物质片 维生素C 富含钙铁锌 bcd vc 男士80片*1瓶,￥138.00
资膳堂麦金利牌当归黄芪铁片补血补铁成人可搭补血口服液贫血女人京东药房官方旗舰店正品自营xl 买一發三【实發3瓶】,￥98.00
善存复合维生素c钙铁锌镁硒b族维生素d3evc叶酸钙片烟酰胺成人男女中老年佳维120片保健品送礼长辈 佳维成人复合维矿120片,￥150.00
钙尔奇 液体钙维生素D软胶囊男性女性成人老年钙中老人钙片 液体钙28粒*3盒,￥109.00
钙尔奇液体钙维生素D软胶囊 女性成人老年钙中老人钙 钙尔奇维D维K28粒 3盒,￥89.00
"爱心东东	
【药房专卖 健康孕育】十月馨 孕妇维生素补充营养益生菌孕早中期晚期 【三段】原装大盒【药房源码品质 29-40周】",￥378.00
养生堂高含量维生素b族 复合b12b2b6叶酸烟酰胺 成人男女保健品 【熬夜常备】B族维生素 120片,￥119.00
汤臣倍健  婷好青春胶囊(大豆异黄酮) 0.2g*60粒 3瓶装,￥230.50
钙尔奇添佳片维生素D3钙片 中老年成人男女补钙钙片 补充钙镁锌铜维生素 300片礼盒装,￥259.00
钙尔奇添佳片维生素D3钙片 中老年成人男女补钙钙片 补充钙镁锌铜维生素 100片*2盒,￥159.00
福牌阿胶 福胶即食阿胶糕480g（阿胶含量25%）礼物送礼品高端阿胶块礼盒装女性滋补气血东阿镇 即食阿胶糕480g2盒,￥756.00
善存银片善存160片维生素C补充22种维生素和矿物质多维中老年男士女士维B叶酸钙镁锌铜保健品 中老年女士复合维矿160片,￥149.00
【药房直售】绿健园碱易生大麦苗螺旋藻片高碱性食品备孕产品女性强碱性备孕食品备孕男女100片/瓶 【2瓶】碱易生100片(30天量),￥85.00
【买4盒送2盒】青春宝美容胶囊祛黄褐斑30粒*2瓶*2盒,￥396.00
福牌阿胶 200克礼盒装阿胶固元糕女人ejiao阿胶糕膏片块滋补独立包装送礼山东阿胶即食阿胶礼物 单盒,￥59.90
津世颜褪黑素30片 改善睡眠 成人老人睡不着褪黑素 失眠助眠安眠营养保健品 男女褪黑素片 30片/1瓶,￥9.90
汤臣倍健蛋白粉 蓝帽双蛋白 乳清蛋白质粉 增强免疫力 适用成人男女中老年人保健食品营养品补品 （增强免疫）蛋白粉600g礼盒装,￥357.00
【买3盒送1盒】青春宝美容胶囊斑祛黄褐斑30粒*2/盒美容养颜送礼品【新升级】,￥198.00
善存佳维牌复合多种维生素矿物质片补充多维男士女士 补钙铁锌维C维E叶酸 60粒*2盒共120粒,￥239.00
【120片礼盒装】汤臣倍健多种维生素矿物质120片 复合维生素含维生素C维生素B族保健品成人保健品 老年型60片*2 含钙铁锌硒,￥203.00
修正 大豆异黄酮软胶囊  60粒 女性免疫力女性雌激素 一盒装,￥45.00
汤臣倍健葡萄籽维生素C+E片含原花青素和VC+VE 支持胶原蛋白生成 【30粒*1瓶】拍2发3到手90粒葡萄籽,￥79.00
钙尔奇儿童钙片4-6-13-17岁青少年钙片初中学生补钙镁片男女成人孕妇双重营养 青少年钙镁咀嚼片1.5g*60片,￥75.00
康恩贝 维生素C咀嚼片香橙味柠檬味vc片维c含片成人男女性维生素cVC保健品 VC*1瓶（甜橙味）,￥19.90
北京同仁堂 大豆异黄酮葡萄籽维生素C软胶囊 60粒 祛黄褐斑雌激素补充女性保健品康琪壹佰 2瓶装,￥57.60
康恩贝 阿胶黄芪口服液可搭阿胶补血口服液补血气血女人补铁口服液成人孕妇补血营养品改善缺铁性贫血产品 【巩固装 120支】买2件再送60支 到手300支,￥488.00
"爱心东东	
女性用品房事女人调情春兴成人奋女用夫妻用品男女通用提高欲情趣吹私处可射非薬兴分剂药房同绶 久战每一晚】女士外用+男士外用+淫羊藿胶囊 药...",￥147.77
"爱心东东	
仁和叶酸片维生素b6b12可搭中老年人叶酸白发成人男女性备孕同型半胱氨酸偏高叶酸片 1瓶装",￥37.90
修正维生素C加E铁蛋白质粉乳清蛋白粉增强免疫力抵抗力可配儿童孕妇男女性中老年手术后营养品补品服用 金罐二瓶装,￥699.00
【大药房直发】京补东黄芪阿胶口服液气血两虚改善营养性贫血可选择搭配男女士孕妇产后阿胶食品补l气血使用 黄芪阿胶3盒,￥54.00
【药房直售】绿健园碱易生大麦苗螺旋藻片高碱性食品备孕产品女性强碱性备孕食品备孕男女100片/瓶 【1瓶】碱易生100片(体验版),￥47.00
【药房直售】巢之安知本天韵胶囊 女性抗氧化大豆异黄酮更年期闭经调节雌内分泌失调 三盒装,￥888.00
海王优品 多种维生素矿物质片（成人）1.35g*90片 复合维生素含维A维C维生素D3钙铁锌镁片烟酰胺成人男女通用,￥104.80
血红素铁胶囊女性补铁食品高含量血红素 孕妇级补铁3瓶周期装,￥64.50
德国原装莉芙敏女性更年期综合症缓释片200粒加强版进口 加强版100粒(24年5月）,￥416.00
钙尔奇金钙尔奇钙片中老年人成人补钙(吞服)维生素d3老人缺钙骨质疏松腿抽筋成人男士女士补钙镁锌铜礼盒 【300片礼盒装】100片*3瓶,￥220.00
钙尔奇 液体钙维生素D软胶囊男性女性成人老年钙中老人钙片 90粒/盒,￥79.50
纽斯葆牌液体钙碳酸钙维生素D3钙片男女成人补钙老年人中老年软胶囊维d钙片 液体钙300粒【330g/瓶】,￥178.00
迪巧孕妇钙片86粒 碳酸钙维生素d3咀嚼片 孕早期哺乳期乳母女性成人营养补钙 【备孕+孕期】孕妇成人钙86片,￥159.00
汤臣倍健蛋白粉200g蛋白质粉男士女士中老年人增强免疫力营养保健品20条便携装 蛋白粉200g,￥178.00
钙尔奇金钙尔奇钙片中老年人成人补钙(吞服)维生素d3老人缺钙骨质疏松腿抽筋成人男士女士补钙镁锌铜 【礼盒装】100片*3瓶装,￥298.00
金钙尔奇钙片 中老年维生素d3 补钙镁锌铜 成人男士女士骨骼健康老人缺钙骨质疏松腿抽筋营养保健礼盒装 氨糖软骨素加钙片,￥82.00
哈药新盖中盖牌高钙片哈药六厂成人钙片男士女士中老年腰酸背痛骨质疏松补钙含维生素D钙片110片装碳酸钙 哈药盖中盖高钙片110粒3瓶装,￥129.00
北京同仁堂青源堂复合B族维生素生物素片维生素b1b2b6b12烟酸叶酸生物素b7维生素h男女营养 62片,￥12.90
【官方】南京同仁堂玛咖片男性保健品玛卡促睾丸睾酮素男淫羊藿胶囊男人房事专用 5瓶【逐步巩固】店长推荐,￥354.00
南京同仁堂 阿胶糕 东阿特产阿胶固元糕 阿姣胶糕非补气血女补气血养送礼长辈父母家长补血营养品阿胶礼盒 2盒装【送礼袋】,￥86.00
氨基酸口服液中老年人营养品提高增强免疫力成人保健品老人术后补品男女抵抗力送长辈父母送礼佳品礼盒装 【2盒共40支装 配礼品袋】,￥102.00
宫诺 华北制药 叶酸片生物素可搭中老年人白发成人男女补黑头发转黑生物素铁复合维生素b6高活性叶酸片 买1送2原品 实发3瓶,￥98.00
【400粒礼盒装】汤臣倍健液体钙钙片中老年维生素D维生素K2软胶囊钙DK男女成人孕妇补钙 液体钙100粒+钙DK50片 中老年成人补钙,￥106.00
北京同仁堂 维生素b族片 维生素b1b2b3b6b12 复合维生素b烟酰胺成人男女儿童维bvb维生素 2瓶共200片,￥36.00
同仁堂钙维生素D维生素K片 高钙片中老年腿疼腰疼腿抽筋 女士吃的钙片补钙女性骨折骨质疏松营养品补品 女性专用钙片1瓶【体验装】,￥63.00
汤臣倍健蛋白粉 含乳清蛋白质粉增强免疫力成人男女中老年人营养品保健品 买送共600g,￥367.00
北京同仁堂液体钙400粒礼盒装钙片中老年成人儿童青少年老年人孕妇钙片维生素D男女成人孕妇补钙礼盒 1盒,￥70.00
善存 成人多种复合维生素b族矿物质小紫瓶80片小蓝瓶锌镁片 维生素C 维生素e含叶酸 男士160片,￥175.00
汤臣倍健维生素B族片多种复合维生素男女士保健维b90片vb1b2b6b12VB 买1送1共120片高含量b族,￥124.00
【下单共120片】汤臣倍健 维生素B族片男女士保健成人复合维生素b族b1b2b6b12VB B族维生 维生素B【120片】,￥124.00
哈药新盖中盖高钙片中老年成人钙片青少年男士女性补钙骨质疏松腿抽筋腿疼维生素D3咀嚼片中老年碳酸钙 2.1g*110片/瓶*3瓶,￥102.00
钙尔奇孕妇钙片 补柠檬维生素D钙片孕妇乳母孕妈女性补钙维生素d 孕早期孕中期孕晚期哺乳期钙片营养保健 便携装-孕妇钙2瓶-120片-40天,￥208.00
修正胶囊葡萄籽可搭抗氧化精华含花青素胶囊片搭维生素e软胶囊VE葡萄籽维生素c美女白产品固妍维生素,￥35.28
老牌子奥盛威天然维生素E软胶囊内服外用维生素e乳VE维e100粒可配去淡痘淡斑印长睫毛女性护肤品 三盒狠划算,￥49.90
胶芝堂阿胶中老年保健品（搭营养粉老年人增强免疫力提升提高成人补品女性营养品男癌症放化疗产手术后使用） 端午节送礼佳品长辈非啊胶羔补血...,￥536.00
,
病后术后放化疗手术后回复增加抵抗力营养品保健品,￥198.00
,
北京同仁堂维生素C维生素E加烟酰胺复合维生素片男女士成人儿童多种复合维生素烟酸叶酸vcve咀嚼片60g,￥39.90
汤臣倍健维生素E软胶囊维e颜值提升女士可搭VC片 60粒 120粒礼盒装 60粒 有效期至：2024.1,￥43.00
佳莱福 钙维生素D软胶囊关关通300粒装钙片 钙d 维生素d 钙D软胶囊 中老年成人男女液体钙片 补钙,￥69.00
【120片礼盒】汤臣倍健多维女士多种维生素矿物质片60粒*2复合维生素女士含维生素C维E维b叶酸,￥119.00
黄金搭档维生素c+维生素e+烟酰胺+葡萄籽咀嚼片 多种复合维生素b成人女性vc烟酸VC VE营养补充 【人气尝鲜】单瓶装60片,￥39.90
【女性保养】大豆异黄酮维E软胶囊被誉为植物雌激素蓝帽认证 1瓶装,￥29.80
纽斯葆牌氨基酸片100片复合安基酸增强体质提高免疫力中老年男女增强免疫力保健营养品,￥108.00
品质精选】汤臣倍健婷好青春胶囊（大豆异黄酮）女士雌性激 60粒装,￥190.00
澳琳达Aurinda牌蜂胶澳洲进口黑蜂胶胶囊男女性中老年保健品送礼老人亲朋免疫力低下者 蜂胶365粒4瓶礼盒包装,￥4318.00
澳琳达Aurinda牌蜂胶澳洲进口黑蜂胶胶囊男女性中老年保健品送礼老人亲朋免疫力低下者 蜂胶365粒3瓶,￥3258.00
买2送1 康纽莱蜂胶软胶囊100粒 保健品 买5送3 男女成人增强免疫力 蜂胶胶囊,￥59.90
美澳健 大豆异黄酮钙软胶囊增加骨密度植物天然雌激素调节内分泌卵巢保护月经更年期女性【随机缯1瓶维生素,￥109.00
氨基酸口服液提高增强免疫力中老年人营养品抵抗力成人保健品老人滋补术后男女父母 1500ml礼盒装,￥110.00
美国安美奇葆巢韵多 适搭月经不调雌激素闭经失调理补充量少卵巢早衰大豆异黄酮保养更年期女士保健品 一瓶效果装（周期服用效果更佳）,￥580.00
汤臣倍健 婷好青春大豆异黄酮胶囊 60粒 成人女性 2瓶婷好60粒,￥238.00
汤臣倍健 婷好青春大豆异黄酮胶囊 60粒 成人女性 婷好60粒,￥138.00
【官方药房直售】仁和大豆异黄酮雌天然软胶囊女性补充黄体酮LH 2瓶120粒,￥109.00
修正维生素C加E铁蛋白质粉乳清蛋白粉增强免疫力抵抗力可配儿童孕妇男女性中老年手术后营养品补品服用 蓝罐一瓶装,￥349.00
【JD大药房现l货直发】补i气血两虚双补贫血补血口服液黄芪阿胶食品男女孕妇产后可搭配补铁益气茶 黄芪阿胶3盒,￥54.00
北京同仁堂红参枸杞富铁软糖 女性孕妇铁元素气血色糖果营养品 女生姨妈期红润气色零食 红参枸杞富铁软糖【3瓶】,￥49.00
修正金奥力牌阿胶黄芪当归铁胶囊 改善营养性贫血保健品成人男女性人适宜营养性贫血者 1盒,￥68.00
美媛春口服液美容养颜去斑补血 女生改善营养性贫血铁元素口服液哺乳期补血阿胶乌鸡口服液非美容女保健品 美媛春口服液40支装/1盒,￥268.00
【药房直售】玛丽安娜补血汽两虚双补贫血补血低血压口服液黄芪阿胶食品男女士孕妇产后可搭配补铁益气茶 黄芪阿胶1盒,￥22.40
北京同仁堂怡福寿阿胶补血口服液改善营养贫血女士滋补营养品10ml*10支 /盒 5盒,￥237.00
【官方直营】美国进口安美奇牡丹番茄籽油可搭配PRL乳安素女性乳腺结节增生硬块乳腺炎症产品使用 【4瓶周期装】3瓶价,￥1494.00
,
安美奇牡丹番茄籽油 女性健康好物可搭配PRL乳安素保养产品使用 北美进口 5瓶巩固装【送2瓶，实发7瓶】,￥2140.00
【药房直售】碱易生大麦苗螺旋藻片高碱性食品备孕产品女性强碱性 【3瓶】碱易生100片(店长),￥131.90
乐力钙osteoform青年成人中老年钙片螯合钙柠檬酸钙胶囊保健品男女士补钙镁锰锌铜维生素d3 60粒*2瓶,￥236.01
"爱心东东	
【药房直售】绿健园碱易生大麦苗螺旋藻碱益生男女备孕碱性食品膳食纤维压片糖果 1盒装 果 1盒装",￥57.00
刺蒺藜皂甙粉雄性睾丸酮促睾雄睾丸睾酮刺蒺藜提取物皂苷520情人节礼物送男女友荟草博精. 100g(送量勺),￥18.34
北京同仁堂阿胶人参大枣改善营养性贫补血铁口服液冲泡颗粒阿胶滋补血补气女人成人中老年女性营养品 五盒装（囤货装）,￥158.00
颐初孕妇营养包乳母孕早中晚期营养品奶粉专用综合维生素叶酸DHA哺乳期补充品 1盒,￥238.00
修正铁叶酸片 白发成人 男女备孕孕妇乳母 全期补充叶酸铁营养保健品60片/瓶,￥42.90
【官方直售旗舰】大豆异黄酮补充内分泌卵巢雌性激素天然女性保养 大豆异黄酮60粒3瓶,￥203.00
同仁堂牌大豆异黄酮维C胶囊19.6g 女性增强免疫力 一盒装(0.35g/粒*56粒),￥188.00
北京同仁堂玫瑰花红花葡萄籽提取物片 祛黄褐斑 祛斑非胶囊 含原花青素女士保健品蓝帽认证 60片*3瓶,￥59.90
提升女性的欲望情欲欲仙专用夫妻房事增强调情女士春兴奋性能力丸神器粉冷谈女人性功能用品保健品淫羊藿 双重享受】生活提高成人精油液同房 药...,￥288.00
资膳堂麦金利牌当归黄芪铁片补血补铁成人可搭补血口服液贫血女人京东药房官方旗舰店正品自营xl 1瓶看效果,￥35.00
康恩贝黄芪当归阿胶口服液补铁补血口服液 补气血女性气血两虚成人 体虚乏力头晕目眩心悸食欲不振HJ 【疗程装20天量】10ml*12*5盒,￥297.00
替恩替TNT人参枸杞多维片男士复合维生素男性成人多维生素b族矿物质 锌镁片锌硒片维生素C 单瓶装【体验款】,￥109.00
北京同仁堂葡萄籽维生素e胶囊可配祛黄褐斑美白抗氧化葡萄籽精华含维生素女性保健品美白养颜内调非祛斑胶囊 五盒装,￥174.00
修正葡萄籽胶囊可搭抗氧化精华含原花青素祛黄褐斑内调祛斑胶囊葡萄籽提取物片白羊丹祛斑保健品 祛黄褐斑 葡萄籽CE片 1瓶,￥53.80
修正葡萄籽胶囊可搭抗氧化精华含原花青素祛黄褐斑内调祛斑胶囊葡萄籽提取物片白羊丹祛斑保健品 祛黄褐斑 葡萄籽CE片 3瓶价（实发5瓶）,￥175.00
"爱心东东	
【药房直售】气血和 阿胶黄芪当归口服液补气女人贫血气血不足调 三盒装一周期",￥228.00
海王 胶原蛋白果味饮料 (蓝莓味) 8支 每瓶添加5000毫克胶原蛋白 礼盒女神节母亲节美女常备 1盒,￥79.00
北京同仁堂铁叶酸片61片 男女成人补充中老年人可搭配活性叶酸产品 5盒【周期效果巩固装】多数人选择,￥129.80
福施叶酸福孕妇专用 英国进口孕前孕中孕后男女备孕 孕期补铁补充多种复合维生素矿物质 共发2盒送swisse钙90粒,￥456.00
澳天力牌钙铁叶酸片补钙铁叶酸60片,￥128.00
Amway安利纽崔莱铁质叶酸片复合维生素男性女性孕期备孕补铁 叶酸片150粒【2瓶】,￥350.00
金源 全康牌钙铁叶酸咀嚼片60粒补钙铁叶酸备孕孕中孕妇补叶酸补铁叶酸头发乌黑少白发成人补充活性叶酸 三瓶常备【120片,￥79.90
北京同仁堂 补血口服液 补铁补血改善贫血 补铁口服液补血气女人贫血成人阿胶补血口服液礼品礼盒 1盒,￥168.00
金奥力深海鱼胶原蛋白维C维E粉男女成人中老年祛斑淡斑祛黄褐斑去斑C粉小分子鱼胶原蛋白肽淡化色斑保健品 20袋*5g成年人补充面部全身小分子胶原...,￥138.00
,
养生堂胶原蛋白肽 加强版固体饮料 Q肌膨弹 润泽肌肤 水蜜桃味28条,￥165.01
【药房直售】北京同仁堂 铁叶酸片成人男女孕妇母乳叶酸中老年人营养品孕期补铁补叶酸维生素B9 1盒装,￥24.00
"京东国际	
孕乐乐 喜优宝B 备孕 搭配DHEA 促排卵子质量 自怀试管移植含NAD+线粒体PQQ乐孕宝子宫内膜 喜优宝B 120粒",￥998.00
和同坊叶酸片中老年白发男女白头发多叶酸维生素b6b12活性叶酸 清博士牌多种B族维生素片 3瓶装,￥35.60
钙尔奇 柠檬酸钙维生素D片 成人女士补钙片 孕妇乳母孕早中晚期专用钙片哺乳期适用 60粒/瓶 孕妇钙-60片*2瓶-40天量,￥240.00
北京同仁堂延更丹北京同仁堂 北京同仁堂大豆异黄酮软胶囊搭补充雌激素调理 北京同仁堂 百年老 3盒巩固装【呵护女性】,￥95.26
内廷上用北京同仁堂铁叶酸片补铁哺乳期孕妇成人备孕男女中老年白发维生素b6黑头发补充活性叶酸营养保健品 5盒【准妈妈的好营养】,￥98.00
"爱心东东	
【官方大药房】仁和 叶酸180片维生素b6b9b12白发中老年男女士变 3瓶(套餐) 60片/瓶",￥79.38
叶酸片白发 中老年白发可搭补黑男士女士青少年 维生素b6b12 活性变黑装 白头发多维生素h成人孕妇 2瓶【买一送一】,￥69.00
调理女性月经量少痛经失调保健驱寒卵巢雌激素补暖养宫保养气血黄精枸杞人参玛茯咖苓品药食同源 【家庭】攻寒酒*1箱（12瓶）,￥1498.00
白云山星群 黑芝麻核桃阿胶糕 300g（15g*20块）女士滋补即食阿胶固元糕增强免疫力送礼保健品,￥75.00
太太红花桃仁口服液 太太红花桃仁口服液内调祛黄褐斑养颜美容女改g 60支（礼盒装）,￥957.00
益普利生三九葡萄籽维生素E软胶囊60粒原花青素粉精华提取物 呵护女性健康增强免疫力蓝帽认证营养保健品 60粒X2瓶,￥298.00
澳洲EZZ女性 CGH-3代盆底肌紧致胶囊产后漏蔓越莓尿圣洁莓私处平衡菌 1瓶（体验装）,￥318.00
东阿古胶阿胶片240g手工熬制ejiao阿胶粉阿胶糕固元膏原料增强免疫力男女老人滋补品养生礼品盒装,￥298.00
"爱心东东	
【药房直发】苗氏福龄花牌福龄花胶囊30粒 男女通用辅助降血压营养保健品 高血压人群适用 植物精华萃取 1瓶装",￥34.00
【官方正i品】汤臣倍健维生素C 补充维生素C咀嚼片成人男人女人14 1瓶100片,￥39.00
童年故事铁片剂补铁泡腾片产期孕妇女士改善贫血成人中老年儿童补铁 180粒装/1瓶 富马酸亚铁,￥268.00
北京同仁堂硒生物素片60粒可配补硒片hpv成人女性增强富硒酵母免疫力有机麦芽硒元素硒软胶囊蓝帽保健品 【买三送二】五盒300粒巩固装只要三盒价,￥267.00
北京同仁堂多百白畅音维生素硒含片补硒片hpv麦芽硒维康提高女性硒元素片京东药房官方旗舰店正品自营xl 1瓶体验装,￥59.00
修正雪铁牌乳酸亚铁口服液补铁孕妇女性儿童青少年铁剂贫血中老年人非补血口服液礼盒可搭配营养品 90支礼盒装送同仁堂维生素c,￥133.00
内廷上用 北京同仁堂硒含片补硒片 硒 硒元素片女性成人补硒 异麦芽酮糖醇 碳酸钙 硒片保健品 2盒装,￥69.00
太阳神阿胶当归黄芪口服液（改善营养性贫血女性营养品非成人孕期补铁软糖中老年哺乳期缺铁性补血孕妇补品） 5盒改善装,￥369.00
【官方授权】哈药朴雪牌铁维生素B12补血口服液 补铁养气色孕妇女士儿童成人中老年 葡萄糖酸亚铁 礼盒 【补铁+维生素】朴雪90支+善存女士多维80片,￥298.00
北京同仁堂 黄芪当归阿胶口服液 阿胶补血口服液  补铁补血改善缺铁性贫血 女人成人礼盒装 4盒40支【实蕙装】,￥88.80
菊花枸杞决明子补身肾养生茶【4克*40袋】金银花橘皮甘草桂花茶可配熬夜类产品男女泡茶养生茶饮 五盒200袋【三盒价格，发五盒】,￥147.00
一生美 康富丽牌芦荟软胶囊 通便 可以搭配排便清肠润肠女便秘者排宿便 3盒周期装,￥236.00
"爱心东东	
绿健园碱易生碱益生碱性食品女性易生碱片 1瓶100片",￥53.00
北京同仁堂养延牌天韵胶囊大豆异黄酮中老年男女士更年期年轻态保健品 三瓶周期装【95%顾客选择】,￥146.90
美媛春口服液美容养颜去斑 补血补铁口服液 美容淡斑祛斑 改善营养性贫血 成人女士营养品贫血补品 6盒,￥388.00
【药房直售】绿健园碱易生大麦苗螺旋藻片高碱性食品备孕产品女性强碱性备孕食品备孕男女100片/瓶 【3瓶】碱易生100片(店长),￥134.00
刺蒺藜皂甙粉雄性睾丸酮促睾雄睾丸睾酮刺蒺藜提取物皂苷520情人节礼物送男女友荟草博精. 300g(送量勺),￥47.69
北京同仁堂阿胶人参大枣改善营养性贫补血铁口服液冲泡颗粒阿胶滋补血补气女人成人中老年女性营养品 一盒装,￥69.00
绿健园碱易生100片碱性食品生宝小苏打片碱片钙女性碱益生调理好吸收女士男士官方授权  【3瓶】碱易生100片（强烈推荐）,￥134.00
绿健园碱易生100片碱性食品生宝小苏打片碱片钙女性碱益生调理好吸收女士男士官方授权 【套餐推荐】碱易生+叶酸片+锌硒宝,￥97.00
仁和叶酸60片维生素b6b9b12中老年人成人男女可搭配活性产品白发产品备孕产品生物素叶酸片 2瓶装,￥59.80
维哈维慧生宝活性叶酸中老年叶酸孕妇叶酸孕期营养复合维生素片 慧生宝*2盒（1g/片*60片）,￥700.00
仁和 鱼油DHA藻油软胶囊 dha孕妇专用 孕妇dha孕早中晚期成人儿童学生青少年老年人改善记忆力 60粒*1瓶【体验装】贵在快递,￥69.00
北京同仁堂阿胶补血口服液可搭配补铁贫血气血女性补血口服液孕妇补铁口服液改善营养性贫血缺铁性贫血保健品 【实发5盒】,￥102.97
男性口服55粒男士保健品促睾专用性用品睾丸酮素中药番茄红素男人睾丸酮玛咖牡蛎片淫羊藿十酸一睾酮软胶囊 一盒配枸杞鹿鞭锯棕榈男士备孕胶丸...,￥148.00
正宗山东聊城阿胶原浆口服液沈光旭女性贫血阿胶原浆口服液礼盒装 买二发三【3盒调理装】,￥1396.00
佳莱福 钙维生素D软胶囊300粒钙片中老年成人男女性孕妇液体钙维生素d补钙,￥80.00
星鲨 女士复合维生素多种维生素矿物质咀嚼片 【新品上市】女士多维咀嚼片-15片,￥16.00
21金维他 生命维他牌钙镁维生素D片 成人男女中老年青少年儿童维生素D3补钙 保健品 【100粒礼盒款】1盒装,￥39.90
金钙尔奇钙片中老年人盖尔奇钙片碳酸钙d3片腰腿疼痛骨质疏松补钙 镁锌铜多种维生素矿物质成人男士女士 钙尔奇添佳60粒/3盒装,￥113.00
金钙尔奇钙片中老年老人补锌镁铜钙片腿抽筋腿疼骨质疏松维生素d3中年人成人钙片男士女性青少年补钙 钙尔奇添佳100粒/2盒装,￥149.00
