﻿"Column1	Column2"
"Name	Price"
"南极人衬衫男纯色长袖商务衬衫男士棉质舒适衬衣外套修身西装白衬衫男XL	￥69.00"
"罗蒙（ROMON）纯色商务职业正装男士衬衫工装男装长袖衬衣男CS108白色2XL	￥129.00"
"京东京造【高端商务系列】100支长绒棉DP3.5免烫商务休闲正装衬衫男白色41	￥179.00"
"卡度顿白衬衫男长袖春秋新款男士商务休闲纯色免烫修身职业正装工装衬衣 白色 XL	￥39.00"
"唐号（tanghao）白色长袖衬衫男学院风宽松dk领带衬衣潮流韩版班服毕业衣服衬衫男 白色衬衫+领带 XL	￥29.00"
"帕托瓦长袖衬衫男秋季纯色商务职业春夏男士白衬衫工装衬衣男短 白色2XL	￥79.00"
"京识衬衫男春秋季商务简约休闲纯色长袖上衣服男士修身职业正装衬衣 白色 XL	￥29.00"
"HLA海澜之家长袖衬衫男春秋23商务纯色翻领衬衣男	￥138.00"
"京东京造【臻品系列】衬衫男200支长绒棉成衣免烫抗菌商务休闲衬衫白色41	￥259.00"
"GLM森马集团品牌衬衫男秋季长袖韩版宽松潮流百搭休闲港风衬衣	￥49.00"
"海澜之家（HLA）长袖衬衫男秋季23新款商务正装衬衣男秋季 漂白16 175/92A(40)推荐68-74kg	￥138.00"
"BLUE LITTLE WHITE 长袖衬衫男商务白衬衫修身男士正装工装免烫大码职业装抗皱衬衣 白色平纹3020-08 39（115斤-130斤）	￥39.00"
"稻草人（MEXICAN）衬衫男长袖春秋季商务休闲上衣男士修身方领衣服简约纯色衬衣男装	￥69.00"
"京东京造【商务休闲系列】牛津纺衬衫商务休闲衬衫男衬衣男蓝色41	￥129.00"
"奥康（Aokang）白衬衫男士抗皱衬衣外套商务正装休闲衬衣蓝黑工装 白色2XL	￥99.00"
"奥义驰白衬衫女长袖外套春秋季新款学院风韩版宽松学生慵懒风白衬衣上衣 白色衬衫 M【95-115斤】	￥29.90"
"罗蒙（ROMON）衬衫男长袖纯色商务职业正装男士衬衣工装男G80 白色41	￥79.00"
"HLA海澜之家长袖衬衫男春秋23纯棉牛津纺宽松休闲衬衣男	￥118.00"
"京东京造【云绒轻暖系列】轻保暖衬衫男天丝棉男士商务休闲衬衫 深灰色41	￥149.00"
"KIN DON金盾纯色衬衫男商务正装舒适棉质休闲长袖男士白衬衣白色2XL	￥59.00"
"HLA海澜之家长袖衬衫男轻商务风挺阔有型正装衬衣男	￥128.00"
"WASSUP UOSNE长袖衬衫男休闲时尚潮流百搭舒适透气微弹衬衣男上衣 白色 2XL	￥49.00"
"杉杉长袖衬衫男格子休闲衬衣中年商务正装免烫 TCT4299(长袖款) 41	￥138.00"
"初申长袖衬衫女缎面高级复古气质设计感法式职业通勤衬衣S132C2205	￥69.00"
"初申长袖衬衫女职业正装学生面试气质休闲通勤白衬衣上衣S137C2138	￥79.00"
"罗蒙（ROMON）长袖衬衫男商务休闲条纹衬衣男士职业正装外套男装RCS2K08-340	￥99.00"
"稻草人（MEXICAN）衬衫男春秋季潮流休闲衣服男士宽松翻领秋装外套格子条纹衬衣男装	￥79.00"
"红蜻蜓（RED DRAGONFLY）衬衫男时尚百搭棉质免烫长袖打底衬衣男装上衣 灰色（长袖） XL	￥79.00"
"吉普（JEEP）长袖衬衫男秋冬季宽松衬衣男士韩版纯色上衣男装 浅灰 XL	￥158.00"
"杉杉（SHANSHAN）长袖衬衫男新款透气舒适商务休闲衬衣长绒棉男士上衣Q 浅蓝色 43	￥69.00"
"啄木鸟（TUCANO）衬衫男秋季长袖衬衣商务休闲时尚百搭纯色韩版上衣男装 灰色 XL	￥56.00"
"花花公子高档黑色衬衫男长袖抗皱免烫休闲宽松大码冰丝潮流男士衬衣 2208黑色（长袖） XL	￥79.00"
"GLM森马集团品牌衬衫男长袖休闲百搭打底衫韩版潮流简约翻领男装上衣	￥69.00"
"初申长袖衬衫女设计感气质小尖领通勤休闲白衬衣上衣S136C2803	￥55.00"
"初申长袖衬衫女职业正装学生面试气质休闲通勤白衬衣上衣S12KC2875	￥68.00"
"黑盒白衬衫长袖男白衬衣秋冬季休闲宽松磨毛西装内搭打底衫休闲搭配马甲 101HWP-CS118白色 M	￥59.00"
"GENIOLAMODE森马集团长袖衬衫男士灯芯绒休闲有领宽松简约内搭上衣 黑色 XL	￥59.00"
"G2000商务休闲白色长袖衬衫男纯色抗皱男士衬衣男修身上衣男轻正装 62色 03/165	￥79.00"
"GENIOLAMODE森马集团 衬衫男纯色简约基础款春秋季薄款青年学生百搭上衣服	￥69.90"
"罗蒙（ROMON）长袖衬衫男春秋易打理商务休闲正装中青年工装衬衣C201蓝色41	￥75.00"
"与狼共舞【100%棉】轻商务休闲男士长袖衬衫轻正装 015深灰 175	￥199.00"
"卡帝乐鳄鱼（CARTELO）衬衫男秋季2023时尚长袖外套男士休闲工装衬衣男装 军绿色 XL	￥105.00"
"南极人（Nanjiren）衬衫男士春秋季潮牌衣服长袖秋衣外套宽松休闲男装衬衣秋装上衣	￥79.00"
"卡帝乐鳄鱼（CARTELO）长袖衬衫男秋冬季商务衬衣男士休闲修身打底衫外套 浅绿色 XL	￥159.00"
"爱心东东	
OEMG 日系cityboy打底纯棉白衬衫男长袖春秋季休闲外套情侣内搭衬上衣 白色 XL[建议125-140斤]	￥63.00"
"HLA海澜之家长袖衬衫男春秋23商务挺括利落正装衬衣男	￥138.00"
"海澜之家（HLA）【纯棉牛津纺】长袖衬衫男秋季23新款休闲衬衣男秋季 【纯棉无口袋】-浅蓝20 175/92A(M)推荐68-74kg	￥138.00"
"吉普（JEEP）衬衫男长袖2023秋季衬衣男士宽松商务休闲外套男装 浅灰 XL	￥158.00"
"京东京造【SUP FIT零感高弹】衬衫男秋季新易打理商务休闲衬衫 白色 42	￥219.00"
"佯阁佯阁免烫冰丝衬衫男长袖夏秋季薄款港风垂感休闲宽松长袖衬衣 黑色 XL	￥32.00"
"京东京造【纯棉学长衫】衬衫男长绒棉液氨整理休闲衬衫落肩版型 白色 41	￥119.00"
"卡帝乐鳄鱼（CARTELO）衬衫男长袖2023秋冬季纯棉牛仔外套宽松帅气衬衣秋装 深蓝色 XL	￥139.00"
"罗蒙【三防】免烫抗皱长袖商务衬衫男士春季工装正装职业上衣服衬衣	￥198.00"
"卡帝乐鳄鱼（CARTELO）长袖衬衫男士外套男秋冬季休闲衬衣男宽松上衣男装 黑色 XL	￥148.00"
"品彩长袖衬衫女气质通勤衬衣飘带蝴蝶结雪纺上衣 PW17CS178	￥109.00"
"初申长袖衬衫女气质翻领蝴蝶结设计通勤休闲白衬衣上衣S137C2695	￥65.80"
"杉杉【磨毛加厚】衬衫男士长袖秋季商务休闲纯色抗皱保暖合体翻领男装	￥169.00"
"花花公子（PLAYBOY）长袖衬衫男秋冬季灯芯绒外套大码男装日系衬衣潮牌衣服 杏色 XL	￥158.00"
"罗蒙 高档免烫衬衣专柜品质男士无痕冰丝长袖衬衫中青年纯色商务休闲弹力衬衣打底衫爸爸装上衣男装 白色 40	￥249.00"
"吉普（JEEP）长袖衬衫男秋冬季潮流格子衬衣男士休闲百搭外套男装 黄色 XL	￥158.00"
"卡帝乐鳄鱼衬衫男秋季纯色休闲长袖衬衫商务百搭白衬衣男 白色 XL	￥99.00"
"与狼共舞【纯棉】衬衫男秋季轻商务休闲男士长袖衬衫轻正装 015深灰 175/92A	￥89.00"
"南极人【2件装】长袖衬衫男士修身衬衣新款男装秋季商务休闲上衣外套 灰色+浅蓝色 XL	￥89.00"
"7家优品衬衫男秋冬季新款刺绣格子潮流美式复古格纹衬衣高级感巴洛克外套 JCF-C254红色 M	￥68.90"
"啄木鸟（TUCANO）衬衫男士长袖衬衣商务休闲纯色简约舒适修身百搭男装 天蓝 XL	￥78.00"
"杉杉（FIRS）【100支纯棉DP免烫】长袖衬衫男士四季商务休闲抗皱正装男装衬衣	￥239.00"
"初申春秋长袖衬衫女职业面试通勤休闲白衬衣设计感小众上衣 SW26A33	￥49.00"
"罗蒙（ROMON）保暖纯色休闲衬衫男长袖秋冬季加厚修身免烫黑衬衣正装纯棉白衬衫 829薄款黑色 【微弹抗皱】 XL 参考125-140斤左右	￥119.00"
"花花公子（PLAYBOY）长袖衬衫男秋冬季男士衬衣男条纹商务休闲绅士外套 白条 XL	￥158.00"
"啄木鸟（TUCANO）衬衫男长袖商务休闲秋冬季衬衣男士潮流休闲正装上衣服 浅灰 XL	￥149.00"
"尚都比拉白衬衫女2023春秋职业休闲衬衣通勤百搭长袖女装上衣 白色 L	￥229.00"
"HLA海澜之家长袖衬衫男保暖亲肤格子暖绒系列衬衣男 cz	￥139.00"
"麦士惠春秋白色衬衫女士职业v领上衣秋季长袖衬衣女设计感 白色 M	￥68.00"
"杉杉（SHANSHAN）长袖衬衫男秋冬新款混纺格纹耐磨男士衬衣加绒加厚保暖上衣男 蓝灰格 2XL	￥79.00"
"罗蒙（ROMON）纯棉牛津纺长袖衬衫男士休闲保暖上衣秋冬款中青年商务修身衬衣男 蓝色 40	￥139.00"
"花花公子（PLAYBOY）长袖衬衫男宽松秋冬季潮流格子衬衫男士休闲衬衣外套	￥159.00"
"森马（Semir）长袖衬衫男秋季潮流复古竖条纹内搭舒适纯棉简约日常101522105149	￥109.99"
"利郎男装全棉磨毛衬衫男长袖纯棉秋季男士上班职业长衬衣轻商务 冰灰 41	￥252.00"
"杉杉（SHANSHAN）长袖衬衫男秋冬新款莫代尔男士衬衣抗皱耐磨商务休闲百搭上衣男 蓝色 41	￥99.00"
"皮尔卡丹（pierre cardin）高档衬衫男长袖2023春夏秋季免烫抗皱高弹力中年冰衣丝衬衣舒适 黑色 54/180/2XL【建议132-155斤】	￥68.00"
"爱心东东	
巨楠衬衫男春秋冬季加绒痞帅韩版潮流免烫衬衣长袖宽松垂感大码休闲 黑色 XL	￥49.00"
"稻草人（MEXICAN）长袖衬衫男宽松韩版外套男春秋款潮流免烫衬衣休闲男装 白色 L	￥118.00"
"帕托瓦衬衫男长袖纯色商务职业正装白衬衫工装男装衬衣男CS108 白色 L	￥59.00"
"利郎官方磨毛衬衫男纯棉舒适23新款秋季长袖衬衫男士保暖纯色商务衬衣 冰灰(G3QZC7072Y) 41	￥252.00"
"海澜之家（HLA）长袖衬衫男内里加绒纯色绅士通勤休闲衬衣男 藏青花纹Q9 175/92A	￥139.00"
"范思蓝恩23FS13339 清风竹影 新中式气质上衣女长袖轻国风衬衫 杏色 M	￥309.00"
"罗蒙（ROMON）纯棉磨毛衬衫男士长袖灰色中青年商务修身衬衣秋季纯色全棉爸爸装 2W77079-1 41	￥139.00"
"轩莱雅格子长袖衬衫男春秋季潮流ins休闲复古薄款外套男生港风宽松衬衣 黑色【8810款】 XL	￥25.00"
"Levi's李维斯23秋季新款女士牛仔衬衫简约舒适气质百搭通勤时尚复古休闲 深蓝色 86832-0017 XS	￥365.00"
"雅戈尔 衬衫男士 2022春秋季青年男休闲正装衬衫 GLNP19001IJA 浅蓝 41	￥249.00"
"HLA海澜之家长袖衬衫男秋季23纯棉亲肤舒适时尚绣花休闲衬衣男	￥158.00"
"迪伽达复古格子衬衫男复古港风潮流百搭长袖衬衣韩版慵懒风痞帅男外套男 BSNZ- C08蓝色格 XL	￥68.00"
"KIN DON金盾衬衫男韩版修身免烫纯色棉质商务休闲大码男士衬衣 灰色2XL	￥68.00"
"海澜之家（HLA）【纯棉牛津纺】长袖衬衫男秋季23新款宽松休闲衬衣男秋季 纯棉牛津纺-浅灰81 175/92A 推荐68~74kg	￥118.00"
"吉普（JEEP）长袖衬衫男秋冬季纯棉衬衣男士外套翻领上衣休闲男装 军绿 XL	￥158.00"
"依蔻兰蒂（yiKOULANDi） 白衬衫女2022春装新款韩版通勤设计感韩版上衣轻熟内搭长袖衬衣 白色 均码	￥21.00"
"红豆（Hodo）长袖衬衫男莫代尔舒适易打理弹力方领白衬衣 B1天空蓝 40	￥229.00"
"尚都比拉通勤飘带领气质通勤直筒衬衫女春季时尚上衣121C39803 粉色 M	￥198.00"
"品彩长袖衬衫女蝴蝶结雪纺设计感小众时尚洋气上衣 P12KC2997	￥119.00"
"茵曼（INMAN）茵曼法式通勤双层荷叶边拼接刺绣长袖衬衫女18314|139 珍珠白 M	￥165.00"
"卡度顿工装衬衫男外套男士春秋季新款休闲衬衣时尚宽松休闲开衫上衣男装 绿色 L	￥68.00"
"FitonTon缎面衬衫女长袖春秋百搭职业衬衣复古港风垂感通勤上衣 蓝色 M	￥129.00"
"帝宾泽大码白衬衫男长袖商务休闲胖子加肥加大宽松棉质通勤西装衬衣男	￥138.00"
"吉普（JEEP）高档纯棉免烫衬衫男士长袖休闲衬衣宽松版上衣春秋款工装外套 高质量纯棉料长袖2055(灰绿色) XL 135斤-155斤	￥89.00"
"南极人长袖衬衫男士装加绒款保暖免烫抗皱商务休闲黑白色衬衣上衣服 白色（长） 2XL	￥39.90"
"雅戈尔（YOUNGOR）长袖衬衫男DP免烫衬衫纯棉面料抗皱易打理2023新品 YLDP10171BJA白色 41	￥279.00"
"森马（Semir）[商场同款]长袖衬衫2023秋季纯棉商务通勤时尚男装101523105199	￥109.00"
"南极人格子衬衫男士装春秋冬季加绒加厚款外套休闲长袖衬衣保暖外穿衣服 2108灰色 XL	￥39.00"
"红豆【2万+人已买】加绒加厚保暖衬衫男轻商务棉质修身衬衣男秋冬内搭 W1白色-净色 175/92A	￥169.00"
"杉杉【羊毛混纺】长袖衬衫男士秋冬商务休闲通勤纯色透气柔软正装男装	￥179.00"
"南极人（Nanjiren）衬衫男春秋季休闲长袖衬衣男士宽松方领格子衫潮流男装秋装衣服	￥89.00"
"啄木鸟（TUCANO）衬衫男春季长袖衬衣纯色商务休闲时尚潮流舒适百搭男装 深灰 2XL	￥69.00"
"罗蒙（ROMON）【纯棉牛津纺】条纹衬衫男百搭长袖衬衣男LM70PS29352 灰色 50	￥159.00"
"卡度顿衬衫男纯色商务休闲长袖衬衫男韩版修身职业工作服四季款白衬衣男 白色 2XL	￥39.00"
"海澜之家（HLA）休闲长袖衬衫男装23春秋季扣领尖领竖条纹亲肤微弹上衣服男士衬衣 深绿条纹A8 175/40建议68-74kg	￥98.60"
"红蜻蜓（RED DRAGONFLY）衬衫男长袖免烫打底衬衣商务休闲百搭男装上衣 浅蓝（长）XL	￥65.00"
"爱心东东	
皮尔卡丹（pierre cardin）棉麻真口袋男士长袖衬衫宽松免烫抗皱亚麻衬衣中老年格子衫易穿搭 2266.蓝色【棉麻-格子衬衫】 175/XL建议140-160斤	￥54.24"
"罗蒙纯色工装长袖衬衫男秋冬男士商务休闲翻领保暖白色衬衣男装上衣 白色【无口袋】 41	￥58.00"
"卡帝乐鳄鱼（CARTELO）长袖衬衫男休闲秋冬季衬衣男士上衣修身衬衫男装 浅灰色 XL	￥126.00"
"敞裘衬衫女设计感小众轻熟气质衬衣女灯笼袖衬衫秋季新款韩版蝴蝶结设计感气质外穿白色长袖上衣女 白色 L 建议101-120斤	￥35.78"
"佐马仕 （ZUOMASHI） 长袖衬衫女商务休闲职业装正装衬衣修身工装OL酒店通勤工作服 2511纯白色方领 L/37（100斤-110斤）	￥58.00"
"南极人（Nanjiren）衬衫男白加绒长袖免烫衬衣商务正装修身韩版男士保暖衬衣秋冬男	￥99.00"
"FitonTon复古缎面白色衬衫女长袖春秋款通勤法式显瘦衬衣职业上衣 白色 S	￥129.00"
"雀后白衬衫女职业长袖时尚正装设计感小众工作服 白色 M	￥79.00"
"森马长袖衬衫男2023春季格纹基础通勤格子衫纯棉上衣101122105137	￥89.99"
"叶紫枫（YEZIFENG）加绒加厚衬衫女秋冬新款立领蕾丝雪纺衫长袖打底上衣洋气女士小衫 白色加绒加厚 L（115-125）	￥118.00"
"真维斯（Jeanswest）秋季正装长袖衬衫男外套商务休闲棉质百搭西装纯色修身衬衣男 白色 3XL【42码】	￥45.00"
"南极人（Nanjiren）长袖衬衫男春秋季男士宽松休闲格子衬衣秋装衣服外套男装	￥79.00"
"雅戈尔 衬衫男士 2023秋冬季青年男士商务休闲长袖衬衫 灰色 41	￥499.00"
"HLA海澜之家保暖长袖衬衫男拉绒基础纯色微弹衬衣	￥109.00"
"百图betu女装2023秋季新款衬衫法式可拆卸飘带百搭长袖衬衫女2309T46 米白 M	￥289.00"
"杉杉（FIRS）长袖衬衫男秋季柔软亲肤纯色免烫易打理透气职业衬衣靛蓝色2XL码	￥89.00"
"杉杉【保暖灯芯绒】长袖衬衫男秋冬新款休闲打底上衣中年翻领衬衣男装 藏青【保暖灯芯绒】 XL(180/96A)	￥99.00"
"尚都比拉秋季白色衬衫女休闲通勤外穿长袖衬衣女士职业装上衣 云白 L	￥219.00"
"HAIPAIHAOYU长袖衬衫男士商务正装修身衬衣纯色职业装 CS3012白色 180/2XL/42【推荐136-155斤】	￥79.00"
"花花公子白衬衫男夏季商务正装抗皱免烫修身黑色衬衣男士西装短袖衣服男装 长-8066白色 2XL	￥79.00"
"森马（Semir）长袖衬衫男士秋季简约风时尚通勤潮流纯色轻商务上衣101522105133	￥109.99"
"爱心东东	
唐号  衬衫男长袖春秋季新款外套宽松港风设计感印花上衣服男休闲衬衣 卡其色 XL	￥34.00"
"杉杉衬衣男士长袖商务休闲纯棉色织工艺条纹翻领长袖百搭气质衬衫男	￥139.00"
"啄木鸟（TUCANO）长袖衬衫男四季男士商务休闲纯色棉质时尚修身衬衣 深蓝色 XL	￥104.00"
"POUM男装联名假两件针织衬衫男秋冬季休闲衬衣外套学生男士百搭 LYZXF-M011绿色 XL	￥88.00"
"罗蒙长袖衬衫男士商务免烫衬衣弹力打底衫外套上衣爸爸装RCS1白色XL	￥139.00"
"皮尔卡丹桑蚕丝秋冬款长袖衬衫男士加绒加厚免烫真丝保暖衬衣男亲肤舒适 加绒加厚8815黑色 175/XL建议140-160斤	￥123.20"
"韩秀纯牛仔衬衣外套女春秋2023年新款港风复古小众上衣蓝色内搭叠穿衬衫 蓝色 M-建议95-110斤左右	￥54.80"
"森马长袖衬衫女基础落肩女装春秋款气质宽松上衣百搭109522105001	￥139.99"
"雅戈尔（YOUNGOR）长袖衬衫男素色竹浆纤维衬衫不易皱天然免烫垂性好舒适透气 VLZX170029IFY浅蓝 40	￥179.00"
"杉杉（FIRS）【纯棉磨毛】衬衫男长袖商务休闲中青年全棉衬衣 咖啡色 41	￥258.00"
"范思蓝恩23FS13102 法式职业衬衫2023新款女长袖秋季立领通勤上衣 卡其色 M	￥239.00"
"啄木鸟（TUCANO）衬衫男春秋季长袖衬衣商务休闲纯色舒适透气百搭男装A 黑色 XL	￥69.00"
"杉杉（FIRS）长袖衬衫男竖条纹男士商务休闲衬衣 A327-1蓝色 41	￥118.00"
"罗蒙（ROMON）磨毛格子男士衬衫时尚休闲男长袖百搭基础男士衬衫19YZ24622	￥229.00"
"Halo Queen长袖衬衫女宽松中长款学生上衣外套白色休闲衬衣女 H131C288	￥99.00"
"罗蒙（ROMON）易打理衬衫男四季款抗皱商务休闲男装衬衣70PS40蓝条40码	￥139.00"
"HLA海澜之家长袖衬衫男春秋23轻商务纯棉牛津纺休闲衬衣男	￥138.00"
"罗蒙（ROMON）长袖衬衫男秋季商务衬衣男士职业正装上衣服男装 白色 XL	￥124.00"
"真维斯（Jeanswest）长袖衬衫男士秋冬季新款加绒修身免烫上衣牛津纺商务休闲衬衣外套 灰色+天蓝色 2XL(140-160斤)	￥99.00"
"卡帝乐鳄鱼衬衫男 纯色休闲长袖加绒衬衫舒适透气白衬衣男 白色 XL	￥119.00"
"NASA MARVEL衬衫男秋冬季长袖衬衣纯色纯棉潮流工装宽松春款外套 卡其 XL	￥129.00"
"罗蒙（ROMON）轻奢高档女装 长袖衬衫女2022秋冬季灯芯绒宽松显瘦加厚外搭打底秋冬叠穿通勤衬衣 乳白色 XL	￥88.00"
"I'M DAVID长袖衬衫男春秋款纯色高级感痞帅上衣男士外套休闲男装 黑色 XL	￥69.00"
"爱心东东	
NEW OR MODE长袖衬衫男士宽松竖条纹休闲上衣外套潮牌cityboy港风日系衬衣 浅蓝色 L(建议115-135斤)	￥68.00"
"RCRX衬衫男长袖宽松春秋垂感舒适高级感正装痞帅男士内搭休闲衬衣潮 白色 L	￥32.00"
"杉杉（FIRS）长袖衬衫男中青年商务休闲格子衬衣男 TRT4450蓝格长袖 40	￥138.00"
"Navigare意大利小帆船全棉长袖衬衫男格纹衬衣1313073515 漂白/蓝 XL/41	￥490.00"
"爱心东东	
真维斯衬衫男士2023韩版潮流男款衬衫男秋季时尚外套百搭休闲衬衣男免烫 黑色长袖 XL 【建议120-140斤】	￥99.00"
"锡元白衬衫男士长袖免烫商务职业正装伴郎长袖蓝黑色衬衣男西装工装衬 白色【1件装】 XL【100-120斤】	￥19.80"
"罗蒙 长袖衬衫男士竹纤维抗皱休闲商务正装条纹格子职业休闲时尚中青年衬衣春夏季上衣半袖男装 兰条 40	￥209.00"
"罗蒙（ROMON）纯棉牛津纺长袖衬衫男春秋中青年时尚职业工装衬衣1085蓝色43	￥179.00"
"杉杉（FIRS）长袖衬衫男士春秋款易打理商务休闲职业正装中青年衬衣蓝色42	￥128.00"
"卡帝乐鳄鱼衬衫男秋季经典纯色白衬衫男修身正装商务休闲衬衣男 白色 XL	￥99.00"
"百图betu女装2023秋冬新款衬衫法式复古蕾丝立领花边长袖衬衫2310T53 浅杏色 M	￥309.00"
"金盾 KINDON衬衫男长袖纯色棉质商务休闲弹力舒适修身青年牛津纺衬衣男 J02134 灰色 XL	￥79.00"
"HLAHLA海澜之家长袖休闲衬衫男制扣尖领大格子柔软上衣HNEAD3D080A	￥109.00"
"茵曼冬女装休闲款田园复古尖领门筒刺绣百搭宽松长袖衬衫女衬衣18247|505 杏色 S	￥209.00"
"真维斯牛津纺衬衫男士长袖秋冬季修身百搭男上衣免烫休闲男衬衣 灰色 2XL	￥59.00"
"恒源祥【易打理】男装长袖保暖衬衫男加绒加厚秋冬季男士商务休闲免烫纯色衬衣 灰色 175/92A	￥288.00"
"罗蒙（ROMON）保暖纯棉印花休闲衬衫男长袖秋冬季加厚商务免烫衬衣男士正装男装 R170黑色 薄款 XL /175/推荐135-150斤	￥139.00"
"HLA海澜之家长袖衬衫男春秋23轻商务衫及系列免烫正装衬衫男春秋	￥178.00"
"红豆 Hodo 男装男士商务正装修身牛津纺尖扣领长袖衬衫 白色41	￥129.00"
"罗蒙（ROMON）轻奢易打理四面弹长袖衬衫男士2023秋季商务无痕休闲衬衣免烫衬衫 蓝色（绣花款） XL ( 130-150斤 )	￥249.00"
"哈吉斯（HAZZYS） 纯色基础百搭上衣休闲长袖衬衫男ASCZK11CK01 深绿色DG 170/92A 46	￥630.00"
"古先森复古加厚格子外套男宽松工装休闲男士长袖衬衫秋冬季百搭大码衬衣 灰色 XL【140-160斤】	￥169.00"
"雅戈尔 衬衫男士 2022秋冬季青年男士商务休闲绒面长袖衬衫 VLRM170022CFA 深灰 41	￥469.00"
"凡客诚品（VANCL）长袖衬衫男2022秋季棉质男士潮流百搭衬衣外套男免烫职业青年正装商务男装 灰色 XL	￥79.00"
"罗蒙（ROMON）翻领长袖衬衫男商务职业正装中青年纯色工装休闲蓝色衬衣男士上衣 蓝色【单件装】 40	￥79.00"
"百图betu女装2023秋季新款衬衫压皱肌理气质立领百搭衬衫女2309T52 浅杏色 M	￥299.00"
"麦士惠牛仔衬衫女春秋柔软韩版内搭外套女士上衣中长款长袖 深蓝 XL	￥109.00"
"利郎【100支长绒棉】DP免烫衬衫男长袖商务正装23秋季新款男士衬衣 白(G3QZC0011Y) 42	￥345.00"
"罗蒙（ROMON）保暖条纹休闲衬衫男长袖秋冬季加厚免烫纯棉衬衣潮流修身白衬衫男 TW03薄款白色 【高品质】 L 参考110-125斤左右	￥119.00"
"罗蒙（ROMON）纯棉长袖衬衫男士牛津纺纯色休闲宽松商务全棉衬衣加大码衬衫 浅蓝色 1681-4 2XL/42【建议155-162斤】	￥103.55"
"HLA海澜之家长袖衬衫男春秋23抗静电挺括利落正装衬衣男	￥218.00"
"罗蒙（ROMON）格纹休闲衬衫男长袖秋季修身商务免烫格子长袖衬衣外套男士中青年 8133咖啡薄款 XL /175/推荐135-150斤	￥129.00"
"红豆（Hodo）男装 新疆棉长袖衬衫男商务纯色全棉尖领扣领男士长袖衬衫 A2蓝 170/88A	￥139.00"
"卡帝乐鳄鱼（CARTELO）长袖衬衫男秋季休闲衬衣男士格子条纹打底衫男装衣服 灰色 XL	￥118.00"
"南极人秋冬季衬衫男士保暖加绒加厚长袖修身韩版潮条纹印花中年衬衣男装 (1件)HB677(加绒款) 2XL 适合140一159斤	￥49.90"
"报喜鸟长袖衬衫男装【张若昀同款】轻商务正装免烫易打理衬衣上班职业装 原白色 40(175/92)	￥499.00"
"南极人保暖衬衫男士装秋冬季加绒加厚款免烫抗皱衬衣白色长袖商务衣服 白色加绒（一件装） XL	￥79.00"
"杉杉（FIRS）长袖衬衫男装秋季中青年商务正装休闲衬衣  7188-3绿色（长袖款） 40	￥128.00"
"范思哲Versace Jeans Couture男装 男士V字徽章衬衫 黑色 50礼物	￥950.00"
"雅戈尔（YOUNGOR）长袖衬衫男DP免烫衬衫全棉面料舒适透气平整抗皱易打理 VLDP170011BFA白色 41	￥219.00"
"特洛曼白色衬衫女长袖气质休闲蝴蝶结百搭OL通勤飘带职业女士衬衣	￥169.00"
"罗蒙（ROMON）保暖休闲衬衫男长袖秋冬季加厚免烫商务黑衬衣男士正装白衬衫男装 深灰色- 1件装 L 建议115-130斤	￥139.00"
"Levi's李维斯2023秋季情侣同款长袖牛仔衬衫复古休闲潮流时尚通勤百搭 复古深蓝色 M	￥433.00"
"Navigare意大利小帆船长袖衬衫女莱赛尔面料格子衬衣时尚休闲女装上衣舒适内搭3色可选 蔚蓝/白 M	￥420.00"
"罗蒙（ROMON）羊毛保暖衬衫男士长袖蓝色衬衣2023冬加绒加厚中青年正装百搭时尚 2W79082-10 42	￥258.00"
"HLA海澜之家长袖衬衫男保暖亲肤格子暖绒系列长衬 cz	￥119.00"
"凡客诚品（VANCL）衬衫男棉质纯色商务休闲长袖衬衣修身潮流简约外套 黑色 M/38	￥89.00"
"恒源祥冬装新款纯羊毛内胆保暖衬衫男爸爸装长袖加厚格子休闲衬衣 148兰色 175XL	￥199.00"
"罗蒙（ROMON）衬衫女秋季2023新款时尚女装气质显瘦上衣女百搭蕾丝立领衬衣女 杏色 M  建议96-105斤	￥128.00"
"雅戈尔 衬衫男士 2022春秋季青年男休闲正装衬衫 YLDP10171BJA 白色 41	￥279.00"
"Navigare意大利小帆船长袖衬衫男2023秋装新款纯棉休闲灯芯绒衬衣 摩卡 M/39	￥595.00"
"七匹狼长袖衬衫男秋季纯棉磨毛商务休闲衬衣吸湿排汗男装通勤上衣服饰	￥315.00"
"红豆男装长袖衬衫男商务职业衬衣工作服正装上衣面试职场正装 B5藏青色 40	￥49.00"
"杉杉（FIRS）长袖衬衫男格子休闲衬衣中青年商务正装免烫衬衫 2004蓝色 40	￥158.00"
"百图betu女装2023秋冬新款衬衫时髦翻领复古格纹正肩长袖衬衫2310T57 咖格 M	￥299.00"
"罗蒙衬衫女长袖春秋女式正装气质银行工作服上班职业装修身衬衣	￥159.00"
"森马（Semir）长袖衬衫男2023秋季吸湿速干通勤衬衣易打理上衣109523105103	￥124.99"
"初申 蓝色长袖衬衫女复古叠穿内搭牛仔衬衣外套上衣S137C2255 蓝色 L	￥108.00"
"罗蒙（ROMON）工装衬衫格子男长袖秋冬季宽松日系潮牌翻领休闲痞帅牛仔衬衣外套 蓝色 XL 体重推荐140-160斤	￥159.00"
"南极人（Nanjiren）冬季加绒保暖衬衫男士格子衬衣长袖加厚男装秋冬季中老年爸爸装上 9909 2XL	￥69.00"
"花花公子长袖衬衫男士秋季新款商务休闲衬衣外套男免烫春秋款上衣服男装 9910浅灰色 XL约120-135斤	￥89.00"
"Levi's李维斯23新款男士衬衫休闲服格子拼色穿着舒适时尚休闲百搭 格纹 M	￥324.00"
"罗蒙纯棉衬衫男长袖工装男士衬衣日系休闲宽松上衣春秋款外套新款男装 浅蓝色长袖 L码 115-135斤	￥139.00"
"杉杉【条纹纯棉】长袖衬衫男秋冬翻领带扣商务休闲长袖衬衣男士衬衫	￥159.00"
"BLUE LITTLE WHITE长袖衬衫女修身女士职业装商务正装白色工装衬衣免烫抗皱休闲面试 白色 39/2XL (118斤-128斤)	￥48.00"
"尚都比拉莱赛尔天丝休闲通勤牛仔衬衫女秋季薄款长袖女装上衣 牛仔蓝 M	￥239.00"
"La Chapelle Sport拉夏贝尔2023秋季新款牛仔衬衣女宽松打底复古长袖叠穿衬衫外套 27013#蓝色衬衣 M 建议100-115	￥89.00"
"Navigare意大利小帆船长袖衬衫男士秋季新款纯棉休闲衬衣磨毛保暖内衬 藏青 L/40	￥502.00"
"雅戈尔（YOUNGOR）长袖衬衫男素色竹浆纤维衬衫不易皱天然免烫垂性好舒适透气 VLZX124930IFY浅蓝 41	￥399.00"
"HLA海澜之家长袖衬衫男22冬商务休闲暖绒系列衬衣男HNEAD4U226A	￥258.00"
"HLA海澜之家保暖长袖衬衫男冬品德绒格纹内里加绒柔软衬衣 cz	￥149.00"
"森马长袖衬衫男2023春季长绒棉简约通勤日常休闲上衣101122105114	￥139.00"
"金利来【三防/易打理】秋冬男士长袖衬衫商务正装衬衣 白色-00 L	￥388.00"
"FitonTon长袖衬衫女春秋款蝴蝶结系带设计感职业气质衬衣缎面上衣蓝色 M	￥129.00"
"星禾莱白色衬衫男长袖潮流帅气免烫修身休闲衬衣男商务加绒款打底衬衫 白色 L 110-125斤	￥45.00"
"杉杉（SHANSHAN）长袖衬衫男秋季新款加绒加厚衬衣格子商务休闲男士上衣 藏青格 3XL	￥79.00"
"后探（HouTan）美式复古重磅春季工装衬衫男长袖阿美咔叽衬衣外套男春秋款上衣 咖啡色 XL（140-160斤）	￥189.00"
"汤姆 布朗（THOM BROWNE） 男士白色混纺四条纹牛津衬衫 MWL374C 05371 133 4	￥2500.00"
"Semir森马长袖衬衫男外套式连帽衬衣男生新款春秋季宽松格纹上衣百搭 黑灰色调0492 170/88A/M	￥99.99"
"初申秋冬叠穿磨毛厚款长袖衬衫女纯色休闲叠穿上衣外套 S129C2300	￥69.00"
"EAEOVNI长袖衬衫女商务免烫职业装白色加绒正装银行衬衣面试工作服修身OL 纯白色【方.领】 38【108-118斤】	￥48.00"
"爱心东东	
OEMG春秋巴洛克潮牌加绒加厚衬衫男长袖衬衣情侣潮流外套男大码上衣服 DSA001-1-C3511白色 XL[建议125-140斤]	￥68.00"
"罗蒙（ROMON）春秋季高级感黑色条纹衬衫男士长袖商务休闲衬衣修身免烫男人正装 灰色条纹衬衫 XL 建议145斤左右	￥138.00"
"中凡智秋冬季男士保暖衬衫加绒衬衣加厚款长袖衣服爸爸装/件 M加绒衬衫 03 2XL 122-142斤	￥25.56"
"森马（Semir）长袖衬衫男2023秋季不对称工装袋潮流上衣宽松舒适潮109523105102	￥159.99"
"利郎轻时尚男装【抗菌抗皱】2023秋季新款衬衫男纯色长袖商务正装衬衣 黑色 43	￥219.00"
"爱心东东	
皮尔卡丹（pierre cardin）春秋季男士长袖衬衫商务休闲正装免烫抗皱大码职业衬衣 靛蓝 8809春秋款 XL 40【122-135斤	""￥179.00"

"
雅戈尔长袖衬衫男纯色蓝白抗皱有型易打理男衬衣 浅蓝 CLZX100040IFY 42	￥169.00
雅鹿长袖衬衫男纯色棉修身牛津纺时尚休闲翻领免烫百搭衬衣 623 175/92A（40）	￥59.00
罗蒙无痕衬衫男士加绒春秋冬季弹力垂感商务休闲抗皱保暖衬衣免烫弹力 上青色【常规款不加绒】 175/XL	￥159.00
罗蒙（ROMON）长袖衬衫男秋冬季纯色白衬衣男士职业正装商务休闲工装 黑色 XL	￥148.00
爱心东东	"
"皮尔卡丹（pierre cardin）衣多穿免烫衬衫男长袖春秋季休闲商务抗皱翻领衬衣竖条纹纯棉外套 8856灰色 XL""	""￥159.00"

"
诗兰伦萨加厚保暖长袖白衬衫女职业装学生衬衣上衣正装酒店修身工作服 白色（加绒） L（100-110斤）	￥48.70
花花公子纯棉长袖衬衫男春秋季中年休闲加绒加厚男士格子衬衣外套打底衫 1903浅灰长袖 175/XL建议135-155斤	￥79.00
啄木鸟（TUCANO）衬衫男长袖商务弹力抗皱条纹刺绣长袖衬衫打底衫男衣服男装上衣 309白色 XL	￥69.00
红蜻蜓【两件装】长袖衬衫男春秋季新款韩版修身衣服职业纯色免烫商务休闲衬衣男士打底衫上衣男装 白色+白色 XL/40适合140斤左右	￥99.00
雅戈尔（YOUNGOR）长袖衬衫男白色DP免烫衬衫棉弹面料微弹柔软丝滑2023新品 GLDD100217AFY黑色 40	￥499.00
卡帝乐鳄鱼（CARTELO）长袖衬衫男秋季休闲衬衣男士职业正装上衣服打底衫 白色 XL	￥118.00
杉杉保暖衬衫男加绒 子商务休闲加厚长袖条纹衬衣 CVCT4218加绒款 41	￥178.00
品彩长袖衬衫女蝴蝶结设计感衬衣职业气质衬缎面系带上衣 P137C2112	￥119.00
南极人长袖衬衫男格纹宽松韩版2023秋季潮流格子衬衫男士休闲衬衣外套	￥49.00
卡帝乐鳄鱼（CARTELO）长袖衬衫男秋季灯芯绒衬衣男士厚款宽松外套男装上衣 灰色 XL	￥139.00
罗蒙（ROMON）免烫衬衫男长袖修身春秋新款中青年商务正装条纹衬衣休闲职业上衣 【长袖】K08-3蓝色+K08-19藏青 41/2XL	￥158.00
PRIDEME冬季厚款保暖磨毛呢绒料深灰色衬衫男长袖修身商务休闲法兰绒衬衣 BNS5111-灰色 XL【体重建议：130-150斤】	￥178.00
【128两件装】南极人冬季男士保暖衬衫加绒加厚商务上班职业正装中青年爸爸装长袖格子衬衣 3863+3839【两件装】 XL/40/(115-135斤)	￥128.00
卡帝乐鳄鱼（CARTELO）长袖衬衫男秋季宽松衬衣男士打底衫灯芯绒外套男装 军绿色 XL	￥139.00
海澜之家（HLA）长袖衬衫男制扣尖领大格子磨毛保暖纯棉衬衣 藏青格纹80 175/96A	￥109.00
FitonTon白色衬衫女雪纺衫春秋设计感休闲气质显瘦长袖衬衣白色 M	￥129.00
罗蒙（ROMON）23春秋新款白色衬衫长袖POLO领刺绣棉布上衣百搭气质衬衣小衫女 白色 L	￥83.79
海澜之家（HLA）长袖衬衫男装23春秋季新款时尚竖条纹色织尖领上衣服男士休闲衬衣 深绿条纹90 175/40建议68-74kg	￥119.00
罗蒙（ROMON）白色修身衬衫男士长袖商务正装西装职业休闲免烫结婚伴郎西装衬衣 长袖白色 L-39推荐110-130斤	￥99.00
佐丹奴 男装衬衫 棉质梭织青蛙刺绣牛津纺长袖 01043078 06灰色	￥159.90
罗蒙（ROMON）纯棉条纹衬衫男长袖2023春秋新款商务正装牛津纺男士衬衣爸爸装 LMN006蓝细条纹 XL 适合140-150斤	￥99.00
FitonTon衬衫男商务正装长袖白衬衫长绒棉高端白衬衣男免烫抗皱易打理衬衫	￥159.00
爱心东东	"
"嵘虎 条纹长袖衬衫男春秋季日系复古衬衣潮牌宽松外套 白色 XL【建议125-140斤】""	￥38.00"
"利郎轻时尚男装【DP免烫】秋季新款衬衫男通勤商务正装易打理长袖衬衣 白色 41	￥229.00"
"伊芙丽（eifini）伊芙丽基础简约通勤百搭垂感飘带小上衣女2023秋新款职场气质衬衫 米白 155/80A/S	￥379.00"
"杉杉（FIRS）长袖衬衫男商务休闲条纹衬衣男士职业正装 5838灰条纹 41	￥138.00"
"爱心东东	
OEMG 白色长袖衬衫男春秋季潮流港风ins日系内搭衬衣学生潮牌高级感痞帅百搭帅气外套 白色 XL	￥58.00"
"皮尔卡丹（pierre cardin）高档纯棉免烫衬衫男士长袖宽松版休闲工装衬衣春秋外套男装 绿色 54/180/2XL【建议132-155斤】	￥58.00"
"杉杉（FIRS）长袖衬衫男秋冬季纯色牛津纺舒适商务休闲通勤正装衬衣灰色XL	￥139.00"
"啄木鸟（TUCANO）衬衫男春秋季长袖衬衣商务休闲时尚纯色百搭休闲男装 白色 2XL	￥79.00"
"杉杉衬衫男长袖四季款轻商务休闲上衣抗皱易打理纯色上班衬衣男士 白色 170/88A(39)	￥99.00"
"加洲公牛（CALIFBULL）衬衫男春秋男士休闲长袖格子衬衣青年小清新百搭外套男 青黄色 L	￥99.00"
"七匹狼长袖衬衫男士秋季商务休闲通勤衬衣打底衫牛津纺上衣服饰男装	￥296.00"
"麦士惠白色衬衫女春秋百搭港味衬衣外套潮棉基础款衬衣 白色 XL	￥99.00"
"POUM 长袖衬衫男秋季潮牌工装外套衬衣日系复古休闲百搭外套宽松上衣 QWJD-k627绿色 L	￥68.00"
"暖乔双层棉纱全棉衬衫女长袖春秋淑女文艺打底白上衣宽松休闲纯棉衬衣 白色 M（105--115斤）	￥69.00"
"凡摩乔【双倍加厚】新款秋冬男士加绒衬衫保暖衬衣格子外套印花衣服 JF6 JFN706 XL 适合120斤-139斤	￥48.04"
"七匹狼【2件装99盲盒】 男士长袖衬衫（尺码可选款式颜色随机 ） 长衬2件 175/XL	￥99.00"
"HLA海澜之家长袖衬衫男秋季纯棉牛津纺休闲衬衣男	￥128.00"
"卡帝乐鳄鱼【两件装】白衬衫男春秋季长袖衬衫男修身衬衣免烫衬衫 白色+黑色【长款】 XL	￥99.00"
"杉杉【可机洗羊毛】衬衫男长袖秋季新款休闲商务青中年爸爸免烫衬衣 FQC231H680051长袖 41	￥218.00"
"CABBEEN卡宾商场同款都市男装秋冬季新款翻领长袖衬衫男秋冬款男士青年上衣 卡其色35 50/175/L	￥239.00"
"初申 长袖衬衫女简约条纹百搭休闲通勤白衬衣上衣S136C2744 白色 L	￥78.00"
"Teenie Weenie小熊2023年秋冬新款美拉德牛津纺衬衫纯色衬衣长袖女 象牙白 165/M	￥355.00"
"KIN DON 长袖衬衫男灯芯绒秋季潮流百搭潮流衬衣港风宽松休闲外套 卡其色 L	￥79.00"
"七匹狼长袖衬衫男士秋季纯棉磨毛牛津纺商务休闲职业衬衣男上装	￥296.00"
"卡帝乐鳄鱼（CARTELO）长袖衬衫男秋冬季纯棉衬衣男士免烫打底衫外套男 深灰色 XL	￥158.00"
"森马[商场同款]衬衫女中长款2023秋装气质通勤白衬衫101523105014	￥189.00"
"雅戈尔 衬衫男士 2022春秋季青年男休闲正装衬衫 GLVP19001BBA 纯白 40	￥249.00"
"袋鼠（DAISHU）长袖衬衫男抗皱免烫春秋冬季加绒保暖中年男士爸爸装休闲黑色衬衣 黑色【不加绒】 170/L 推荐120-140斤	￥148.00"
"雅戈尔（YOUNGOR）长袖衬衫男条纹DP免烫衬衫纯棉面料舒适抗皱平整易打理 GLDP100163HJA蓝色 41	￥469.00"
"卡宾男装字母印花宽松衬衫潮流拼接格纹黑色衬衣W 煤黑色01 50/175/L	￥219.00"
"WASSUP HERMU美式复古秋冬季格子长袖衬衫男女潮牌宽松休闲百搭外套男上衣服 黄色 XL（建议125-145斤）	￥98.00"
"卡帝乐鳄鱼（CARTELO）长袖衬衫男秋季工装衬衣男士打底衫休闲百搭外套男 雾霾蓝色 XL	￥118.00"
"Foss Phil长袖衬衫男士春秋款冬季休闲衬衣外套宽松上衣服7304白色L	￥49.00"
"红豆（Hodo）保暖衬衫男全棉磨毛内里羊毛内胆加厚格子衬衫 S3灰条 180/96A	￥259.00"
"雅鹿长袖衬衫男中青年商务休闲免烫棉质职业工装白衬衣 YL081 42	￥59.00"
"Navigare意大利小帆船长袖衬衫男经典纯色衬衣 漂白 175/92A(L/40)	￥449.00"
"利郎轻时尚男装新款衬衫男长袖纯色休闲商务垂坠感衬衣通勤正装上衣 铁灰色 41	￥139.00"
"至唯 春夏秋季港风格子衬衫男痞帅感长袖衬衣潮流日系内搭vintage外套 藏青色 XL	￥88.00"
"布克兄弟（BrooksBrothers） 男士纯棉美式经典长袖休闲扣结领衬衫 4003-蓝灰色 M	￥369.00"
"HLA海澜之家长袖衬衫男冬23新款条纹加绒保暖休闲衬衣男HNEAD4Y241A 藏青条纹S1 175/92A	￥328.00"
"罗蒙（ROMON）保暖加绒衬衫男士长袖秋冬加厚条纹衬衣男中青年商务休闲抗皱免烫 【单件装】蓝条纹 41码(加绒加厚)	￥159.00"
"Navigare意大利小帆船长袖衬衫男士2023秋季新款透气休闲条纹衬衣男装衫衣 漂白/灰 XL/41	￥490.00"
"红蜻蜓（RED DRAGONFLY）商务正装男士纯白衬衫男长袖职业装面试上班高级垂感休闲抗皱衬衣 灰色 2XL	￥108.00"
"罗蒙短袖衬衫男士薄款条纹衬衣商务职业工装打底衫爸爸装D82D08-3蓝40	￥89.00"
"太平鸟太平鸟男装明辑线工装外穿式长袖衬衫 绿色1 L	￥211.00"
"墙君（QiangJun）免烫宽松版高档衬衫男士长袖休闲工装衬衣春秋新款上衣外套男装潮 两件装【灰绿+黑色】 L【120-145斤】	￥56.00"
"艾罗帝朗秋冬保暖打底白衬衫女长袖加绒加厚修身显瘦正装工作服职业装衬衣 白色 【加绒款】【店长推荐】 XL	￥59.90"
"罗蒙（ROMON）轻奢级高端质感刺绣衬衫男长袖春秋修身免烫抗皱男士休闲商务衬衣 黑色 XL ( 130-150斤 )	￥219.00"
"BOSS男士2023春夏新款结构化条纹弹力棉质修身衬衫 452-淡蓝色 EU:41A	￥1600.00"
"Navigare意大利小帆船长袖衬衫女士2023秋季莱赛尔格子休闲衬衣 蔚蓝/白 S	￥199.00"
"杉杉纯棉磨毛格子衬衫男长袖中老年商务休闲衬衣 蓝格 41	￥198.00"
"花花公子（PLAYBOY）衬衫男长袖秋冬季男士休闲衬衣纯棉宽松上衣服 绿色 L	￥159.00"
"尚都比拉秋季休闲通勤条纹徽章长袖衬衫女百搭上衣 杏底咖条 M	￥199.00"
"爱心东东	
Shelley Jones白色长袖衬衫男春秋日系潮外套设计感学生衬衣春季港风痞帅男友风 白色 2XL	￥58.00"
"罗蒙（ROMON）轻奢秋冬季薄款免烫抗皱商务休闲白色衬衫男长袖修身竖条纹衬衣男 白色 M ( 100-120斤 )	￥269.00"
"罗蒙保暖衬衫男士秋冬季加绒衬衣条纹男士加厚保暖衬衣秋冬商务休闲正 藏青蓝条【1件装】 41/2XL	￥99.00"
"梵钰汐早秋装2023年新款时尚减龄刺绣提花衬衫女洋气木耳领上衣 白色（春秋款） L 建议105-120斤	￥66.00"
"雅鹿灯芯绒加绒加厚保暖衬衫男士商务休闲长袖中年保暖衬衣 29902 42	￥99.00"
"罗蒙（ROMON）长袖衬衫男纯色秋季商务职业正装男士衬衣工装男上衣 白色 XL	￥89.00"
"杉杉（FIRS）长袖衬衫秋季商务正装竹纤维免烫易打理抗皱通勤衬衣果绿色3XL	￥129.00"
"构致（GLOY&ZENITH）春秋款长袖衬衫男士宽松休闲百搭纯棉衬衣简约男装纯色上衣外套 浅蓝色 L（115-130斤）	￥93.00"
"Navigare意大利小帆船净色长袖衬衫女休闲尖领衬衣2333003502 粉 L	￥595.00"
"雅戈尔（YOUNGOR）长袖衬衫男素色绒面衬衫温暖触感秋冬保暖挺阔有型易打理 深灰 41	￥469.00"
"利郎官方轻时尚男装【柔顺抗皱】衬衫男再生纤维衬衣职场通勤正装上衣 白色 42	￥179.00"
"啄木鸟（TUCANO）100%纯棉衬衫男长袖休闲牛津纺纯色绣花免烫男士衬衣春装上衣 卡其 XL	￥158.00"
"杉杉（SHANSHAN）长袖衬衫男秋冬新款莫代尔加绒加厚男士衬衣通勤职业工作装 浅蓝 42	￥149.00"
"罗蒙ROMON品牌男装 保暖内搭衬衫男士加绒加厚衬衣长袖潮流一体绒秋冬季高端商务衬衫 【加绒】8084深灰 3XL 150-165斤	￥216.00"
"罗蒙（ROMON）全棉免烫抗皱长袖衬衫男士抗皱格子休闲商务正装纯棉中青年衬衣秋 8W62276 41	￥238.00"
"布克兄弟（BrooksBrothers）男士冬新纯棉美式纯色长袖休闲衬衫 4004-藏青色 M	￥355.00"
"GXG男装 城市定义华夫格肌理易打理中廓宽松休闲衬衫2023秋季 灰咖色 180/XL	￥319.00"
"罗蒙（ROMON）加绒保暖衬衫男士长袖加绒加厚抗免烫皱衬衣中青老年冬款防风上衣 藏青 TJ221  40（135-145斤）	￥138.00"
"罗蒙（ROMON）蓝色格子衬衣女长袖23春装新款女装磨毛休闲衬衫早秋气质上衣女 蓝格 M	""￥58.00"

"
CEO长袖衬衫男白色水洗牛津纺衬衫休闲时尚挺阔有型易打理 CLPM100024FKA藏青 41	￥179.00
罗蒙（ROMON）长袖衬衫男士四季款大码衬衫商务休闲纯色斜纹小码衬衣男 白色41	￥139.00
花花公子（PLAYBOY）长袖衬衫男秋冬季衬衣男士外套潮流休闲修身绅士衬衫 白色 XL	￥149.00
爱心东东	"
"QGF小香风格子衬衫女春秋季新款港味chic内搭上衣宽松设计感衬衣外套 图片色 M""	""￥68.00"

"
SHANSHAN杉杉长袖衬衫男秋冬季加绒加厚衬衣男士含棉商务休闲上衣	￥139.00
G2000【福袋】男装春季职业商务正装长袖衬衣白衬衫工作面试 淡蓝 160	￥45.00
POUM男装联名长袖薄款格子衬衫男宽松男女百搭休闲宽松户外内搭 BSNZ-C08蓝色 L	￥58.00
太平鸟男装黑白格子衬衫修身翻领衬衣舒适长袖衬衫 黑色1 S	￥258.00
恒源祥桑蚕丝加绒长袖衬衫男士冬季加厚正装高端无痕免烫保暖衬衣 上青色 (加绒加厚) 175/52/XL135-150斤	￥218.00
HLA海澜之家长袖衬衫男春秋23格子时尚宽松休闲衬衣男	￥238.00
红豆（Hodo）【免烫控温】23款0感舒适衬衫陶瓷纽扣长袖衬衫白衬衣40S1	￥399.00
百图betu女装2023秋新款衬衫韩风荷叶领泡泡袖刺绣蕾丝衬衫女2309T55 米白 M	￥319.00
佐丹奴 男装衬衫 厚实法兰绒棉质格子长袖休闲 01042859 绿/蓝	￥179.90
罗蒙（ROMON）纯棉牛津纺长袖衬衫男秋冬男士条纹翻领衬衣男商务休闲正装上衣男 1021蓝色 40	￥141.00
杉杉（FIRS）衬衫男纯棉长袖衬衫男士条纹商务休闲百搭经典衬衫男灰色50码	￥139.00
Olrain欧芮儿法式粉色长袖衬衫女2023秋季新款宽松通勤风衬衣女 粉色（不配披肩） S	￥299.00
GANIBPORCH意大利轻奢长袖衬衫男商务休闲2023秋季新款抗皱免烫男士衬衣纯棉 999-5雾霾灰  40码建议130-150斤	￥368.00
初申长袖衬衫女设计感小众外套复古叠穿法式牛仔衬衣S132C2224	￥199.00
罗蒙（ROMON）长袖衬衫男秋季商务纯色衬衣男士职业正装上衣服男装 蓝色 40	￥159.00
杉杉长袖衬衫男抗皱免烫衬衣商务弹力正装工装 白色 42	￥138.00
尚都比拉休闲通勤纯棉宽松长袖白衬衫女职业正装上衣 白色 M	￥229.00
杉杉【140支纯棉DP免烫】长袖衬衫男抗皱商务轻奢四季休闲正装衬衣	￥289.00
雅戈尔长袖衬衫男天然免烫衬衫石墨烯面料垂性好手感舒适 灰色 42	￥499.00
君芳雅（junfangya）打底衫衬衫女春秋新款洋气长袖小衫雪纺衫上衣女 白色(薄款) L	￥38.00
锡元衬衫男纯棉薄牛仔衬衫男士长袖韩版帅气休闲百搭寸衬衣男外套港风 灰色 XL 100-120斤	￥29.00
U.S. POLO ASSN.长袖衬衫男春秋纯棉牛津纺商务休闲宽松免烫透气男衬衣 蓝色 XL	￥169.00
卡帝乐鳄鱼衬衫男 经典纯色加绒白衬衫修身正装商务休闲衬衣 白色 2XL	￥119.00
GENIOLAMODE森马集团长袖衬衫男重磅320G灯芯绒翻领休闲打底男装潮 浅米 L	￥99.90
海澜之家（HLA）【纯棉】长袖衬衫男秋季23新款轻商务休闲衬衣男秋季 【纯棉无口袋】浅蓝条纹7A 175/96A	￥158.00
POUM长袖衬衫男士秋季冬款休闲宽松衬衣美式大码外套CH026深蓝XL	￥38.50
迪伽达 纯色衬衫男士外套春秋季新款工装宽松休闲长袖文艺衬衣男 WJS-C4505黑色 M	￥68.00
皮尔卡丹男士桑蚕丝无痕免烫长袖衬衫商务休闲衬衣时尚舒适百搭男士正装 H8815长袖衬衫(白色) 170120-135斤	￥69.00
罗蒙品牌高档男装法式衬衫男长袖修身免烫商务正装新郎伴郎结婚袖扣白衬衣职业宴会 白色[斜纹法式袖] 41/XL	￥239.00
Lee Cooper白色衬衫男士初秋纯色休闲长袖衬衣寸男生基础款纯棉刺绣工装外套 白色 XL码	￥299.00
凡客诚品（VANCL）长袖衬衫男纯色棉质修身职业正装休闲商务长衬衣男装 灰色 XL	￥99.00
罗蒙（ROMON）品质无痕免烫秋季长袖衬衫男士商务衬衣弹力打底衫男装2226灰色42	￥238.00
杉杉【含棉透气】长袖衬衫男士秋季商务休闲通勤舒适上衣条纹男装衬衣	￥129.00
柒牌（SEVEN）【三防易打理】男装长袖衬衫男2023秋季时尚休闲翻领衬衣	￥239.00
杉杉（FIRS）纯棉磨毛衬衫中年爸爸装商务休闲全棉格子衬衣男 咖啡格 42	￥228.00
Navigare 意大利小帆船长袖衬衫男春秋款100%长绒棉轻磨毛柔软舒适纯色衬衣113300903 湖蓝 L/40	￥502.00
百图betu女装2023秋季新款衬衫假两件气质衬衫拼接针织衫女2308T28 焦糖色 M	￥349.00
构致（GLOY&ZENITH）日系条纹长袖衬衫男士休闲复古衬衣纯棉青年刺绣文艺宽松男装上衣 白色 L（115-130斤）	￥92.16
罗蒙（ROMON）衬衫男长袖商务职业正装条纹2023春季中青年免烫工装休闲白衬衣男 K997-蓝色【长柚】 40 XL	￥89.00
吉普（JEEP）长袖衬衫男2023秋季韩版纯棉衬衣男士休闲外套男装 绿色 XL	￥134.00
FitonTon雪纺衬衫女春秋宽松长袖气质垂感衬衣V领显瘦衬衣 白色 S	￥139.00
吉普（JEEP）衬衫男长袖2023秋季韩版纯棉衬衣男士外套翻领上衣男装 灰色 XL	￥168.00
Teenie Weenie【赵露思同款】小熊2023秋冬新款复古格纹学院风衬衫 粉色 165/M	￥554.00
A21长袖衬衫男装梭织宽松翻领落肩秋季百搭潮通勤条纹男上衣易穿搭 蓝色 175/88A/L	￥159.00
金盾（KIN DON) 长袖衬衫男灯芯加绒衬衫男秋季潮流帅气百搭潮流衬衣ins港风宽松休闲外套 黑色 XL	￥98.00
罗蒙（ROMON）春秋装23年新款时尚减龄提花纯棉衬衫女洋气全棉木耳领上衣长袖 酒红色 L	￥84.67
红蜻蜓【两件装】衬衫男长袖2021秋季新款潮流修身西装免烫商务休闲职业纯色衬衣男士打底衫上衣男装 CS61藏青+天蓝 4XL	￥69.90
啄木鸟秋冬加绒男保暖衬衫新款男士长袖格子中老年印花衬衣休闲 601 XXL130150斤	￥58.00
NASALIKE 秋季纯棉衬衫免烫宽松版长袖工装男士外套商务大码休闲衬衣男装 长袖诺世2814加绒加厚黑色 XL 135斤-150斤	￥59.00
凡客诚品（VANCL）长袖衬衫男商务休闲修身翻领棉质条纹长衬衣打底衫 黑色 XL	￥79.00
啄木鸟 长袖衬衫男工装衬衣男士外套上衣春秋季纯色中青年春秋邮 1916卡其 XL（115斤-135斤）	￥69.10
伊芙丽经典格纹衬衫金属扣休闲衬衫外套2023冬装新款通勤百搭上衣 浅咖啡 155/80A/S	￥475.00
卡帝乐鳄鱼（CARTELO）长袖衬衫男秋季商务条纹衬衣男士正装打底衫外套 黑色 XL	￥159.00
百图betu女装2023秋季新款衬衫南法温柔风V领灯笼袖长袖衬衫女2308T45 米白 M	￥309.00
罗蒙（ROMON）纯棉牛津纺男士商务休闲长袖衬衫秋冬款中青年条纹全棉保暖衬衣男 灰色 42/190/3XL	￥155.00
卡帝乐鳄鱼长袖格子衬衫男宽松韩版春秋季衬衣男士休闲百搭上衣服外套男装 CS99黄色 XL	￥69.00
暖乔全棉衬衫女长袖中长款春秋撞色拼接彩色油画印花宽松休闲纯棉衬衣 彩色印花油画 均码（110--150斤）	￥75.00
木头牛显气质百搭德绒衬衫女加厚POLO领系扣开衫上衣2023秋冬款宽松外穿 米白色 优质德绒 L 100-115斤	￥85.00
爱心东东	"
"唐号 衬衫外套男春秋2022年春秋季新款痞帅工装牛仔长袖休闲长袖外套 8025黑色 M""	￥35.00"
"太平鸟男装  秋冬季新款衬衫长袖修身衬衣B1CAC3X20 黑色 M	￥167.00"
"爱心东东	
NEW OR MODE衬衫男春秋季宽松潮流灯芯绒纯色简约休闲长袖衬衣美式外套上衣服 深灰色 XL	""￥68.00"
"
HLA海澜之家长袖衬衫男春秋23长绒棉宽松制扣领休闲衬衣男	￥218.00
七匹狼长袖衬衫男秋冬装商务休闲格纹衬衣男士百搭男装衬衫上衣服饰 灰蓝 165/84A(M)	￥236.00
品彩长袖衬衫女春秋通勤职业内搭上衣时尚纯色简约衬衣 P139C2337	￥99.00
爱心东东	"
"皮尔卡丹（pierre cardin）格子男士衬衫修身刺绣秋季免烫抗皱弹力新款秋装男衬 2226黑色衬衫 2XL 建议130-145斤穿""	""￥179.00"
"
森马（Semir）长袖衬衫女灯芯绒宽松上衣冬季优雅领结衬衣法式小众101722105002	￥139.99
金利来【兰精莫代尔/物理抗皱】修身商务长袖衬衫男 85宝蓝 XL	￥374.00
IEF/爱依服2023秋季新款韩版时尚复古格子设计宽松休闲风衬衫外披 杏咖格 F	￥79.00
杉杉（FIRS）衬衫男秋冬季亲肤商务正装休闲时尚职业工装免烫长袖衬衫白色41码	￥129.00
爱心东东	"
"卡帝乐鳄鱼纯棉衬衫男长袖春秋季宽松夏季外套港风设计上衣服男秋装休闲衬衣 卡其色 XL""	￥99.00"
"POUM 格子衬衫男士春秋季新款免烫长袖衬衣cityboy潮牌宽松外套 ZWS-C100杏色 M	￥59.00"
"中凡智男士保暖衬衫加绒加厚款长袖衬衣中年爸爸格子印花男装/件 E HB633 XL 适合120斤-139斤	￥26.57"
"杉杉（FIRS）长袖衬衫男春秋中青年商务休闲条纹腈纶衬衣男 A1155-2长袖 42	￥188.00"
"凯恋（KAILIAN）职业气质宽松白衬衫女薄款法式上衣慵懒港风衬衣TYK8940 白色 XL	￥79.00"
"Semir森马长袖衬衫男格纹经典基础通勤格子衫春秋季纯棉简约休闲上衣 灰色调0422 175/92A/L	￥89.99"
"至唯 长袖衬衫男2023春秋季新款港风ins条纹衬衣潮流帅气宽松百搭外套 白条色 XL	￥68.00"
"雅戈尔 衬衫男士 2022春秋季青年男休闲正装衬衫 VLDP12134IJA 浅蓝 42	￥269.00"
"Cszxx大码白衬衫男加肥加大300斤胖子宽松纯色防皱免烫长袖衬衣 职业装 白色 4XL（45）适合200-220斤	￥78.00"
"卡帝乐鳄鱼（CARTELO）衬衫男长袖宽松纯色商务衬衣男士正装棉质休闲舒适职业装 白色2XL	￥69.00"
"凡客诚品（VANCL）衬衫男棉质纯色商务休闲简约长袖衬衣修身外套 浅蓝(长) 2XL/41	￥89.00"
"星禾莱美式重磅长袖衬衫男秋季纯棉感休闲纯色白色翻领衬衣复古外套 白色 L 115-138斤	￥68.00"
"古地斯白衬衫女长袖韩版时尚气质薄款翻领职业纯棉衬衣 KFG3058 白色 L	￥199.90"
"皮尔卡丹高档仿桑蚕丝长袖保暖衬衫男士商务正装加绒衬衣免烫加厚衬衫 黑色(加绒加厚) 180/XXL推荐155-170斤	￥168.00"
"罗蒙（ROMON）男士修身衬衣春秋新款休闲净色简约翻领商务衬衫休闲百搭外穿上衣 蓝色 XL 135-140斤	￥99.00"
"七匹狼长袖衬衫男士纯棉合体抗皱易打理透气舒适商务休闲男士衬衣	￥296.00"
"稻草人（MEXICAN）长袖衬衫男韩版春秋潮流男士休闲格子衬衣外套男 1925橙格 L	￥99.00"
"花花公子衬衫男长袖秋冬季商务休闲衬衣条纹衣多穿绅士四面弹抗皱衣服男装 灰色 XL	￥149.00"
"雅戈尔（YOUNGOR）长袖衬衫男素色DP免烫衬衫纯棉面料舒适抗皱平整易打理 VLDP170013BJA白色 41	￥219.00"
"南极人（Nanjiren）长袖衬衫男春季新款韩版格子衬衣服男装潮流夏季休闲学生外套 CS1947青灰 XL (约120~145斤可穿)	￥59.00"
"爱心东东	
拉夏贝尔（La Chapelle）女装针织衬衫2023年新款拼接花边领针织衫条纹灯笼袖上衣通勤百搭 米白色 M	￥71.13"
"杉杉【液氨免烫】长袖衬衫男士秋季商务休闲纯棉舒适纯色衬衣男装正装	￥189.00"
"香影雪纺衬衫女长袖2023秋季新款飘带米白色法式上衣通勤职业衬衣 米色 S	￥215.00"
"杉杉【可机洗羊毛】衬衫男长袖秋季高端休闲商务青中年爸爸免烫衬衣 FQC231H680050长袖 40	￥218.00"
"尚都比拉春秋爱心刺绣设计感牛仔衬衫女休闲通勤长袖上衣 牛仔蓝 M	￥179.00"
"皮尔卡丹长袖衬衫男士高端商务职业工装无痕免烫抗皱西装衬衣修身显瘦外套 285-18黑色【长袖】 42	￥69.00"
"FitonTon磨毛衬衫女士2023冬季显瘦高级感通勤职业外套厚款长袖上衣	￥139.00"
"Levi's李维斯23秋季新款女士牛仔衬衫时尚撞色拼接复古休闲潮流气质百搭 蓝色 S	￥485.00"
"才子（TRIES）男士长袖衬衫2023春季竹子印花暗色衬衣 黑色 XL(175/92A)	￥169.00"
"茵曼（INMAN）【博主同款】2023秋女新款气质锁骨V领灯笼袖荷叶边拼接衬衫 田园杏 S	￥169.00"
"杉杉【加绒加厚】衬衫男长袖秋冬商务休闲通勤保暖翻领纯色高弹衬衣	￥179.00"
"罗蒙（ROMON）高弹免烫长袖衬衫男中青年春秋商务易打理无痕工装衬衣311藏青175	￥145.00"
"HLA海澜之家长袖衬衫男冬季23轻商务时尚系列加绒刺绣衬衣男	￥248.00"
"杉杉【磨毛保暖】长袖衬衫男23春秋新款商务休闲上衣中年条纹打底衬衣 蓝灰条 180/96A(41)	￥129.00"
"罗蒙加绒加厚长袖衬衫男士秋冬款中老年商务休闲厚款格子宽松保暖衬衣 蓝色 XL	￥99.90"
"杉杉衬衫纯棉磨毛加厚男士长袖保暖抗皱易打理亲肤柔软男装秋冬上衣	￥179.00"
"小鸢加绒加厚秋冬款长袖衬衫男爸爸装春秋保暖衬衣男中年上衣爸爸装 灰色 祥云加绒加厚 170L(建议130-145)	￥52.92"
"海澜之家（HLA）【纯棉】长袖衬衫男秋季23新款轻商务衬衣男秋季HNEAW3Y053A-new 【纯棉无口袋】浅蓝条纹7A 175/96A	￥117.60"
"稻草人华夫格衬衫男长袖春秋新款潮流男装痞帅衬衣男士休闲外套 米白 C811  XL	￥132.00"
"NASA MARVEL长袖衬衫男衬衣秋冬季男宽松百搭休闲潮牌春款男装 深蓝 M	￥69.00"
"百图betu女装2023秋季新款衬衫时髦工装口袋休闲时尚牛仔衬衫2309T98 牛仔色 M（牛仔色预售12/26发货）	￥309.00"
"十如仕衬衫男新品长袖衬衣纯棉免烫抗皱商务休闲正装  201-03 白色 42	￥137.00"
"初申春秋长袖衬衫女白色衬衣职业通勤白衬衫简约上衣 SW17CC802	￥99.00"
"嘉晔（JIAYE）高冷系纯色衬衫男西服内搭长袖打底衫意式感免烫雪纺衬衣 黑色 XL	￥39.00"
"GENIOLAMODE森马集团衬衫男春秋长袖衬衣男士宽松休闲男装上衣韩版纯色上衣服	￥69.00"
"三彩2023冬季新款纯棉灯芯绒衬衫复古翻领宽松衬衣内搭简约女 绿色 160/84A/M	￥368.00"
"构致（GLOY&ZENITH）冬季新款加厚加绒男装衬衫休闲简约百搭外套保暖御寒纯棉衬衣 深灰色 XL	￥125.00"
"BlackMonday衬衫男韩版休闲男士长袖衬衫时尚修身纯色免烫商务休闲大码牛津纺衬衣 藏青色 L/175	￥119.00"
"后探美式高品质磨毛格子衬衫男宽松春秋款工装外套男士纯棉长袖衬衣男 咖啡色 XL（140-155斤）	￥198.00"
"七匹狼【吸湿排汗】长袖衬衫男2023秋季新款棉磨毛商务通勤衬衣男装衣服 102(深蓝) 175/92A/XL	￥315.00"
"杉杉【一体绒】保暖衬衫男纯棉冬季休闲商务中年爸爸全棉加绒加厚衬衣 FQC234Z785005一体绒 40	￥218.00"
"暖乔（Nuanqiao）全棉牛津纺纯棉衬衫女长袖宽松春秋白色工装休闲打底衬衣 白色 L（115--130斤）	￥69.00"
"九牧王【经典免烫】 2023秋季新款商务高端抗皱职场长袖衬衫男易打理衬 40117+白色+经典免烫359 185/108B(44)	￥329.00"
"对白（DUIBAI）复古宽松美式长袖牛仔衬衫女2023年冬季新款别致分割线上衣 复古蓝 160/M	￥177.00"
"罗蒙（ROMON）高端秋冬保暖加厚毛呢男士衬衫长袖修身抗皱衬衫休闲轻商务衬衣男 卡其色 2XL ( 140-150斤 )	￥229.00"
"花花公子长袖衬衫男士春秋季新款翻领工装外套男休闲潮流印花上衣衬衣男装 J2160 杏色 XL（约120-135斤可穿)	￥139.00"
"草东长袖垂感坠感内搭衬衫男免烫春秋季宽松黑白色衬衣痞帅潮流男士 白色 长袖暗扣 C21 L【115-130斤】	￥37.76"
"Navigare【火山岩】意大利小帆船长袖衬衫男士秋季新款磨毛格子衬衣保暖 藏青/白 XL/41	￥509.00"
"诺贸加绒加厚冬季长袖衬衫男免烫条纹格子韩版修身男士花衬衣休闲百搭 （加绒）804深灰色 3XL	￥88.00"
"保罗歌仕顿保暖衬衫男秋冬季加绒加厚爸爸装大码长袖t恤男士假两件商务休闲中老年打底衫毛衣衣服男装衬衣 9001加绒深灰色 2XL	￥39.00"
"末真（MOZHEN）长袖衬衣男士百搭日系简约纯色上衣外套休闲男装白色衬衫男潮 浅蓝色 M/170	￥168.00"
"啄木鸟（TUCANO）男士长袖衬衫中年纯棉春秋季高档免烫抗皱衬衣宽松休闲大码男装 2303纯棉灰色 170/L推荐100-130斤	""￥109.00"
"
POUM长袖衬衫男士秋季冬款休闲工装百搭格子宽松外套C502蓝色M	￥53.00
哥弟真的好女装通勤复古单口袋抗皱垂顺长袖衬衫上衣女A300873 米白 M(3码)	￥380.00
三彩2023冬季新款休闲条纹衬衫复古翻领宽松衬衣内搭简约女 浅绿 160/84A/M	￥328.00
吉普（JEEP）长袖衬衫男秋冬季休闲纯棉衬衣男士工装外套男装 灰色 XL	￥158.00
啄木鸟竹纤维免烫弹力蓝色衬衫男士长袖商务休闲正装工装职业修身白衬衣 长袖款375033淡蓝 42(建议156-165斤)	￥98.00
恒源祥【易穿搭】竖条纹长袖保暖衬衫男装秋冬季男士加绒加厚衬衣商务休闲百搭上衣潮 绿色 175/92A	￥288.00
东枫棉麻长袖衬衫男简约纯色小清新休闲外套男时尚舒适透气潮流衬衣男 灰色 XL	￥118.00
恒源祥高档100纯棉免烫宽松版衬衫男士工装衬衣春秋外套男装休闲七分袖 高档纯棉灰绿色_[609长·袖] XL_[135-155斤]	￥79.00
MO&Co.秋季简约衬衫宽松MBB3SHT003白色艺术感设计感 本白色 S/160	￥569.00
利郎官方休闲长袖衬衫男修身版23秋季新款时尚印花个性男士衬衣 蓝灰(22QXC0132S) 175/88A	￥372.00
花花公子春季发型师纯色衬衫男士修身商务长袖休闲百搭衬衣外套韩版衬衫男 卡其 175/XL	￥148.00
爱心东东	"
"歌世爵秋装印花灯芯绒长袖衬衫外套时尚休闲青年流行潮男条绒衬衣男 蓝/红 L""	￥158.00"
"爱心东东	
罗蒙（ROMON）男士长袖加绒加厚款保暖衬衫男秋冬新款职业工装植绒弹力衬衣针织 加绒白色 40 (125-140斤)	￥118.00"
"品彩长袖衬衫女条纹气质通勤上衣宽松简约纯色衬衣 P138C2734	￥119.00"
"EAEOVNI纯色长袖衬衫男士衬衣男秋冬季商务休闲修身免烫职业白色正装工装 纯白色 39【115-130斤】	￥39.00"
"7家优品衬衫男秋冬季新款设计感小众痞帅高级感冰丝长袖衬衣潮流潮牌男装 CXHWP-C611白色 M	￥68.88"
"轩莱雅衬衫男士长袖秋季新款休闲宽松格子衬衣男生潮牌潮流衬衫薄款外套 米藏青 XL建议120-135斤	￥38.00"
"海澜之家（HLA）正装长袖衬衫男装23春秋季新款纯色衬衣轻商务绅士上衣服男士衬衫 HNCAW3Y007A漂白16 175/40建议68-74kg	￥107.60"
"凡客诚品（VANCL）长袖衬衫男士纯色棉质商务休闲四季时尚修身衬衣男装 深蓝 2XL	￥118.00"
