﻿Column1,Column2
Column1,Column2
Name,Price
得力(deli)高粘性棉纸双面胶带 12mm*10y(9.1m) 单卷装 创意小卷芯 30435 对联专用 贴春联胶带,￥1.20
得力(deli)强力布基胶带 48mm*20m*230μm单卷 耐磨防水易手撕 地毯固定管道密封 窗户挡风 防风胶带 30800,￥10.80
得力(deli)30cm办公通用直尺 测量绘图尺子 办公用品 6230开学文具,￥1.80
得力(deli)30cm不锈钢直尺 测量绘图刻度尺子 带公式换算表 办公用品  8463,￥6.90
得力(deli)502强力胶水 快速粘合无色胶水 3g/支 8支装 办公用品 7146,￥8.50
得力(deli)连中三元考试套装 绘图套尺+中性笔+涂卡2B自动铅笔+笔芯+橡皮  中考文具套装 中高考专用6696,￥13.50
得力(deli)高粘性棉纸双面胶带 海报贴墙固定贴 12mm*10y(9.1m/卷) 24卷/袋装 办公用品 30401,￥16.60
得力(deli)笔型固体胶水 创意便携新颖 可换芯胶棒 循环环保 单支装(带1支替芯) 7109-蓝/灰色随机发货,￥3.00
得力(deli)大号黑刃自锁美工刀/裁纸刀/壁纸刀 附备用刀片 锋利耐磨 黄色2041S,￥7.90
得力(deli)36色超轻粘土 彩泥粘土橡皮泥 儿童宝宝手工DIY玩具质地温和柔软黏土男孩女孩礼物 袋装YC143-36A,￥19.50
"京品文具	
晨光(M&G)文具30色双头酒精性速干马克笔 袋装油性学生款水彩笔 绘画手绘涂鸦 礼物送男孩女孩APMV1413",￥19.00
得力(deli)大包装超轻粘土 儿童玩具婴幼儿沙滩彩泥橡皮泥柔软黏土礼物男孩女孩DIY手工制作 100g装黄 67841,￥7.90
乐普升（LPS）150米5支大容量耐用修正带学生用涂改带实惠装改正带初中生学生开学文具90088修改带顺滑改错带,￥17.00
晨光(M&G)文具100米学生彩色修正带 顺滑不断带涂改带 强遮盖复印无痕改正带 20米*5只装ACT52314开学文具,￥15.50
晨光(M&G)文具9mm小号金属外壳美工刀 家用办公裁纸刀壁纸刀/刀子 办公用品 单把装颜色随机ASSN2239,￥2.00
得力(deli)30mm*5m纳米强力无痕魔力胶带加强网格款 透明家用车用无痕固定双面胶 海报贴春联贴-JL602,￥14.90
得力(deli)12#高效便捷起钉器 带安全锁 办公用品 蓝色0231,￥2.50
得力(deli)50cm不锈钢直尺 测量绘图刻度尺子 带公式换算表 办公用品 8464,￥12.90
得力10色30张彩色手工卡纸剪纸折纸 创意手工DIY手工纸 儿童学生礼物男孩女孩A4手工礼物83640,￥7.20
得力(deli)30mm*3m纳米强力无痕魔力胶带加强网格款 透明家用车用无痕固定双面胶 海报贴春联贴-JL601,￥11.90
得力(deli)强力布基胶带 48mm*20m*230μm单卷耐磨防水易手撕 地毯固定管道密封 窗户挡风防风胶带 黑色52003,￥11.90
北极熊（Polar bear）纳米双面胶透明贴 60片 1盒 随手贴 透明胶带家用车用纳米胶婚庆春联对联贴 DS-501,￥9.00
得力(deli)速干直液笔签字笔 0.38mm全针管无印风中性笔水笔走珠笔会议笔 黑色12支/盒S865,￥15.23
得力(deli)高粘性棉纸双面胶带 海报固定贴18mm*10y(9.1m/卷) 16卷袋装 办公用品 30402,￥17.80
得力(deli)高粘性棉纸双面胶带 海报贴墙固定 9mm*10y(9.1m/卷) 32卷袋装 办公用品 30400,￥19.90
齐心（Comix） 双面胶带强力高粘度泡沫海绵双面胶带 24mm*5y(4.57米/卷)10卷装 办公用品工具 PM2405-10,￥15.30
得力（deli）小号特氟龙刀刃美工刀壁纸刀裁纸刀 防粘防黏不易粘胶 办公用品 尾部自带折刀器 黑色 TD301,￥6.60
得力(deli)金属专用强力胶 快干无色胶水 8g/支 瓶装 办公用品 JD101,￥2.50
极度空间 贺卡【5个装】信封信纸感恩节礼物生日贺卡高级感商务祝福贺卡心愿卡明信片卡片送老师同学男女朋友,￥12.90
"京品文具	
齐心（Comix）吾皇万睡IP联名福袋 幸运礼盒开学文具惊喜盲袋学生中性笔盲盒网红趣味生日礼物WHCL003",￥15.90
六品堂行书字帖成年行楷手写体心灵美文男生女生成人速成高中生大学生字体漂亮钢笔硬笔书法临摹练字帖,￥15.80
得力(deli)大包装超轻粘土 儿童玩具婴幼儿沙滩彩泥橡皮泥柔软黏土礼物男孩女孩DIY手工制作 100g装蓝 67841,￥7.90
天色 黄铜叶脉书签 年会礼品创意金属古风书签书夹 教师节礼物男女老师新年礼物伴手礼 TS-5866 小枫叶,￥9.00
天色 黄铜叶脉书签 新年礼物创意金属古风书签书夹 教师节礼物男女老师生日礼物年会礼品 TS-5870 四叶草,￥9.00
法拉蒙 3个装复古简约教师节贺卡生日礼物感恩祝福卡情人节高档手写明信片信纸信封男女朋友表白信筏,￥7.80
天色 黄铜叶脉书签 教师节礼物女老师创意金属古风书签书夹年会礼品新年礼物生日礼物 TS-5866 梧桐叶,￥9.00
TaTanice 贺卡 迷你花束礼品贺卡生日礼物明信片创意卡片送男女 四张装,￥8.80
得力(deli)0.5mm经典办公子弹头中性笔 水笔签字笔黑色12支/盒6600ES,￥9.50
递乐  3本装草稿纸草稿本55g120页学生用演草大白纸本空白高中验算书写演算打草纸4348,￥6.00
晨光(M&G)文具8ml便携修正液 学生开学涂改液 改正液 米菲系列修正笔 单瓶装颜色随机MF6002开学文具,￥4.50
晨光(M&G)文具36米笔型修正带 可换替芯学生涂改带 国风高颜值改正带 一体拨盖保护套6支装ACT56013开学文具,￥13.50
得力(deli)12m修正带 防滑学生涂改带 顺滑不断带改正带修改带 颜色随机 71499,￥3.50
得力(deli)小号铝合金护套美工刀 壁纸刀裁纸刀 办公用品 2086 浅蓝,￥3.50
得力(deli)30mm*1.5m纳米无痕魔力胶带 随手贴 强力海报贴 透明家用车用双面胶 33605 固定对联专用 春联胶带,￥6.90
"京品文具	
晨光(M&G)文具30mm*3m*1mm无痕纳米双面胶带 透明防水胶 强力固定贴AJD957F1",￥8.90
齐心(Comix)502胶水 强力胶快粘无色 3g/支 可粘金属塑料 办公用品凑单工具B2695,￥1.50
得力(deli)40cm办公学习通用尺子 塑料直尺开学文具 6240,￥3.00
晨光(M&G)文具彩色大容量点胶笔 速干笔型双面点点胶 可调粗细精准涂抹不脏手 学生手工diy手账3支装AJDU2407,￥9.80
得力(deli)175mm人机造型剪刀 黑色防锈处理 办公用品 蓝77790,￥9.90
乐学文化字帖行楷成人男行书行草凹槽手写体练字帖成年大学生女生草书初学者硬笔书法练习写字钢笔临摹练字本 手写体凹槽字帖5本+20支笔芯2笔杆2...,￥29.90
得力(deli)1+4按动修正带套装 顺滑不卡改正带 强韧带芯涂改带 VR137 蓝色,￥12.00
得力(deli)50mm*3m*2mm纳米强力无痕魔力胶带 海报贴 透明家用车用双面胶 加厚款33604 贴春联胶带 固定贴,￥19.80
得力(deli)50ml高粘度液体胶 学习办公通用胶水 24支装 办公用品 7302,￥26.90
得力(deli)×颐和园直液式中性笔 0.5mm全针管签字笔水笔 走珠笔国潮文具 黑色 4支/盒  DL-S852,￥12.70
得力(deli)20mm*1m纳米无痕魔力胶带 强力固定网格款 透明家用车用无痕双面胶 海报贴春联贴-JL600,￥5.90
三年二班多功能电子闹钟学生专用起床神器强力叫醒儿童男孩女孩桌面时钟摆件七夕礼物 白色（电池款）,￥19.80
得力(deli)小号铝合金护套美工刀 壁纸刀裁纸刀 办公用品 2086 浅绿,￥3.50
齐心（Comix）双面胶棉纸/双面胶带 10卷装 12mm*10y（9.1m/卷） 凑单/拼单/团购EP010,￥8.50
广博(GuangBo)20cm办公通用直尺 测量绘图尺子 办公用品 CB5665,￥1.50
天章办公(TANGO)双面胶泡沫胶带36mm*5y(4.6米)*1卷高粘厚双面胶海棉胶条强力双面胶家用办公文具用品,￥2.90
飞兹(fizz)金属外壳小号美工刀/自动锁铝合金裁纸刀/壁纸刀/快递刀办公用品/学生文具 黑色FZ215001,￥9.60
齐心（Comix）荧光膜索引标签指示贴/荧光贴/便签条/便签纸/透明便利贴(44x12mm)20张*5色开学文具拼单 D6017,￥4.00
得力(deli)502强力胶水 快速粘合无色胶水 8g/支 单只装 办公用品 7144,￥1.80
3M 胶水快干胶 玻璃陶瓷木材金属塑料橡胶粘合速干胶水 透明啫喱快干胶 AD119,￥10.00
齐心(Comix)美工刀/裁纸刀/壁纸刀 金属9mm办公用品凑单 工具 单只装B2806,￥2.00
广博(GuangBo)小号金属磨砂外壳办公家用美工刀/裁纸刀自锁设计 拼单/凑单红黑随机 MG8212,￥2.00
得力(deli)纳米强力无痕固定贴 多规格片装 透明家用车用双面胶 20片/包 33608 可重复使用 海报 春联专用,￥9.90
得力(deli)30mm*5m纳米强力无痕魔力胶带 海报贴 透明家用车用固定双面胶 33612可重复使用 对联贴春联胶带,￥14.90
得力(deli)30mm*1m纳米无痕魔力胶带 强力固定贴随手贴 透明家用车用双面胶 33606 可重复使用 对联 春联胶带,￥8.80
晨光(M&G)文具3m*30mm*2mm无痕纳米双面胶带 透明防水胶带 家用车用强力可重复使用固定胶带AJD957AL,￥15.90
齐心(Comix)美工刀/裁纸刀/壁纸刀 大号18mm 颜色随机凑单 工具B2809,￥2.00
3M 胶棒 固体胶/固体胶棒/固体胶水 粘贴牢固快干耐用 办公用品 8g/单支装 5008,￥2.00
得力(deli)强力布基胶带 60mm*20m*230μm单卷 耐磨防水易手撕 地毯固定管道密封 30801,￥13.30
纽赛（NUSIGN)大号撞色设计美工刀壁纸刀裁纸刀 办公用品 尾部自带折刀器 深灰色 NS062,￥13.00
齐心（Comix）双面胶带强力高粘度泡沫海绵双面胶带 18mm*5y(4.57米/卷)10卷装 办公用品 PM1805-10,￥16.00
得力（deli）小号特氟龙刀刃美工刀壁纸刀裁纸刀 防粘防黏不易粘连 办公用品 尾部自带折刀器 白色 TD301,￥6.60
得力（deli）重型起钉器 黑 0236,￥15.50
齐心(Comix)起钉器/拔钉器 12# 黑 B3064凑单,￥2.50
晨光(M&G)文具180米盒装国风修正带 大容量消音学生涂改带 万狮大吉系列高颜值改正带ACT75807开学文具,￥32.50
天章办公(TANGO)双面胶泡沫胶带24mm*5y(4.6米)*1卷高粘厚双面胶海棉胶条强力双面胶家用办公文具用品,￥2.50
得力(deli)饰品专用强力胶 透明质地无色胶水 3g/卡 办公用品 JD102,￥3.20
得力(deli)笔型点点胶速干精准涂抹 手工学生diy 手账1支/卡 笔形点胶笔粉色-JS116,￥3.50
得力(deli)软胶护套按动中性笔书写签字笔 办公学生家用学校走珠笔 0.5mm子弹头 黑色12支/盒 SA179,￥10.50
得力(deli)强力布基胶带 48mm*20m*230μm单卷 耐磨防水易手撕 地毯固定管道密封红色款 52002,￥11.90
得力（deli）大号特氟龙刀刃美工刀壁纸刀裁纸刀  防粘防黏不易粘胶 办公用品 尾部自带折刀器 白色 TD501,￥9.90
西玛（SIMAA）20cm办公尺子 通用直尺 学生文具测量绘图尺  19868,￥1.20
晨光(M&G)文具40色双头酒精性速干马克笔 袋装油性学生款水彩笔 绘画手绘涂鸦 礼物送男孩女孩APMV1414,￥27.80
乐卡利 复古风琴相册立体书折叠折页手工DIY自制粘贴式照片书纪念册情人节七夕男女朋友闺蜜创意生日礼物 黑卡34页-15*21cm【附DIY大礼包！】,￥19.90
誉品(YUPIN)透明胶带封箱打包带高品质胶布封口胶纸办公用品批发 宽48mm*长60m/1卷,￥3.90
ergo 5210瑞士进口强力胶水 粘塑料 金属陶瓷 亚克力木头环保透明快干胶 502胶水万能强力胶,￥34.90
得力（deli）502胶水手工粘塑料金属陶瓷强力胶水防水透明补鞋胶粘得牢多功能胶办公家用环保强力胶 【502瞬间胶3g】2支,￥3.80
三年二班透明网纱笔袋大容量男孩女孩学生文具考试专用铅笔盒简约风文具袋铅笔袋 绿色,￥9.90
晨光(M&G)文具36色水性马克笔 双头无异味方杆盒装水彩笔 学生美术专用儿童绘画画笔 礼物送男孩女孩APMV1431,￥33.80
英雄（HERO）钢笔 359B 明尖铱金男女学生初学练字三年级正姿签字钢笔（附加6支墨囊） EF尖 渐变粉,￥25.00
三年二班 格子大容量笔袋学生可爱文具盒初中男生女生笔盒高颜值文具袋 双层大容量款,￥13.60
英雄（HERO） 热可擦钢笔 369正姿小学生三年级练字热敏可擦摩易擦男女初学者墨水笔 F尖 炫彩变色蓝,￥30.00
得力(deli)12色大包装超轻粘土 儿童玩具彩泥橡皮泥黏土 手工创意DIY玩具男孩女孩生日礼物1200g 67865-1,￥89.00
金值 笔袋大容量透明ins高颜值女孩款网红文具盒学生中学生初中生女生版男孩男生男童文具用品袋小学生铅笔盒,￥20.80
马培德Maped 防水姓名贴带班级1张共19贴 幼儿园卡通名字贴手写分类标记签名自粘贴开学文具 775112CH 颜色随机,￥5.50
得力(deli)1.0mm办公中性笔碳素签字笔 办公用品 12支/盒S73黑色,￥19.70
马培德Maped 个性扁状笔袋防水耐压 学生文具收纳袋铅笔盒文具盒 男女笔袋创意礼物潮流印花面具图案 波普印花笔袋 蓝色,￥41.50
离草 A5作业登记本作业记录家校联系薄簿册通用小学生用可爱笔记本子抄写抄作做业记作页本 男生款,￥10.90
舒星手帐本礼盒套装手账本儿童女孩生日礼物少女心礼盒活页笔记本本子记事本高颜值大礼包贴纸胶带手账用品,￥49.30
"京品文具	
递乐 10本装高考草稿纸草稿本400页学生用演草大白纸本空白高中验算书写演算打草纸大学生考研用 4346",￥19.90
齐心（Comix）双面胶带强力高粘度泡沫海绵双面胶带 36mm*5y(4.57米/卷)12卷装 办公用品工具PM3605,￥38.00
迪士尼(Disney)钢笔礼盒 钢笔学生水笔杆文具套装 练字书法用墨水笔儿童生日礼物男 漫威蓝色E0306A2,￥25.50
英雄（HERO）钢笔 学生卡通文具三年级正姿练字日常书写礼物套装 男款  6支装 （颜色随机）,￥39.00
,
英雄（HERO） 热可擦钢笔 369正姿小学生三年级练字热敏可擦摩易擦男女初学者墨水笔 F尖 珠光蓝,￥30.00
天色 彩色黄铜叶脉书签 教师节礼物男女老师伴手礼生日礼物年会礼品新年礼物 TS-5880 四叶草,￥15.00
天色 黄铜叶脉书签 创意金属古风书签书夹 教师节礼物男女老师生日礼物新年礼物年会礼物 TS-5868 鲤鱼跃龙门,￥12.00
天色 黄铜叶脉书签 创意金属古风书签书夹 教师节礼物男女老师年会礼品新年礼物生日礼物 TS-5866 银杏叶,￥12.00
西玛（SIMAA)140枚不干胶标签贴纸自粘性标贴14枚/张13*38mm 10张/包口取纸学生文具 凑单/拼单8419,￥1.80
三年二班多功能电子闹钟学生专用起床神器强力叫醒儿童男孩女孩桌面时钟摆件七夕礼物 粉色（电池款）,￥19.80
得力(deli)Ф30cm儿童男孩女孩学生用办公地球仪 教学研究摆件 开学升学季教师节礼物 教学用品 3035,￥99.00
齐心(Comix)美工刀/裁纸刀/壁纸刀 手动锁定工具 大号18mm 红色 办公用品凑单B2805,￥3.00
北极熊（Polar bear）强力布基胶带 白色 48mm*10m 1卷装 耐磨防水易手撕 地毯固定管道密封 CL-100NW,￥8.00
得力(deli)15mm*3m*1mm可水洗纳米强力魔力胶带 随手贴透明家用车用双面胶 2卷装 33625 海报对联 春联胶带,￥12.00
得力(deli)30mm*3m*2mm纳米强力魔力胶带 透明车用无痕固定双面胶加厚款33603 可重复使用 春联贴 对联双面胶,￥17.90
得力(deli)笔型点点胶速干精准涂抹 手工学生diy 手账1支/卡 笔形点胶笔白色-JS115,￥3.90
天章办公(TANGO)双面胶 泡沫胶带 双面泡棉胶带 双面海绵胶 厚双面胶海棉胶条 强力双面胶 24mm*5Y*6卷,￥10.80
晨光(M&G)文具80色双头酒精性速干马克笔 袋装油性学生款水彩笔 绘画手绘涂鸦 礼物送男孩女孩APMV1416,￥49.00
英雄（HERO）钢笔 359B 明尖铱金男女学生初学练字三年级正姿签字钢笔（附加6支墨囊） EF尖 墨玉白,￥25.00
嘉然恒 乐器书签礼盒中国风古风创意礼品送老外生日礼物伴手礼纪念品实用送男女老师礼物有纪念意义送同学,￥38.80
天色 彩色黄铜叶脉书签年会礼品新年礼物创意文创 教师节礼物男女老师生日礼物伴手礼 TS-5878 碧叶荷花,￥15.00
舒星笔袋卡通文具盒男孩款铅笔盒防水PP文具袋小学生一年级男孩子大容量分层笔盒男童幼儿园可爱高颜值,￥11.50
三年二班 透明笔袋小学生用文具盒多层大容量初中女孩男孩简约日系文具袋铅笔盒 绅士黑（六层）,￥16.80
天色 黄铜叶脉书签 创意金属古风书签 教师节礼物男女伴手礼生日礼物 年会新年礼物 四季之叶4片装 TS-5881,￥36.00
英雄（HERO） 热可擦钢笔 369正姿小学生三年级练字热敏可擦摩易擦男女初学者墨水笔 F尖 珠光粉,￥27.80
得力(deli)200m超长消音修正带 大容量学生涂改带 无声不断带小型便携迷你改正带 5个装71545,￥25.50
得力(deli)强力高粘度EVA泡棉双面胶带 36mm*5y*2.5mm 12卷袋装 办公用品 白色30416,￥39.90
离草 姓名贴卡通防水名字贴幼儿园小学生 书本名字手写标签贴纸自粘性可爱小清新签名贴男生款,￥5.90
得力(deli)×中国航天3D打印笔 无线低温3D绘画笔 智能打印笔儿童启蒙创意益智玩具男孩女孩 生日礼物蓝74855,￥89.00
晨光(M&G)文具30mm*3m*1mm无痕纳米双面胶带 透明防水胶带 抖音同款家用车用强力固定贴AJD957AK,￥9.90
天色 黄铜书签金属古典中国风直尺书签 年会礼品教师节礼物男女老师生日礼物伴手礼新年礼物 TS-5890 故宫,￥19.80
得力(deli)100m修正带 顺滑不断带涂改带 强遮盖力改正带 复印无痕 20米*5只装 (混色) XZ102,￥15.90
晨光(M&G)文具24色双头丙烯马克笔 一笔双色 美术学生儿童手绘咕卡画笔涂鸦DIY 礼物送男孩女孩APMT8020,￥22.35
三年二班9格新升级可旋转笔筒多功能学生文具男女孩简约笔架办公室大容量桌面收纳盒 米白色,￥18.80
得力纽赛（NUSIGN)大号撞色设计美工刀壁纸刀裁纸刀 办公用品 尾部自带折刀器 蓝色 NS062,￥13.00
晨光(M&G)文具48色水性马克笔 双头无异味方杆盒装水彩笔 学生美术专用儿童绘画画笔 礼物送男孩女孩APMV1432,￥45.90
离草 小学生笔袋EVA大容量文具盒文具袋小学生3D铅笔盒文具袋男孩女孩大容量笔袋儿童幼儿园笔袋 太空人,￥12.60
金值小学生日记本一年级二年级三四年级男孩女孩儿童笔记本作文本田字格方格拼音写周记本子小学语文可爱,￥18.50
晨光(M&G)文具6m*5mm修正带套装 顺滑涂改带*1+替芯*2 学生改正带 组合装ACT56022开学文具,￥7.90
乐学文化字帖练字成年男行书行草行楷临摹手写体练字本大学生成人初学者速成神器练习写字硬笔书法练字帖钢笔 手写体临摹字帖2本+6款豪华礼品,￥29.80
百乐（PILOT）意式风情钢笔墨水套装 商用办公送礼 男女生日礼物 学生练字签字笔 FP-78G蓝灰F尖,￥113.04
得力(deli)24色超轻粘土 温和柔软黏土彩泥手工DIY材料橡皮泥儿童玩具男孩女孩 生日礼物 YC127-24A,￥42.00
晨光(M&G)文具20m*5mm一体拨盖修正带 学生磨砂款涂改带 無系列顺滑改正带 单支装ACT59801开学文具,￥5.50
誉品（YUPIN）双面胶强粘力纳米胶 无痕透明胶带对联专用贴春联 可水洗家用车用不留痕高粘度 宽20mm*长1米*厚1mm,￥3.50
晨光(M&G)文具24色水性马克笔 双头无异味方杆盒装水彩笔 学生美术专用儿童绘画画笔 礼物送男孩女孩APMV1430,￥22.90
英雄（HERO）钢笔 359B 明尖铱金男女学生初学练字三年级正姿签字钢笔（附加6支墨囊） EF尖 渐变天空蓝,￥33.00
,
英雄（HERO）钢笔1520绒砂多彩细尖铱金钢笔/特细钢笔/美工笔三合一 男女款办公礼品教师墨水礼盒套装 银色,￥149.00
得力(deli)0.5mm中性笔水笔签字笔套装(20支笔黑+20支替芯混)33363 办公用品,￥25.90
三年二班 透明笔袋小学生用文具盒多层大容量初中女孩男孩简约日系文具袋铅笔盒 抹茶绿（六层）,￥16.80
得力(deli)1+2 18m可换芯笔型修正带 顺滑不断带改正带 强力遮盖涂改带 白色 71462,￥9.00
晨光(M&G)文具48色食品级马克笔 儿童三角杆双头水性彩笔 学生美术专用绘画画笔套装 礼物送男孩女孩APMV0978,￥60.90
"京品文具	
晨光(M&G)文具168色双头酒精性速干马克笔 袋装油性学生款水彩笔 纤维笔 礼物送男孩女孩APMV1437",￥99.00
晨光(M&G)文具12色水性马克笔 双头无异味方杆盒装水彩笔 学生美术专用儿童绘画画笔 礼物送男孩女孩APMV1429,￥11.80
英雄（HERO）钢笔 359B 明尖铱金男女学生初学练字三年级正姿签字钢笔（附加6支墨囊） EF尖 渐变樱花粉,￥33.00
,
得力(deli)直液式软胶护套0.5mm全针管拔帽速干走珠笔 办公签字笔学生水笔 黑色12支/盒SF160,￥21.00
PIMIO 毕加索骑士钢笔高端商务礼品套装签字笔学生练字送礼盒男友生日礼物节日企业定制免费刻字 T02黑金剑夹（钢笔）,￥398.00
舒星咕卡套装毕业礼物全套咕卡贴纸咕盘卡古卡全套便宜又豪华估卡咕咔姑卡手帐套装工具儿童女孩玩具生日礼物,￥67.80
晨光(M&G)文具64色双头水性马克笔 细杆盒装无异味水彩笔 绘画手绘涂鸦 礼物送男孩女孩APMT4205,￥59.90
凯伦猫 火漆印章 火星印章蜡粒勺子工具男孩女孩创意DIY手工生日礼物 尊享套装,￥56.00
晨光(M&G)文具80色水性马克笔 双头无异味方杆盒装水彩笔 学生美术专用儿童绘画画笔 礼物送男孩女孩APMV1434,￥74.80
晨光(M&G)文具故宫文化联名初高中学生考试套装 中性笔/涂卡铅笔/替芯/橡皮齐备 金榜题名8件套HAGP1457考研,￥15.30
晨光(M&G)文具加厚布基胶带 15mm*20m*280μm单卷装 小号地毯门框固定双面胶 持久高粘易撕不易留痕AJD957AS,￥8.90
三年二班 多功能大容量透明笔袋中学生高颜值ins日系多隔层笔盒男孩女孩铅笔盒文具盒文具袋 米白,￥19.80
金值EVA小学生双层大容量笔袋 3D图案大容量文具盒男 耐压抗摔铅笔盒 多功能防水笔盒文具袋学生文具生日礼物,￥31.60
六品堂道德经字帖成人练习上林赋抄写本楷书临摹书法初学者手抄套装女生男生兰亭序簪花小楷硬笔钢笔练字,￥21.90
毕加索（pimio）签字笔 商务办公礼品宝珠笔 成人签名笔 学生练字 男女生日礼物0.5mm马拉加系列916纯黑色,￥58.00
,
英雄（HERO）钢笔1520 黑色绒砂多彩细尖铱金钢笔 签字笔 男女款办公礼品墨水礼盒套装,￥119.00
文谷(Wengu)简约透明笔袋ins日系中学生大容量男生笔盒铅笔袋男小学生儿童考试专用文具袋 WGBD001军绿,￥6.90
得力(deli)24色橡皮泥 儿童玩具DIY手工彩泥材料超轻粘土 黏土生日礼物男孩女孩 学生手工好物 蓝色7021,￥25.00
猫太子一日之用文具盒小学生多功能高颜值铅笔盒一二年级儿童高级笔盒幼儿园简约男孩铅笔袋女生日礼物 蓝,￥29.90
猫太子 学生时间管理计时器礼盒套装定时电子闹钟倒计时儿童自律学习打卡计划表习惯养成文具男孩节日礼物,￥199.00
百乐（PILOT）卡利贵妃奶茶钢笔 学生入门练字笔（含墨囊6支）男女成人速写钢笔生日礼物 FP-60R F尖 透明杆,￥49.68
六品堂 瘦金体字帖钢笔硬笔成人宋徽宗字体漂亮楷书大学生男生临摹练字帖本成年手写行书速成21天,￥19.50
毕加索（pimio）机长系列钢笔礼盒签字笔套装 生日礼物成人学生练字笔高端商务办公送礼 机长蓝套装,￥208.00
,
派克（PARKER）钢笔 签字笔 商务送礼男女生日学生练字书法礼品文具套装礼物 IM黑金时代墨水笔+黑墙礼盒,￥608.00
百乐（PILOT）FP-78G+钢笔复古学生书法练字笔商务办公签字笔生日礼物 透明M尖,￥84.24
派克（PARKER）圆珠笔 签字笔 商务送礼男女生日学生练字书法文具礼物 威雅XL幻影黑金夹宝珠笔+虎嗅蔷薇礼盒,￥430.00
派克（PARKER）钢笔 签字笔 商务送礼 男女生日礼物 学生练字文具 威雅XL经典黑白夹墨水笔+深灰迷你墨水礼盒,￥321.00
南国书香成人行书行楷书凹槽字帖初中大学生速成反复使用练字帖神器临摹初学者男女生漂亮字体练字,￥39.00
三年二班 透明笔袋小学生用文具盒多层大容量初中女孩男孩简约日系文具袋铅笔盒 米白色（六层）,￥16.80
晨光(M&G)文具40m*5mm学生修正带 大容量涂改带 大实带系列实用改正带 单支装颜色随机ACT56111开学文具,￥6.50
晨光(M&G)文具48色双头水性马克笔 细杆盒装无异味水彩笔 绘画手绘涂鸦 礼物送男孩女孩APMT4214,￥40.80
晨光(M&G)文具36色食品级马克笔 儿童三角杆双头水性彩笔 学生美术专用绘画画笔套装 礼物送男孩女孩APMV0977,￥46.80
晨光(M&G)文具60色水性马克笔 双头无异味方杆盒装水彩笔 学生美术专用儿童绘画画笔 礼物送男孩女孩APMV1433,￥56.80
英雄（HERO）钢笔850 黑色 男女商务个性办公签字笔钢笔礼盒墨水套装,￥79.00
英雄（HERO）钢笔 学生卡通文具三年级正姿练字日常书写套装 男款  10支装 （颜色随机）,￥58.00
派克（PARKER）钢笔礼盒 签字笔 商务办公男女生日学生练字书法文具套装礼品礼物 IM理性之黑墨水笔+麒麟礼盒,￥687.00
英雄（HERO）钢笔 359B 明尖铱金男女学生初学练字三年级正姿签字钢笔（附加6支墨囊） EF尖 渐变浅蓝,￥27.50
,
毕加索（pimio）美工笔弯头弯尖硬笔书法钢笔男女士练字成人学生用笔暗尖0.7mm马拉加系列916纯黑色,￥58.00
,
英雄（HERO） 热可擦钢笔 369正姿小学生三年级练字热敏可擦摩易擦男女初学者墨水笔 F尖  炫彩变色绿,￥30.00
晨光(M&G)文具 热可擦金属钢笔2.6mm口径 书写练字钢笔 小学生正姿专用 6支装男生款(不含墨囊)开学文具,￥35.50
派克（PARKER）钢笔 签字笔 商务办公送礼 男女生日礼物 学生练字 威雅系列XL经典黑金夹墨水笔,￥188.00
金值 热可擦钢笔 初学者小学生专用三年级儿童热敏可换墨囊男生正姿练字学习开学季礼物 2支礼盒装,￥16.80
派克（PARKER）宝珠笔 圆珠笔 签字笔 商务送礼 男女生日礼物 学生练字书法文具套装 IM丽雅黑金夹宝珠笔,￥378.00
弘典钢笔礼盒1850黑森林F尖+18ml墨水钢笔高端墨水签字笔礼盒毕业男女学生老师钢笔礼物,￥53.00
百乐（PILOT）FP-78G+钢笔 学生书法练字笔商务办公签字笔生日礼物 F咀 绿色,￥84.24
施耐德（Schneider）钢笔学生成人练字笔男女三四年级办公书写专用签字笔德国进口墨水笔F尖 蝙蝠侠,￥54.00
百乐（PILOT）FP-78G+钢笔复古学生书法练字笔商务办公签字笔生日礼物 透明F尖,￥84.24
得力(deli)EF明尖优尚矫姿钢笔 正姿笔 签字笔学生练字套装可擦纯蓝墨囊 可装挂件 蓝 生日礼物,￥11.80
施耐德（Schneider）钢笔 学生成人练字笔 男女三四年级办公专用签字笔进口墨水笔EF尖BK406黑色,￥41.00
派克（PARKER）钢笔 签字笔 商务送礼 学生男女生日练字书法文具套装礼物 IM复古绿流金墨水笔+大唐盛世礼盒,￥687.00
派克（PARKER）签字笔 商务办公送礼 男女生日礼物 学生练字 威雅XL入门级黑色金夹宝珠笔,￥158.00
纽赛(NUSIGN)中性笔 德国创意设计转动出芯黑色签字笔 磨砂轻手感油墨水笔 0.5mm子弹头,￥12.00
得力(deli)金属宝珠笔套装 中性笔签字笔套装0.5mm子弹头（1笔+1笔芯）S153黑 节日礼物,￥29.90
国誉（KOKUYO） 日本KOKUYO国誉展一米新纯笔袋简约大容量文具盒男女儿童中学生笔盒文具猫 黑色（经典款）,￥24.60
初中物理实验器材全套电学实验箱电磁学初三串联电路实验套装中考小灯泡九年级科学光力人教版初一 电学实验箱-标准版【男生104件/58个实验】,￥115.00
三年二班透明笔袋ins日系大容量初中男孩女孩用简约高颜值铅笔盒开学必备学生文具考试笔袋 少女粉+5支刷题笔+便签贴纸包35件+手账夹赠提手,￥28.80
广博(GuangBo)大号耐用美工刀 自动锁裁纸刀 锋利壁纸刀 办公用品 四色随机 WMG15412,￥3.50
三年二班 透明网纱考试笔袋ins日系学生男女孩用考试用品大容量文具铅笔盒 灰色笔袋*1个,￥8.90
三年二班 透明网纱考试笔袋ins日系学生男女孩用考试用品大容量文具铅笔盒 白色笔袋*1个,￥8.90
4层日系笔袋超大容量铅笔盒文具盒小学生专用多层女孩子初中ins风简约高颜值女生男生高中生中学生文具袋 奶白色|4层大容量 无规格,￥13.80
新品2023笔袋男多层初中生高中生简约小学生铅笔袋文具盒大容量创意潮流多功能男孩子拉链帆布笔盒耐脏 兰色五层,￥26.80
舒星文具套装礼盒一年级开学大礼包小学生学习用品男孩生日礼物套盒用具礼品二年级男孩儿童礼物盲盒初中生,￥135.00
咔巴熊帆布笔袋大容量高中生简约文具盒铅笔盒男孩小学生可爱笔盒女ins日系初中生文艺复古风创意个性文具 [三角款]浅灰色/1个,￥9.90
纸欧莉 千里江山笔记本本子礼盒套装中国风商务企业伴手礼男女学生a5记事本国潮文创金属手账书签礼物定制 【礼盒款】海屋朝鹤图A,￥20.80
大容量补习袋手提袋拎书袋小学生用男孩书包文件袋帆布女生美术袋补习作业袋试卷收纳袋儿童学习补课包拉链式 【酷酷狗】黑色1个,￥22.80
得力(deli)36色大克重单罐50g超轻粘土 柔软彩泥橡皮泥安心黏土男孩女孩太空泥儿童手工DIY玩具礼物YC171-36,￥86.30
英雄牌钢笔7006男士高档书签送礼礼物礼盒装美工弯头书法男孩女孩学生练字专用定制logo免费刻字 亮黑金夹书签礼盒装+墨水一瓶 0.5mm明尖直尖,￥49.00
乐卡利 欧式复古羽毛笔礼盒套装欧伦哈利波特周边鹅毛蘸水笔火漆印章机械蒸汽朋克鲁苏男女学生创意生日礼物 中号藏青,￥39.90
金值 小学生笔袋 EVA大容量文具盒男孩幼儿园儿童铅笔盒1-3年级卡通创意多功能文具袋 学生文具收纳 宇航梦想,￥22.80
派克（PARKER）高端签字笔  商务办公送礼 男女学生练字 文具 书法 生日礼物 IM系列黑森林宝珠笔,￥680.00
得力×颐和园联名 春风正得颐手账本礼盒套装(皮面记事本/中性笔/和纸胶带)笔记本本子套装生日礼物送礼 SZ627,￥102.00
天色 黄铜书签古典中国风直尺书签 年会礼品文创教师节礼物男女老师新年礼物生日礼物 TS-5890 西湖,￥19.80
TaTanice 金属书签 情侣送礼生日礼物中秋礼物送老师送女朋友创意礼物 荷叶礼盒装,￥6.80
派克（PARKER）钢笔 签字笔 商务办公送礼 男女生日礼物 学生练字 威雅XL钢杆金夹墨水笔+浅灰迷你墨水礼盒,￥348.00
南国书香行书行楷书凹槽字帖初中大学生硬钢笔速成反复使用练字帖神器临摹初学者男女生字体书法练字本22件套,￥25.90
齐心(Comix) 快干修正液12ml 12支装环保改正液/涂改液/修改液 办公学生用品B2537,￥21.03
晨光(M&G)文具100米消音修正带 蓝白高颜值涂改带 I-CLEAN系列改正带 5支装ACT75712开学文具,￥18.50
派克（PARKER）钢笔 签字笔 商务送礼 男女生日礼物学生练字书法文具套装 威雅XL系列樱花粉特别款礼盒,￥398.00
得力(deli)文具学生钢笔小饿魔EF尖可换墨囊 练字钢笔办公签字笔 1明尖+1暗尖+4墨囊可擦纯蓝 生日礼物S691,￥13.90
晨光(M&G)文具 小学生正姿钢笔2.6mm口径包头暗尖练字笔 墨水笔 简约清爽男生款 6支装(不含墨囊)开学文具,￥29.90
施耐德（schneider）钢笔学生成人练字笔男女三四年级办公专用签字笔德国进口墨水笔EF尖BK410芭比粉,￥46.00
得力(deli)连中三元考试可用涂卡笔套装内置3根90mm铅芯 长续航答题卡铅笔+涂卡尺+橡皮 考试可用 SH116,￥6.90
得力(deli)80支中性笔水笔签字笔 办公用品 黑色0.5mm全针管33108,￥59.90
文具套装手账本文具大礼包开学小学生学习用品女童一年级文具礼盒十岁小女孩生日礼物六一儿童节礼物笔袋 男孩款【送礼袋+手表+计时器+错题本】,￥99.00
"京品文具	
北斗30cm万向浮雕3D立体AR地球仪卫星智能男孩女孩儿童教师节生日早教礼物特大号文具升级版",￥329.00
三年二班 格子大容量笔袋学生可爱文具盒初中男生女生笔盒高颜值文具袋 翻盖大容量笔插款插款,￥15.80
迪士尼(Disney)文具盒 小学生多功能抗压耐摔铅笔盒 幼儿园男孩卡通可爱笔盒 蜘蛛侠系列DM28217A,￥22.90
三年二班 Basic系列按动修正带文具 学生可换替芯涂改带高颜值日系女生初中生高科技按压改正液  浅水绿,￥6.80
三年二班 Basic系列按动修正带文具 学生可换替芯涂改带高颜值日系女生初中生高科技按压改正液  扶光红,￥6.80
晨光(M&G)文具24色双头水性马克笔 细杆盒装无异味水彩笔 绘画手绘涂鸦 礼物送男孩女孩APMT4212,￥25.80
晨光(M&G)文具12色食品级马克笔 儿童三角杆双头水性彩笔 学生美术专用绘画画笔套装 礼物送男孩女孩APMV0975,￥16.50
英雄（HERO）钢笔850 墨绿色 男女商务个性办公签字笔钢笔礼盒墨水套装,￥85.00
,
英雄（HERO) 热可擦钢笔 E6011小学生三年级练字热敏可擦正姿钢笔可替换墨囊 男款-6支装 (颜色随机）,￥69.00
英雄（HERO）钢笔466 银色 男女商务个性办公签字笔钢笔组合墨水套装,￥58.00
,
派克（PARKER）高端钢笔礼盒签字笔 商务办公男女生日练字书法文具礼物 卓尔磨砂黑金夹墨水笔+以梦为马礼盒,￥2374.00
百乐（PILOT）FP-78G+钢笔商务办公送礼 男女生日礼物学生练字签字笔 复古礼盒装  黑色M尖,￥113.04
百乐（PILOT）FP-78G+钢笔 商务办公送礼 男女生日礼物学生练字签字笔复古礼盒装  黑色F尖,￥113.04
毕加索（pimio）签字笔 商务办公礼品宝珠笔成人签名笔学生练字男女生日礼物0.5mm瑞典花王系列903黑有光,￥96.00
,
英雄（HERO）钢笔1520 黑色绒砂多彩细尖 男女款铱金钢笔练字笔墨水笔办公签字笔,￥94.00
英雄（HERO）钢笔礼盒  【韶华系列】男女商务个性办公签字铱金书写节日礼物墨水套装  黑丽雅,￥219.00
派克（PARKER）钢笔 签字笔 商务办公送礼 男女生日礼物 学生练字 乔特系列黑色胶杆墨水笔,￥96.00
金值5支礼盒装热可擦钢笔 小学生三年级练字热敏可擦正姿钢笔男女初学者可替换墨囊 初学者链子专用,￥38.00
英雄（HERO）钢笔礼盒 英雄×山东舰 H605D舰载飞行联名款航母文创系列教师礼物 笔记本礼盒 签字笔礼盒蓝色,￥179.00
弘典钢笔礼盒1850黑森林EF尖钢笔高端墨水礼盒生日礼物男女生练字签字笔,￥53.00
派克（PARKER）钢笔 签字笔 商务办公送礼 学生男女生日练字书法文具礼品礼物 IM丽雅黑金夹墨水笔+墨水礼盒,￥687.00
百乐（PILOT）FP-78G钢笔小清新学生书法练字笔商务办公签字笔生日礼物 蓝灰F尖,￥84.24
施耐德（Schneider）钢笔学生成人练字笔男女三四年级办公专用签字笔德国进口墨水笔F尖BK406黑色,￥42.00
派克 （PARKER）钢笔 签字笔 商务送礼 男女学生钢笔 文具 生日礼物 威雅XL蛟龙黑墨水笔+龙年御龙商务礼盒,￥428.00
毕加索（pimio）钢笔礼盒签字笔墨水套装 高端商务送礼 男女生日礼物学生成人练字 5505亮黑金夹,￥129.00
施耐德（Schneider）钢笔学生成人练字笔男女三四年级办公专用签字笔德国进口墨水笔F尖BK402红色,￥18.90
得力(deli)×航天少年中性笔签字笔 0.5mm ST头加强针管速干按动笔水笔学生文具 黑色 12支/盒A583,￥35.20
得力(deli)速干按动大容量学生中性笔0.5mmST笔头黑色 5支/盒33789,￥19.60
得力(deli)高颜值商务金属签字笔 宝珠笔 黑色单支/盒 生日礼物,￥20.00
得力纽赛(NUSIGN)中性笔德国创意设计旋转出芯黑色签字笔磨砂手感油墨0.5mm子弹头 泻湖蓝单支NS552,￥12.00
得力(deli)连中三元考试自动涂卡铅笔套装(涂卡铅笔+铅芯+橡皮擦+涂卡尺)2B铅笔 考试可用 S357,￥5.90
弘典钢笔男女式学生用商务办公成人用练字笔礼盒礼物高颜值1850黑白送礼书写书法专用可用墨囊定制 黑森林 F0.5mm,￥50.00
舒星电动文具套装礼盒开学文具大礼包小学生学习用品男孩一二年级礼盒幼儿园毕业女孩生日礼物儿童礼品盲盒,￥68.00
嘉然恒 金榜题名礼盒套装伴手礼礼品手账本成人礼物十八岁男女生生日礼物初中高中生升学礼物送同学送朋友,￥48.80
卡游 奥特曼笔记本英雄档案无线装订本小学生作业本高颜值日记本儿童学习用品男孩卡通手账本迷你文具套装,￥27.90
誉禾棉质红领巾1米小学生少先队员儿童学生用品耐变色布质柔软成人通用单条装2113,￥5.50
三年二班 Basic系列按动修正带文具 学生可换替芯涂改带高颜值日系女生初中生高科技按压改正液  雪青灰,￥6.80
晨光(M&G)文具72米学生便携修正带 蓝白高颜值涂改带 I-CLEAN系列改正带 6支装ACT55318开学文具,￥16.50
毕加索（pimio）钢笔 签字笔财务特细0.38mm商务办公礼品成人学生练字男女生日礼物铭志系列606亮黑色,￥42.00
得力(deli)文具学生钢笔小怪兽EF尖可换墨囊 正姿练字钢笔办公签字笔 1明尖+1暗尖+4墨囊黑色 生日礼物S691,￥13.90
英雄（HERO）钢笔礼盒 10K金笔【韶华系列】商务办公个性送礼钢笔高端男女礼物墨水套装 黑丽雅,￥319.00
派克（PARKER）钢笔 签字笔 商务办公送礼 礼品 男女生日礼物 学生练字 威雅系列XL经典黑白夹墨水笔,￥177.00
金值5支礼盒装热可擦钢笔 小学生三年级练字热敏可擦正姿钢笔男女初学者可替换墨囊 初学者练字专用,￥38.00
舒星 30支奥特曼铅笔HB小学生一二年级幼儿园带橡皮头男孩三角杆木质书写铅笔儿童卡通文具套装,￥21.80
百乐（PILOT）FP-78G钢笔小清新学生书法练字笔商务办公签字笔生日礼物 嫩粉F尖,￥84.24
施耐德（Schneider）钢笔学生成人练字笔男女三四年级办公书写专用签字笔德国进口墨水笔F尖 蜘蛛侠,￥59.00
百乐（PILOT）FP-78G+钢笔复古学生书法练字笔商务办公签字笔生日礼物 透明EF尖,￥84.24
英雄（HERO） 热可擦钢笔 3209正姿小学生三年级练字热敏可擦摩易擦男女初学者墨水笔 EF暗尖 橘色,￥21.00
,
英雄（HERO） 热可擦钢笔 3209正姿小学生三年级练字热敏可擦摩易擦男女初学者墨水笔 EF暗尖 灰色,￥21.00
,
派克（PARKER）钢笔礼盒 签字笔 商务送礼  男女生日礼物学生练字文具礼品套装 IM黑森林墨水笔+墨水礼盒,￥976.00
男孩透明笔袋大容量男童铅笔盒黑科技网红初中女孩文具盒高颜值包 六层绅士黑+5支刷题笔,￥17.80
kinbor少女心ins手帐本生日礼物教师节套装创意记事本礼盒笔记本子手账计划本日程自填本DT56050早安,￥199.00
300米超长大容量修正带修改带涂改带涂改液修正液不断带改正带小学生初中生用学生文具学生的学习用品批发 经典款-10个/共300米,￥24.80
毕加索（pimio）美工笔弯头弯尖硬笔书法钢笔男女士练字成人学生用笔暗尖0.7mm马拉加系列916慕白色,￥58.00
,
金值5支礼盒装热可擦钢笔 小学生三年级练字热敏可擦正姿钢笔男女初学者可替换墨囊 开学礼物 漫步宇宙,￥38.00
递乐 按动热可擦中性笔男女水笔晶蓝色热敏易消擦涂改中小学生带橡皮擦0.5mm6支晶蓝刷题/笔记 4253打工熊,￥9.90
六品堂 姓名练字帖幼儿园儿童定制名字汉字笔画4岁5岁6字母数字识字描红本学前班练字本幼小衔接控笔训练 男款 全名笔顺【36页】基础款-备注姓名,￥19.90
六品堂楷书字帖女生字体漂亮簪花小楷成人练字速成高中生大学生成年男生硬笔书法练字本钢笔临摹练字帖正楷体 【唐诗宋词】,￥15.80
乐卡利 密码锁笔袋帆布多层大容量多功能铅笔文具盒小学生文具收纳袋男孩简约黑科技高颜值网红ins创意 黑色,￥22.90
字帖草书行书成年人行楷字帖行草字帖连笔字成年人练字帖大学生练字高中生练字神器女生字体漂亮男生霸气众石 【两册套装】钢笔+临摹纸,￥39.80
猫太子多功能自律打卡器360度旋转笔筒学习计划表男孩女孩时间管理器任务规划卡片简约书桌文具学习用品 自律打卡器+旋转笔筒升级款-静谧蓝【含3D...,￥45.90
乐学文化字帖成人楷书正楷凹槽练字帖男生女生初中大学生练字神器初学者硬笔书法簪花小楷临摹钢笔练习练字本 楷书凹凸字帖6本+16本临摹本+24礼品...,￥29.80
三年二班透明笔袋ins日系大容量初中男孩女孩用简约高颜值铅笔盒开学必备学生文具考试笔袋 清澈蓝+5支刷题笔（赠送透明提手）,￥20.80
六品堂 瘦金体字帖女生小清新字体漂亮成人宋徽宗行楷大学生楷书练字帖钢笔硬笔书法临摹练字贴正楷体男生 升级瘦金体【精选版二】,￥19.80
北极熊（Polar bear）高粘性棉纸双面胶带办公胶布5mm*50m 2卷 DS-552,￥5.80
派克（PARKER）钢笔签字笔 商务送礼男女生日学生练字书法文具礼物 威雅XL梦幻粉金夹墨水笔+花开有期礼盒,￥523.00
广博库洛米可擦中性笔小学生专用三年级魔力摩易擦水笔热可擦热敏写黑色蓝色晶蓝笔芯男0.5mm 【库洛米+美乐蒂】黑色3支装/按动式,￥8.90
米詅 男女通用防水绒防寒办公生活防滑可触屏 1双【颜色随机】,￥29.90
晨光(M&G)文具12色双头水性马克笔 细杆盒装无异味水彩笔 绘画手绘涂鸦 礼物送男孩女孩APMT4211,￥13.50
迪士尼（Disney）钢笔礼盒 签字笔学生文具套装女童练字钢笔生日礼物奖励礼盒女生节 冰雪奇缘DM28825F,￥179.00
毕加索（pimio）签字笔 商务办公礼品宝珠笔成人签名笔学生练字男女生日礼物0.5mm世纪先锋系列908亮黑,￥84.00
英雄（HERO）钢笔文具时尚男女铱金钢笔商务办公个性墨水笔850 黑色,￥49.00
,
英雄（HERO）钢笔 1359莫兰迪系列 明尖热敏可擦铱金男女初学练字三年级正姿墨水笔 EF尖 天蓝色 JD,￥25.00
,
英雄（HERO）钢笔 1359芝士奶盖系列 明尖铱金男女学生初学练字三年级正姿签字钢笔(附加6支墨囊) EF尖 粉色,￥25.00
,
英雄（HERO）钢笔 1359芝士奶盖系列 明尖铱金男女学生初学练字三年级正姿签字钢笔(附加6支墨囊) EF尖 绿色,￥25.00
,
乐普升( LPS )修正带双头双色大容量实惠装米黄色涂改带多功能改错带学生改正带双色装9932男生款2黄蓝2蓝绿,￥28.00
毕加索（pimio）钢笔 签字笔财务特细0.38mm商务办公礼品成人学生练字男女生日礼物铭志系列606珍珠红,￥42.00
英雄（HERO） 热可擦钢笔 E601小学生三年级练字热敏可擦正姿钢笔可替换墨囊 男款-10支装 （颜色随机）,￥119.00
,
派克 （PARKER）钢笔 签字笔 商务送礼 男女学生钢笔 文具 生日礼物 威雅XL系列樱花蓝特别款礼盒,￥398.00
简繁 大容量透明笔袋考试专用 学生文具盒铅笔盒文具袋ins风初中高中男女多层功能收纳袋学习用品 抹茶绿,￥13.80
英雄（HERO）钢笔1520 白色绒砂多彩细尖 男女款铱金钢笔练字笔墨水笔办公签字笔,￥83.00
樱花(SAKURA)学生钢笔可换墨囊三角握杆正姿男女中小学生书法练字办公签字初学者适用钢笔粉色,￥25.00
得力(deli)EF明尖优尚矫姿钢笔 正姿笔 签字笔可擦纯蓝墨囊学生练字套装 可装挂件 红杆 A907 生日礼物,￥12.00
英雄（HERO） 热可擦钢笔 3209正姿小学生三年级练字热敏可擦摩易擦男女初学者墨水笔 EF暗尖 绿色,￥21.00
,
英雄（HERO） 热可擦钢笔 3209正姿小学生三年级练字热敏可擦摩易擦男女初学者墨水笔 EF暗尖 绿色 JD,￥21.00
,
三年二班 透明笔袋小学生用文具盒多层大容量初中女孩男孩简约日系文具袋铅笔盒 活力黄（六层）,￥16.80
晨光(M&G)文具6m*5mm学生修正带 笔形改正带 涂改带(每卡自带替换内芯1个) 单个装ACT56001开学文具,￥6.50
"爱心东东	
六品堂 古诗词字帖临摹唐诗宋词练字帖楷书描红小学生每日一练成人练字男生女生钢笔硬笔书法练字本书法纸 古诗Ⅰ+古诗Ⅱ+宋词+笔+6支笔芯+褪色笔...",￥39.80
毕加索（Pimio）钢笔美工弯头弯尖练字书法笔916美工笔学生用男女款可刻字墨水笔练字钢笔毕加索钢笔 0.7mm黑色美工暗尖,￥58.00
毕加索（pimio）916钢笔美工笔弯头弯尖硬笔书法钢笔男女士练字成人学生用礼盒装可刻字笔 0.7mm916黑色美工笔暗尖,￥58.00
樱花(SAKURA)学生钢笔可换墨囊三角握杆正姿男女中小学生书法练字办公签字初学者适用钢笔蓝绿色,￥25.00
六品堂 自由手写体字帖成人行楷行草速成男女生钢笔练字帖临摹硬笔书法练字贴成年人 2本装 （钢笔 临摹纸 墨囊 笔芯 磁性书签）,￥34.90
新品2023笔袋男多层初中生高中生简约小学生铅笔袋文具盒大容量创意潮流多功能男孩子拉链帆布笔盒耐脏 黑色五层,￥26.80
三年二班 笔方说拼色按动中性笔套装学生用CS笔头顺滑速干刷题笔高颜值男女生签字笔黑笔水性笔8支装,￥14.90
tramol 梵高系列钢笔女生男士学生专用文艺复古高端精致练字签字笔教师节礼物生日送老师礼盒套装刻字 莫兰迪灰钢笔礼盒 F笔尖0.5mm(店长推荐),￥158.00
"爱心东东	
毕加索（PIMIO） 916新款钢笔黑尖钢笔美工笔弯头弯尖男女学生送礼礼盒签名硬笔练字书法笔刻字定制 【星夜灰特细EF尖】铱金笔尖",￥88.00
晨光云握手自动铅笔0.5作业神器按动铅不易断芯活动铅笔0.7自动笔男孩女孩学生刷题初中小学生专用 【1支装】 软云握手丨自动铅笔【0.7mm】,￥3.60
金值 5支礼盒装热可擦钢笔 初学者小学生三年级练字热敏可擦正姿钢笔男女初学者可替换墨囊 漫步宇宙,￥38.00
三年二班 简约帆布笔袋女孩ins日系文具袋小学生初中生铅笔盒男孩文具盒 小四方-白色-赠金属胸针*1,￥8.80
朴多新品2023别针笔袋男多层初中生高中生小学生铅笔袋文具盒大容量 绿色系+1个随机胸针,￥36.80
笔袋大容量男生文具盒透明男孩款铅笔盒文艺青年小学生文具袋初中生高中学生用男帆布高颜值简约多功能笔盒 WELL梦幻黑【双层大容量】,￥17.80
派克（PARKER）钢笔礼盒签字笔 商务送礼 男女生日礼物练字礼品文具套装 IM理性黑金夹墨水笔+大都会杭州礼盒,￥575.00
猫太子多功能自律打卡器360度旋转笔筒学习计划表男孩女孩时间管理器任务规划卡片简约书桌文具学习用品 自律打卡器+旋转笔筒升级款-淡雅粉【含3D...,￥45.90
三年二班 多功能大容量透明笔袋中学生高颜值ins日系多隔层笔盒男孩女孩铅笔盒文具盒文具袋 绿色,￥19.80
凯伦猫 火漆印章 火星印章蜡粒勺子工具男孩女孩创意DIY手工生日礼物 豪华套装,￥89.00
六品堂行书字帖练字成年行楷手写体唐诗宋词男生女生成人速成高中生大学生字体漂亮钢笔硬笔书法临摹练字帖,￥20.80
拾点渔书签 创意金属文创古风书签文具生日礼物情侣送礼 开学季礼物送老师同学男生女生 敦煌仙境,￥68.80
kinbor Hello Kitty手账本套装少女心创意儿童节文具礼盒女孩生日礼物14件套(皮面笔记本子钢笔胶带)DTB6507,￥169.00
六品堂衡水中学英语字帖凹槽练字帖印刷体手写中考作文高中生高考衡水体英文大学生考研初中生男生女生临摹,￥19.90
得力(deli)3D打印笔绘画耗材套装-行走机器人 创意学生儿童diy涂鸦手工制作生日礼物男孩女孩 YC502,￥42.90
得力(deli)12色超轻粘土 汪汪队联名柔软黏土彩泥橡皮泥创意学生儿童玩具手工DIY 生日礼物男孩女孩YC148-12,￥31.50
六品堂道德经字帖成人练习上林赋抄写本楷书临摹书法初学者手抄套装女生男生兰亭序簪花小楷硬笔钢笔练字,￥19.90
舒星文具套装礼盒大礼包小学生一年级学习用品开学男孩生日礼物套盒用具礼品二年级女孩儿童礼物盲盒初中生,￥149.00
极度空间 贺卡5个装信封信纸感恩节礼物生日礼物贺卡表白心愿卡祝福卡片送男女朋友同学老师,￥15.90
三年二班三层大开口笔袋 学生用大容量文具袋 高颜值日系风文具盒男孩女孩文具收纳铅笔盒 灰色撞藏青色,￥18.80
三年二班三层大开口笔袋 学生用大容量文具袋 高颜值日系风文具盒男孩女孩文具收纳铅笔盒 米白撞军绿色,￥18.80
三年二班 格子大容量笔袋学生可爱文具盒初中男生女生笔盒高颜值文具袋 方形大容量款,￥18.80
舒星手账本套装礼盒儿童女生礼物手杖本可爱精致活页手帐本文具笔记本子日记本小学生工具材料记账本大礼包,￥44.80
舒星笔袋卡通文具盒男孩款铅笔盒防水PP文具袋小学生一年级男孩子大容量分层笔盒男童幼儿园ins风高颜值,￥11.50
舒星笔袋小学生文具盒卡通铅笔盒女孩小学生文具袋一年级EVA大容量分层笔盒儿童幼儿园可爱收纳盒高颜值男孩,￥11.50
誉禾学生手提补习包儿童补习袋单双肩斜挎书包男女帆布大容量收纳书袋手拎补课包 6165黑色,￥23.80
樱花(SAKURA)学生笔袋大容量高颜值文具盒帆布多功能简约男女用文具袋蓝黑色,￥63.00
得力(deli)12色超轻粘土 儿童礼物男孩女孩柔软黏土彩泥橡皮泥 升级大罐装学生美术手工DIY玩具 YC101-12,￥39.90
猫太子帆布笔袋多层大容量铅笔袋文具盒包男女中小学生韩版简约文具袋 黑色,￥29.90
剑桥树小学生笔袋大容量女孩儿童文具盒笔盒分层简约铅笔盒男童 藏青红,￥25.90
猫太子ins风笔袋小学生创意液态硅胶铅笔袋简约大容量文具盒儿童笔盒男女生文具袋开学必备文具,￥24.80
百乐（PILOT）FP-78G+钢笔复古学生书法练字笔商务办公签字笔生日礼物 蓝色F尖,￥84.24
舒星笔袋男孩文具盒小学生铅笔盒铅笔袋男童一年级初中生儿童幼儿园多功能3D立体大容量EVA抗摔文具盒,￥21.80
三年二班 透明笔袋小学生用文具盒多层大容量初中女孩男孩简约日系文具袋铅笔盒 熏衣紫（六层）,￥16.80
舒星简约大容量透明笔袋女孩2023流行中学生ins风高颜值文具盒日系初中小学女生男孩男生文具收纳袋,￥14.60
晨光(M&G)文具23*49mm/60枚红框自粘性标签贴纸 便利便签条 百事贴 价格条标签贴YT-09,￥3.00
晨光(M&G)文具150米消音修正带 蓝白高颜值涂改带 I-CLEAN系列改正带 5支装ACT75808开学文具,￥22.50
得力(deli)1+2 18m可换芯笔型修正带 顺滑不断带改正带 强力遮盖涂改带 黑色 71462,￥9.00
北斗双子座儿童AR灯光地球仪3D立体儿童女男孩学生日礼物早教启蒙文具小夜灯教师节摆件玩具（新）,￥93.00
金值 红色学院风大容量手提笔袋 男孩子小学生文具盒男孩款大容量笔袋男童女童一年级文具袋铅笔盒英伦风初中,￥28.80
六品堂行书字帖练字成年行楷手写体男生女生成人速成高中生大学生字体漂亮钢笔硬笔书法临摹诗经练字帖,￥20.80
拾点渔 生日贺卡 心愿卡礼物送老师同学烫金礼品卡明信片创意生日卡片商务送礼送男女 2张装,￥9.80
迪士尼(Disney)文具套装 儿童小学生书包文具礼盒42件套 漫威开学大礼包学习用品笔袋送礼儿童生日礼物男孩,￥235.00
KACO文具盒ECHO爱可半透明环保塑料磨砂糖果色多功能文具盒学生男女收纳铅笔盒钢笔收纳盒 透明黑,￥9.00
英雄（HERO）钢笔文具时尚男女铱金钢笔850商务办公个性钢笔礼盒套装EF尖 黑色,￥79.00
"爱心东东	
迪士尼（Disney）钢笔套装开学礼盒节日生日礼物小学生儿童练字正姿卡通钢笔墨囊男孩女孩三年级钢笔 美国队长（带礼袋）",￥39.00
简繁 大容量透明笔袋考试专用 初中透明学生文具盒儿童铅笔盒高颜值多功能收纳袋ins风男女生文具礼物,￥16.80
百乐（PILOT）88G钢笔商务签字笔 金属笔杆墨水笔练字学生书法礼物钢笔生日礼物 FP-MR1黑色平纹M尖,￥172.80
得力(deli)彩泥套装 儿童3D橡皮泥超轻粘土创意手工黏土DIY玩具男孩女孩 厨房系列 生日礼物YC120,￥32.90
六品堂衡水体英语字帖词汇中考2000词汇提分练字帖大学生单词积累同步书法临摹练习本男女生漂亮字体钢笔速成,￥15.80
六品堂行书字帖练字成年行楷手写体男生女生成人速成高中生大学生字体漂亮钢笔硬笔书法临摹练字帖 【唐诗宋词】,￥18.80
卡游（Kayou）蛋仔派对盲盒笔中性笔男孩女孩按动水笔签字笔文具0.5针黑笔圆珠笔学生考试专用笔 【第1弹】狂欢版12支全套整盒,￥119.90
涵瑶伊笑 帆布笔袋三层大容量日系高颜值初中女生文具盒2023小学生高中男孩简约ins风小众流行铅笔盒 黑色修狗【3层前开窗】,￥28.80
涵瑶伊笑 超大容量笔袋多层高颜值ins风日系简约男生女孩帆布文具盒初中高中小学生网红流行铅笔盒可站立 松岛小熊-可立式大开口,￥34.80
得力（deli）三层大容量笔袋初中生小学生简约多功能文具袋铅笔袋笔盒男女高中生文具盒铅笔盒帆布笔袋 【黑色】三层带笔插+内网格侧袋 BC214,￥17.90
PIMIO 毕加索骑士钢笔高端商务礼品套装签字笔学生练字送礼盒男友生日礼物节日企业定制免费刻字 T02黑色剑夹（中性笔）,￥398.00
涵瑶伊笑 2023新款笔袋帕恰狗高颜值大容量男女中小学生铅笔盒ins风多功能拉链翻盖文具袋简约文具盒 帕恰狗全身笔袋＋白色磁力夹,￥26.80
OVAL欧文修正带替芯 女生雾感限定款笔形涂改带替换芯 大容量中小学男生用可爱按动式改正带 透明白色替芯 10个整盒装,￥30.00
云水墨简约日系帆布笔袋流行中学生文具盒女小学生初中男高中大容量铅笔盒ins风小众高颜值多层收纳袋女孩 系绳笔袋-奶油白,￥18.80
多功能文具盒奥特曼笔袋小学生儿童男孩幼儿园一年级铅笔盒双面款笔盒生日礼物多层大容量文具收纳盒 【双面常规款】奥特曼笔盒,￥19.90
"京品文具	
北斗智能点读语音3D立体学生用AR地球仪儿童男女孩生日早教启蒙礼物学生文具开学教师节摆件G2389AR",￥419.00
学得乐 大容量帆布笔袋小学生男孩铅笔盒文具盒初高中生高颜值铅笔袋男生女生简约ins日系笔盒文具一年级 手提笔袋-黑色,￥9.80
安蔻（ANGOO） 可爱布艺文具盒女小学生卡通高颜值大容量网红笔袋儿童铅笔盒男女生文具袋日系简约笔盒 紫色独角兽,￥23.80
安蔻（ANGOO） 可爱布艺文具盒女小学生卡通高颜值大容量网红笔袋儿童铅笔盒男女生文具袋日系简约笔盒 紫色【大容量可伸缩】,￥24.51
朴多新品2023别针笔袋男多层初中生高中生小学生铅笔袋文具盒大容量 米黑系+1个随机胸针,￥36.80
涵瑶伊笑 大容量帆布笔袋日系高颜值ins风初高中男生女孩多层文具盒小学生多功能简约网红小众手提铅笔盒 墨黑-防水透明小隔层,￥28.80
言仓 文创坏心情急救包潮流文化礼品文艺青年创意生日礼物好玩急救手册送同学男女朋友儿童礼物 小刘鸭生活解压包,￥90.00
生日礼物女生日贺卡高级感3D音乐生日贺卡立体卡片高级感发光有声情侣送男朋友女生闺蜜生日快乐 红色-草莓生日快乐+音乐灯光,￥15.48
沃豆 儿童姓名定制字帖幼儿园宝宝初学写名字专用练字帖描红本 男孩姓名定制50页/带笔（下单备注姓名）,￥32.11
网纱简约笔袋大容量透明文具笔袋ins男生女可带入考场铅笔袋高颜值小学初高中生网格袋拉链资料袋文件袋 A6灰色 1套装,￥3.80
纸欧莉 复古油画手账本礼盒套装日记记事笔记本子文创手帐胶带贴纸素材大礼包送朋友男女学生生日礼物 【礼盒款】莫奈后花园（128件套）,￥29.80
纸欧莉 复古油画手账本礼盒套装日记记事笔记本子文创手帐胶带贴纸素材大礼包送朋友男女学生生日礼物 【礼盒+礼袋】月半睡莲池（128件套）,￥34.80
三年二班透明笔袋ins日系大容量初中男孩女孩用简约高颜值铅笔盒开学必备学生文具考试笔袋 少女粉+6支修正带+2中性笔+10笔芯（送粉色手提,￥29.80
三年二班透明笔袋ins日系大容量初中男孩女孩用简约高颜值铅笔盒开学必备学生文具考试笔袋 清澈蓝+6支修正带+2中性笔+10笔芯（送透明手提,￥29.80
三年二班透明笔袋ins日系大容量初中男孩女孩用简约高颜值铅笔盒开学必备学生文具考试笔袋 奶油白+6支修正带+2中性笔+10笔芯（送透明手提,￥29.80
三年二班透明笔袋ins日系大容量初中男孩女孩用简约高颜值铅笔盒开学必备学生文具考试笔袋 少女粉 （赠送粉色提手）,￥16.80
三年二班透明笔袋ins日系大容量初中男孩女孩用简约高颜值铅笔盒开学必备学生文具考试笔袋 奶油白+5支刷题笔（赠送透明提手）,￥20.80
三年二班透明笔袋ins日系大容量初中男孩女孩用简约高颜值铅笔盒开学必备学生文具考试笔袋 少女粉+5支刷题笔（赠送粉色提手）,￥20.80
三年二班透明笔袋ins日系大容量初中男孩女孩用简约高颜值铅笔盒开学必备学生文具考试笔袋 薄荷绿+5支刷题笔（赠送透明提手）,￥20.80
三年二班透明笔袋ins日系大容量初中男孩女孩用简约高颜值铅笔盒开学必备学生文具考试笔袋 清澈蓝+5支刷题笔+便签贴纸包35件+手账夹赠提手,￥28.80
三年二班透明笔袋ins日系大容量初中男孩女孩用简约高颜值铅笔盒开学必备学生文具考试笔袋 奶油白+5支刷题笔+便签贴纸包35件+手账夹赠提手,￥28.80
六品堂 瘦金体字帖女生小清新字体漂亮成人宋徽宗行楷大学生楷书练字帖钢笔硬笔书法临摹练字贴正楷体男生 升级瘦金体【精选版一】,￥19.80
乐普升 大容量修正带修改带涂改带改正带小学生初中生用可爱学生文具学生学习用品批发 炫彩款6个/共72米,￥11.80
300米超长大容量修正带修改带涂改带涂改液修正液不断带改正带小学生初中生用学生文具学生的学习用品批发 经典款-20个/共600米,￥41.80
三年二班多功能电子闹钟学生专用起床神器强力叫醒儿童男孩女孩桌面时钟摆件七夕礼物 粉色（充电款）,￥39.80
得力(deli)EF暗尖胖达矫姿钢笔 正姿笔 签字笔金属学生练字墨水笔 白色 生日礼物,￥15.00
猫太子计划日历台历2024年打卡日历台历手撕记事本摆件自律打卡本神器儿童时间管理学习计划本表生日礼物女男,￥54.90
得力(deli)30cm万向浮雕3D立体AR大号地球仪智能男孩女孩儿童早教启智中秋国庆节生日礼物桌面摆件,￥299.00
飞兹（fizz） 迷你美工刀 壁纸刀 拆快递刀子 开箱刀 文具 办公用品三色随机发  FZ21507工业工具打包,￥3.90
天章办公(TANGO)胶带透明封箱胶60mm*36.5米*50um 5卷超透宽胶带物流快递工厂车间家用打包胶带办公文具用品,￥18.80
飞兹(fizz)金属外壳小号美工刀/自动锁铝合金裁纸刀/壁纸刀办公用品 金色FZ215001,￥9.90
得力（deli）纽赛小号撞色设计彩色美工刀壁纸刀裁纸刀 办公用品 尾部自带折刀器 绿色 NS063-SD,￥11.90
永冠纳米胶带50mm*3m强力无痕魔力胶带双面固定爬墙贴随手贴透明家用车用无痕双面胶【塑料管纸管随机发货】,￥15.50
天章办公(TANGO)直尺不锈钢20cm学生尺子双面刻度测量绘图刻度尺子办公用品文具,￥5.00
齐心（Comix）双面胶强力布基胶带10mm*10米*280μm黄色 高粘度墙面地板固定无痕易手撕1卷装 BJ1010,￥4.06
晨光(M&G)文具大号黑刃美工刀 18mm锋利不锈钢刀刃 自锁安全裁纸刀 优品系列家用耐用办公用品单个装ASS913Q5,￥8.50
百乐（PILOT）FP-78G+钢笔 学生书法练字笔商务办公签字笔生日礼物 F咀 黑色,￥84.24
派克（PARKER）钢笔 签字笔 商务办公送礼 男女生日礼物 学生练字 书法礼品 威雅XL逐浪蓝金夹墨水笔,￥188.00
北斗智能AR点读地球仪星座夜灯充电3d立体悬浮儿童男女孩礼物益智生日学生文具教师节G3088新,￥519.00
派克（PARKER）钢笔 签字笔  商务办公送礼 男女生日礼物学生练字文具书法 IM魅影黑耀红墨水笔+大唐盛世礼盒,￥727.00
递乐 按动热可擦中性笔男女水笔晶蓝色热敏易消擦涂改中小学生带橡皮擦0.5mm6支晶蓝刷题/笔记 4253萌恐龙,￥9.90
手账本套装送初中生男孩女生学生伴手礼儿童实用生日礼物笔记本礼盒学校礼物奖励小礼品毕业季礼物 未来可期本子,￥15.80
玩控 咸鱼笔袋搞怪创意文具盒小学生初高中生大容量仿真男女文具袋网红 鲫鱼,￥16.76
艾蒙（AMOON） 入园宝宝姓名贴名字贴幼儿园儿童布贴防水刺绣可缝入园衣服被子标记定制 刺绣【男宝款】6个留言名字,￥15.80
沐苼 笔记本本子高颜值生日礼物女生送闺蜜男生实用记事本升学宴伴手礼升学礼物送同学  乘风破浪含礼袋,￥32.90
云水墨四层纽扣棉绳笔袋大容量文具盒女孩款高颜值女孩小学生初高中铅笔袋简约日系帆布笔盒儿童男女生文具袋 薄荷绿,￥18.80
公司商务办公礼品定制logo企业周年庆送员工礼物随手礼客户伴手礼盒公司活动退伍党员纪念品 蓝-FK笔记本+QB1签字笔+黑胶伞+数显保温杯,￥98.80
得力(deli)30mm*2m纳米强力魔力胶带 海报固定贴 透明家用车用无痕双面胶加厚款 JL521 春联贴 对联双面胶,￥14.90
得力(deli)12色大米彩泥 安心橡皮泥儿童手工好物超轻粘土宝宝黏土玩具 生日礼物男孩女孩 YC116-12,￥69.00
感恩节礼物钢笔套装羽毛笔礼盒哈利波特周边风格羽毛钢笔初中生生日礼物女孩男孩小学生钢笔成人蘸水笔礼盒装 机械之翼-藏青【礼盒装】,￥32.80
三年二班透明笔袋ins日系大容量初中男孩女孩用简约高颜值铅笔盒开学必备学生文具考试笔袋 薄荷绿+5支刷题笔+便签贴纸包35件+手账夹赠提手,￥28.80
派克（PARKER）钢笔礼盒 商务送礼 签字笔 男女学生练字 生日礼物  IM冰河蓝白夹墨水笔+以梦为马钢笔礼盒,￥894.00
派克（PARKER）钢笔签字笔 商务送礼学生男女生日礼物文具练字书法 威雅XL律动红墨水笔+梦笔生花礼盒,￥468.00
派克（PARKER）钢笔签字笔 商务送礼男女生学生练字书法生日礼物文具 威雅XL灵感紫金夹墨水笔+花开有期礼盒,￥523.00
派克（PARKER）签字笔 商务送礼学生男女教师节礼物文具 练字书法礼品文具 威雅XL律动红宝珠笔+梦笔生花礼盒,￥416.00
派克（PARKER）钢笔 签字笔 商务送礼 男女生日礼物 学生练字 IM系列丽雅黑金夹墨水笔,￥494.00
晨光（M&G） 热可擦笔3-5年级中性笔笔芯摩易檫磨魔力优握可擦水笔可爱卡通男女小学生0.5黑晶蓝色 墨蓝 10支按动笔芯（7701）,￥19.90
中华橡皮铅笔造型创意儿童卡通橡皮学生文具幼儿园学生奖品象皮檫女男可爱造型橡皮擦 绿色铅笔形状1个装,￥5.00
得力万能胶修鞋匠手工修鞋补鞋多功能万能胶水皮鞋运动鞋帆布鞋粘得牢防水补鞋胶办公家用皮革环保软性强力胶 1支价,￥7.80
得力(deli)36色超轻粘土 柔软彩泥黏土橡皮泥 手工DIY儿童玩具女孩男孩 生日礼物 工具箱易收纳67817,￥69.00
简繁 大容量透明笔袋考试专用 学生文具盒铅笔盒文具袋ins风初中高中男女多层功能收纳袋学习用品 绿色,￥18.80
迪士尼(Disney)文具套装 小学生男文具礼盒开学大礼包1-3年级学习用品生日礼物蜘蛛侠DM24943A,￥89.00
英雄（HERO）钢笔 1359莫兰迪系列 明尖热敏可擦铱金男女初学练字三年级正姿墨水笔 EF尖 粉色 JD,￥25.00
,
马培德Maped 极光钢笔 高颜值小学生钢笔三四年级入门男女日常书写可替换墨囊练字钢笔 紫色极光-塑盒装,￥22.90
弘典钢笔高端墨水礼盒 黑武士517D钢笔成人学生 商务办公男女生日礼物彰 F尖 黑钛笔尖,￥58.00
,
咔巴熊帆布笔袋大容量高中生简约文具盒铅笔盒男孩小学生可爱笔盒女ins日系初中生文艺复古风创意个性文具 [三角款]深蓝色/1个,￥9.90
三年二班 三层大开口透明笔袋 学生男生女生文具盒中学生大容量多功能笔盒文具收纳铅笔盒 小熊派对,￥21.80
凌美（LAMY）钢笔礼盒 宝可梦IP联名款墨水笔签字笔 大学生文具情侣礼物 杰尼龟VT3602-LB-0.5mm,￥493.00
派克（PARKER）钢笔签字笔 商务办公男女生日礼物学生练字文具 威雅XL秘境系列贝母白墨水笔+迷你墨水礼盒,￥336.00
派克（PARKER）钢笔 签字笔 商务办公送礼 礼品 男女生日礼物 学生练字 IM系列丽雅黑白夹墨水笔,￥457.00
点石时空舱笔袋大容量按动中性笔太空舱笔小学生高中笔盒男孩网红卡通创意女孩高颜值收纳袋生日礼物 【白色】时空舱家族笔袋（笔*9+替芯*2+铅芯）,￥75.00
三年二班 透明笔袋小学生用文具盒开学必备大容量初中女孩男孩简约日系文具袋铅笔盒 加州黑 约装80支笔（赠5支中性笔）,￥15.80
六品堂 瘦金体字帖女生小清新字体漂亮成人宋徽宗行楷大学生楷书练字帖钢笔硬笔书法临摹练字贴正楷体男生 升级瘦金体【高配版】,￥36.80
誉品（YUPIN）双面胶 高粘度棉纸手工胶带 易撕透明双面胶纸学生用文具办公用品 宽9mm*长10y(9.1m/卷) 4卷,￥5.90
百乐（PILOT）签字笔88G学生书法练字钢笔高档礼盒墨水套装商用办公送礼FPMR2白色虎纹M尖 生日礼物,￥201.60
派克（PARKER）钢笔礼盒签字笔 商务送礼 男女生日礼物 学生练字 书法礼品文具 IM丽雅黑白夹墨水笔+墨水礼盒,￥598.00
网纱简约笔袋大容量透明文具笔袋ins男生女可带入考场铅笔袋高颜值小学初高中生网格袋拉链资料袋文件袋 A6白色 1套装,￥3.64
派克（PARKER）高端签字笔 圆珠笔 商务送礼 男女生日礼物 学生练字书法礼品文具 精英睿智黑金夹宝珠笔,￥1475.00
晨光(M&G)文具36色三角杆双头马克笔 纤维头水彩笔 漫画笔涂鸦笔画笔 礼物送男孩女孩APMV0924,￥62.50
六品堂行书字帖练字成年行楷手写体男生女生成人速成高中生大学生字体漂亮钢笔硬笔书法临摹练字帖 【诗经】,￥18.80
得力(deli)发现者EF明尖钢笔墨水笔  办公商务签字笔黑 S668EF 生日礼物,￥31.50
英雄（HERO）钢笔 1359芝士奶盖系列 明尖铱金男女学生初学练字三年级正姿签字钢笔(附加6支墨囊) EF尖 蓝色,￥25.00
,
百乐（PILOT）Kakuno笑脸钢笔学生练字笔签字笔礼物（配上墨器/墨胆/书签）CA.FKA1SR F尖琉璃蓝套装,￥120.96
百乐（PILOT）FP-78G+钢笔 商务办公送礼 男女生日礼物 学生练字签字笔 复古礼盒装绿色M尖,￥113.04
百乐（PILOT）意式风情钢笔墨水套装 商用办公送礼 男女生日礼物 学生练字签字笔 FP-78G嫩绿F尖,￥113.04
英雄（HERO）钢笔礼盒 7032铱金钢笔三合一（明尖F+美工+宝珠）男女商务办公墨水笔套装 F尖 黑色,￥80.00
,
百乐（PILOT）FP-78G+钢笔 学生书法练字笔商务办公签字笔生日礼物 F咀 红色,￥84.24
百乐（PILOT）FP-78G钢笔小清新学生书法练字笔商务办公签字笔生日礼物 橄榄绿F尖,￥84.24
百乐（PILOT）FP-78G钢笔小清新学生书法练字笔商务办公签字笔生日礼物 橄榄绿 EF尖,￥84.24
一正（YiZHENG） 奥特曼橡皮小学生创意橡皮擦3D立体男孩大块橡皮擦得干净少屑无痕幼儿园奖品礼物 YZ7088-奥特英雄泽塔篇-5块/盒,￥17.80
PIMIO 毕加索骑士钢笔高端商务礼品套装签字笔学生练字送礼盒男友生日礼物节日企业定制免费刻字 T18黑金金夹（中性笔）,￥498.00
毕加索（pimio）美工笔弯头弯尖硬笔书法钢笔男女士练字成人学生用笔暗尖0.7mm马拉加系列916法兰红,￥58.00
,
派克（PARKER）钢笔礼盒 签字笔 商务办公送礼  男女生日礼物 学生练字 IM纯白白夹墨水笔+大都会北京礼盒,￥684.00
天章办公(TANGO)强力布基胶带地毯胶带密封防水防潮胶带工业胶带布可手撕 灰色48mm*15y（13.7米）1卷装,￥12.90
三年二班 ins无印风透明笔筒简约亚克力笔桶学生儿童女孩办公室桌面笔筒整理收纳盒化妆刷收纳桶男孩学习 单格笔筒-加厚款款,￥4.60
得力(deli)汪汪队彩泥套装 彩泥橡皮泥超轻黏土粘土创意儿童玩具男孩女孩手工DIY 配件齐全 生日礼物YC145,￥37.90
慢作 100张同学录小学生六年级毕业留言纪念册活页夹高颜值ins简约男生女生创意动漫成长记录册通讯录 毕业季/100张+相册收纳袋+贴纸+云空间,￥18.80
网纱简约笔袋大容量透明文具笔袋ins男生女可带入考场铅笔袋高颜值小学初高中生网格袋拉链资料袋文件袋 A6灰色+3色笔 1套装,￥4.80
萌童萌趣 儿童纯棉姓名贴 可缝制款宝宝名字贴刺绣幼儿园防水衣服标签定制 男款混合图案,￥37.60
广博(GuangBo)大号耐用美工刀裁纸刀锋利壁纸刀自动锁办公用品文具【内含3刀片】MG5414,￥6.00
,
TaTanice 答案之书礼盒 生日礼物情人节礼物送男女友走心小清新日记本,￥34.80
300米超长大容量修正带修改带涂改带涂改液修正液不断带改正带小学生初中生用学生文具学生的学习用品批发 小号经典款-6支/共72米,￥9.80
毕加索（pimio）钢笔 签字笔财务特细0.38mm商务办公礼品成人学生练字男女生日礼物马拉加系列916纯黑色,￥58.00
,
晨光(M&G)文具48色三角杆双头马克笔 纤维头水彩笔  漫画笔涂鸦画笔 礼物送男孩女孩APMV0925,￥79.00
英雄（HERO）钢笔 1359莫兰迪系列 明尖热敏可擦铱金男女初学练字三年级正姿墨水笔 EF尖 深蓝色 JD,￥25.00
,
施耐德（Schneider）钢笔学生用成人练字笔男女三四年级23K镀金笔尖德国进口签字笔EF尖BK406透明色,￥57.00
