﻿Column1,Column2
Column1,Column2
Name,Price
李宁（LI-NING）护膝运动半月板防护篮球跑步专用保暖男女羽毛球足球登山膝盖护具,￥66.00
FT 滑雪防摔护臀男女通用款内穿贴身防摔裤轮滑滑板护具护臀护膝套装flowtheory 蓝色包边 L码,￥199.00
李宁护膝保暖运动跑步篮球羽毛球半月板髌骨男女足球登山膝盖护具,￥58.00
,
李宁（LI-NING）哑铃男女健身杠铃可调节拆卸家用运动环保器材壶铃组合训练全套装,￥359.00
李宁护膝保暖运动半月板髌骨跑步篮球专用男女羽毛球足球登山膝盖护具,￥204.00
李宁护腕手腕扭伤腱鞘女款健身运动男固定羽毛球篮球关节薄款 黑色（0.9mm厚度 轻薄加压护腕） 均码单只（左右手通用）,￥21.00
TMT 弹力带健身绳男女阻力带康复拉力带训练引体向上辅助瑜伽运动 基础蓝绿-阻力20-55斤+收纳袋,￥26.60
穆勒（M MANUEKLEAR）嘴哥同款健身护腕男助力带护手腕扭伤绑带力量训练腕带卧推专用弹 加压版黑色【加宽加厚两只装】 55CM版,￥29.90
李宁护腕手腕扭伤腱鞘女款健身运动男固定羽毛球篮球关节薄款 灰色（0.9mm厚度 轻薄加压护腕） 均码单只（左右手通用）,￥21.00
TMT 弹力带健身绳男女阻力带康复拉力带训练引体向上辅助瑜伽运动 进阶深绿-阻力50-100斤+收纳袋,￥35.80
TMT 硬拉助力带健身手套男引体向上单杠哑铃握力带牛皮运动护腕防滑 【升级牛皮款】防滑+握感提升 均码,￥59.80
AOLIKES 加长篮球护臂运动保暖薄款加长护肘男女透气套袖吸汗护手臂防晒 黑色单只 适合手肘围23-40厘米单只价,￥12.90
欣怡万嘉弹力带8字拉力器拉力绳男多功能扩胸阻力带腿部拉伸运动练胸肌开背训练器材家用八字瑜伽健身绳神器 【99%男士都选这款】（25磅/11.7KG）蓝...,￥35.00
TMT 弹力带健身绳男女阻力带康复拉力带训练引体向上辅助瑜伽运动 强化训练-深绿+深灰+收纳袋,￥75.80
卡尔美（KELME）防崴脚护脚踝护具篮球运动足球保护套跑步女脚腕扭伤男 黑色 L【42-45】,￥32.00
AOLIKES护小腿男篮球足球跑步健身骑行护腿排汗运动护具防护 2根绑带适合腿围50cm以下 黑色均码单只,￥26.80
李宁（LI-NING）护膝运动篮球羽毛球跑步膝盖男女护腿半月板髌骨登山护具,￥79.00
,
洛克兄弟摩托车保暖护膝男女秋冬季防摔防风骑行护具护腿骑士装备 长款(抓绒保暖)-不带护具 均码,￥138.00
Anguiqi 摩托车护膝保暖男女骑行护膝电动车防寒冬季外卖挡风护腿加厚 【长度70CM-黄金绒】通用均码,￥29.00
耐力克斯运动护腕男吸汗擦汗巾毛巾跑步手腕巾健身装备速干健身房冷感女带 蓝色【冷感速干】单只 均码,￥19.80
KFT德国护膝保暖老寒腿艾草发热老年人冬季加热自发热护漆男女绑带 石墨烯自发热丨绑带加长款 高弹均码(80-180斤通用)丨两只装,￥49.00
李宁运动护膝男女通用专业篮球护腿膝盖保护套跑步登山髌骨护膝 220黑橙【四根支撑条+硅胶垫圈】 均码两只装,￥182.00
安德玛（Under Armour）运动护膝男冬季保暖膝盖保护篮球专业跑步跳绳健身女半月板护具 黑色【单只装】22610621-001 L：建议120-160斤使用,￥69.00
安德玛（Under Armour） 护腰带男女燃脂健身束腰腰椎运动篮球深蹲跑步硬拉训练收腹护腰 经典款（内置4根支撑条） L,￥219.00
百斯锐（Bestray）登山护膝徒步户外爬山男专用女护关节专业装备套运动膝盖保护 8代登山护膝-蓝色【两只装】 均码,￥397.00
跃动花样竹节跳绳健身运动成人男女学生儿童珠节跳绳 黑色,￥29.90
耐力克斯日本护膝半月板损伤专用韧带女跑步膝盖男关节运动护具髌骨保护套 黑色一对【升级款硅胶护垫】 XL号【适合140-160斤】,￥59.00
耐力克斯腱鞘炎护腕健身防扭伤羽毛球排球护手套运动吸汗腕带男女护具薄款 粉色【透气加压强固定】 均码【一只装】男女通用,￥39.90
耐力克斯日本护膝半月板损伤专用韧带女跑步膝盖男关节运动护具髌骨保护套 黑色一对【升级款硅胶护垫】 M号【适合100-120斤】,￥59.00
华峻宇仰卧起坐辅助器家用健身器材吸盘式健腹器男女腹肌训练仰卧板 【升级款】加厚泡棉经典黑,￥29.90
耐力克斯日本护膝半月板损伤专用韧带女跑步膝盖男关节运动护具髌骨保护套 黑色一对【双绑带+加粗弹簧】 L号【适合120-140斤】,￥59.00
耐力克斯日本护膝半月板损伤专用韧带女跑步膝盖男关节运动护具髌骨保护套 黑色一对【双绑带+加粗弹簧】 XXL号【适合160-180斤】,￥59.00
AOLIKES 运动绷带护腿护踝篮球足球羽毛球护膝小腿缠绕绑带男女训练跑步 黑色 单只 长约120厘米,￥15.90
准者（RIGORER）【2只装】护膝男士篮球装备专业运动跑步足球半月板损伤膝盖护具 【经典款】浅灰/彩蓝2只装 L（适合体重110-150斤左右）,￥59.90
卡尔美（KELME）篮球运动护踝男跟腱保护套专业足球防扭伤固定固定套 黑色 L,￥45.00
苏健呼啦圈收腹加重男士健身自由调节女士运动家用塑形健身美腰jm9 蓝白 自由加重10斤,￥299.00
BSDDP摩托车护膝四季男女机车防摔护具护肘电动车骑行防风护腿骑士装备 黑色/护膝护肘 均码,￥109.00
李宁运动护膝男女通用专业篮球护腿膝盖保护套跑步登山髌骨护膝 220灰紫【四根支撑条+硅胶垫圈】 均码两只装,￥182.00
"线下同款	
赞斯特（ZAMST）RK-1跑步护膝马拉松运动护具男女用长跑越野跑保护膝盖关节防护 右腿(单只装) L（34-37cm）",￥315.00
慕乐（Mueller） 运动护膝髌骨带髌腱跳跃膝跑步登山乒乓羽毛球均码男女单支装 双轨髌骨带59857 均码单只装,￥299.00
李宁护膝保暖加热老寒腿关节炎护漆膝盖男女中老年人加绒冬季防寒风,￥49.50
李宁暴汗护腰带运动健身燃收腹脂男女保暖塑形束腰硬拉深蹲跑步腰托,￥59.00
李宁护腕男女运动健身吸汗护手腕套护具扭伤网球羽毛球篮球擦汗护腕带,￥25.00
李宁（LI-NING）髌骨带护膝运动男女固定膝盖护具半月板跳绳羽毛球篮球膑骨带,￥49.00
,
李宁骑行护腕运动男吸汗擦汗巾跑步手腕毛巾健身羽毛球速干神器女腕带,￥31.00
李宁护腰带保暖腰间盘健身运动举重束腰深蹲硬拉腰托男女久坐暖腰收腹,￥75.00
李宁护膝保暖运动半月板篮球跑步专用髌骨男女羽毛球足球登山膝盖护具,￥58.00
,
李宁护膝运动半月板髌骨篮球跑步羽毛球男女保暖足球登山膝盖护具,￥142.00
李宁护膝运动半月板髌骨篮球跑步专用羽毛球男女保暖足球登山膝盖护具,￥142.00
TMT 弹力带健身绳男女阻力带康复拉力带训练引体向上辅助瑜伽运动 基础健身-蓝绿+深绿+收纳袋,￥60.80
TMT 弹力带健身绳男女阻力带康复拉力带训练引体向上辅助瑜伽运动 强化深灰-阻力80-130斤+收纳袋,￥54.80
李质造小李子:李质造足球运动训练比赛专业缓震包裹舒适护腿板成人男女 香草色 L（165-185CM）,￥19.00
耐力克斯（NAILEKESI）弹力绷带自粘绑带运动护膝护腕护肘加压弹性小腿绑腿带护踝男保护 护小腿 黑色【一对装】,￥17.60
道禾（DOHOPE)护肩保暖肩周炎男女护颈肩月子护肩膀坎肩护肩套保暖睡觉中老年护肩膀睡觉坎肩运动护具 铅灰短袖款 XXXL,￥98.00
道禾（DOHOPE)护肩保暖肩周炎男女护颈肩月子护肩膀坎肩护肩套保暖睡觉中老年护肩膀睡觉坎肩运动护具 藏青短袖款 XXXL,￥98.00
李质造小李子:李质造足球运动训练比赛专业缓震包裹舒适护腿板成人男女 海盐色 L（165-185CM）,￥19.00
耐力克斯 运动护肘护臂护腕保暖护手臂套篮球排球跑步关节男士防寒专用 黑色【加长防护】一对装 M(适合体重100-135斤),￥29.80
FT 滑雪防摔护臀男女通用款内穿贴身防摔裤轮滑滑板护具护臀护膝套装flowtheory 灰色包边 M码,￥199.00
FT 滑雪防摔护臀男女通用款内穿贴身防摔裤轮滑滑板护具护臀护膝套装flowtheory 灰色包边 L码,￥199.00
李宁护腕男女健身运动防扭伤手腕固定护具羽毛球篮球排球卧推护腕带,￥32.00
FT 滑雪防摔护臀男女通用款内穿贴身防摔裤轮滑滑板护具护臀护膝套装flowtheory 灰色包边 XL码,￥199.00
李宁护腕男女防扭伤健身羽毛球篮球护手腕护具吸汗擦汗手腕巾网球腕带,￥28.80
GOSKI滑雪运动护具内穿护臀护膝套装男女新手防摔裤防痛护臀裤加厚硅胶 基础-Pro护具套装 L（建议体重65-75kg）,￥499.00
李宁骑行护腕运动男吸汗擦汗巾跑步手腕毛巾健身羽毛球速干神器女腕带,￥29.90
KFT护膝保暖老寒腿艾草自发热防寒老年人关节炎男女加热运动膝盖护具 羊绒防寒保暖护膝 均码丨80-180斤通用丨两只装,￥69.90
李宁护腕手腕扭伤腱鞘女款健身运动男固定羽毛球篮球关节薄款 粉色（0.9mm厚度 轻薄加压护腕） 均码单只（左右手通用）,￥21.00
AOLIKES 加长篮球护臂运动保暖薄款加长护肘男女透气套袖吸汗护手臂防晒 白色单只 适合手肘围23-40厘米单只价,￥12.90
nine study健身护腕男女防扭伤手腕加压护具运动防护专业卧推硬拉举重哑铃 耀夜黑 均码（两只装）,￥25.80
MF握力器男专业练手力可调节60公斤电子计数锻炼手臂力量肌肉训练器 机械计数可调节握力器5-60公斤,￥18.76
李宁运动护膝男膝盖半月板关节损伤专用跳绳跑步护具保护套髌骨带 黑色2只-绑带固定/弹簧加压/透气 M【建议体重90-120斤】,￥109.00
美津浓（MIZUNO）护腕男女健身运动羽毛球排球手腕护具防扭伤踝关节固定支具 黑色均码单只,￥39.00
FT 滑雪防摔护臀男女通用款内穿贴身防摔裤轮滑滑板护具护臀护膝套装flowtheory 蓝色包边 M码,￥199.00
自由伙伴  无绳跳绳 负重球健身男女室内两用款 轴承跳绳成人学生体育器材 孔雀蓝大球款,￥9.47
道禾（DOHOPE）护膝保暖男士绑带运动加长款护秋冬艾草发热护膝老人膝盖保暖防寒 暗夜黑艾草绑带长款 XL,￥68.00
李宁护腕手腕扭伤腱鞘女款健身运动男固定羽毛球篮球关节薄款 黑色（0.9mm厚度 轻薄加压护腕） 均码单只/开放式设计 左右手通用,￥21.00
李宁（lining）暴汗护腰带运动健身束腰带收腹塑形燃脂跑步深蹲硬拉腰托护具男女 黑红色-暴汗燃脂/收腹塑形,￥49.00
耐力克斯日本护膝半月板损伤专用韧带女跑步膝盖男关节运动护具髌骨保护套 白色一对【绑带加固+弹簧支撑】 XXL号【适合160-180斤】,￥59.00
洛克兄弟（ROCKBROS）运动护膝支撑跑步骑行篮球健身登山半月板损伤膝盖护具男 双弹簧运动护膝(均码/双只) 均码,￥78.00
冬季骑行摩托车护膝电动车保暖护腿电瓶车男女骑车护具加厚防风防寒 中款-护膝防寒防风,￥27.30
耐力克斯日本护膝半月板损伤专用韧带女跑步膝盖男关节运动护具髌骨保护套 黑色一对【升级款硅胶护垫】 L号【适合120-140斤】,￥59.00
耐力克斯日本护膝半月板损伤专用韧带女跑步膝盖男关节运动护具髌骨保护套 黑色一对【升级款硅胶护垫】 3XL号【适合180-200斤】,￥59.00
李宁跳绳成人竞速跳绳铝合金手柄3米男女专业运动成人体育用品 黑橘色,￥44.00
GOSKI 23新款滑雪护腕男女防摔护掌护具轮滑单双板防扭伤内置护腕 力莫黑 M,￥129.00
FT 滑雪防摔护臀男女通用款内穿贴身防摔裤轮滑滑板护具护臀护膝套装flowtheory 蓝色包边 S码,￥199.00
准者（RIGORER）【2只装】护膝男士篮球装备专业运动跑步足球半月板损伤膝盖护具 【升级绑带 】纯正黑2只装 L（适合体重110-150斤左右）,￥69.90
耐力克斯日本护膝半月板损伤专用韧带女跑步膝盖男关节运动护具髌骨保护套 黑色单只【双绑带+加粗弹簧】 XL号【适合140-160斤】,￥42.56
耐力克斯日本护膝半月板损伤专用韧带女跑步膝盖男关节运动护具髌骨保护套 黑色一对【双绑带+加粗弹簧】 M号【适合100-120斤】,￥59.00
耐力克斯日本护膝半月板损伤专用韧带女跑步膝盖男关节运动护具髌骨保护套 黑色一对【绑带加固+弹簧支撑】 XL号【适合140-160斤】,￥59.00
耐力克斯日本护膝半月板损伤专用韧带女跑步膝盖男关节运动护具髌骨保护套 白色一对【升级款硅胶护垫】 L号【适合120-140斤】,￥59.00
耐力克斯腱鞘炎护腕健身防扭伤羽毛球排球护手套运动吸汗腕带男女护具薄款 灰色【透气加压强固定】 均码【一只装】男女通用,￥39.90
AOLIKES毛巾运动护腕男女护腕套跑步骑行羽毛球吸汗透气篮球擦汗护手腕套 荧光黄 长8厘米 两只,￥9.90
耐力克斯日本护膝半月板损伤专用韧带女跑步膝盖男关节运动护具髌骨保护套 白色一对【升级款硅胶护垫】 XL号【适合140-160斤】,￥59.00
NIKE耐克篮球护膝运动透气针织保暖男女跑步足球骑行健身膝盖护具装备 升级款【黑色】单只装 【M】膝围（36-39cm）根据身高体重尺码表选择,￥159.00
准者（RIGORER）【CUBA同款】护膝运动男健身篮球装备半月板跑步羽毛球膝盖单只装 浅灰/薰衣草紫  L（适合体重110-150斤左右）,￥39.90
SAHOO摩托车护膝电动车冬季膝盖护套防风保暖骑店瓶车护膝男女防寒羊毛 长款护膝【PU皮】,￥49.90
耐力克斯日本护膝半月板损伤专用韧带女跑步膝盖男关节运动护具髌骨保护套 白色一对【升级款硅胶护垫】 3XL号【适合180-200斤】,￥59.00
苏健扭伤护手腕男女腱鞘疼劳损篮球运动健身关节轻薄腕带夏季jm. 粉色两只,￥199.00
酷峰（kufun） d3o滑雪护具护臀屁垫护膝护甲防摔裤单板滑冰轮滑装备d30男女 旗舰版护臀+护膝+护肘 体重150-210斤,￥748.00
李宁护腕手腕扭伤腱鞘女款健身运动男固定羽毛球篮球关节薄款 灰色（0.9mm厚度 轻薄加压护腕） 均码两只/开放式设计 左右手通用,￥41.00
COPOZZ滑雪护腕护掌运动健身护手套护具男女关节防护溜冰轮滑装备 黑色,￥79.00
耐力克斯日本护膝半月板损伤专用韧带女跑步膝盖男关节运动护具髌骨保护套 白色一对【绑带加固+弹簧支撑】 S号【适合80-100斤】,￥59.00
Copozz滑雪护臀小乌龟护膝护肘白熊男女单双板护具套装防摔滑雪装备 白熊护膝（通用款）,￥88.00
耐力克斯日本护膝半月板损伤专用韧带女跑步膝盖男关节运动护具髌骨保护套 白色一对【升级款硅胶护垫】 S号【适合80-100斤】,￥59.00
本森运动护膝 篮球跑步登山护具 男女膝关节髌骨半月板护腿套 防滑支撑普通款 M腿围31-36cm（100-120斤）,￥68.00
NIKE耐克护膝绑带式男篮球跑步健身护具半月板关节膝盖女 黑色绑带式护膝【N1000672010 】单只装 XL【适合膝围40-45cm/体重160-180斤,￥259.00
MDBuddy 健身壶铃 提壶哑铃女 男士竞技训练健身器材专业运动4-36公斤 蓝色12kg/单只,￥239.00
MDBuddy 健身壶铃 提壶哑铃女 男士竞技训练健身器材专业运动4-36公斤 紫色20kg/单只,￥409.00
威克多（VICTOR）羽毛球护腕胜利运动护腕男女手腕吸汗弹力带羽球网球护腕SP-123 SP-127 M浅蓝,￥22.00
COPOZZ滑雪护臀护膝套装男女成人户外运动装备滑冰轮滑防摔裤护具 护臀裤黑灰色 S,￥138.00
COPOZZ滑雪护臀护膝套装男女成人户外运动装备滑冰轮滑防摔裤护具 护臀裤黑色 M,￥138.00
COPOZZ滑雪护臀护膝套装男女成人户外运动装备滑冰轮滑防摔裤护具 护臀+护膝（黑灰色） S,￥198.00
COPOZZ滑雪护臀护膝套装男女成人户外运动装备滑冰轮滑防摔裤护具 护臀+护膝（黑色） S,￥198.00
狮奥利兴专业滑雪运动护具护膝防摔护臀裤成人儿童女男滑板轮滑屁股垫装备 幻影黑6件套（护具） S号（适合体重25-60斤）,￥99.00
橙央臂力锻炼器哑铃哑铃学生专用体育用品亚玲男士健身臂力器材家用一 一对总重10公斤(5kg×2) 升级防松动,￥105.00
橙央臂力锻炼器哑铃哑铃学生专用体育用品亚玲男士健身臂力器材家用一 一对总重15公斤(7.5kg×2) 升级防松动,￥126.00
橙央臂力锻炼器哑铃哑铃学生专用体育用品亚玲男士健身臂力器材家用一 一对总重40公斤(20kg×2) 升级防松动,￥286.00
橙央臂力锻炼器哑铃哑铃学生专用体育用品亚玲男士健身臂力器材家用一 适合重量选择建议 -此项勿拍 升级防松动,￥105.00
"爱心东东	
GUBPMTSHIMCE2级摩托车冬季骑行护膝机车护具防摔防寒挡风护腿保暖加厚男女 【四季】碳纤维护膝【CE认证】 均码",￥204.00
李宁（LI-NING）护腕健身男女羽毛球篮球网球运动防扭伤腱鞘炎卧推擦汗加压手腕巾,￥25.00
李宁护腰带保暖腰间盘暖腰腹带发热护胃肚子突出加热男女腰部防寒神器,￥68.00
"线下同款	
安踏运动鞋男鞋秋冬季男士皮面防水保暖跑步鞋休闲鞋男户外旅游鞋子 【网面透气】黑 男42码",￥188.00
李宁羽毛球鞋全能王Ⅴ男女成人儿童同款亲子2023新品耐磨抗扭防滑减震 标准白/浅松绿-2 42,￥196.00
匹克篮球成人比赛儿童训练室内外水泥地橡胶耐磨防滑男女篮球5号,￥53.90
"线下同款	
安踏凌云系列运动鞋男鞋2023秋季新款透气软底网面缓震跑步休闲鞋官网 【防臭脚】浅米白/远足绿-3 8(男41)",￥179.00
必迈（bmai）2023新款魔方长袖高弹力马拉松速干跑步运动套头衫柔软吸湿T恤 经典黑【男】 XL,￥99.00
必迈（bmai）2023新款魔方长袖高弹力马拉松速干跑步运动套头衫柔软吸湿T恤 深蓝色【男】 L,￥99.00
安踏（ANTA）四防科技白鸭绒羽绒服立领男士外套冬季防泼水防风防油污面包服 基础黑-4 XL/男180,￥579.00
有时光有时光可折叠拖鞋旅行便携式旅游浴室防滑男女情侣出差粉色S码,￥25.00
步锐特（BURUITE） 运动紧身裤男跑步秋冬季压缩修身打底保暖内衣套装训练高弹力健身加绒保暖裤 1045【加绒】 XL,￥35.00
WRELS帽子男冬季加绒加厚毛线针织帽青年潮流保暖套头棉帽护耳防风防寒 黑色单帽,￥9.90
WRELS帽子男冬季加绒加厚毛线针织帽青年潮流保暖套头棉帽护耳防风防寒 黑色（围脖+帽子）,￥17.80
李宁羽毛球鞋变色龙6男女情侣款比赛训练耐磨减震高弹防滑运动鞋男女 变色龙6代lite 37.5,￥252.00
维动（VEIDOORN） 实战篮球袜子毛巾底运动精英男女中筒高帮长筒加厚撒野篮球袜 蓝粉【三双装】,￥36.80
李宁（LI-NING）男鞋篮球鞋2023新款闪击9PRM夏季版防滑耐磨低帮透气实战篮球鞋 023-3 灰蓝【鞋盒加固发货】 42,￥292.00
李宁羽毛球鞋小羽男子耐磨训练鞋专业抗扭减震透气运动鞋（标楦） 基础白/新基础黑079-13 40,￥184.00
"线下同款	
安踏（ANTA）KT3 Team｜篮球鞋男汤普森秋季透气防滑减震学生运动鞋子官网旗舰 【速逸】象牙白/淡钢蓝-2 43(270)",￥189.00
安踏（ANTA）KT3 team｜篮球鞋男秋冬汤普森防滑减震男士户外实战比赛运动鞋子 【升级皮面】白/浅雾灰/泳池蓝-1 42(内长26cm),￥389.00
李宁（lining）赤兔4代跑鞋跑步鞋男款运动休闲减震男鞋子竞速超轻透气学生成人 米白色/和谐蓝019-1男竞速跑鞋 43 270mm,￥177.00
KELME /卡尔美棉服男冬季保暖足球训练棉衣户外运动棉袄加厚外套 黑色 XL,￥321.00
KELME/卡尔美运动棉服男冬季长款大衣加厚连帽保暖棉衣冬训外套 黑色【后背大LOGO】 L,￥486.00
安踏【王一博】安踏AO骜驭丨2023年滑板鞋男女同款潮流运动鞋耐磨官网 【男款】油蓝色/浅米白-3 40.5码 男款,￥196.00
安踏【王一博】安踏AO骜驭丨2023年滑板鞋男女同款潮流运动鞋耐磨官网 【男款】油蓝色/浅米白-3 40码 男款,￥196.00
"线下同款	
安踏男鞋休闲运动鞋男士秋冬季大码网面鞋软底轻质减震慢跑步鞋子男 【店长推荐】5581-5黑 8/(41码)",￥189.00
必迈（bmai） 跑步热能压缩衣V4男女训练上衣弹力加绒加厚保暖紧身衣健身服 冬夜黑【男】 XL,￥239.00
KELME /卡尔美中筒足球袜男夏季透气耐磨篮球运动比赛袜子男女K15Z934 白色 L（42-44）,￥28.00
"线下同款	
TOSWIM拓胜游泳包干湿分离男女防水收纳包斜跨背包健身运动包  黑白字母",￥359.00
KELME /卡尔美秋冬运动棉衣男足球训练马甲休闲保暖防寒背心无袖棉袄 黑色(爪子logo) L,￥223.00
李宁羽毛球鞋全能王Ⅴ男女成人儿童同款亲子2023新品耐磨抗扭防滑减震 标准白/浅松绿-2 41,￥196.00
李宁羽毛球鞋全能王Ⅴ男女成人儿童同款亲子2023新品耐磨抗扭防滑减震 标准白/浅松绿-2 43,￥196.00
李宁羽毛球鞋男子减震耐磨防滑训练运动鞋男全能王 AYTS038 标准白/黑色 43,￥187.00
富光塑料杯创意随手杯子 男女太空杯夏季运动便携式学生水杯带盖茶杯,￥23.90
361°跑步运动套装紧身衣男长袖健身服速干春秋冬季高弹训练裤篮球骑行 119加绒2件套 XL,￥148.00
准者（RIGORER） 竞技-追影篮球袜袜子专业运动男女防滑毛巾底CUBA同款加厚精英袜 白色【08-1长款单双】 均码（38-45）,￥12.90
洛克兄弟（ROCKBROS） 洛克兄弟秋冬季骑行服套装男女款抓绒保暖长袖长裤户外单车运动服 昆仑套装-黑红（升级款 防风抓绒保暖） XL,￥328.00
"线下同款	
安踏男鞋皮面运动鞋男秋冬季保暖轻便防滑软底跑步鞋男跑鞋学生鞋子男 【皮面防泼水】黑/安踏白-1 41码 (255)",￥188.00
准者（RIGORER） 【3双装/5双装】篮球袜吸汗防滑毛圈运动袜子体育男加厚减震中筒 【3双装】黑白灰,￥30.90
"线下同款	
安踏（ANTA）KT3 Team｜篮球鞋男汤普森秋季透气防滑减震学生运动鞋子官网旗舰 【速逸】象牙白/淡钢蓝-2 42.5(265)",￥189.00
多威（Do-win）迷彩鞋跑步鞋07A07B作训鞋多维跑鞋男女训练鞋耐磨防滑 帆布升级款【耐磨缓震防滑】 41（255）,￥182.00
维动（VEIDOORN） 篮球袜子毛巾底实战高筒运动精英男高帮袜 单双装,￥14.80
恒源祥男士袜子男纯棉抑菌防臭吸汗商务运动纯色男中筒袜10双,￥59.90
WELLCLS 山地车自行车成人男变速越野单车双减震碟刹赛车学生青少年女 尊享版-黑白色【辐条轮】 26寸21速,￥252.00
穆勒（M MANUEKLEAR）嘴哥助力带硬拉健身手套引体向上单杠握力带男牛皮防滑护腕护掌 深棕色【升级双层耐磨牛皮】,￥33.00
亚瑟士ASICS旗舰官网男鞋网面跑鞋缓震透气运动鞋入门跑步鞋GEL-CONTEND 黑色/黑色 42,￥409.00
酷峰（kufun） 滑雪镜滑雪眼镜男护目镜双层防雾防风防强光成人登山雪地装备女 棋盘格-镜面人生（配雪镜盒）,￥178.00
"线下同款	
安踏运动鞋男鞋秋冬男士软底皮面防泼水跑步鞋减震轻便学生休闲鞋子男 【皮面】5542-4黑 8.5/(42码)",￥189.00
YONEX尤尼克斯羽毛球袜比赛训练舒适透气吸汗毛巾底男女运动袜 145141混色3双,￥98.00
"线下同款	
安踏运动鞋男鞋秋冬男士软底皮面防泼水跑步鞋减震轻便学生休闲鞋子男 【皮面】5529-9黑/金属金 8/(41码)",￥189.00
李宁羽毛球鞋男子减震耐磨防滑训练运动鞋男全能王 AYTS038 标准白/黑色 41,￥187.00
安踏（ANTA）篮球鞋男鞋汤普森外场实战防滑耐磨运动鞋中帮KT球鞋【KT3 team】 安踏白/浅雾灰/泳池蓝-1 41(255),￥389.00
李宁休闲鞋棉鞋男鞋新款加绒保暖缓震轻便运动鞋户外鞋 加绒-黎明灰/砂砾灰/石灰蓝175 42,￥159.00
YONEX尤尼克斯羽毛球包yy多功能大容量休闲背包手提包男女运动双肩背包 249CR 白蓝【双肩包】独立鞋仓,￥338.00
李宁（LI-NING）篮球鞋男轻速1.0支撑稳定比赛鞋ABAS041 荧光绣蓝紫/雪青蓝-4 42,￥438.00
李宁（LI-NING）泳裤男士运动速干防尴尬平角双层防走光海边度假沙滩裤810黑色XL,￥94.00
洛克兄弟骑行裤男女秋冬山地公路车长裤透气海绵垫运动自行车裤子 春夏秋薄款不加绒-黑 XL,￥138.00
安踏男鞋运动鞋冬男士跑步鞋防滑耐磨轻便休闲鞋学生体测跑鞋男旅游鞋 【店长推荐】浅米白/森林绿-1 男41/美码8,￥189.00
卡尔美（KELME） 冬季新款棉服男户外运动连帽棉衣防风加厚保暖足球训练外套 黑色 L【175/92A】,￥351.00
YONEX尤尼克斯羽毛球包yy男女款休闲运动背包双肩包多功能大容量双肩包 249CR 白蓝,￥338.00
卡特兔儿童透气软底防滑跑步运动鞋秋季男女童板鞋宝宝机能鞋X3CG014 白色 内长18.5cm 30码 适合脚长17.5cm,￥339.90
维动（VEIDOORN）实战篮球袜子毛巾底高帮运动精英男女长筒透气薄款耐磨 一双装【粉色-蝉翼实战款】舒适透气 均码,￥16.80
安踏童鞋男童运动鞋秋冬新款中大童鞋子6-16岁学生跑鞋儿童网鞋革面鞋 【皮面】海岸蓝/超级橙/安踏白-2 38码/24cm,￥128.90
安踏童鞋男童运动鞋秋冬新款中大童鞋子6-16岁学生跑鞋儿童网鞋革面鞋 【皮面】海岸蓝/超级橙/安踏白-2 37码/23.5cm,￥127.30
"爱心东东	
李宁（LI-NING） 新款羽毛球包手提双肩背包大容量男女多功能羽毛球包运动网球包 黑金视频款ABJR076-3六支装鞋仓",￥319.00
WRELS帽子男冬季加绒加厚毛线针织帽青年潮流保暖套头棉帽护耳防风防寒 灰色（围脖+帽子）,￥14.90
李宁（LI-NING）男鞋篮球鞋2023新款闪击9PRM夏季版防滑耐磨低帮透气实战篮球鞋 023-1 粉白【鞋盒加固发货】 44,￥292.00
李宁（LI-NING）男鞋篮球鞋2023新款闪击9PRM夏季版防滑耐磨低帮透气实战篮球鞋 023-3 灰蓝【鞋盒加固发货】 43,￥292.00
KELME /卡尔美青少年运动羽绒服男学生连帽保暖长款足球训练外套 3893416 黑色 160,￥524.00
"线下同款	
安踏男鞋运动鞋男耐磨网面透气跑步鞋超轻软底运动休闲鞋男士旅游鞋 【网面透气】浮云灰/浅银灰-1 42码 (260)",￥188.00
李宁驭帅14篮球鞋男鞋球鞋水泥地耐磨减震运动鞋 标准白/荧光焰橙-7 43,￥198.00
"线下同款	
安踏（ANTA）KT3 Team｜篮球鞋男汤普森秋季透气防滑减震学生运动鞋子官网旗舰 【KT3 TEAM】安踏白/氯蓝-10 42(260)",￥239.00
KAPPA卡帕男鞋夏季运动鞋子男2023网面透气跑步休闲鞋情侣百搭老爹鞋男 C15D矿物灰 42,￥319.00
洛克兄弟骑行裤男女山地车公路车裤子海绵垫骑行短裤带护垫夏自行车装备 沃伦-男款黑色 L,￥99.00
洛克兄弟（ROCKBROS）骑行服上衣套装男款抓绒保暖长袖长裤户外单车运动服冬季 秋冬骑行套装 黑色 XL,￥536.00
安踏【奶盖鞋】板鞋男鞋2023年秋冬厚底运动休闲滑板鞋男皮面保暖鞋子 白/黑8012-5 8码 41,￥209.00
必迈（bmai）2023新款魔方长袖高弹力马拉松速干跑步运动套头衫柔软吸湿T恤 远山蓝【男】 L,￥99.00
KAPPA卡帕男女鞋老爹鞋女2023秋季新款鞋子女百搭休闲鞋轻便软底运动鞋 韩国白/鲨鱼灰 37,￥359.00
安踏棉鞋男鞋秋冬加绒保暖运动鞋高帮皮面防泼水休闲大棉鞋抗寒雪地靴 黑/碳灰-1 8(男41),￥289.00
KELME卡尔美足球袜中筒袜防滑加厚毛巾底男K15Z934篮球跑步运动袜子 【白色】K15Z934 L（42-44码）,￥28.00
"线下同款	
安踏漫步男鞋运动鞋冬季轻便缓震软跑鞋网面透气跑步鞋 【皮面】-3象牙白/黑/灰雾蓝 41码",￥209.00
李宁羊羔绒外套男2023秋冬季反伍新款开衫高领加绒加厚保暖摇粒绒棉服 纯黑色 M/170,￥178.00
adidas阿迪达斯GOLETTO VIII 基础款TF碎钉人草低帮成人足球鞋碎钉男 成人款GY5774【GOLETTO系列】 42.5(270JP),￥199.00
乔丹（QIAODAN）篮球鞋【冰刃2.0】2023秋季中帮厚网鞋子男防滑减震耐磨实战球鞋 乔丹白/紫 42,￥159.00
安踏男鞋运动鞋男秋冬防泼水皮面保暖软底跑步鞋休闲鞋子轻便旅游鞋 店长推荐-白/银-（防泼水革面） 41码,￥189.00
XINBUCKS男士保暖打底裤加绒鲨鱼裤秋冬加厚秋裤紧身可外穿防风运动显瘦 黑色中暖款 2XL码 适合120-150斤,￥139.00
李宁男鞋运动鞋暴风 Low男子减震回弹篮球鞋ABFS013 黑色-2 43,￥198.00
"线下同款	
安踏男训练鞋2023秋季新款防滑跑步鞋室内健步鞋男运动鞋透气跑鞋官网 【软弹二代】黑/象牙白-5 41码",￥168.00
361°运动鞋男鞋2023秋季新款皮面防水轻便男士跑鞋减震黑色男跑步鞋 曜石黑【店长推荐】 42,￥119.00
北面（The North Face）抓绒衣男户外运动秋冬保暖防风舒适外套上衣可做冲锋衣内胆|88R7 JK3/黑色 L/175,￥682.00
海尔斯（HEALTH）钉鞋田径碳速CP1全掌碳板男女学生专业短跑比赛冲刺田径钉子鞋 彩虹色 42,￥399.00
安踏（ANTA）KT-FLY篮球鞋男2023冬季户外耐磨训练鞋男士轻便透气减震运动鞋子 【KT-FLY】安踏白/淡钢蓝-1 8(男41),￥309.00
"线下同款	
安踏篮球鞋系列男实战低帮运动球鞋耐磨缓震防滑水泥克星运动鞋 【菱极】安踏白/氯蓝/婴儿粉-4 45码",￥139.00
万星威（Munsingwear）高尔夫服装男士长袖T恤秋季男装保暖立领长袖T恤运动长袖衫 M145 M,￥538.00
洛克兄弟摩托车头套保暖骑行头套电动车冬季保暖防寒男女面罩围脖护脸防风帽子 黑色,￥35.00
KELME/卡尔美男女防寒保暖围脖足球跑步训练套头青少年多功能防风面罩 K15Z910A荧光橙/黑-成人（双面）,￥43.00
李宁（lining）袜子男女运动袜中筒棉加厚吸汗透气防臭四季跑步篮球袜 灰色三双装283-3,￥31.00
李宁（lining）袜子男女运动袜中筒棉加厚吸汗透气防臭四季跑步篮球袜 白色三双装199-3,￥31.00
阿迪达斯 （adidas）羽毛球包运动双肩包男女通用休闲学生书包健身便携2支装BGAA0055,￥159.00
维动（VEIDOORN） 实战撒野篮球袜子毛巾底高筒运动精英男女中筒高帮长筒加厚防滑 蓝粉【一双装】,￥13.90
利达妮（TZLDN）踩屎感拖鞋男士夏季外穿室内居家厚底浴室防滑防臭运动户外凉拖男 黯日白黑 42-43(标准码),￥19.50
耐克（Nike） 网球鞋费德勒男子air zoom vapor pro网球比赛款专业球鞋 DR6191-103男款 白蓝黑 23温网款 42,￥659.00
李宁棉服男外套短款春秋冬季加厚衣服男棉衣男装连帽棉袄男士 黑色 XL/180  (140-160斤),￥339.00
洛克兄弟（ROCKBROS） 骑行头盔山地公路自行车头盔男女带风镜一体成型炫彩安全帽 钛色 （58-62cm 灰色镜片）,￥118.00
乐扣乐扣（LOCK&LOCK）塑料水杯男士简约水杯女咖啡杯便携随行杯子学生杯带提绳运动水瓶,￥75.00
李宁羊羔绒外套男2023秋冬季反伍新款开衫高领加绒加厚保暖摇粒绒棉服 纯黑色 L/175,￥178.00
安踏【水泥氪星】安踏儿童 儿童篮球鞋男 2022夏季新款网面透气耐磨水 【皮革款】黑/安踏白/朝代紫-3 40/25cm,￥159.00
洛克兄弟（ROCKBROS）骑行短指手套半指健身手套男女自行车户外透气运动春夏季 黑色(SBR+天鹅绒掌垫) L,￥48.00
捷虎泳镜近视高清防雾游泳眼镜潜水防水男女成人平光护目镜,￥29.90
KELME /卡尔美加绒保暖长裤男秋冬足球训练裤加厚运动裤 黑色 L/175,￥163.00
四万公里 游泳包干湿分离健身包女运动包男沙滩包防水包洗漱包 SW7332,￥39.00
海尔斯（HEALTH） 钉鞋田径中短跑跑鞋男女学生专业比赛运动田径钉子鞋181S 181s黄渐紫 42,￥189.00
361°跑步运动套装紧身衣男长袖健身服速干春秋冬季高弹训练裤篮球骑行 加绒紧身衣 XL,￥79.00
佑游 泳裤男士泳裤套装平光近视可选泳镜泳帽套装速干平角游泳衣泳裤 25155仿鲨鱼皮黑色平光 2XL(135斤-155斤),￥59.90
李宁（LI-NING）吾适5S3.0跑步鞋男鞋23新款支撑稳定减震休闲慢跑鞋运动鞋ARST001 标准白-1 42,￥428.00
"线下同款	
安踏（ANTA）男鞋运动鞋冬季一体织网面透气减震轻便跑步鞋男士户外旅游鞋子 【B款】象牙白/冰水绿-1 41(255)",￥239.00
YONEX尤尼克斯羽毛球鞋轻量型动力垫比赛训练男女SHBAX2EX蓝灰43码,￥594.00
"线下同款	
安踏官方儿童运动鞋篮球鞋男童鞋2023年秋冬透气减震中大童跑步鞋球鞋 【水泥氪星】安踏白/黑-2 34(21.5cm)",￥142.00
KAPPA卡帕男鞋运动鞋子男2023复古情侣老爹鞋潮流百搭休闲鞋厚底慢跑鞋 65D安哥拉白 42,￥309.00
乐扣乐扣（LOCK&LOCK）锁扣弹跳运动水杯tritan吸管便携男女塑料杯子680ml橙色ABF867ORG,￥69.00
李宁针织帽男士冬季保暖帽防风防寒运动户外帽子加厚加绒毛线 黑色【防静电/防寒保暖】 均码,￥41.00
李宁（LI-NING） 贴地飞行SE羽毛球鞋男款宽楦设计比赛训练防滑减震运动鞋 AYZS014-标准白/黑 43（9.5）,￥398.00
必迈（bmai）远征者4.0 PLUS专业跑步鞋厚底减震运动鞋网面透气户外运动跑鞋 橄榄色-男 41,￥499.00
川崎（KAWASAKI）羽毛球鞋男女款运动鞋防滑透气舒适耐磨专业训练鞋新款 K-003 白红 42,￥149.00
YONEX尤尼克斯羽毛球鞋轻量型专业比赛动力垫男SHBAZ2MEX 蓝灰 43码,￥985.50
北面（The North Face）抓绒衣男款户外运动保暖防风御寒时尚休闲通勤23秋冬新款|81SE JK3/黑色 XL/180,￥1058.00
"线下同款	
安踏男鞋跑步鞋男2023秋季新软底轻便皮面防水运动鞋慢跑鞋子休闲鞋男 （皮面）黑 40码(美码7)",￥159.00
"线下同款	
安踏男鞋跑步鞋男2023秋季新软底轻便皮面防水运动鞋慢跑鞋子休闲鞋男 （皮面）黑 42码(美码8.5)",￥159.00
卡尔美（KELME）/卡尔美儿童足球鞋碎钉TF魔术贴球鞋防滑透气学生比赛鞋男6893171 宝蓝 33,￥156.00
"爱心东东	
HKBQ篮球服套装男定制篮球衣球服球衣学生篮球训练服比赛队服运动套装 207黑色 2XL(170-175cm)",￥58.00
耐克小李子:NIKE/耐克刺客15ZOOM缓震中端高帮AG短钉MDS成人足球鞋男 DO9343400 42.5（270MM）,￥529.00
必迈（bmai）2023秋冬夹克外套运动裤魔方抓绒衣2件套户外防寒保暖跑步套装 海青蓝【男款两件套】 XL,￥339.00
多威（Do-win）战神3代PRO跑步鞋三代跑鞋男专业马拉松训练鞋男女竞速运动鞋耐磨 黑武士【战神3代 缓震升级】 41码,￥322.00
李宁（LI-NING）泳镜男女专业运动竞技游泳镜电镀膜防雾防水高清游泳镜191-6,￥139.00
,
"线下同款	
安踏运动鞋男鞋秋冬男士软底皮面防泼水跑步鞋减震轻便学生休闲鞋子男 【皮面】5524-1黑 8.5/(42码)",￥179.00
"线下同款	
安踏运动鞋男鞋秋冬季男士皮面防水保暖跑步鞋休闲鞋男户外旅游鞋子 (皮面)黑/象牙白 男40码",￥189.00
"线下同款	
安踏运动鞋男鞋秋冬男士软底皮面防泼水跑步鞋减震轻便学生休闲鞋子男 【网面】5526-1黑 8/(41码)",￥189.00
美津浓（MIZUNO）小李子:美津浓新锐中端袋鼠皮人草成人比赛训练足球鞋男宽脚运动 P1GA219303【AG短钉】 43 （280MM）,￥329.00
李宁羽毛球鞋全能王Ⅴ男女成人儿童同款亲子2023新品耐磨抗扭防滑减震 标准白/浅松绿-2 44,￥196.00
"线下同款	
安踏男鞋皮面运动鞋男秋冬季保暖轻便防滑软底跑步鞋男跑鞋学生鞋子男 【皮面防泼水】黑/大学红-8 41码 (255)",￥189.00
KELME /卡尔美定制足球服男套装比赛透气短袖V领组队服印字印号球衣 白红 XL,￥117.00
"线下同款	
安踏大棉鞋男鞋冬季加绒保暖行者加厚皮面防泼水休闲抗寒雪地靴运动鞋 黑/碳灰-1 11(男45)",￥329.00
李宁运动袜春秋季薄款棉质男士羽毛球袜跑步健身吸汗袜子吸汗透气短袜 黑+深灰+灰（短袜3双装）,￥49.00
KAPPA卡帕男鞋运动鞋子男2023复古情侣老爹鞋潮流百搭休闲鞋厚底慢跑鞋 65D安哥拉白 40,￥309.00
"线下同款	
安踏（ANTA）KT3 Team｜篮球鞋男汤普森秋季透气防滑减震学生运动鞋子官网旗舰 【KT3 TEAM】安踏白/氯蓝-10 42.5(265)",￥239.00
"线下同款	
安踏（ANTA）KT3 Team｜篮球鞋男汤普森秋季透气防滑减震学生运动鞋子官网旗舰 【KT3 TEAM】安踏白/氯蓝-10 43(270)",￥239.00
安踏毒刺4运动鞋男款秋季新款男鞋透气休闲跑鞋网面减震回弹跑步鞋男 【毒刺4】黑/碳灰-1 41码,￥279.00
匹克劳保鞋男女钢包头防砸四季轻便透气防臭减震运动耐磨安全时尚工地 鸽子灰防砸 41,￥199.00
安踏儿童运动鞋男童鞋大童2023年新款密网透气耐磨软弹校园跑鞋 【皮面】黑/蓝/氯蓝5568-8 35码/内长22cm,￥129.00
李宁男鞋红颜跑步鞋新款透气减震轻质跑鞋男士休闲运动鞋 黑/李宁红027 42,￥139.00
李宁棉服外套男秋冬季运动棉袄大衣长款加厚保暖过膝防风连帽训练棉衣 标准黑 XL/180  (140-160斤),￥389.00
KELME /卡尔美运动紧身衣男秋季长袖打底衫透气篮球足球弹力训练健身服 深蓝色3891113(LOGO在左胸) L/175,￥88.00
"线下同款	
安踏男鞋秋季新款运动鞋轻软底透气网面减震防滑皮面防水黑白跑鞋官网 【店长推荐网面】安踏白/黑-4 39码",￥159.00
"线下同款	
安踏男鞋秋季新款运动鞋轻软底透气网面减震防滑皮面防水黑白跑鞋官网 【店长推荐网面】安踏白/黑-4 43码",￥159.00
匡威（Converse）官方 秋季男女经典星星贴片休闲连帽卫衣10025469 10025469-A03 S,￥309.00
TAAN泰昂羽毛球袜男款中帮专业加厚毛巾底运动袜舒适透气棉袜 T513 T513 混色 3双装,￥25.80
QINKUNG轻功 交叠领轻量长袖T恤男款(修身版型) 绛紫 XL,￥199.00
特步男鞋跑步鞋冬季男士缓震皮面保暖防水轻便休闲运动鞋学生老爹鞋子 米黑(皮面) 42码,￥149.00
李宁（LI-NING）火锅羽绒服丨男女23新款冬季保暖宽松立领鸭绒短款防风面包服外套 白灰雪山-7 L,￥598.00
李宁男鞋运动鞋男新款透气跑鞋轻便减震跑步鞋 新基础黑/银色 43,￥149.00
安踏（ANTA）篮球鞋男鞋汤普森外场实战防滑耐磨运动鞋中帮KT球鞋【KT3 team】 安踏白/浅雾灰/泳池蓝-1 42.5(265),￥389.00
安踏四防科技丨羽绒服男冬季新款保暖运动鸭绒防泼水棉服外套面包服 四防科技-黑-立领-7901 XL/180,￥669.00
SULAITE速莱特摩托车护膝护肘机车防摔CE认证护具四季骑行防风膝盖护腿男 冬季加绒长款（护膝一对）,￥88.00
北面（The North Face）加绒裤防风防泼水男户外运动保暖长裤简约百搭23秋冬新款|5AXY JK3/黑色 32（175/82）,￥1098.00
李宁（LI-NING）篮球鞋男轻速1.0支撑稳定比赛鞋ABAS041 荧光绣蓝紫/雪青蓝-4 43,￥438.00
李宁（LI-NING）篮球鞋男轻速1.0支撑稳定比赛鞋ABAS041 新弱粉红/荧光桃粉-2 42,￥438.00
李宁（LI-NING）篮球鞋男轻速1.0支撑稳定比赛鞋ABAS041 荧光绣蓝紫/雪青蓝-4 44,￥438.00
KAPPA卡帕厚底板鞋男鞋2023秋冬新款休闲鞋子男款小白鞋轻便增高运动鞋 鹭羽白 41,￥269.00
"线下同款	
安踏（ANTA）KT3 Team｜篮球鞋男汤普森冬季透气防滑减震学生运动鞋子官网旗舰 【1代】安踏白/氯蓝-10 43(270)",￥319.00
安踏【加绒保暖】行者男鞋棉鞋男冬季加厚皮面高帮防风运动鞋跑步鞋男 【高帮加厚保暖】黑/碳灰-1 43码 9.5,￥299.00
KAPPA卡帕男女鞋老爹鞋女2023秋季新款鞋子女百搭休闲鞋轻便软底运动鞋 韩国白/鲨鱼灰 36,￥359.00
KAPPA卡帕男女鞋老爹鞋女2023秋季新款鞋子女百搭休闲鞋轻便软底运动鞋 韩国白/鲨鱼灰 38,￥359.00
"线下同款	
安踏（ANTA）漫步运动鞋男2023秋季皮面防泼水减震跑步鞋男士户外休闲旅游鞋子 【皮面】象牙白/黑/灰蓝-3 43(270)",￥179.00
李宁（LI-NING）游泳包 干湿分离防水包独立鞋仓超大容量男女运动包健身包沙滩度假游收纳包游泳装备 蓝白45cm*30cm*20cm,￥149.00
卡尔美（KELME）风衣梭织冲锋衣外套男冬季防风防水连帽加绒运动夹克 玛瑙黑 L,￥249.00
北面（The North Face）抓绒衣男户外运动秋冬保暖防风舒适外套上衣可做冲锋衣内胆|88R7 0C5/灰色 XL/180,￥682.00
特步（XTEP） 特步棉服男款2022冬季新款百搭薄棉衣男士防风保暖连帽夹棉外套 奶灰色/军卡其 L,￥269.00
亚瑟士ASICS跑步鞋男鞋缓震回弹耐磨运动鞋舒适透气跑鞋 GEL-CONTEND 7 黑色 42,￥399.00
耐克（NIKE）夹克男装 23秋冬季新款运动服跑步训练连帽上衣舒适开衫休闲外套 010黑色-加绒/晒图返10-元 L/130-150斤,￥359.00
李宁男鞋运动鞋男款新款黑色透气跑步鞋运动休闲鞋 新标准黑039-1 43,￥99.00
亚瑟士ASICS官网旗舰男鞋GEL-FLUX网面跑鞋减震运动鞋透气跑步鞋 黑色/黑色(夜跑款) 42,￥469.00
迈路士（Maleroads）跑步腰包男女7寸运动腰包多功能收银防水大容量收钱休闲工地腰包 【大号】桔色,￥34.00
维动（VEIDOORN） 篮球7号实战蓝球比赛男女生专用耐磨训练室内外蓝球 赛级7号球【粉蓝鸳鸯】超燃手感,￥69.80
安踏（ANTA）冬季新款奥特莱斯GH猛扑2篮球鞋男防滑耐磨外场实战运动鞋 水池蓝/泡沫绿-1 9.5(男43),￥199.00
匹克篮球鞋男2021春夏防滑减震男士运动鞋篮球外场鞋DA061201 黑色/深灰 40,￥141.00
乐扣乐扣（LOCK&LOCK） 茶水分离杯保温杯男士大容量水杯 泡茶杯商务学生车载伴手礼杯子 【升级款带茶隔 440ml】绿色 支持定制,￥79.00
乐扣乐扣（LOCK&LOCK） 茶水分离杯保温杯男士大容量水杯 泡茶杯商务学生车载伴手礼杯子 【升级款带茶隔 440ml】轻奢白 支持定制,￥79.00
洛克兄弟（ROCKBROS） 保暖骑行头套摩托车全脸面罩抓绒防风秋冬季户外围脖男女 追风短款-均码(适用46-64cm头围),￥38.00
KAPPA卡帕男鞋夏季运动鞋子男2023网面透气跑步休闲鞋情侣百搭老爹鞋男 灰色 42,￥319.00
【安踏翎羽】安踏篮球鞋男鞋秋冬季新款网面透气缓震耐磨实战球鞋男运动鞋官网 象牙白/荧光水绿/浅虹粉-5 41(255),￥179.00
安踏板鞋男鞋2023年秋季新款经典小白鞋潮流板鞋防滑运动休闲鞋子男 【低帮板鞋】安踏白/海藻绿-1 42,￥139.00
洛克兄弟保暖摩托车头套抓绒全脸面罩秋冬季户外防风骑行围脖男女 弹力绒加长款-深黑/带眼镜孔,￥38.00
乔丹（QIAODAN）篮球鞋男鞋2023秋季新款破晓1.0球鞋加厚网面低帮男子运动鞋子男 乔丹白/梦幻蓝(破晓) 40,￥279.00
乔丹（QIAODAN）篮球鞋男鞋2023秋季新款破晓1.0球鞋加厚网面低帮男子运动鞋子男 乔丹白/梦幻蓝(破晓) 41,￥279.00
李宁（LI-NING）足球鞋碎钉新款疾影男儿童人造短草地足球运动训练鞋 【碎钉】白橘绿色 34,￥139.00
安踏冬季新款【泡泡弹】篮球鞋男男鞋缓震耐磨实战球鞋运动鞋男官网 浅滩绿/荷莲紫/安踏白-1 42,￥179.00
安踏（ANTA）篮球鞋男鞋汤普森外场实战防滑耐磨运动鞋中帮KT球鞋【KT3 team】 安踏白/浅雾灰/泳池蓝-1 42(260),￥389.00
李宁卫衣男衣服长袖t恤外套男秋冬款运动服饰跑步圆领宽松上衣 白色（加绒款） XL/180,￥129.00
李宁卫衣男衣服长袖t恤外套男秋冬款运动服饰跑步圆领宽松上衣 标准白 L/175,￥109.00
"线下同款	
安踏奥特莱斯进击4代篮球鞋男外场实战球鞋透气缓震运动鞋男官网 -2安踏白/浅滩绿 43码(9.5)",￥169.00
亚瑟士（ASICS）足球鞋ag短钉人草足球鞋专业男鞋运动鞋DS LIGHT 1103A027-110 43.5,￥369.00
安踏（ANTA）霸道篮球鞋男鞋2023秋冬季新款耐磨防侧翻外场实战大码篮球运动鞋 象牙白/落日橙/神秘紫-2 8(男41),￥209.00
李宁（LI-NING） 李宁篮球室外成人儿童小学生幼儿园水泥地街头男女生彩虹色蓝球 7号 蓝黄粉(通用标准),￥73.90
有时光一次性内裤男平角纯棉免洗灭菌旅行出差户外便携独立包装24条XXL,￥168.80
李宁（LI-NING）男鞋篮球鞋2023新款闪击9PRM夏季版防滑耐磨低帮透气实战篮球鞋 023-3 灰蓝【鞋盒加固发货】 43.5,￥292.00
李宁（LI-NING）男鞋篮球鞋2023新款闪击9PRM夏季版防滑耐磨低帮透气实战篮球鞋 023-1 粉白【鞋盒加固发货】 45,￥292.00
李宁羽毛球鞋男女情侣款全能王21v1防滑耐磨透气专业比赛训练鞋男 标准白/黑色 40,￥187.00
酷峰（kufun）新款韩版滑雪服男女加厚保暖防水单双板装备分体滑雪衣裤情侣雪衣 粉紫心套装  M,￥1298.00
NIKE aj1 Low耐克男鞋女鞋air jordan低帮休闲鞋子板鞋潮流运动篮球鞋 DC0774-101黑白熊猫 35.5,￥1108.00
速比涛（Speedo）成人泳镜Edge精工游泳镜高清防水防雾游泳装备男女护目镜 黑色/烟灰色 均码,￥166.00
李宁男鞋运动鞋男新款秋季轻便舒适皮面透气跑步鞋男黑色跑鞋休闲鞋 新标准黑039 43码,￥169.00
KELME /卡尔美紧身裤男篮球训练压缩健身裤足球跑步弹力打底裤 黑色 XL/180,￥126.00
安踏王一博同款奥特莱斯雪饼鞋运动鞋男鞋情侣男女同款低帮休闲鞋 【新雪饼鞋】城堡灰/洲灰/白-2 40码(7),￥164.00
李宁童服装2023秋季新品男女小大童运动生活系列束脚卫裤YKLT339 黑色-1 150,￥128.00
李宁（lining）袜子男女运动袜中筒棉加厚吸汗透气防臭四季跑步篮球袜 黑色三双装283-1,￥31.00
秋新款高尔夫衣服男长袖T恤户外休闲运动Polo衫透气速干免烫上衣 白色 XXL,￥259.00
RYDER CUP莱德杯高尔夫服装男长袖T恤秋季半拉链弹力运动休闲T恤男 白色 S,￥899.00
耐克（NIKE）外套男上衣 23秋冬季新款舒适训练运动服防风衣休闲开衫夹克外套 耐克外套/加绒保暖/黑 L(175/92A),￥359.00
安踏冬季新款【白敬亭同】狂潮4冰淇淋配色氮科技篮球鞋男官网 冰淇淋-8 41,￥319.00
耐克（NIKE）运动鞋男鞋 23秋季新款WINFLO气垫慢跑鞋休闲透气马拉松跑步鞋 WINFLO 9/白灰红 43(内长275mm),￥428.00
洛克兄弟（ROCKBROS） 骑行头盔山地公路自行车头盔男女带风镜一体成型炫彩安全帽 钛色（ 58-62cm 灰色+透明镜片）,￥128.00
李宁（LI-NING）音速9篮球鞋team冰淇淋男鞋中帮透气耐磨缓震篮球实战场地运动鞋 标准白【音速9 tema】 43,￥269.00
李宁 帽子男女同款棒球帽秋冬季新款户外防晒遮阳帽黑白时尚运动帽子 标准黑-【刺绣金logo-男女同款】,￥59.00
"线下同款	
安踏KT3 team｜篮球鞋男秋冬汤普森防滑减震男士户外实战比赛运动鞋子 【空域4】象牙白-3 40(250)",￥339.00
维动（VEIDOORN）皮卡丘款实战专业篮球袜毛巾底高筒运动精英男中筒高帮长筒 皮卡丘篮球袜（白黄）一双装 均码,￥15.80
李宁羽毛球鞋全能王Ⅴ男女成人儿童同款亲子2023新品耐磨抗扭防滑减震 标准白/浅松绿-2 45,￥196.00
安踏冬季新款【泡泡弹】篮球鞋男男鞋缓震耐磨实战球鞋运动鞋男官网 安踏白/荧光水绿/浅虹粉-5 40,￥179.00
亚瑟士ASICS跑步鞋男鞋缓震舒适回弹运动鞋网面透气跑鞋 GEL-CONTEND 7 白色 42,￥399.00
川崎2023新品冰川羽毛球拍 全碳素纤维5U超轻男女专业比赛训练单拍 冰川蓝【5U G6】冰蓝线 成品拍(备注磅数),￥219.00
李宁棉服男短款连帽棉衣秋冬季潮流加厚外套男士衣服秋冬装男装 黑色 L/175  (130-139斤),￥339.00
安踏（ANTA）【迪温琴佐同款】瞬息1代｜氮科技篮球鞋男防滑耐磨实战运动鞋子 纽约掠影-1 9(男42.5),￥699.00
RYDER CUP莱德杯高尔夫服装男新品高尔夫马甲秋季保暖摇粒绒运动背心男新品 藏蓝 S,￥979.00
"线下同款	
安踏（ANTA）KT篮球鞋垫缓震抗扭鞋垫男运动减震透气高弹软底运动鞋垫官网 黑色-1 43/270",￥35.00
李宁童装加绒保暖卫衣男小大童秋冬新款运动生活系列套头上衣YWDT467 【加绒】黑色-1 170,￥138.00
安踏冬季新款奥特莱斯【横扫4】篮球鞋男室内外实战运动鞋男 安踏白/荧光浅草绿-1 42,￥179.00
安踏（ANTA）三防羽绒服中长款外套男女同款冬季保暖休闲棉服 基础黑-2 M/男170,￥1059.00
"线下同款	
安踏男训练鞋2023秋季新款防滑跑步鞋室内健步鞋男运动鞋透气跑鞋官网 【软弹二代】黑/象牙白-5 42码",￥168.00
"线下同款	
安踏男训练鞋2023秋季新款防滑跑步鞋室内健步鞋男运动鞋透气跑鞋官网 【软弹二代】黑/象牙白-5 40.5码",￥168.00
耐克（NIKE）卫衣男装2023新品运动休闲服健身保暖训练透气长袖圆领卫衣套头衫 经典黑白毛圈/宽松舒适/偏大 XL(180/96A),￥239.00
李宁（LI-NING）篮球鞋男暴风2022V2 减震回弹实战运动篮球鞋 ABFS009-4白色 43,￥249.00
安踏男鞋运动鞋男秋冬缓震软底网面透气轻便跑步鞋学生休闲户外鞋子男 【轻质皮面】白/灰-4 8/41,￥189.00
KELME /卡尔美儿童运动棉马甲男女童秋冬新款加厚保暖足球青训训练背心外套8161MJ3001 黑色 140,￥216.00
"线下同款	
安踏（ANTA）漫步运动鞋男2023秋季皮面防泼水减震跑步鞋男士户外休闲旅游鞋子 【皮网】象牙白/黑/灰蓝-1 42(260)",￥179.00
"线下同款	
安踏（ANTA）漫步运动鞋男2023秋季皮面防泼水减震跑步鞋男士户外休闲旅游鞋子 【皮面】象牙白/沙暴灰/雾灰-6 42(260)",￥179.00
李宁羽毛球鞋刀锋lite变色龙6lite男女同款情侣专业比赛缓震羽毛球鞋 AYTS012低配版  变色龙6代lite 43,￥252.00
李宁（LI-NING） 羽毛球拍雷霆双拍男女学生羽拍成人青少年娱乐型训练耐打对拍 双拍 蓝绿+白青+3只球+2只手胶,￥169.00
KELME /卡尔美秋冬运动棉服男运动户外加厚保暖棉衣时尚防寒防风棉袄 3891417黑色 L,￥321.00
"线下同款	
安踏漫步系列防泼水跑步鞋男秋冬季新款皮网透气绵绵弹软底回弹运动鞋 【皮面】象牙白/黑/灰雾蓝-3 41码",￥179.00
耐克（NIKE）裤子男 23秋冬新款直筒运动裤休闲跑步训练舒适保暖宽松长裤男裤 宽松直筒百搭/主推/加厚款 L(175/80A),￥269.00
NIKE aj1 Low耐克男鞋女鞋air jordan低帮休闲鞋子板鞋潮流运动篮球鞋 DC0774-101黑白熊猫 39,￥1128.00
乒乓球运动背包拍套拍包多功能便携式大容量双层包训练包教练包男女通用耐磨防水斜挎包 TH200蓝色 送纯棉袜一双,￥189.00
361°游泳浴袍运动速干男女舒适吸水快干浴巾便携斗篷沙滩巾游泳装备 藏青色 均码,￥99.90
YONEX 尤尼克斯羽毛球鞋65Z75周年系列yy男女款透气减震纪念款小白鞋白色运动鞋 SHB65ZMAEX 白色 75周年 男款 42码=270mm,￥1000.00
安踏男童鞋子秋冬新款儿童运动鞋男女童鞋3-6岁小童舒适透气休闲鞋跑 【男款】新墨水蓝/黑-4 31/19.5cm,￥129.00
亚瑟士（asics）羽毛球鞋稳定缓震耐磨男款BLAST FF3 1071A076-400 40.5,￥622.20
李宁（LI-NING）篮球鞋男鞋音速9 Team中帮篮球场地鞋ABPR017\ABAS107 标准白/桃木粉/纯净蓝(107款)-1 43,￥388.00
匹克篮球鞋男2021春夏防滑减震男士运动鞋篮球外场鞋DA061201 黑色/深灰 42,￥141.00
kawasaki/川崎运动休闲短袖T恤男子速干吸湿排汗运动服训练系列圆领上衣健身服 ST-K3043 深蓝 XL,￥69.00
李宁（LI-NING）篮球鞋男款闪击Team团队版低帮耐磨减震回弹比赛战靴 乳白色/冷檀黑 43,￥239.00
安踏篮球灵丹篮球男子7号标准成人篮球学生训练比赛球室内外通用球,￥139.90
安踏冬季新款【白敬亭同】狂潮4冰淇淋配色氮科技篮球鞋男官网 冰淇淋-8 40,￥319.00
KELME /卡尔美春秋运动长裤男休闲纯色针织卫裤跑步训练运动裤 黑色【印花LOGO】 L/175,￥96.00
"线下同款	
安踏（ANTA）狂潮5Team篮球鞋男冬季水泥克星稳定支撑低帮运动鞋 疯人院-5 6.5(男39)",￥389.00
安踏安踏奥特莱斯水泥泡泡2篮球鞋男款实战球鞋低帮耐磨透气运动 -3象牙白/阳光黄 43,￥129.00
耐克（NIKE）Air Jordan Legacy 312 男子缓震耐磨复古气垫运动篮球鞋 FB1875-141 41,￥779.00
李宁（LI-NING）驭帅15丨男鞋篮球鞋男减震回弹中帮篮球比赛鞋运动鞋ABAR043 标准白-1 41,￥388.00
匹克男鞋态极科技大三角篮球鞋情侣款球鞋缓震耐磨专业实战运动鞋女鞋 珍珠(ET24977A) 40,￥409.00
安踏【见山2代】篮球鞋男新KT汤普森实战低帮球鞋透气112221601 安踏白/清泉蓝-1 43码,￥185.00
安踏【轻骑兵7代】奥特莱斯篮球鞋男KT汤普森低帮实战运动鞋官网 象牙白/光蓝色/亮紫色-2 44码,￥129.00
酷峰（kufun） 单板双板滑雪服户外韩版情侣防水防风加厚上衣男女衣裤套装 黑色衣裤套装 M码,￥1298.00
"线下同款	
安踏（ANTA）男鞋运动鞋跑步鞋冬季网面透气鞋子男户外软底旅游鞋男士休闲鞋 【A款】全黑-5 8.5(42)",￥189.00
ADIDASadidas阿迪达斯CourtJam Control M男子舒适实战运动网球鞋GW2984 GW2984 42,￥338.00
安踏（ANTA）三分雨-暗焰｜篮球鞋男弦科技透气耐磨外场水泥克星低帮运动鞋子 暗焰-1 9.5(男43),￥499.00
QINKUNG轻功 交叠领轻量长袖T恤男款(修身版型) 长春花蓝 L,￥199.00
维动实战专业休闲袜子毛巾底高筒运动精英男女高帮长筒儿童学生跑步 白色（四双装） L(35-45码 ),￥29.90
"线下同款	
安踏男鞋秋冬季运动鞋超轻软底透气黑白网面减震防滑皮面防水跑步鞋 纯黑色(皮面)-10 41码",￥189.00
361°运动长裤男秋冬季新款休闲束脚加绒保暖运动裤透气简约男装长裤 超级黑【店长推荐】 L,￥79.00
安踏冬季新款【泡泡弹】篮球鞋男男鞋缓震耐磨实战球鞋运动鞋男官网 安踏白/荧光水绿/浅虹粉-5 42,￥179.00
匡威（Converse）官方 男星星Logo拉链立领卫衣运动套头衫10025910 10025910-A03 S,￥339.00
必迈（bmai）2023新款魔方长袖高弹力马拉松速干跑步运动套头衫柔软吸湿T恤 凝夜紫【男】 L,￥99.00
安踏（ANTA）连帽卫衣男秋冬季大潮流百搭套头衫宽松运动休闲长袖上衣男士 基础黑-3 M/170,￥149.00
"线下同款	
安踏男鞋运动鞋冬季保暖软底轻便皮网面男士跑步鞋学生运动休闲鞋鞋子 (皮面)黑色-4 8(41)",￥189.00
乐扣乐扣（LOCK&LOCK）彩蛋杯 吸管运动水杯Tritan便携大容量男女塑料杯子760ML 蓝色,￥79.00
KELME/卡尔美运动双肩包男女学生书包足球训练背包 黑/荧光绿 均码,￥201.00
"线下同款	
安踏冬季新款奥特莱斯【异形3 SE】篮球鞋男外场实战球鞋运动鞋男 安踏白/浅滩绿/阳光黄-2 42",￥199.00
李宁（LI-NING） 羽毛球鞋男女防滑减震专业比赛运动鞋贴地飞行乒乓球鞋网球鞋 标准白(宽楦) 41,￥319.00
卡特兔秋冬新款运动鞋透气防滑耐磨跑步鞋男女童足球鞋白鞋X3CF011 白蓝红 内长15.5cm 25码 适合脚长14.5cm,￥339.90
安踏儿童运动鞋男童鞋大童2023年新款密网透气耐磨软弹校园跑鞋 【皮面】黑/蓝/氯蓝5568-8 33码/内长约20.5cm,￥129.00
洛克兄弟（ROCKBROS） 骑行头盔山地公路自行车头盔男女带风镜一体成型炫彩安全帽 钛色（加大尺码58-65cm 灰色镜片）,￥138.00
"线下同款	
安踏（ANTA）狂潮5Team篮球鞋男冬季水泥克星稳定支撑低帮运动鞋 疯人院-5 9.5(男43)",￥389.00
【安踏翎羽】安踏篮球鞋男鞋秋冬季新款网面透气缓震耐磨实战球鞋男运动鞋官网 象牙白/荧光水绿/浅虹粉-5 42(260),￥179.00
"线下同款	
安踏男鞋跑步鞋男2023秋季新软底轻便皮面防水运动鞋慢跑鞋子休闲鞋男 （皮面）黑 42.5码(美码9)",￥159.00
必迈软壳衣裤抓绒保暖开衫魔方夹克外套户外服装跑步登山马拉松训练服 浅云白/花灰【男】 M,￥329.00
安踏水泥泡泡篮球鞋夏季新品外场实战低帮透气缓震耐磨网面球鞋男鞋子官网912121608S 象牙白/瀑布蓝-3 45码(11),￥119.00
安踏KT-FLY篮球鞋男鞋秋冬外场训练鞋轻便透气缓震耐磨运动鞋球鞋 安踏白/淡钢蓝-1 8(男41),￥309.00
李宁羊羔绒外套男2023秋冬季反伍新款开衫高领加绒加厚保暖摇粒绒棉服 纯黑色 3XL/190,￥178.00
HONMA【活力系列】男士长裤2023秋季运动专业高尔夫运动休闲长裤 浅灰 S,￥1012.00
安踏男鞋运动鞋冬季轻便防泼水黑色皮面跑步鞋男士休闲旅游耐磨鞋子 【防泼水皮面】-14基础黑 42码 /美码8.5,￥189.00
匡威（Converse）官方 GO 2男女编织花卉双肩包复古背包10025826 10025826-A01 均码,￥309.00
YONEX尤尼克斯羽毛球鞋男女款减震动力垫运动鞋SHB39 白红 40,￥358.00
李宁羽毛球鞋男子减震耐磨防滑训练运动鞋男全能王 AYTS038 标准白/黑色 42,￥187.00
川崎2023新品冰川羽毛球拍 全碳素纤维5U超轻男女专业比赛训练单拍 冰川紫【5U G6】粉色线 成品拍(备注磅数),￥219.00
川崎2023新品冰川羽毛球拍 全碳素纤维5U超轻男女专业比赛训练单拍 冰川紫【5U G6】紫色线 成品拍(备注磅数),￥219.00
EUROPEAN TOUR欧巡赛高尔夫服装男长袖T恤秋季弹力运动T恤保暖翻领POLO衫新 黑色 L,￥819.00
安踏（ANTA）海沃德GH4丨篮球鞋男2023冬季新款氮科技减震防滑防侧翻运动鞋子 极昼白-4 8.5(男42),￥699.00
KAPPA卡帕厚底板鞋男鞋2023秋冬新款休闲鞋子男款小白鞋轻便增高运动鞋 黑色 41,￥269.00
KAPPA卡帕厚底板鞋男鞋2023秋冬新款休闲鞋子男款小白鞋轻便增高运动鞋 鹭羽白 42,￥269.00
"线下同款	
安踏男鞋跑步鞋男秋冬轻便运动鞋防滑耐磨软底休闲鞋子男 安踏白/淡灰5515-4 7(男40)",￥189.00
匹克篮球鞋男2021春夏防滑减震男士运动鞋篮球外场鞋DA061201 黑色/深灰 43,￥141.00
特步男鞋板鞋秋冬季舒适低帮休闲运动鞋韩版潮流时尚轻便鞋子男士 帆白/黑 42码,￥109.00
安踏官方儿童运动鞋男童鞋2023年秋冬款商场同款中大童气垫缓震跑步鞋 【推荐-蓄力胶囊】安黑/荧光绿-6 34(21.5cm),￥254.00
安踏（ANTA）KT3 team｜篮球鞋男秋冬汤普森防滑减震男士户外实战比赛运动鞋子 【升级皮面】瀑布蓝/迷雾蓝-3 40(内长25cm),￥389.00
YONEX尤尼克斯儿童羽毛球鞋101JR男女青少年yy减震训练魔术贴比赛球鞋 SHB101JR 白蓝 防滑耐磨   36=22CM 推荐选大两码,￥200.00
阿迪达斯 （adidas）官方羽绒服男装 新款加厚保暖连帽防风运动服户外潮流宽松外套 【2023冬款】【推荐拍大一码】 L【175-180cm/150-160斤】,￥919.00
耐克（NIKE）Air Jordan Legacy 312 男子缓震耐磨复古气垫运动篮球鞋 AV3922-126 41,￥689.00
李宁（LI-NING）驭帅15丨男鞋篮球鞋男减震回弹中帮篮球比赛鞋运动鞋ABAR043 标准白-1 43,￥388.00
"线下同款	
安踏奥特莱斯氢跑鞋4男鞋运动鞋氢科技跑步鞋男网面透气情侣款官网 炫彩蓝/象牙白-1 40码(7)",￥169.00
李宁运动裤男2023秋冬新款加绒宽松直筒卫裤加厚休闲大码长裤子 黑色-垂感直筒 XXL/185,￥89.00
李宁（LI-NING）运动裤男春秋季休闲卫裤跑步针织棉质收口训练男士裤子可定制 黑色 L/175,￥105.00
安踏（ANTA）篮球鞋男鞋汤普森外场实战防滑耐磨运动鞋中帮KT球鞋【KT3 team】 瀑布蓝/迷雾蓝-3 41(255),￥389.00
安踏（ANTA）冬季新款白敬亭同款KT7氮科技弦科技篮球鞋男防滑耐磨减震运动鞋 【水泥泡泡3】果冻上篮-1 42码(8.5),￥214.00
YONEX尤尼克斯羽毛球包yy多功能大容量休闲背包手提包男女运动双肩背包 249CR 天蓝【双肩包】独立鞋仓,￥338.00
李宁（LI-NING）篮球鞋男轻速1.0支撑稳定比赛鞋ABAS041 新弱粉红/荧光桃粉-2 43,￥438.00
"线下同款	
安踏加绒运动裤男裤冬季加厚保暖针织休闲裤直筒卫裤收口束脚长裤男 【加绒】灰色logo直筒款 L/175",￥139.00
"线下同款	
安踏（ANTA）KT1 pro｜氮科技篮球鞋男冬季kt汤普森男士实战外场运动鞋子 LA-2 42",￥499.00
瑞尔士（WRELS） 保暖耳罩运动护耳户外女男冬季发带吸汗防风护额头带骑行跑步头套 黑色防风款 (防风保暖款),￥29.00
"爱心东东	
李宁（LI-NING） 新款羽毛球包手提双肩背包大容量男女多功能羽毛球包运动网球包 ABJT011-3白绿6支装（有鞋仓）",￥349.00
KELME/卡尔美 套头衫男2023秋季新款足球训练服跑步卫衣半拉链夹棉上衣 深蓝 L,￥149.00
KELME/卡尔美 套头衫男2023秋季新款足球训练服跑步卫衣半拉链夹棉上衣 湖蓝 L,￥149.00
李宁韦德全城11 V2丨男子2023新款轻量高回弹篮球专业比赛鞋ABAT053 标准白/净空蓝-4 44,￥678.00
KELME /卡尔美足球收腿裤球员版男士运动训练修身长裤男K15Z403 藏青色 L/175,￥126.00
李宁驭帅14篮球鞋男鞋球鞋水泥地耐磨减震运动鞋 纯净蓝027-5 43.5,￥259.00
Adidas阿迪达斯 adidas运动鞋男鞋新款舒适篮球鞋轻便透气休闲鞋H00469 H00469 42,￥189.00
阿迪达斯（adidas）棉服男子新款秋冬季棉衣运动防风保暖抗冻时尚足球体育生训练棉袄 蓝色CV3747 L,￥349.00
洛克兄弟保暖摩托车面罩抓绒防寒骑行围脖男女户外防风护脸秋冬季 加绒面罩-短款黑,￥28.00
安踏冬季新款狂潮5凯里·欧文同款篮球鞋男实战氮科技水泥克星运动鞋 分裂/绿-3 9.5(男43),￥559.00
匹克篮球鞋男2021春夏防滑减震男士运动鞋篮球外场鞋DA061201 黑色/深灰 41,￥141.00
361°AG3篮球鞋男鞋2023秋季新款透气减震耐磨运动鞋轻便实战球鞋战靴 夜练 44码,￥369.00
李宁短款短羽绒服男士2023新款健身系列冬季立领男装保暖运动服 标准黑 L/175,￥529.00
李宁（LI-NING）篮球鞋男轻速1.0支撑稳定比赛鞋ABAS041 新弱粉红/荧光桃粉-2 40,￥438.00
361°男鞋运动鞋子男跑步鞋男皮面防水休闲跑鞋学生户外运动百搭健身 曜石黑/度白【店长推荐】 42,￥128.00
"线下同款	
安踏加绒运动裤男裤冬季加厚保暖针织休闲裤直筒卫裤收口束脚长裤男 【加绒】黑色白logo收口款 XL/180",￥149.00
初医生一次性袜子男女款通用纯棉日抛旅游旅行用品压缩袜男士中筒透气款 中筒白色【5双装】男女通用,￥12.80
李宁（LI-NING）驭帅15 V2丨男鞋篮球鞋男beng科技篮球比赛鞋运动鞋子ABAS007 淡奶紫/海雾紫-2 45,￥338.00
NIKENIKE耐克 Dunk男女同款潮流复古舒适高帮运动休闲板鞋 DQ8799-100 DQ8799-100 42.5,￥319.00
kawasaki川崎羽毛球服运动服男款背心夏装圆领背心速干T恤1070白色2XL,￥99.00
KELME /卡尔美运动户外风雨衣男户外跑步训练外套学生休闲风衣团购 薄荷绿 L,￥246.00
塔斯队长（TOSUOD）自行车骑行头盔一体成型空气动力安全帽男女通勤山地公路车单车 奶茶色 L码（头围：58-62cm）,￥138.00
洛克兄弟（ROCKBROS）自行车束裤带公路夜骑绑腿带夜跑安全户外扎捆手臂带男女 咕呱束裤带（单个）,￥15.80
北面（The North Face） 遮阳帽男女通用户外运动休闲透气22秋季上新|5FXL JK3/黑色 OS/均码/帽围57.8cm,￥198.00
VICTOR威克多胜利羽毛球鞋男女款9200TD防滑超轻透气专业训练维克多巭 P9200TD 亮白深青玉灰 42,￥388.00
"线下同款	
安踏运动鞋男鞋秋冬季男士百搭休闲鞋旅游鞋皮面防泼水复古老爹鞋子男 【网面】白/绿-22 8.5/42",￥179.00
耐克（NIKE）板鞋男鞋 2023冬季新款低帮简版空军一号舒适白色轻便运动休闲鞋 简版空军/白棕 42码 (内长265mm),￥519.00
川崎（KAWASAKI）2023极光7羽毛球拍 1973冰川全碳素纤维超轻男女专业比赛训练拍 极光7-粉蓝色【粉色线】 成品拍(备注磅数),￥210.00
匹克态极2.0光轮运动鞋 太极新品秋季跑步鞋 轻便休闲鞋情侣鞋跑鞋 大白/湖人紫(男款) 42,￥209.00
川崎（KAWASAKI）川崎春季新款专业羽毛球服运动T恤 男女款排汗速干透气休闲衫 男款V领短袖T恤 A1942-1 木精蓝 XL,￥129.00
"摩腾（MOLTEN） 摩腾官方篮球成人7号6号FIBA专业室内比赛用球5000 B7G5000-E2G男篮锦标赛款,礼盒装",￥859.00
asics亚瑟士跑步鞋男鞋耐磨缓震运动鞋GEL-VENTURE 8透气越野跑鞋官网 黑色/红色 42,￥439.00
