﻿Column1,Column2
Name,Price
宏碁(acer) 键盘 有线键盘 办公键盘 笔记本键盘 电脑键盘 防泼溅 经典手感 K-212B,￥19.90
飞利浦(PHILIPS) SPK6234有线键盘 商务办公键盘 笔记本电脑台式机外接键盘 USB键盘 全尺寸 黑色,￥29.90
戴尔（DELL）KB216 键盘 有线  多媒体键盘 办公键盘 全尺寸键盘  即插即用  键盘（黑色）,￥39.50
AOC 真机械手感键盘鼠标套装静音有线游戏背光发光台式电脑外设笔记本办公lol吃鸡网吧电竞薄膜键鼠 KB121黑色(彩光版),￥37.00
达尔优（dareu）EK815机械合金版 机械键盘 有线键盘 游戏键盘 108键单光 男生女生 电脑键盘  白色蓝色 青轴,￥139.00
"京品数码	
雷柏（Rapoo） V500PRO 有线背光机械键盘 104键全尺寸游戏电竞笔记本电脑多媒体办公吃鸡全键无冲键盘 黑轴",￥119.00
前行者GX30Z真机械手感游戏键盘鼠标套装有线静音薄膜键鼠台式电脑网吧笔记本办公背光USB外接外设 黑色彩虹背光单键盘【加厚升级版】,￥39.45
雷柏（Rapoo） V500PRO单光版 有线背光机械键盘 104键全尺寸游戏电竞笔记本电脑办公吃鸡全键无冲键盘 茶轴,￥119.00
狼途（LANGTU）GK65无线三模游戏机械键盘笔记本电脑电竞办公有线 厂润金轴 奶白,￥98.90
联想（Lenovo）无线键盘鼠标套装 键鼠套装 全尺寸键盘 商务办公 MK23Lite,￥59.90
优派（ViewSonic） KU350有线发光键盘 104键 发光键盘 游戏背光 黑色,￥25.90
狼蛛（AULA）T101真机械手感键盘鼠标套装 有线键鼠套装 游戏办公电脑键盘 冰蓝光 吃鸡套装 金属面板 黑,￥79.00
AOC 真机械手感键盘鼠标套装静音有线游戏背光发光台式电脑外设笔记本办公lol吃鸡网吧电竞薄膜键鼠 KB121白色(彩光版),￥37.00
罗技（Logitech）K120 键盘 有线键盘 办公键盘 全尺寸 黑色U口,￥55.00
达尔优（dareu）EK75系列 75%配列有线/无线/蓝牙三模客制化机械键盘板簧gasket结构侧刻键帽白烟青-天空轴V3,￥259.00
机械革命 耀·K330机械键盘 有线键盘 游戏键盘 金属面板104键混彩背光键盘 全键无冲 电脑键盘 蓝白色 青轴,￥108.00
"京品数码	
雷柏（Rapoo） V500PRO 有线背光机械键盘 104键全尺寸游戏电竞笔记本电脑多媒体办公吃鸡全键无冲键盘 青轴",￥99.00
飞利浦（PHILIPS） 键盘鼠标套装有线USB笔记本外接电脑台式游戏家用办公专用打字防水键鼠 SPK6234黑色单键盘,￥19.40
狼蛛（AULA）F3010机械手感键盘 游戏键盘 有线键盘 背光发光台式电脑笔记本网吧外设吃鸡 冰蓝光 灰色,￥59.00
狼途（LANGTU）GK102星海三模机械键盘  游戏键盘 102键混光背光键盘 游戏办公吃鸡键盘 金轴,￥159.00
京东京造 J104有线gasket机械键盘 104键背光茶轴有线机械合金键盘 键盘机械 游戏办公键盘 海盐芝士,￥149.00
"京品数码	
雷柏（Rapoo） V500PRO 有线背光机械键盘 104键全尺寸游戏电竞笔记本电脑多媒体办公吃鸡全键无冲键盘 茶轴",￥119.00
联想（Lenovo）异能者 有线键盘 K201  键盘 有线 商务办公键盘 全尺寸键盘 即插即用 键盘（黑色）,￥26.40
ROG 游侠2 RX PBT版 机械键盘 有线游戏键盘 RX红轴 RGB背光 键线分离  防水防尘键盘104键 黑色,￥799.00
联想（lenovo）键盘 有线键盘 K4800S 电脑办公键盘 笔记本键盘黑色,￥32.60
瓦尔基里(VALKYRIE）VK87-Loki 客制化机械键盘 三模2.4G/有线/蓝牙 热插拔 gasket结构 五面热升华 洛基轴,￥299.00
双飞燕（A4TECH)KB-8U 键盘有线 薄膜办公打字用键盘笔记本外接台式电脑通用键盘104键 USB接口 黑色,￥45.00
罗技（Logitech）MK220 键鼠套装 无线键鼠套装 办公键鼠套装  多媒体键鼠套装 带无线2.4G接收器 黑色,￥79.00
VGN S99 游戏动力 三模连接 客制化键盘 机械键盘 单键开槽 全键热插拔 gasket结构 S99 阿尼亚轴 远山蓝,￥399.00
ROG夜魔机械键盘  无线/蓝牙三模游戏键盘75配列 NX雪武白轴 RGB 热插拔客制化 Gasket结构 OLED屏 月耀白,￥1899.00
雷神（ThundeRobot）有线游戏机械键盘KG3089R红轴 幻彩版 电竞89键全键无冲 炫酷混光L型RGB灯带 办公吃鸡,￥98.00
达尔优（dareu）EK815机械合金版机械键盘 有线键盘  电竞游戏键盘 多键无冲108键单光 女生 白色蓝色 茶轴,￥139.00
银雕(YINDIAO) K500键盘彩包升级版 机械手感 游戏背光电竞办公 USB外接键盘 全尺寸 白蓝双拼混光有线键盘,￥36.90
惠普（HP） 键盘真机械手感有线键鼠套装鼠标电竞游戏背光吃鸡笔记本台式电脑外设办公朋克网吧三件套 黑色彩光单键盘【金属面板】,￥56.00
飞利浦(PHILIPS) SPK6254 键盘 有线商务办公防溅水低音按键台式电脑笔记本男女生通用键盘 黑色,￥20.90
宏碁（acer）键盘 键鼠套装 有线游戏背光发光机械手感键盘鼠标 台式电脑笔记本网吧电竞薄膜键鼠 黑色升级版,￥49.90
罗技（Logitech）K270 键盘 无线键盘 办公键盘 优联 笔记本键盘 全尺寸 黑色,￥89.00
"京品数码	
雷柏（Rapoo） V500PRO 有线背光机械键盘 104键全尺寸游戏电竞笔记本电脑多媒体办公吃鸡全键无冲键盘 红轴",￥119.00
飞利浦（PHILIPS）SPT6103无线键盘鼠标套装 键鼠套装 防溅洒设计 商务办公家用键盘 笔记本电脑通用 白色,￥68.90
罗技（Logitech）K845 机械键盘 有线键盘 游戏办公键盘 104键 全尺寸 单光 黑色 TTC轴 茶轴,￥269.00
狼途（LANGTU）GK65无线三模游戏机械键盘笔记本电脑电竞办公有线 厂润银轴 奶白,￥99.00
达尔优（dareu）EK815机械合金版机械键盘 有线键盘 电竞游戏键盘 多键无冲108键单光 女生  白色蓝色 红轴,￥136.00
优派（ViewSonic）CU3500有线机械手感键盘 键鼠套装游戏键盘发光键盘电竞薄膜键盘鼠标套装优派键盘,￥35.90
狼蛛（AULA）F75客制化机械键盘gasket结构全键热插拔无线三模蓝牙电竞游戏办公 冰川蓝  收割者轴,￥299.00
狼蛛（AULA）F75客制化机械键盘gasket结构全键热插拔无线三模蓝牙电竞游戏办公 雪杉绿  收割者轴,￥299.00
银雕(YINDIAO) K500键盘彩包升级版 机械手感 游戏背光电竞办公 USB外接键盘 全尺寸 黑色混光有线键盘,￥37.90
京东京造 JZ990蓝牙三模客制化机械键盘 99键背光Gasket Pro热插拔 佳达隆G茶pro3.0 茶轴无线键盘,￥399.00
瓦尔基里(VALKYRIE）VK87-Merlin 客制化机械键盘 三模2.4G/有线/蓝牙 热插拔 gasket结构 五面热升华 梅林轴,￥299.00
双飞燕（A4TECH）WKM-1000 键鼠套装有线 办公台式电脑笔记本外接键盘鼠标套装有线 黑色,￥57.50
机械革命 耀·K330机械键盘 有线键盘 游戏键盘 金属面板104键混彩背光键盘 全键无冲 电脑键盘 白蓝色 茶轴,￥139.00
达尔优（dareu）EK815机械合金版机械键盘 有线电竞游戏键盘 87键多键无冲 笔记本电脑键盘 白蓝茶轴,￥119.00
狼途（LANGTU）GK65无线三模游戏机械键盘笔记本电脑电竞办公有线 厂润金轴 天蓝,￥98.90
前行者（EWEADN）TK100朋克机械键盘电竞游戏有线台式电脑笔记本外接办公打字复古外设吃鸡 黑色白光黑轴,￥128.90
狼蛛（AULA）F87客制化机械键盘全键热插拔gasket结构三模无线蓝牙电竞游戏办公键盘 F87 乌野橘光 太空金轴,￥169.00
狼蛛（AULA）F87客制化机械键盘全键热插拔gasket结构三模无线蓝牙电竞游戏办公键盘 F87 Pro 星际迷航 灰木轴V4,￥219.00
优派（ViewSonic） KU254有线办公键盘 104键 薄膜键盘 防泼溅 黑色,￥18.90
罗技（Logitech）K580 键盘 蓝牙键盘 办公键盘 便携超薄键盘 笔记本键盘 平板键盘 芍药白,￥229.00
VGN V87/V87PRO 三模连接 客制化机械键盘 IP联名款 gasket结构 全键热插拔 V87PRO 阿尼亚轴 雅典娜,￥319.00
联想（Lenovo）异能者无线键盘鼠标套装 键鼠套装 商务办公鼠标键盘套装 多媒体电脑笔记本键盘KN301,￥58.90
VGN V98Pro 游戏动力 客制化键盘 机械键盘 电竞 办公 全键热插拔 三模 gasket结构 V98Pro 极地狐轴 限定款,￥439.00
VGN S99 游戏动力 三模连接 客制化键盘 机械键盘 单键开槽 全键热插拔 gasket结构 S99 极光冰淇淋轴 远山蓝,￥499.00
VGN V98PRO-V2 游戏动力 客制化机械键盘 电竞办公 三模连接 热插拔  gasket结构 V98Pro V2 极地狐轴 限定款,￥439.00
雷神（ThundeRobot）有线游戏机械键盘KG3089C青轴 幻彩版 电竞89键全键无冲 炫酷混光L型RGB灯带 办公吃鸡,￥98.00
小米有线机械键盘红轴  104全键紧凑布局设计26键无冲 6种背光模式 游戏电竞办公mac笔记本电脑通用,￥129.00
联想（Lenovo）异能者 机械键盘 三模无线蓝牙游戏键盘 gasket结构 单色混光 有线电脑机械键盘 GK501 白灰色,￥199.00
樱桃（CHERRY）DW2300 键鼠套装 键盘鼠标 无线键鼠套装 电脑无线键盘 商务办公家用 全尺寸简洁轻薄 复古白,￥98.00
RK98机械键盘无线2.4G有线蓝牙三模键盘笔记本家用办公台式机游戏键盘100键98配列RGB背光白色茶轴,￥209.00
罗技（Logitech）K380 键盘 蓝牙办公键盘 女友 便携超薄键盘 笔记本键盘 芍药白,￥149.00
航世（BOW）G88U 有线机械键盘 电竞游戏客制化热插拔机械键盘 办公家用混彩背光键盘 白绿茶轴,￥118.00
小米无线键鼠套装2 轻薄便携 全尺寸104键键盘鼠标套装 2.4G无线传输 电脑笔记本办公套装 键鼠套装,￥89.00
宏碁(Acer) 键盘 键鼠套装 有线键盘鼠标套装 办公鼠标键盘 防泼洒 USB笔记本台式机通用 OAK-030,￥29.90
罗技（Logitech）K380 键盘 蓝牙办公键盘 女友 便携超薄键盘 笔记本键盘 茱萸粉,￥169.00
狼蛛（AULA）F87客制化机械键盘全键热插拔gasket结构三模无线蓝牙电竞游戏办公键盘 F87 Pro 旷野绿洲 灰木轴V4,￥219.00
VGN N75/N75PRO 游戏动力 客制化键盘 机械键盘 单模/三模 gasket结构全键热插拔 N75Pro 蒸汽波轴 果冻橙,￥209.00
雷柏（Rapoo） X260S 键鼠套装 无线键鼠套装 办公键盘鼠标套装 电脑键盘 笔记本键盘 粉色,￥89.00
狼途（LANGTU）GK85星海三模热插拔游戏机械键盘 有线无线蓝牙 游戏办公键盘 金轴,￥139.90
前行者V1蓝牙无线键盘鼠标套装机械手感静音男女生办公高颜值键鼠便携笔记本台式电脑平板iPad手机通用 奶油灰-键盘【无线2.4G/蓝牙5.0双模】,￥98.00
狼蛛（AULA）F87客制化机械键盘全键热插拔gasket结构三模无线蓝牙电竞游戏办公键盘 F87 Pro 时空秘境 雾透侧刻 太空金轴,￥199.00
VGN V87/V87PRO 三模连接 客制化机械键盘 IP联名款 gasket结构 全键热插拔 V87PRO  阿尼亚轴 微光 雾透侧刻,￥279.00
VGN V87/V87PRO 三模连接 客制化机械键盘 IP联名款 gasket结构 全键热插拔 V87PRO 阿尼亚轴 狄安娜,￥319.00
优派（ViewSonic） KU350有线发光键盘 104键 发光键盘 游戏背光 白色,￥29.90
樱桃（CHERRY）MX3.0S无线键盘 机械键盘 宝可梦联名款 皮卡丘键盘 三透PBT键帽 蓝牙有线三模 办公游戏键盘,￥1099.00
VGN S99 游戏动力 三模连接 客制化键盘 机械键盘 单键开槽 全键热插拔 gasket结构 S99 阿尼亚轴 斑斓绿,￥399.00
前行者V1蓝牙无线键盘鼠标套装机械手感静音男女生办公高颜值键鼠便携笔记本台式电脑平板iPad手机通用 奶油灰-键鼠套装【无线2.4G/蓝牙5.0双模】,￥138.00
狼蛛（AULA）T101真机械手感键盘鼠标套装 有线键鼠套装 游戏办公电脑键盘 混光 吃鸡套装 金属面板 黑,￥79.00
罗技（Logitech）MK345（MK346p）无线办公键鼠套装 宽大掌托 舒适键入体验 全尺寸 带无线2.4G接收器 黑色,￥149.00
达尔优（dareu）EK75系列 75%配列有线/无线/蓝牙三模客制化机械键盘 板簧gasket结构 绝绝紫-梦遇HIFI轴,￥199.00
RK98 机械键盘有线键盘游戏键盘100键98配列RGB背光电脑键盘热插拔键线分离白色茶轴,￥159.00
VGN N75/N75PRO 游戏动力 客制化键盘 机械键盘 单模/三模 gasket结构全键热插拔 N75Pro 蒸汽波轴 加勒比海,￥209.00
SKN青龙3.0 机械键盘 三模无线键盘 Gasket客制化键盘 98配列游戏办公键盘 2U大键0 雷-TTC烈焰红轴,￥399.00
罗技（Logitech）K380 键盘 蓝牙办公键盘 女友 便携超薄键盘 笔记本键盘 黑灰色,￥169.00
狼蛛（AULA）F87客制化机械键盘全键热插拔gasket结构三模无线蓝牙电竞游戏办公键盘 F87 Pro 落日海岸 灵动轴V3,￥249.00
SKN青龙3.0 机械键盘 三模无线键盘 Gasket客制化键盘 98配列游戏办公键盘 2U大键0 电-TTC烈焰红轴,￥399.00
京东京造 K3蓝牙双模矮轴机械键盘 84键背光茶轴无线键盘 Mac/iPad键盘 键盘机械 蓝牙键盘 键盘无线,￥349.00
达尔优（dareu）EK815机械合金版 机械键盘 有线键盘 游戏键盘 108键 单光 多键无冲 吃鸡键盘 黑银黑轴,￥119.00
前行者（EWEADN）TK100朋克机械键盘有线键盘电竞游戏台式电脑笔记本外接办公打字复古外设 白色白光青轴,￥119.00
狼蛛（AULA）F2088机械键盘 有线游戏键盘 多功能旋钮 104键幻彩背光键盘 宏编程  电脑键盘 青轴 精英版,￥119.00
英菲克（INPHIC）K8有线键盘 办公键盘 女生键盘 87键舒适手感轻音便携适用于台式电脑笔记本,￥75.00
双飞燕（A4TECH) WK-100 有线键盘 办公打字用薄膜键盘笔记本外接台式电脑通用键盘104键 USB接口 黑色,￥49.90
京东京造 JZ990有线机械键盘 99键+旋钮背光Gasket 双系统兼容 灰冷翠黄轴机械办公键盘,￥209.00
飞利浦（PHILIPS）SPT6234键鼠套装 有线键盘鼠标 防溅洒设计 商务办公 笔记本电脑外接键盘 USB键盘 黑色,￥35.00
银雕(YINDIAO) K500键盘彩包升级版 机械手感 游戏背光电竞办公 USB外接键盘 全尺寸 蓝白双拼白光有线键盘,￥38.90
"京品数码	
MageGee 机械风暴 真机械键盘鼠标套装 背光游戏台式电脑笔记本键鼠套装 电竞吃鸡机械键鼠套 黑色橙光 青轴",￥136.00
雷柏（Rapoo） V500PRO单光版 有线背光机械键盘 104键全尺寸游戏电竞笔记本电脑办公吃鸡全键无冲键盘 青轴,￥119.00
航世（BOW）HD098C  双模无线蓝牙充电键盘  手机平板ipad电脑苹果小米华为办公通用三模键盘  灰黑,￥77.90
ROG游侠2 98无线版机械键盘 无线三模游戏键盘96配列 NX雪武白轴 RGB 热插拔客制化   PBT版,￥1299.00
樱桃（CHERRY）KC1000薄膜键盘 电脑有线键盘 办公商务家用键盘 纤薄轻音耐用 黑色,￥64.00
瓦尔基里(VALKYRIE）VK87-Mist 客制化机械键盘 三模2.4G/有线/蓝牙 热插拔 gasket结构 五面热升华 迷雾轴,￥329.00
蝰蛇 KM600 机械键盘鼠标套装电竞青轴台式机网吧电脑办公笔记本USB有线通用发光游戏外设绝地求生 KM600 黑色 青轴 【键鼠套装】,￥109.00
樱桃（CHERRY）MX1.1机械键盘 G80-3910游戏键盘 悬浮式无钢结构 87键有线键盘 电脑键盘 黑色 红轴,￥284.00
狼蛛（AULA）F2088机械键盘 有线键盘 游戏键盘 104键混光 赛博朋克 宏编程 电脑键盘  黑色 青轴,￥139.00
樱桃（CHERRY）KC1000薄膜键盘 电脑有线键盘 办公商务家用键盘 纤薄轻音耐用 白色,￥64.00
樱桃（CHERRY）MX3.0S 机械键盘 游戏键盘 电竞键盘 办公电脑键盘 侧刻键帽 合金外壳 樱桃无钢结构 黑色红轴,￥469.00
艾石头 FE87 S 冰蓝色背光全键热插拔有线机械键盘游戏键盘办公键盘 白色 茶轴,￥109.00
艾石头 FE 87 铁系列 机械键盘 87键游戏键盘 全键无冲 DIY磁吸上盖 阶梯键帽 白色 青轴,￥99.00
前行者X7S无线键盘鼠标套装真机械手感键盘可充电静音台式笔记本电脑电竞游戏办公打字通用蓝牙键鼠外设 金属黑【蓝光】无线套装,￥137.00
VGN N75/N75PRO 游戏动力 客制化键盘 机械键盘 单模/三模 gasket结构全键热插拔 单模N75 动力银轴 白色,￥139.00
雷柏（Rapoo） X1800S 键鼠套装 无线键鼠套装 办公键盘鼠标套装 防泼溅 电脑键盘 笔记本键盘 白色,￥69.00
罗技（Logitech）K380 键盘 蓝牙办公键盘 女友 便携超薄键盘 笔记本键盘 蓝色,￥149.00
罗技（Logitech）K580 键盘 蓝牙键盘 办公键盘 便携超薄键盘 笔记本键盘 平板键盘 星空灰,￥229.00
雷神（ThundeRobot）KG3104 松石薄荷 幻彩有线游戏机械键盘 RGB灯条混彩背光104键 吃鸡办公电竞键盘 红轴,￥149.00
狼蛛（AULA）F98Pro透明蓝牙三模客制化机械键盘有线无线 RGB热插拔 98配列游戏电竞键盘 白透冰晶轴,￥369.00
GEEZER Hello bear 无线复古朋克键鼠套装 可爱办公键鼠套装 鼠标 电脑键盘 笔记本键盘 奶茶色,￥89.00
英菲克（INPHIC）K9二代有线键盘 办公键盘 游戏键盘 87键舒适手感轻音便携适用于台式电脑笔记本 机甲白蓝,￥75.00
狼途L1 有线机械手感键盘DSP环境降噪耐磨防水发光电竞游戏家用办公台式笔记本电脑一体机适用 L1【低音】有线奶白暖光 单光,￥59.90
达尔优（dareu）EK815机械合金版机械键盘 有线电竞游戏键盘 87键多键无冲 笔记本电脑键盘 白蓝青轴,￥119.00
达尔优（dareu）A98专业版98配列有线/无线/蓝牙三模客制化机械键盘智能音控Gasket结构凯华大师轴-幸运蓝,￥359.00
狼途（LANGTU）GK65无线三模游戏机械键盘笔记本电脑电竞办公有线 厂润银轴 天蓝,￥99.00
雷神（ThundeRobot）K104极夜 104键 有线机械键盘 混彩背光键盘 电脑游戏笔记本办公键盘 全键无冲 青轴,￥119.00
爱国者（aigo）AK200天空蓝 键鼠套装 有线键鼠套装 复古圆形键帽  USB即插即用 商务办公 笔记本台式通用,￥59.00
艾石头 FE 87 铁系列 机械键盘 87键游戏键盘 大键热插拔 全键无冲 幻彩版 白色 茶轴,￥109.00
联想（lenovo）无线键盘鼠标套装 无线键鼠套装 办公鼠标键盘套装 KN101电脑键盘笔记本键盘,￥58.90
京东京造 G96机械键盘 TTC烈焰雪轴V2 三模连接 全键热插拔  96键RGB 键盘机械 游戏键盘 办公键盘 落日橙,￥399.00
京东京造 J87有线gasket机械键盘 87键背光茶轴有线机械合金键盘  海盐芝士,￥129.00
VGN N75/N75PRO 游戏动力 客制化键盘 机械键盘 单模/三模 gasket结构全键热插拔 单模N75 动力银轴 果冻橙,￥169.00
狼蛛（AULA）F98机械键盘无线2.4G/有线/蓝牙三模 客制化RGB热插拔 98配列游戏电竞键盘 夏日蓝汐【灰木轴】,￥299.00
摩天手(Mofii) sweet无线复古朋克键鼠套装 办公键鼠套装 鼠标 电脑键盘 笔记本键盘奶茶色混彩,￥129.00
VGN V98Pro 游戏动力 客制化键盘 机械键盘 电竞 办公 全键热插拔 三模 gasket结构 V98Pro水晶酒红轴 海盐,￥309.00
航世（BOW）K620U有线键盘 办公键盘 超薄便携键盘 79键 台式笔记本巧克力按键小键盘 橙灰黑,￥39.00
狼途（LANGTU）GK102奶油骑士 机械键盘 有线键盘 游戏办公键盘 可插拔键盘  金轴,￥129.00
宏碁（acer） 无线蓝牙双模机械键盘键小型便携办公游戏笔记本台式电脑手机平板适用Mac/iPad 68键灰黑 红轴【2.4G+蓝牙+有线三模】,￥137.00
樱桃（CHERRY）MX3.0S 机械键盘 宝可梦联名款 皮卡丘键盘  合金外壳 樱桃无钢结构 红轴,￥599.00
红龙（REDRAGON）M61有线磁轴机械键盘 8K回报率 RT键盘 可调节键程 RGB背光 61键电竞游戏键盘,￥399.00
狼蛛（AULA）F75客制化机械键盘gasket结构全键热插拔无线三模蓝牙电竞游戏办公 雷霆黑  新月轴,￥359.00
前行者V1蓝牙无线键盘鼠标套装机械手感静音男女生办公高颜值键鼠便携笔记本台式电脑平板iPad手机通用 活力橙-键鼠套装【无线2.4G/蓝牙5.0双模】,￥138.00
阿斯盾无线蓝牙键盘商务办公家用台式电脑笔记本键盘静音超薄金属剪刀脚充电式全尺寸110键轻音键盘,￥199.00
英菲克（INPHIC）K9二代有线键盘 办公键盘 游戏键盘 87键舒适手感轻音便携适用于台式电脑笔记本 机甲蓝白,￥75.00
达尔优（dareu）EK815机械合金版机械键盘 有线键盘 游戏键盘 108键混光  多键无冲 吃鸡键盘 青轴,￥129.00
联想（Lenovo）有线键盘鼠标套装 键鼠套装 全尺寸键盘 商务办公 MK11Lite,￥49.90
VGN V87/V87PRO 三模连接 客制化机械键盘 IP联名款 gasket结构 全键热插拔 V87 动力银轴 星空,￥169.00
牧马人 K200手托机械键盘鼠标套装带掌托游戏外设三件套网吧台式电脑笔记本有线外接电竞键鼠 K200黑色混光青轴+M5宏鼠标+机甲鼠标垫,￥334.64
狼蛛（AULA）F87客制化机械键盘全键热插拔gasket结构三模无线蓝牙电竞游戏办公键盘 F87 Pro 幽暗风暴 灰木轴V4,￥219.00
双飞燕（A4TECH）FK11 飞时代有线小键盘 薄膜办公打字用键盘笔记本外接台式电脑 86键便携USB接口 遂空灰,￥49.00
雷神（ThundeRobot）KG3104R琉璃 机械键盘 有线游戏键盘 RGB灯条104键混彩背光吃鸡办公电脑键盘 白色 红轴,￥129.00
狼蛛（AULA）F75客制化机械键盘gasket结构全键热插拔无线三模蓝牙电竞游戏办公 海盐蓝  新月轴,￥359.00
雷柏（Rapoo） V700RGB合金版 有线机械键盘 游戏办公108键RGB背光全键无冲可编程键盘 电竞吃鸡LOL 茶轴,￥219.00
罗技（Logitech）K845 机械键盘 有线键盘 游戏办公键盘 104键 全尺寸 单光 黑色 TTC轴 红轴,￥269.00
前行者V1蓝牙无线键盘鼠标套装机械手感静音男女生办公高颜值键鼠便携笔记本台式电脑平板iPad手机通用 活力橙-键盘【无线2.4G/蓝牙5.0双模】,￥109.00
樱桃（CHERRY）MX2.0S 机械键盘 无线键盘 蓝牙有线三模 电竞 游戏键盘 办公电脑键盘 樱桃无钢结构 黑色红轴,￥549.00
达尔优（dareu）EK815系列玉桂狗IP联名款 87键有线机械键盘 大耳狗热升华主题键帽 青轴,￥149.00
黑峡谷（Hyeku）X3 有线/无线2.4G双模机械键盘 87键PBT键帽 凯华BOX新轴 龙舌兰日出 玫瑰红轴 附卡扣腕托,￥209.00
前行者（EWEADN）GX300真机械手感键盘鼠标套装游戏电竞有线台式电脑笔记本办公薄膜键鼠吃鸡外设 白色冰蓝光,￥59.90
AOC KM160键盘鼠标套装 有线键鼠套装 全尺寸商务办公 防泼溅 笔记本电脑键盘 黑色,￥27.90
雷柏（Rapoo） X260S 键鼠套装 无线键鼠套装 办公键盘鼠标套装 电脑键盘 笔记本键盘 白色,￥89.00
阿斯盾机械键盘鼠标套装游戏电竞无线2.4G家用办公台式笔记本电脑多键无冲Hola111绿色机械键盘套装,￥239.00
雷柏（Rapoo） V700RGB合金版 机械键盘 有线键盘 游戏键盘 108键RGB背光键盘 可编程键盘 吃鸡键盘 黑轴,￥219.00
达尔优（dareu）A98三模热插拔游戏办公机械键盘雾透键帽RGB灯光客制化gasket结构水透版-天空轴V3,￥389.00
达尔优（dareu）EK815机械合金版机械键盘 有线游戏键盘 108键多键无冲 吃鸡电脑 办公键盘   混光黑银红轴,￥129.00
小米有线机械键盘青轴104全键紧凑布局设计26键无冲 6种背光模式 游戏电竞办公mac笔记本电脑通用,￥129.00
艾石头 FE 87 铁系列 机械键盘 87键游戏键盘 全键无冲 DIY磁吸上盖 阶梯键帽 白色 红轴,￥99.00
雷神（ThundeRobot）K104薄荷 104键 有线机械键盘 混彩背光键盘 电脑游戏笔记本办公键盘 全键无冲 茶轴,￥129.00
罗技（Logitech）MX Keys Mini 简约无线蓝牙 高端办公键盘 背光时尚 超薄便携 石墨黑,￥549.00
"京品数码	
ROG 游侠RX PBT版  机械键盘 有线游戏键盘 光学触发机械红轴 RGB背光键盘 防水防尘键盘104键 黑色 RX光轴",￥679.00
ROG 游侠RX 机械键盘 有线游戏键盘 光学触发机械红轴 RGB背光键盘 防水防尘键盘104键 黑色,￥589.00
联想（lenovo）键盘 有线键盘 M120K有线超薄键盘 电脑办公键盘 巧克力按键笔记本键盘,￥59.00
前行者（EWEADN）TK100朋克机械键盘电竞游戏有线台式电脑笔记本外接办公打字复古外设吃鸡 白色白光茶轴,￥119.00
Apple Magic Keyboard 妙控键盘 - 中文 (拼音)  Mac键盘 办公键盘,￥699.00
艾石头 FE 87 铁系列 机械键盘 87键游戏键盘 全键无冲 DIY磁吸上盖 阶梯键帽 白色 茶轴,￥99.00
罗技MK275无线键鼠套装全尺寸键盘10米覆盖设计制图视频剪辑办公专用无限键盘鼠标套件台式外接笔记本 MK275,￥109.00
戴尔(DELL)KM3322W 键鼠套装 无线键鼠套装 办公键鼠套装 多媒体键鼠套装 黑色 带无线2.4G接收器,￥109.00
狼蛛（AULA）F75客制化机械键盘gasket结构全键热插拔无线三模蓝牙电竞游戏办公 冰川蓝  冰脉轴,￥329.00
科大讯飞（iFLYTEK）AI智能键盘 机械键盘 无线键盘 AI写作问答智能PPT 全键无冲 三模连接 T8星火版红轴,￥899.00
RKS98无线2.4G蓝牙有线三模客制化机械键盘RGB全键无冲98键1.47吋TFT彩屏带旋钮TOP结构热插拔轴海渊版碧螺轴,￥399.00
摩天手(Mofii) Sweet有线键盘女生巧克力麻将音复古圆点台式机笔记本办公键盘樱花粉,￥39.00
航世（BOW）G88U 有线机械键盘 电竞游戏客制化热插拔机械键盘 办公家用混彩背光键盘 绿白茶轴,￥119.00
爱国者（aigo）K200有线键盘 复古圆形拼色键帽 USB即插即用 商务办公 笔记本台式通用 天空蓝,￥49.00
航世（BOW）K-610U 有线键盘  复古圆帽键盘 家用办公笔记本台式便携USB小键盘 黑色,￥29.90
前行者真机械手感键盘鼠标套装电竞游戏三件套家用台式电脑笔记本外接办公有线静音薄膜键鼠吃鸡外设 金属黑色彩虹光键盘+游戏鼠标+游戏耳机,￥127.58
狼途（LANGTU）GK85奶油骑士有线机械键盘 游戏键盘 电竞键盘 吃鸡键盘 绝地求生 紧凑布局85键 金轴,￥99.90
"京品数码	
黑峡谷（Hyeku）X3 有线/无线2.4G双模机械键盘 87键PBT键帽 凯华BOX新轴 黑森林慕斯 玫瑰红轴 附卡扣腕托",￥199.00
宏碁(acer) 充电双模键盘台式电脑笔记本平板手机通用 圆形键时尚拼色黑灰【蓝牙+无线2.4】OKW215,￥89.00
航世（BOW）HW256 无线键盘鼠标套装 办公键鼠套装 超薄便携 防泼溅 电脑键盘 笔记本键盘 粉色,￥79.00
英菲克（INPHIC）K8女生有线键盘鼠标套装静音办公家用适用于台式机笔记本电脑游戏USB键盘87键 【细腻手感+轻音按键+87键布局】女生键盘K8,￥75.00
狼途L1 有线机械手感键盘DSP环境降噪耐磨防水发光电竞游戏家用办公台式笔记本电脑一体机适用 L1【低音】有线白冰蓝 单光,￥59.90
VGN V87/V87PRO 三模连接 客制化机械键盘 IP联名款 gasket结构 全键热插拔 V87 草莓布丁轴 星空,￥219.00
洛斐（LOFREE）小翘三模无线蓝牙机械键盘办公无线热拔插红轴体多系统兼容连接 豆腐小翘100键键盘,￥488.00
前行者V20机械键盘鼠标套装有线无线蓝牙双模蒸汽朋克键鼠女生笔记本台式办公电脑外接高颜值游戏电竞外设 抹茶-白光有线版【多功能旋钮 全键无...,￥159.00
京东京造 JZ990有线机械键盘 99键背光Gasket Pro双系统兼容 元祖灰黄轴机械办公键盘,￥195.00
阿斯盾无线蓝牙键盘商务办公家用台式电脑笔记本平板ipad手机键盘静音超薄金属剪刀脚充电式110全键白色,￥199.00
RKS75三模机械键盘无线2.4G蓝牙有线RGB全键无冲81键带旋钮0.66吋OLED屏热插拔轴Gasket结构海渊版碧螺轴,￥379.00
狼途（LANGTU）GK85辉煌三模热插拔游戏机械键盘 有线无线蓝牙 游戏办公键盘 金轴,￥139.90
罗技（Logitech）MK245 Nano 键鼠套装 无线键鼠套装 办公键鼠套装 紧凑型 可调支架 带无线2.4G接收器 黑,￥99.00
宏碁(acer) 充电双模键盘鼠标套装台式电脑笔记本平板手机通用 键鼠套装圆形键时尚拼色灰黑【蓝牙+无线2.4】,￥98.00
狼蛛（AULA）F2088机械键盘 有线键盘 游戏键盘 104键背光键盘 宏编程 电脑键盘 银白色 青轴 精英版,￥119.00
摩天手(Mofii) sweet无线复古朋克键鼠套装 办公键鼠套装 鼠标 电脑键盘 笔记本键盘  白绿色,￥72.00
艾石头 ZN84 三模无线连接RGB背光全键热插拔机械键盘游戏键盘 白粉拼色 茶轴,￥139.00
艾石头 ZN84 三模无线连接RGB背光全键热插拔机械键盘游戏键盘 白粉拼色 红轴,￥139.00
达尔优（dareu）EK815机械合金版 机械键盘 有线游戏键盘 笔记本电脑电竞键盘 全键无冲108键 樱花粉 青轴,￥139.00
达尔优（dareu）EK815机械合金版机械键盘 有线电竞游戏键盘 87键多键无冲 笔记本电脑键盘 白蓝红轴,￥119.00
RK98机械键盘无线2.4G有线蓝牙三模键盘笔记本家用办公台式机游戏键盘100键98配列RGB背光白色青轴,￥209.00
罗技（Logitech）MK470 键鼠套装 无线键鼠套装 超薄 全尺寸 玫瑰粉 带无线2.4G接收器,￥229.00
MageGee GK980 游戏办公键鼠套装 98键机械手感键盘 RGB背光拼装混搭键盘 台式笔记本电脑键盘鼠标 米黄灰色,￥109.00
雷神（ThundeRobot）KG3104 薄荷松石 幻彩有线游戏机械键盘 RGB灯条混彩背光104键 吃鸡办公电竞键盘 茶轴,￥149.00
雷神（ThundeRobot）KG3089破晓 有线游戏键盘 机械键盘 电竞89键全键无冲键线分离 PBT双色键帽 红轴,￥169.00
雷神（ThundeRobot）ZERO75机械键盘 三模客制化键盘 单键开槽 全键热插拔 gasket结构声优包黑透球帽 烈炎轴,￥329.00
珂芝(KZZI)K75炫彩版机械键盘有线蓝牙无线2.4G三模gasket结构82键75配列PBT键帽RGB背光骑士灰版紫丁轴,￥399.00
惠普（HP）KM10键鼠套装 有线办公键盘鼠标套装 USB全尺寸键盘 笔记本台式机通用键盘鼠标套装 黑色,￥49.00
联想（Lenovo）异能者 有线键盘 K301 键盘 有线 商务办公键盘 全尺寸键盘 即插即用 笔记本电脑键盘【白色】,￥49.90
艾石头 FE 87 全键热插拔机械键盘 RGB背光 87键游戏键盘 白色 红轴,￥159.00
艾石头 FE 87 铁系列 机械键盘 87键游戏键盘 大键热插拔 全键无冲 幻彩版 白色 红轴,￥109.00
狼蛛（AULA）F98Pro透明蓝牙三模客制化机械键盘有线无线 RGB热插拔 98配列游戏电竞键盘 黑透冰魄轴,￥369.00
V82无线蓝牙透明机械键盘三模客制化游戏电竞高颜值外设笔记本台式电脑有线热插拔外接办公女生 白色透明-RGB【无线蓝牙三模版 支持热插拔】 水晶...,￥289.00
樱桃（CHERRY）MX2.0S 机械键盘 无线键盘 蓝牙有线三模 电竞 游戏键盘 办公电脑键盘 无钢结构 苍穹版 红轴,￥549.00
ROG夜魔机械键盘 有线/无线/蓝牙三模游戏键盘75配列 NX雪武白轴  RGB 热插拔客制化 Gasket结构 OLED屏 黑色,￥1899.00
VGN S99 游戏动力 三模连接 客制化键盘 机械键盘 单键开槽 全键热插拔 gasket结构 S99 极光冰淇淋轴 鎏金黑,￥529.00
机械革命 耀·K330机械键盘 有线键盘 游戏键盘 金属面板104键混彩背光键盘 全键无冲 电脑键盘 粉白色 红轴,￥139.00
RKS98无线2.4G蓝牙有线三模客制化机械键盘RGB全键无冲98键1.47吋TFT彩屏带旋钮TOP结构热插拔轴轻云版云雾轴,￥329.00
雷柏（Rapoo） 8200G 键鼠套装 无线蓝牙键鼠套装 办公键盘鼠标套装 多模无线键盘 蓝牙键盘 鼠标键盘 黑色,￥159.00
飞利浦（PHILIPS）SPK6103无线键盘 全尺寸键盘 防溅洒设计 商务办公家用键盘 笔记本电脑通用 白色,￥49.00
惠普（HP）K23-98客制化机械键盘 三模连接 全键热插拔轴2.4g无线蓝牙有线电竞游戏网吧办公电脑笔记,￥199.00
狼蛛（AULA）T500机械键盘鼠标套装 有线键鼠套装 游戏办公电脑键盘 蒸汽朋克 宏编程 带手托 黑色 青轴,￥189.00
雷柏（Rapoo） V700RGB合金版 机械键盘 有线键盘 游戏键盘 108键RGB背光键盘 可编程键盘 吃鸡键盘 青轴,￥219.00
京东京造 JZ990三模客制化机械键盘 99键RGB背光Gasket Pro 全键热插拔 白翼轴 蓝牙无线键盘 游戏办公键盘,￥379.00
雷柏（Rapoo） V500PRO单光版 有线背光机械键盘 104键全尺寸游戏电竞笔记本电脑办公吃鸡全键无冲键盘 红轴,￥119.00
达尔优（dareu）EK815系列玉桂狗IP联名款 108键键有线机械键盘 大耳狗热升华主题键帽 青轴,￥169.00
艾石头 FE 87 铁系列 机械键盘 87键游戏键盘 全键无冲 DIY磁吸上盖 阶梯键帽 黑色 茶轴,￥99.00
达尔优 A98PRO三模热插拔客制化键盘gasket结构RGB灯光办公机械键盘游戏2.4G蓝牙键盘 冰霜蓝-天空轴V4,￥399.00
联想 K104 机械键盘 红轴 RGB光效 有线 适用拯救者R9000P/Y7000 游戏电竞办公键盘 104键 吃鸡键盘 黑色,￥129.00
樱桃（CHERRY）XTRFY K5V2 洪流 机械键盘 客制化电竞键盘 全键热插拔 PBT键帽定制图案 RGB灯效 MX2A红轴,￥1299.00
飞利浦(PHILIPS) SPK6237有线键盘 商务办公键盘 笔记本电脑台式机外接键盘 USB键盘 全尺寸 黑色,￥39.90
罗技（Logitech）K780 键盘 无线蓝牙键盘 办公键盘 纤薄便携键盘 笔记本键盘 优联 全尺寸 黑色,￥299.00
VGN V87/V87PRO 三模连接 客制化机械键盘 IP联名款 gasket结构 全键热插拔 V87 草莓布丁轴 果冻橙,￥219.00
机械师(MACHENIKE) K500 有线机械键盘 游戏键盘 笔记本电脑台式机键盘 94键帽 红轴 RGB PBT 白色,￥169.00
RK98 机械键盘有线键盘游戏键盘100键98配列RGB背光电脑键盘热插拔键线分离白色青轴,￥154.00
双飞燕（A4TECH） F1512 飞时代 有线键鼠套装台式笔记本电脑办公家用薄膜键盘鼠标套装有线 高雅黑,￥69.00
美商海盗船 (USCORSAIR) K70 MAX RGB 机械键盘 RT 可调节MGX磁轴 游戏键盘 全尺寸 8000Hz 竞技模式 黑色,￥1899.00
AOC KM720 104键 无线键盘鼠标套装 电脑键盘 撞色键盘 防溅洒设计 商务办公家用键盘 白色,￥79.90
"京品数码	
罗技（G）Pro英雄联盟海克斯科技定制版机械键盘 有线机械游戏键盘 RGB灯效 紧凑式87键 电竞选手级机械键盘",￥499.00
珂芝（KZZI）Z98潮玩版 机械游戏办公键盘无线蓝牙有线三模热插拔 gasket结构 柯芝游戏键盘 【办公潮玩升级】Z98弥豆紫-相逢轴,￥399.00
飞利浦（philips） 机械键盘鼠标套装 有线键盘 游戏办公键盘台式笔记本电脑键盘104键打字键盘 白深蓝红三拼色经典版（茶轴）,￥132.00
艾石头 FE 87 全键热插拔机械键盘 RGB背光 87键游戏键盘 白色 茶轴,￥159.00
雷神（ThundeRobot） K75紫色透明三模无线机械键盘 蓝牙/无线/有线 高透客制化全键热插拔游戏办公键盘 月轴,￥359.00
联想（Lenovo）异能者无线键盘鼠标套装 键鼠套装 商务办公鼠标键盘套装 多媒体电脑笔记本键盘KN301（白色）,￥69.90
优派（ViewSonic）CU3500有线机械手感键盘 键鼠套装游戏键盘发光键盘电竞薄膜键盘鼠标套装 白色,￥39.90
雷柏（Rapoo） V500PRO多模版 机械键盘 无线蓝牙键盘 有线键盘 104键 无线2.4G/蓝牙3.0/蓝牙5.0/有线 红轴,￥199.00
"京品数码	
镭拓 Rantopad RF104无线键盘鼠标套装 办公键鼠套装 复古键盘 鼠标 套装104键全尺寸 紫色混彩",￥159.00
雷神（ThundeRobot）KG3089北冥 有线游戏键盘 机械键盘 电竞89键全键无冲键线分离 PBT双色键帽 茶轴,￥169.00
达尔优（dareu）EK815机械合金版机械键盘 有线电竞游戏键盘 87键多键无冲 笔记本电脑键盘 混光黑色青轴,￥109.00
雷蛇 Razer 黑寡妇蜘蛛V3-绿轴 游戏电竞 RGB 全新透明机械轴 机械键盘,￥549.00
"京品数码	
雷蛇 Razer 小蜘蛛 黑寡妇蜘蛛X竞技版背光款 机械键盘 有线键盘 游戏键盘 87键 电竞 绿轴",￥349.00
达尔优（dareu）EK815机械合金版 机械键盘 有线游戏键盘 笔记本电脑电竞键盘 108键 樱花粉拼色键盘 茶轴,￥139.00
前行者X7S无线键盘鼠标套装真机械手感键盘可充电静音台式笔记本电脑电竞游戏办公打字通用蓝牙键鼠外设 金属黑【蓝光】无线版,￥109.00
惠普（HP）K500Y真机械手感键盘 朋克蒸汽复古有线游戏专用吃鸡笔记本电脑电竞lol办公键盘 白色彩光圆帽,￥59.00
洛斐LOFREE粉底液无线机械键盘 蓝牙三模热插拔gsaket结构键盘 女生办公笔记本电脑键盘84键 圆点粉底液三模蓝牙机械键盘,￥999.00
阿斯盾无线办公键盘鼠标套装商务办公超薄台式笔记本电脑2.4G接收器一拖二键鼠连接充电式全尺寸,￥239.00
双飞燕（A4TECH）FX50 有线键盘剪刀脚轻音笔记本电脑外接台式家用办公打字专用飞时代薄膜键盘 铁灰,￥119.00
VGN N75/N75PRO 游戏动力 客制化键盘 机械键盘 单模/三模 gasket结构全键热插拔 N75Pro 天青轴 果冻橙,￥209.00
前行者GX30Z真机械手感游戏键盘鼠标套装有线静音薄膜键鼠台式电脑网吧笔记本办公背光USB外接外设 黑色蓝光单键盘【加厚升级版】,￥39.90
狼蛛（AULA）T200有线键盘鼠标套装 游戏键盘鼠标套装 真机械手感键盘 多功能旋钮 背光键盘 键鼠套装 黑色,￥89.00
VGN V98Pro 游戏动力 客制化键盘 机械键盘 电竞 办公 全键热插拔 三模 gasket结构 V98Pro蓝莓冰淇淋轴 海盐,￥409.00
"京品数码	
雷柏（Rapoo） X1800S 键鼠套装 无线键鼠套装 办公键盘鼠标套装 防泼溅 电脑键盘 鼠标键盘 黑色",￥69.00
机械革命 耀·K330机械键盘 有线键盘 游戏键盘 金属面板104键混彩背光键盘 全键无冲 电脑键盘 白蓝色 红轴,￥139.00
航世（BOW）HD098C  双模无线蓝牙充电键盘  手机平板ipad电脑苹果小米华为办公通用三模键盘  银白,￥79.00
雷柏（Rapoo） V500PRO单光版 有线背光机械键盘 104键全尺寸游戏电竞笔记本电脑办公吃鸡全键无冲键盘 黑轴,￥119.00
迈从（MCHOSE）K99客制化机械键盘蓝牙/无线/有线三模gasket结构全键热插拔电竞游戏办公 晴空蓝-琉光冰淇淋,￥429.00
戴尔(DELL)KB216 有线键盘 办公键盘 全尺寸键盘  USB接口 白色,￥63.00
宏碁（acer）蓝牙无线双模键盘鼠标 type-c充电 适用手机平板电脑键鼠套装 多设备连接键鼠 机甲风,￥99.00
艾石头 FE 87 铁系列 机械键盘 87键游戏键盘 全键无冲 DIY磁吸上盖 阶梯键帽 黑色 红轴,￥99.00
RK98 机械键盘有线键盘游戏键盘100键98配列RGB背光电脑键盘热插拔键线分离黑色茶轴,￥159.00
达尔优（dareu）EK810双模无线键盘 机械键盘 2.4G办公键盘长续航 笔记本电脑游戏键盘  104键 黑色红轴,￥159.00
雷柏（Rapoo） E1050 无线键盘 办公键盘 紧凑键盘 防溅洒设计 笔记本键盘 电脑键盘 黑色,￥59.00
华硕 TUF飞行堡垒K1 游戏键盘 有线键盘 RGB背光  19键无冲 108键 带掌托  黑色 英雄lol绝地求生cf吃鸡神器,￥299.00
方正科技(iFound)D126键盘 有线键盘办公键盘USB接口通用笔记本电脑外接键盘 即插即用便携 迷你键盘78键,￥29.90
达尔优（dareu）A98专业版98配列有线/无线/蓝牙三模客制化机械键盘智能音控Gasket结构天空轴V3-乘风破浪,￥359.00
ROG夜魔机械键盘 有线无线蓝牙三模游戏键盘75键配列NX山楂红轴 RGB Gasket热插拔 OLED屏 ROG掌机键盘,￥1899.00
狼蛛（AULA）F2088 机械键盘 有线键盘 游戏键盘 104键背光键盘 宏编程 电脑键盘 黑色 黑轴 精英版,￥119.00
银雕(YINDIAO) KM500有线发光键盘鼠标 机械手感游戏电竞笔记本台式电脑外设 薄膜键鼠套装 白蓝,￥56.90
VGN V98Pro 游戏动力 客制化键盘 机械键盘 电竞 办公 全键热插拔 三模 gasket结构 V98Pro冰淇淋轴Pro 努巴尼源,￥439.00
狼途（LANGTU）GK85星海三模热插拔游戏机械键盘 有线无线蓝牙 游戏办公键盘 银轴,￥139.90
达尔优（dareu）EK810无线键盘 机械键盘 笔记本电脑办公商务键盘 2.4G蓝牙三模连接 全尺寸104键 深空灰茶轴,￥188.00
雷神（ThundeRobot）K87pro芝加哥红 87键 三模无线机械键盘 蓝牙键盘 全键热插拔游戏办公电竞键盘 TR茶轴,￥269.00
黑峡谷（Hyeku）M4 客制化机械键盘全键热插拔办公游戏键盘gasket结构99键PBT键帽白色背光 绛紫樱兰 碧翠轴,￥179.00
雷蛇 Razer 黑寡妇V3 机械键盘 游戏键盘 104键 RGB背光 游戏电竞 粉晶 绿轴 带腕托,￥549.00
前行者真机械手感蒸汽朋克键盘鼠标耳机三件套装台式电脑办公笔记本外接有线游戏网吧吃鸡薄膜静音键鼠外设 粉色白光(复古版)单键盘,￥89.00
达尔优（dareu）EK815机械合金版机械键盘 有线键盘 游戏键盘 108键 单光 多键无冲 吃鸡键盘黑银红轴,￥119.00
京东京造 JZ870有线机械键盘 87键背光黄轴有线机械合金键盘 PBT键帽  游戏键盘 键盘机械 大漠风烟,￥189.00
VGN N75/N75PRO 游戏动力 客制化键盘 机械键盘 单模/三模 gasket结构全键热插拔 单模N75 动力银轴 加勒比海,￥169.00
UnoooZ108 樱桃cherry轴机械键盘无线蓝牙三模客制化RGB游戏电竞办公台式电脑笔记本有线 大碳-无线蓝牙有线三模-87键RGB版 德国樱桃 MX【红轴】,￥369.00
罗技（Logitech）MX MECHANICAL商务低噪无线双模矮轴机械键盘 110键 全尺寸段落青轴,￥799.00
洛斐（LOFREE）小翘机械键盘100键豆腐色可爱猫咪键帽自选版套装笔记本电脑平板ipad适用,￥669.00
双飞燕（A4TECH) KB-N9100 键鼠套装有线鼠标键盘套装办公电脑薄膜键盘鼠标套装防泼溅 USB接口 黑色,￥79.90
ROG 游侠RX TKL PBT版 机械键盘87键盘布局 有线/无线/蓝牙三模游戏键盘 光学触发机械红轴 RGB背光 RX光轴,￥999.00
京东京造 N990蓝牙三模客制化配列矮轴机械键盘101键佳达隆2.0矮茶轴超轻薄无线键盘 Mac/iPad键盘 键盘机械,￥349.00
洛斐（LOFREE） LOFREE洛斐小翘无线蓝牙键盘机械键盘人体工学舒适办公热拔插红轴用通用女生  68键豆腐色机身+可爱猫咪主题键帽,￥489.00
黑峡谷（Hyeku）M2 客制化机械键盘全键热插拔办公游戏键盘gasket结构83键白色背光键线分离 温润如玉 红轴,￥99.00
VGN V98PRO-V2 游戏动力 客制化机械键盘 电竞办公 三模连接 热插拔  gasket结构 V98Pro V2 蓝莓冰淇淋轴 海盐,￥409.00
惠普（HP） 键盘真机械手感有线键鼠套装鼠标电竞游戏背光吃鸡笔记本台式电脑外设办公朋克网吧三件套 白色彩光【金属面板】,￥58.00
银雕(YINDIAO) K500键盘彩包升级版 机械手感 游戏背光电竞办公 USB外接键盘 全尺寸 白粉双拼混光有线键盘,￥37.90
狼蛛（AULA）F2088 机械键盘 有线键盘 游戏键盘 104键背光混光朋克 电脑键盘 笔记本键盘 银白圆键 青轴,￥159.00
艾石头 ZN84 三模无线连接RGB背光全键热插拔机械键盘游戏键盘 黑黄拼色 红轴,￥139.00
双飞燕（A4TECH）FK11 飞时代有线小键盘 薄膜办公打字用键盘笔记本外接台式电脑 86键便携USB接口 象牙白,￥49.00
MageGee 机械风暴套装 真机械键盘鼠标套装 机械键鼠套装 背光游戏台式电脑笔记本键鼠套装 白色蓝光 青轴,￥159.00
狼蛛（AULA）F2088机械键盘 有线键盘 游戏键盘 104键背光键盘 宏编程 电脑键盘 银白色 茶轴 精英版,￥119.00
AOC GK410 机械键盘 有线键盘 游戏办公键盘 104键背光键盘 金属面板 电脑笔记本键盘 黑色 青轴,￥99.00
英菲克（INPHIC）K9游戏键盘有线电竞背光金属面板26键无冲手机放置位 适配于台式电脑笔记本外设 白蓝机甲,￥69.00
优派（ViewSonic） KU315有线真机械手感键盘 104键 发光键盘 游戏背光 薄膜键盘 黑色,￥29.90
雷神（ThundeRobot）K98雪松 98键 有线游戏机械键盘 全金属定位板游戏办公键盘 炫彩背光 全键无冲 T红轴,￥125.00
吉选（GESOBYTE）KB830USB键盘有线办公键盘 防泼水 笔记本环静电脑通用104低音按键 企业集采 可开专票 黑,￥17.90
灵蛇（LINGSHE）有线单键盘USB笔记本台式电脑一体机通用办公单键盘 K200黑色,￥17.90
迈从（MCHOSE）K99客制化机械键盘蓝牙/无线/有线三模gasket结构全键热插拔电竞游戏办公 碧光绿-琉光冰淇淋,￥429.00
樱桃（CHERRY）DW2300 键鼠套装 键盘鼠标 无线键鼠套装 电脑无线键盘 商务办公家用 全尺寸简洁轻薄 清新绿,￥99.00
京东京造 JZ104三模机械键盘 104键背光黄轴有线机械合金键盘 PBT键帽 游戏键盘 键盘机械 深海,￥269.00
斯泰克可充电无线蓝牙键盘 办公键盘 便携超薄键盘 办公通用键盘手机平板ipad笔记本电脑,￥39.90
罗技（Logitech）MX Keys Mini Mac版 简约无线背光键盘 浅灰色 蓝牙键盘 办公键盘  平板电脑键盘,￥499.00
双飞燕（A4TECH) KB-N9000 键鼠套装有线键盘鼠标套装办公电脑鼠标键盘套装防泼溅 鼠标U口+键盘P口 黑色,￥89.00
航世（BOW）HB318 超薄折叠无线三蓝牙键盘 手机平板ipad电脑苹果小米华为带鼠标触控功能通用键盘 黑色,￥199.00
方正科技(iFound)W6226键盘鼠标套装无线鼠标键盘 外接超薄笔记本键盘迷你小键鼠套装 无线黑色,￥46.90
前行者（EWEADN）V82无线透明三模机械键盘客制化水晶键盘 无线/蓝牙/有线全键热插拔游戏办公键盘 白色透明,￥289.00
航世（BOW）HW098A键盘 有线键盘 办公键盘 超薄便携键盘 78键 台式笔记本键盘 巧克力按键 黑色,￥34.90
机械革命 耀·K330机械键盘 有线键盘 游戏键盘 金属面板104键混彩背光键盘 全键无冲 电脑键盘 白蓝色 青轴,￥139.00
前行者X7S无线键盘鼠标套装真机械手感键盘可充电静音台式笔记本电脑电竞游戏办公打字通用蓝牙键鼠外设 金属银【蓝光】无线套装,￥139.00
VGN N75/N75PRO 游戏动力 客制化键盘 机械键盘 单模/三模 gasket结构全键热插拔 N75Pro 天青轴 加勒比海,￥209.00
ROG耀光2幻 机械键盘 有线游戏键盘 客制化键盘 NX山楂红轴  RGB背光 104键 全键热插拔  PBT键帽带掌托黑色,￥1399.00
狼蛛（AULA）F87客制化机械键盘全键热插拔gasket结构三模无线蓝牙电竞游戏办公键盘 F87 星际迷航 单模 灰木轴V4,￥189.00
倍思（Baseus）无线蓝牙iPad键盘 超薄三模连接便携办公键盘轻音 台式笔记本平板游戏键盘男女生通用 粉色,￥119.00
惠普（HP） 键盘真机械手感有线键鼠套装鼠标电竞游戏背光吃鸡笔记本台式电脑外设办公朋克网吧三件套 白色彩光键盘鼠标套装+鼠标垫,￥88.00
惠普（HP）GK400F机械键盘 游戏键盘笔记本办公电脑键盘 104键CF吃鸡LOL电竞冰蓝光有线键盘 银白色 青轴,￥128.00
AOC 真机械手感键盘鼠标套装静音有线游戏背光发光台式电脑外设笔记本办公lol吃鸡网吧电竞薄膜键鼠 KB121黑色(蓝光版),￥37.00
双飞燕（A4TECH）B160N 血手幽灵游戏键盘有线 电竞薄膜键盘 办公家用笔记本台式电脑虹彩背光键盘 黑色,￥146.00
RK98机械键盘无线2.4G有线蓝牙三模键盘笔记本家用办公台式机游戏键盘100键98配列RGB背光黑色红轴,￥209.00
惠普（HP）K23-98客制化机械键盘全键热插拔轴有线电竞游戏网吧办公家用台式机电脑笔记本外设,￥139.00
迈从（MCHOSE）X75客制化机械键盘无线三模gasket结构全键热插拔蓝牙电竞游戏办公 冰蓝苍穹-风信子轴,￥399.00
罗技（Logitech）MX MECHANICAL商务低噪无线双模矮轴机械键盘 110键 全尺寸段落茶轴,￥769.00
联想小新K3机械键盘 暮霭深灰 游戏办公键盘 2.4G/蓝牙/有线三模连接全键无冲 笔记本电脑平板多设备兼容,￥166.00
方正科技(iFound)W6226无线键盘鼠标套装 键鼠套装78键巧克力便携办公超薄迷你小巧女生笔记本电脑键盘 银色,￥46.90
前行者（EWEADN） TK950无线蓝牙朋克机械键盘鼠标套装有线三模办公游戏电脑笔记本青轴复古外设 白色白光,￥292.00
达尔优（dareu）EK815机械合金版机械键盘 有线键盘 游戏键盘 108键电竞键盘 女生 电脑键盘 白色蓝色 黑轴,￥139.00
雷柏（Rapoo） V500合金版升级款 机械键盘 有线键盘 游戏键盘 87键 吃鸡键盘 电脑办公键盘 笔记本键盘 青轴,￥99.00
罗技（Logitech）K380 键盘 蓝牙办公键盘 女友 便携超薄键盘 笔记本键盘 红色,￥169.00
雷柏（Rapoo） V500合金版升级款 机械键盘 有线键盘 游戏键盘 87键 吃鸡键盘 电脑办公键盘 笔记本键盘 黑轴,￥99.00
VGN V87/V87PRO 三模连接 客制化机械键盘 IP联名款 gasket结构 全键热插拔 V87 动力银轴 果冻橙,￥169.00
前行者（EWEADN）X7S无线键鼠套装办公键盘鼠标套装低音办公电竞游戏通用台式电脑笔记本可充电键盘 白色黄光,￥109.00
达尔优 EK812 104键有线机械键盘 游戏电竞全尺寸大手托学生网咖键盘机械全键无冲CF吃鸡LOL  EK812升级版【青轴】【有手托/有多媒体键】,￥229.00
飞利浦（PHILIPS）SPT6627无线蓝牙键盘鼠标套装 双模可充电键鼠 剪刀脚结构 防溅洒 笔记本电脑通用 黑色,￥179.00
VGN V98Pro 游戏动力 客制化键盘 机械键盘 电竞 办公 全键热插拔 三模 gasket结构 V98Pro蒸汽波轴Pro 黑加仑,￥319.00
阿斯盾无线机械键盘鼠标套装游戏电竞家用办公台式笔记本电脑多键无冲Hola111雪糕拼色套装,￥239.00
狼蛛（AULA）F2088机械键盘 有线键盘 游戏键盘 104键背光键盘 宏编程 电脑键盘 银白色 红轴 精英版,￥119.00
达尔优（dareu）DK100 机械键盘 有线键盘 游戏键盘 87键 无光 双色注塑 电脑键盘 黑色青轴,￥89.00
英菲克（INPHIC）K9游戏键盘有线游戏发光金属面板26键无冲机甲键盘 适配于台式电脑笔记本 蓝白机甲,￥69.00
联想（Lenovo）异能者 有线键盘 K301 键盘 有线 商务办公键盘 全尺寸键盘 即插即用 笔记本电脑键盘【黑色】,￥38.90
航世（BOW）K-610 无线键盘 炫彩复古键盘 笔记本电脑家用办公通用女生可爱小键盘 白色,￥39.00
罗技（Logitech）MX MECHANICAL商务低噪无线双模矮轴机械键盘 110键 全尺寸线性红轴,￥769.00
VGN N75/N75PRO 游戏动力 客制化键盘 机械键盘 单模/三模 gasket结构全键热插拔 单模N75 动力紫轴 加勒比海,￥169.00
狼蛛（AULA）F2068Pro拼色机械键盘 全键热插拔 电脑有线键盘 游戏键盘 104键 白绿【冰蓝光】青轴,￥109.00
达尔优（dareu）EK810双模无线键盘 机械键盘 笔记本电脑游戏键盘 2.4G办公键盘长续航 104键 白色茶轴,￥169.00
牧马人 K100机械键盘鼠标耳机套装游戏有线外设专用键鼠笔记本USB外接电脑台式专业电竞吃鸡三件套 K100黑色青轴混光+M1游戏鼠标-RGB版+耳机,￥265.74
达尔优（dareu）EK815机械合金版机械键盘 有线键盘 游戏键盘 108键单光 多键无冲  吃鸡键盘 黑银青轴,￥119.00
阿斯盾机械键盘套装 键盘鼠标一带二多键无冲低延时游戏办公电竞键盘台式笔记本通用HOLA111粉墨登场套装,￥249.00
狼途（LANGTU）LT84白冰蓝 有线机械键盘 电竞游戏办公键盘机械 可插拔键盘 混彩灯效 银灰轴,￥139.00
机械革命 耀·K310机械键盘 电竞游戏键盘 有线键盘 热插拔87键办公键盘 全键无冲 电脑键盘 黑色 青轴,￥109.00
宏碁（acer） 无线蓝牙双模机械键盘键小型便携办公游戏笔记本台式电脑手机平板适用Mac/iPad 68键黑灰 茶轴【2.4G+蓝牙+有线三模】,￥137.00
达尔优（dareu）EK815机械合金版 机械键盘 有线键盘 游戏键盘 108键EK815单光 男生女生 电脑键盘 粉色 红轴,￥139.00
VGN V98Pro 游戏动力 客制化键盘 机械键盘 电竞 办公 全键热插拔 三模 gasket结构 V98Pro冰淇淋轴Pro 海盐,￥409.00
双飞燕（A4TECH）WKG-1000无线键鼠套装 台式电脑笔记本外接办公打字薄膜键盘鼠标套装无线便携 黑色,￥69.50
达尔优（dareu）EK815《海蓝见鲸》主题机械键盘 有线游戏键盘 笔记本电脑键盘 108键全尺寸 青轴,￥169.00
珂芝(KZZI)K75炫彩版机械键盘有线蓝牙无线2.4G三模gasket结构82键75配列PBT键帽RGB背光樱花粉版樱粉轴,￥399.00
VGN N75/N75PRO 游戏动力 客制化键盘 机械键盘 单模/三模 gasket结构全键热插拔 单模N75 动力银轴 黑色,￥139.00
机械革命 耀·K330机械键盘 有线键盘 游戏键盘 金属面板104键混彩背光键盘 全键无冲 电脑键盘 白粉色 青轴,￥139.00
RK98机械键盘无线2.4G有线蓝牙三模键盘笔记本家用办公台式机游戏键盘100键98配列RGB背光黑色茶轴,￥209.00
联想（Lenovo）异能者有线键盘鼠标套装 键鼠套装 商务办公鼠标键盘套装 多媒体电脑笔记本键盘KM301,￥48.90
雷柏（Rapoo） V700RGB合金版 有线机械键盘 游戏办公108键RGB背光全键无冲可编程键盘 电竞吃鸡LOL 快银轴,￥219.00
珂芝(KZZI)K75机械键盘有线蓝牙无线2.4G三模gasket结构82键75配列PBT键帽RGB背光时光机版TTC快银轴V2,￥429.00
双飞燕（A4TECH）FBK25 无线蓝牙键盘 ipad平板手机笔记本电脑外接办公通专用短款便携键盘 飞时代 遂空灰,￥119.00
雷神（ThundeRobot）K87pro芝加哥白 87键 三模无线机械键盘 蓝牙键盘 全键热插拔游戏办公电竞键盘 TR红轴,￥269.00
VGN V87/V87PRO 三模连接 客制化机械键盘 IP联名款 gasket结构 全键热插拔 V87 动力银轴 加勒比海,￥169.00
黑峡谷（Hyeku）GK715 104键有线机械键盘 电竞游戏键盘 可插拔 蓝色背光 凯华BOX轴 灰黑 白轴,￥209.00
ROG 游侠2 RX  机械键盘 有线游戏键盘 RX红轴 RGB背光 键线分离  防水防尘键盘104键 黑色,￥749.00
狼蛛（AULA）F75客制化机械键盘gasket结构全键热插拔无线三模蓝牙电竞游戏办公 冰川蓝  新月轴,￥359.00
雷柏（Rapoo） V500PRO多模版 机械键盘 无线蓝牙键盘 有线键盘 104键 无线2.4G/蓝牙3.0/蓝牙5.0/有线 茶轴,￥199.00
前行者（EWEADN）静音有线无线键盘鼠标套装机械手感游戏办公专用电脑笔记本蓝牙电竞键鼠耳机三件套 银白色【蓝光】+静音宏鼠标+耳机,￥129.00
京东京造 G96机械键盘 TTC烈焰雪轴V2 三模连接 全键热插拔  96键RGB 键盘机械 游戏键盘 办公键盘 极光蓝,￥399.00
联想（lenovo） 键盘鼠标套装 办公商务轻音打字薄膜键盘 台式电脑笔记本办公通用 防泼水防尘 联想来酷 无线键盘+无线鼠标 White雪菫色,￥69.00
狼蛛（AULA） F3087机械键盘87键拼色键盘小型便携式键线分离 游戏电竞办公电脑笔记本外设 银白- 冰蓝光 茶轴 -,￥99.00
现代（HYUNDAI）键盘 有线键盘 办公键盘 USB键盘 笔记本薄膜键盘 电脑键盘 104键 黑色 HY-KA7,￥21.99
惠普（HP）K10G机械键盘茶轴有线键盘游戏电竞办公吃鸡104键全尺寸适用笔记本台式电脑全键无冲,￥139.00
达尔优（dareu）EK815机械合金版机械键盘 有线电竞游戏键盘 87键位多键无冲 笔记本电脑键盘 混光黑色黑轴,￥109.00
（7月上新）宏碁Acer 拼色机械手感键盘鼠标套装有线外接台式笔记本电脑键盘学习办公安静轻音薄膜键盘 抹茶绿,￥36.80
蝰蛇 KM600 机械键盘鼠标套装电竞青轴台式机网吧电脑办公笔记本USB有线通用发光游戏外设绝地求生 KM600 白色 青轴 【键鼠套装】,￥109.00
RK SINK87有线机械键盘游戏键盘87键全键无冲键线分离家用办公电脑游戏白色背光白色茶轴,￥119.00
珂芝(KZZI)K75机械键盘有线蓝牙无线2.4G三模gasket结构82键75配列PBT键帽非柯芝RGB背光游戏机版TTC烈焰紫轴,￥399.00
罗技（Logitech） K845机械键盘 有线键盘 办公全尺寸键盘  电竞游戏发光键盘 吃鸡键盘 K845蓝色妖姬-青轴（声清脆 手感强 ）,￥299.00
艾石头 FE 87 铁系列 机械键盘 87键游戏键盘 全键无冲 幻彩版 黑色 茶轴,￥109.00
达尔优（dareu）A98专业版98配列有线/无线/蓝牙三模客制化机械键盘智能音控Gasket结构天空轴POM-幸运蓝,￥429.00
ROG夜魔机械键盘 有线/无线/蓝牙三模游戏键盘75配列 NX冰暴灰轴 RGB 热插拔客制化 Gasket结构 OLED屏 黑色,￥1899.00
AOC KM151键盘鼠标套装 有线键鼠套装 全尺寸办公键盘 防泼溅 即插即用 电脑键盘 黑色,￥39.90
VGN V98PRO-V2 游戏动力 客制化机械键盘 电竞办公 三模连接 热插拔  gasket结构 V98Pro V2 蒸汽波轴Pro 海盐,￥319.00
达尔优（dareu）A98master/A98大师机械键盘三模热插拔游戏Gasket可调结构PBT键帽全键换轴RGB落苏-天空轴POM,￥479.00
珂芝（KZZI）Z98潮玩版 机械游戏办公键盘无线蓝牙有线三模热插拔 gasket结构 柯芝游戏键盘 【游戏潮玩升级】Z98碧蓝海-相聚轴,￥399.00
新盟X98PRO机械键盘蓝牙无线2.4G三模/有线单模RGB背光全键热插拔轴Gasket结构游戏办公 白色-有线单模-RGB热插拔【白玉轴】,￥149.00
ROG 游侠2 RX PBT版 机械键盘 有线游戏键盘 RX蓝轴 RGB背光 键线分离  防水防尘键盘104键 黑色,￥799.00
VGN VXE75 铝坨坨 三模连接 客制化机械键盘 gasket结构 铝合金机身CNC 全键热插拔 VXE75 阿尼亚轴 银黑,￥449.00
双飞燕（A4TECH）FG1120 飞时代无线键鼠套装便携笔记本电脑家用办公打字专用短小键盘鼠标套装 遂空灰,￥85.00
京东京造 JZ990蓝牙三模客制化机械键盘 99键背光Gasket Pro热插拔白翼轴无线键盘 Mac/iPad键盘 蓝牙键盘,￥369.00
MIPOW MPC-006MF 无线键盘鼠标套装 复古朋克笔记本键盘 办公键鼠套装 鼠标 电脑键盘 棕色+键鼠垫套装,￥198.00
狼蛛（AULA）F87客制化机械键盘全键热插拔gasket结构三模无线蓝牙电竞游戏办公键盘 F87 Pro 暮烟冰紫 新月轴,￥279.00
狼蛛（AULA）F3010机械手感键盘 游戏键盘 有线键盘 背光发光台式电脑笔记本网吧外设吃鸡 混光 灰色,￥59.00
樱桃（CHERRY）MX8.2 Xaga曜石 无线键盘 蓝牙三模机械键盘 三透PBT键帽  客制化键盘 定制主题光效 白色银轴,￥1799.00
MageGee TS91 有线mini小键盘 RGB背光机械手感游戏键盘 61键迷你便携薄膜键盘 台式电脑笔记本游戏键盘 白色,￥69.00
雷柏（Rapoo） V500PRO-100 背光有线机械键盘 家用办公电竞游戏96%配列100键紧凑布局全键无冲 白色 茶轴,￥129.00
双飞燕（A4TECH）FK10 飞时代有线键盘 薄膜办公打字用键盘笔记本外接台式电脑通用键盘 USB接口 象牙白,￥56.00
VGN VXE75 铝坨坨 三模连接 客制化机械键盘 gasket结构 铝合金机身CNC 全键热插拔 VXE75 冰莓冰淇淋轴 冰桃粉,￥549.00
VGN VXE75 铝坨坨 三模连接 客制化机械键盘 gasket结构 铝合金机身CNC 全键热插拔 VXE75 冰莓冰淇淋轴 皓月白,￥549.00
达尔优（dareu）DK100 机械键盘 有线键盘 游戏键盘 87键 无光 双色注塑 电脑键盘 黑色茶轴,￥89.00
罗技（Logitech） K580键盘 无线键盘 蓝牙键盘 安静办公键盘 台式笔记本电脑平板 K580小刘鸭联名款- 粉樱花,￥269.00
美商海盗船 (USCORSAIR) K70 RGB PRO 机械键盘 游戏键盘 全尺寸 8000Hz 竞技模式 铝框体 黑色 OPX光轴,￥1099.00
MageGee 机械风暴套装 真机械键盘鼠标套装 背光游戏台式电脑笔记本键鼠套装 黑色混光 青轴,￥159.00
VGN V98PRO-V2 游戏动力 客制化机械键盘 电竞办公 三模连接 热插拔  gasket结构 V98Pro V2 冰淇淋轴Pro 海盐,￥409.00
绿联 无线蓝牙键盘 轻音剪刀脚结构键盘 适配苹果Mac笔记本iPad平板台式电脑 双模可充电轻薄便携键盘,￥139.00
黑峡谷（Hyeku）X3 有线/无线2.4G双模机械键盘 87键PBT键帽 凯华BOX新轴 桃桃气泡水 玫瑰红轴 附卡扣腕托,￥229.00
RK98机械键盘无线2.4G有线蓝牙三模键盘笔记本家用办公台式机游戏键盘100键98配列RGB背光白色红轴,￥209.00
樱桃（CHERRY）DW2300 键鼠套装 键盘鼠标 无线键鼠套装 电脑无线键盘 商务办公家用 全尺寸简洁轻薄 经典黑,￥99.00
前行者（EWEADN）GX810无线机械手感键盘鼠标游戏键鼠套装可充电台式电脑笔记本薄膜带旋钮电竞混光外设,￥169.90
惠普(HP) 无线键盘鼠标套装  巧克力键盘笔记本台式电脑商务办公键鼠套装 104键标准键盘低键帽结构  黑色,￥109.00
狼蛛（AULA）F3001无线蓝牙有线三模机械键盘 游戏办公无线键盘 背光 87键电脑键盘 银白冰蓝光青轴,￥159.00
艾石头 ZN84 三模无线连接RGB背光全键热插拔机械键盘游戏键盘 黑黄拼色 茶轴,￥139.00
方正科技(iFound)W6208PLUS键盘鼠标套装无线 键鼠套装办公 鼠标键盘便携usb电脑键盘台式笔记本外接键盘通用,￥39.90
雷神（ThundeRobot）K98乌木 98键 有线游戏机械键盘 全金属定位板游戏办公键盘 炫彩背光 全键无冲 T橙轴,￥149.00
AOC 真机械手感键盘鼠标套装静音有线游戏背光发光台式电脑外设笔记本办公lol吃鸡网吧电竞薄膜键鼠 KB121黑色(彩光版)+鼠标+耳机三件套,￥89.00
RK98机械键盘无线2.4G有线蓝牙三模键盘笔记本家用办公台式机游戏键盘100键98配列RGB背光黑色青轴,￥209.00
双飞燕（A4TECH）FX50 有线键盘剪刀脚轻音笔记本电脑外接台式家用办公打字专用飞时代薄膜键盘 白色,￥119.00
AOC 真机械手感键盘鼠标套装静音有线游戏背光发光台式电脑外设笔记本办公lol吃鸡网吧电竞薄膜键鼠 KB121黑色(蓝光版)+鼠标套装,￥59.00
航世（BOW）G188U 有线机械键盘 电竞游戏客制化热插拔机械键盘 办公家用混彩背光键盘 白绿茶轴,￥139.00
航世（BOW）K-610U 有线键盘  复古圆帽键盘 家用办公笔记本台式便携USB小键盘 白色,￥29.90
前行者V87无线键盘鼠标套装机械手感静音蓝牙87键键鼠女生办公电竞游戏高颜值笔记本台式电脑便携外接 冰山蓝-键盘【无线2.4G/蓝牙5.0双模】,￥99.00
VGN V98PRO-V2 游戏动力 客制化机械键盘 电竞办公 三模连接 热插拔  gasket结构 V98Pro V2 水晶酒红轴 海盐,￥309.00
前行者GX30Z真机械手感游戏键盘鼠标套装电竞游戏三件套台式电脑笔记本办公有线静音薄膜键鼠外接外设 黑色彩虹光键盘+YX110静音鼠标+游戏耳机,￥98.88
"京品数码	
黑峡谷（Hyeku）X5 有线/无线2.4G双模机械键盘 108键PBT键帽 凯华BOX新轴 黑森林慕斯 玫瑰红轴 附卡扣腕托",￥275.00
达尔优（dareu）EK815机械合金版机械键盘 有线键盘 游戏键盘 108键单光键盘 电脑键盘  吃鸡键盘 茶轴,￥119.00
樱桃（CHERRY）MX3.0S 机械键盘 游戏键盘 电竞键盘 办公电脑键盘 侧刻键帽 合金外壳 樱桃无钢结构 黑色茶轴,￥499.00
GEEZER Hello bear 无线复古朋克键鼠套装 可爱办公键鼠套装 鼠标 电脑键盘 笔记本键盘 粉色,￥89.00
雷柏（Rapoo） V500PRO多模版 机械键盘 无线蓝牙键盘 有线键盘 104键 无线2.4G/蓝牙3.0/蓝牙5.0/有线 青轴,￥199.00
狼蛛（AULA）F2088PRO机械键盘 电脑有线键盘 游戏键盘 104键拼色键盘 宏编程 卸磁吸上盖 绿林冰蓝光-青轴,￥149.00
达尔优（dareu）A98master/大师机械键盘三模热插拔游戏Gasket可调结构PBT键帽可换轴RGB落苏-凯华联名大师轴,￥437.00
RKS75三模机械键盘无线2.4G蓝牙有线RGB全键无冲81键带旋钮0.66吋OLED屏热插拔轴Gasket结构海渊版云雾轴,￥339.00
洛斐（LOFREE）小翘机械键盘无线蓝牙多功能电脑笔记本手机办公家用 键盘68键,￥399.00
VGN V98Pro 游戏动力 客制化键盘 机械键盘 电竞 办公 全键热插拔 三模 gasket结构 V98Pro Box知秋轴 枫糖,￥409.00
黑峡谷（Hyeku）X5 有线/无线2.4G双模机械键盘 108键PBT键帽 凯华BOX新轴 黑森林慕斯 天空蓝轴 附卡扣腕托,￥279.00
迈从（MCHOSE）X75客制化机械键盘无线三模gasket结构全键热插拔蓝牙电竞游戏办公 冰蓝苍穹-琉光冰淇淋轴,￥499.00
迈从（MCHOSE）X75客制化机械键盘无线三模gasket结构全键热插拔蓝牙电竞游戏办公 粉雪海域-风信子轴,￥399.00
迈从（MCHOSE）X75客制化机械键盘无线三模gasket结构全键热插拔蓝牙电竞游戏办公 粉雪海域-琉光冰淇淋轴,￥499.00
黑峡谷（Hyeku）M2 客制化机械键盘全键热插拔办公游戏键盘gasket结构83键PBT键帽白色背光 绛紫樱兰 碧翠轴,￥139.00
飞利浦（PHILIPS） 键盘鼠标套装有线USB笔记本外接电脑台式通用游戏家用办公专用打字低音键盘 SPK6234黑色-单键盘,￥29.90
雷蛇 Razer 黑寡妇蜘蛛V3竞技版 机械键盘 87键 电脑游戏电竞 RGB背光 绿轴,￥549.00
迈从（MCHOSE）K99客制化机械键盘蓝牙/无线/有线三模gasket结构全键热插拔电竞游戏办公 天际橙-风信子轴,￥359.00
VGN VXE75 铝坨坨 三模连接 客制化机械键盘 gasket结构 铝合金机身CNC 全键热插拔 VXE75 阿尼亚轴 冰银,￥449.00
摩天手(Mofii) X210无线键鼠套装  办公键鼠套装 便携 电脑键盘 笔记本键盘  一体机 蓝黑,￥46.90
狼途（LANGTU）GK102奶油骑士 机械键盘 有线键盘 游戏办公键盘 可插拔键盘 银轴,￥129.00
飞利浦（PHILIPS）SPT6254键鼠套装/104键/有线/办公键盘鼠标套装/防泼溅 人体工学 即插即用 黑色,￥32.90
艾石头 FE 104 铁系列 机械键盘 104键游戏键盘 全键无冲 幻彩版 白色 茶轴,￥149.00
罗技（Logitech）MK235 键鼠套装 无线键鼠套装 办公键鼠套装  防泼溅防指纹 全尺寸 带无线2.4G接收器 黑,￥94.00
MageGee SKY 98 游戏电竞机械键盘 98键全键热插拔键盘 舒适办公电脑键盘 有线背光拼装键盘 蓝白混搭 红轴,￥139.00
蝰蛇KM800 键盘鼠标套装有线游戏背光发光真机械手感键盘台式电脑外设笔记本办公电竞拼色薄膜键鼠 K8 奶酪灰【单个键盘】,￥59.00
罗技（Logitech） K845机械键盘 有线游戏键盘 104键DIY键帽电竞键盘吃鸡键盘 K845红轴【童年回忆正派】,￥299.00
爱国者（aigo）WQ1606白色 键鼠套装 有线键鼠套装 USB即插即用 商务办公 笔记本台式通用,￥39.90
"京品数码	
爱国者（aigo）V700有线薄膜键盘 带2个USB拓展口 剪刀脚 低音按键 商务办公 USB即插即用 钛灰色",￥139.00
狼蛛（AULA）F98Pro透明蓝牙三模客制化机械键盘有线无线 RGB热插拔 98配列游戏电竞键盘 粉透冰魄轴,￥369.00
雷柏（Rapoo） X125S 键鼠套装 有线键鼠套装 办公键盘鼠标套装 防泼溅 电脑键盘 笔记本键盘 黑色,￥49.00
联想（Lenovo）异能者有线键鼠套装 键盘鼠标套装  有线鼠标 USB即插即用  全尺寸朋克键盘套装 KM300s 粉白,￥69.00
优派（ViewSonic）KU520机械键盘 电竞游戏键盘104键炫彩背光发光键盘有线键盘电脑外设优派键盘 青轴,￥69.90
前行者（EWEADN）X7S无线键鼠套装办公键盘鼠标套装低音办公电竞游戏通用台式电脑笔记本可充电键盘 白色白光,￥109.00
VGN V87/V87PRO 三模连接 客制化机械键盘 IP联名款 gasket结构 全键热插拔 V87 草莓布丁轴 加勒比海,￥219.00
航世（BOW）HB199 多设备折叠无线蓝牙键盘 通用办公小键盘 黑色,￥158.00
黑爵（AJAZZ）AK820有线机械键盘 全键热插拔 Gasket结构客制化键盘 RGB 5层填充 PBT键帽 蓝白紫 海盐轴,￥179.00
ROG 游侠RX TKL PBT版 机械键盘87键盘布局 有线/无线/蓝牙三模游戏键盘 光学触发机械蓝轴 RGB背光 RX光轴,￥999.00
倍思（Baseus）无线蓝牙键盘 超薄三模连接便携办公键盘轻音 台式笔记本平板游戏键盘男女生通用 紫色,￥119.00
双飞燕（A4TECH）KB-N8510 键鼠套装 有线键盘鼠标套装 电脑办公鼠标键盘套装 笔记本外接薄膜键盘 黑色,￥83.00
狼蛛（AULA）F98Pro透明蓝牙三模客制化机械键盘有线无线 RGB热插拔 98配列游戏电竞键盘 白透冰魄轴,￥369.00
acer/宏碁可充电无线蓝牙键盘鼠标套装双模IPAD静音笔记本台式手机Mac/ipad/安卓通用 黑色【蓝牙无线双模-Typec充电】 键盘鼠标套装,￥89.00
摩天手(Mofii) sweet无线复古朋克键鼠套装 办公键鼠套装 鼠标 电脑键盘 笔记本键盘  白粉色,￥89.00
樱桃（CHERRY）MX1.1雪原极光 机械键盘 游戏键盘 悬浮式无钢结构 87键有线键盘 RGB灯效 电脑键盘 白色 红轴,￥389.00
航世（BOW）G19 有线机械键盘 热插拔机械键盘 电脑办公键盘 电竞游戏键盘 87键混光键盘  红轴 黑色,￥79.00
"京品数码	
美商海盗船 (USCORSAIR) K68 机械键盘 有线连接 游戏键盘 全尺寸 红色背光 IP32防护  黑色 樱桃红轴",￥499.00
京东京造 JZ104三模机械键盘 104键背光黄轴有线机械合金键盘 PBT键帽 游戏键盘 键盘机械 大漠风烟,￥269.00
双飞燕 （A4TECH）FG2535 无线键盘鼠标套装笔记本外接电脑薄膜办公打字专用飞时代键鼠套装  钢铁灰,￥115.00
达尔优（dareu）A98三模热插拔游戏办公机械键盘PBT键帽RGB灯光客制化gasket结构提拉米苏-梦遇轴,￥299.00
艾石头 FE87 RGB U 87键全键热插拔RGB背光机械键盘游戏键盘 黑色 茶轴【升级款 新增夹心棉轴下垫底棉】,￥169.00
狼蛛（AULA）真机械键盘青轴键盘 104键办公电竞游戏键鼠套装 S2022台式电脑笔记本usb通用 翡翠青【混光】 青轴,￥79.00
赛睿 (SteelSeries) Apex 3 TKL游戏键盘 紧凑型有线键盘  8区域RGB背光 IP32  薄膜轴 84键,￥249.00
黑峡谷（Hyeku）M2 客制化机械键盘全键热插拔办公游戏键盘gasket结构83键白色背光键线分离 温润如玉 茶轴,￥99.00
达尔优（dareu）EK815机械合金版机械键盘 有线键盘 游戏键盘 多键无冲 吃鸡电脑 办公键盘 混光黑银茶轴,￥129.00
