﻿Column1,Column2
Column1,Column2
Name,Price
佘曼莱连帽卫衣女2023春秋季美式复古外套慵懒风宽松休闲上衣服女装新款 黑色 L,￥49.98
Navigare意大利小帆船长袖衬衫女士2023秋季莱赛尔格子休闲衬衣 蔚蓝/白 M,￥199.00
俞兆林 中老年女装春秋装外套大衣奶奶装开衫上衣老年人衣服 YT17OC703,￥118.00
皮尔卡丹（pierre cardin）西装连衣裙女春装2023年新款早春季职业气质女神范长袖假两件裙子 杏色 M,￥368.00
南极人睡衣女秋冬季法兰绒保暖加厚家居服长袖翻领珊瑚绒新款女士冬套装 2077 L码165建议体重100-120斤,￥128.00
蔻驰（COACH）女士经典LOGO印花C纹流苏围巾灰色拼色CB684C2J,￥899.00
蔻驰（COACH）女士围巾红色绵羊毛/山羊绒CB684F8Q,￥899.00
betu百图女装休闲小西装女款通勤西服外套JD2101T29 黑色 M,￥439.00
奉孝中老年人秋冬衣服女奶奶装时尚老人冬装加绒加厚外套妈妈棉衣太太 红色 2XL（建议105-120斤）,￥198.00
欧巴顿妈妈秋冬装仿皮草黄水金雕毛呢外套中长款加厚中老年女上衣大毛领 图片色 2XL【建议115-130斤】,￥398.00
欧迪惠加绒卫衣女秋冬季2023年女装套装新款运动服女宽松马甲外套女加厚 上衣+裤子+马甲 XL(建议120-140斤),￥278.00
阔色（kuose）碎花翻领毛衣针织连衣裙女2023新款秋冬季长袖撞色小黑裙子 黑色 12月4日发 M,￥338.00
罗蒙（ROMON）职业套装女秋冬2023新款工作服小个子通勤气质感毛呢西装外套 卡其色裤子 S,￥168.00
叶紫枫（YEZIFENG）加绒加厚衬衫女秋冬新款立领蕾丝雪纺衫长袖打底上衣洋气女士小衫 白色加绒加厚 M,￥118.00
芬腾睡衣女纯棉春秋针织长袖长裤卡通印花休闲可外穿套头女家居服套装 杏色 L,￥79.90
俞兆林妈妈羽绒服90绒衣短款中老年人冬装外套2023新款中年女装洋气保暖 咖色 3XL[建议120-135斤],￥358.00
梵花秀妈妈装羽绒服冬季中年女洋气大码新款冬装中老年女装洋气棉衣秋冬 蓝色高品质羽绒服 2XL建议穿120-130斤,￥298.00
蔻驰（COACH）男女同款经典LOGO印花纯色流苏围巾奶茶色羊绒CB685CACAONE,￥999.00
蔻驰（COACH）【官方直供】女士围巾黑色绵羊毛/山羊绒CB684BLK,￥899.00
朗姿羊毛法式复古垫肩时尚通勤职业西服外套女冬季新款西装 浅灰色 M,￥1639.00
范思蓝恩23FS14265 法式复古假两件连衣裙女秋冬2023新款背心裙子 油画咖 M,￥349.00
南极人（Nanjiren）性感金丝绒睡衣女春秋冬季天女士家居服可外穿长袖蕾丝睡裤套装L,￥109.00
伊芙丽2022年秋新款垂坠显瘦设计感高级温柔显瘦百搭气质上班通勤西装裤 深灰 160/64A/M,￥419.00
皮尔卡丹哈伦裤2023秋冬松紧腰工装小脚长裤显瘦时尚文艺春季休闲裤女 咖啡色（薄款） L建议110-125斤,￥119.00
Hush Puppies暇步士女装冬季针织休闲西装外套 196深蓝 L,￥1079.00
徽昂瑜伽服套装女拼色速干衣健身训练运动套装春夏背心文胸长裤蓝L,￥79.00
MOLY VIVI冲锋软壳裤女秋冬2023新款防风裤登山裤宽松裤魔力薇薇molyvivi 双腰头软壳运动裤-经典黑 L码,￥179.00
欧巴顿妈妈装结婚礼服旗袍连衣裙中老年女2023喜婆婆婚宴高档两件套裙子 酒红色【加绒款】 2XL,￥378.00
骆驼（CAMEL）瑜伽套装女健身运动服五件套 YK2225L5493 杜若紫/烟雾紫 M,￥199.00
生活秀（Livex）长款瑜伽拼色跑步速干无痕裸感服显瘦透气运动套装女 豆蔻绿 M,￥129.00
莫代尔女士半边绒睡衣可爱套头可外穿休闲秋冬珊瑚绒家居服套装 F22066乳白【软绵绵】 L建议102-120斤,￥259.00
皮尔卡丹（pierre cardin）春秋2023新款v领针织连衣裙女冬季法式宽松高级感内搭打底长裙 奶驼色 均码(85-135斤拍),￥129.00
俞兆林妈妈装秋装外套针织开衫中老年女装毛衣开衫老年人衣服 Y237Z1298,￥99.00
"爱心东东	
卡吉蘭娜（Kajilanna）新款连衣裙女装2023春秋季法式气质针织套装温柔风吊带长裙子夏天 开衫+吊带裙 M建议105-115斤",￥158.00
甜美超短连衣裙  日系学院风清纯学生扮演服水手服可爱少女制服 白蓝色+大腿丝 均码 80-120斤,￥46.00
罗蒙（ROMON）毛呢西装裤女2023秋冬季新款小个子女裤高腰休闲宽松直筒烟管裤子 杏色 M,￥128.00
,
闪蜜纯棉中长款t恤女士长袖上衣2022新款春秋女装烫钻衣服宽松显瘦打底衫 宝蓝色  L【建议105-120斤内】,￥49.90
皮尔卡丹（pierrecardin）无帽卫衣女士装春秋冬2023年新款时尚da码小个子洋气长袖上衣 藏青色 XL  建议115-125斤,￥119.00
棉基因睡衣女秋冬季100%纯棉舒适柔软翻领长袖长裤可外穿女士家居服套装,￥149.00
,
徽昂瑜伽服女套装运动服裤健身服跑步速干衣训练紧身裸感五件湖蓝M,￥189.00
,
徽昂瑜伽服套装女跑步训练速干健身衣运动套装拼网短袖T恤束脚裤紫L,￥89.00
,
维多利亚旅行者瑜伽服套装女健身服加绒跑步运动套装秋冬健身服训练服三件套M,￥159.00
H&M女装西装外套秋装女新款显瘦宽松休闲气质通勤OL上衣0991770 浅灰色 160/88A,￥200.00
马孔多（macondo）圆领加绒打底套装3代 跑步上衣+裤子马拉松田径运动装 吸湿排汗 女款-上衣 粘土粉+裤子 黑色 M,￥189.00
芬腾 睡衣女珊瑚绒加厚秋冬季长袖长裤小熊翻领开衫保暖家居服套装 灰绿 XL,￥209.90
罗蒙小香风连衣裙女两件装2023秋季新款休闲气质显瘦洋气加厚套装裙子 图片色 L 推荐 100-110斤,￥329.00
俞兆林（YUZHAOLIN）锦久中年妈妈外套春秋洋气毛呢大衣高档中老年女秋装40到50岁衣服 绿色(春秋款) 2XL 建议105-120斤,￥169.00
皮尔卡丹冬季仿羊羔毛外套女2023新款棉服女韩版宽松加绒加厚短款棉衣女潮 咖色 L（115-130斤）,￥329.00
欧迪惠卫衣女加绒加厚2022年女装套装秋冬季新款休闲运动服女宽松连帽衣服洋气马甲外套女显瘦减龄三件套 杏色 L【建议90-115斤】,￥225.00
G2000女装商务休闲西服套装通勤西裤修身小西装套装00710002-tz 黑色/99(长裤套装) 165/68A/M,￥599.00
米思阳2023冬季新款西装外套女小个子轻奢女装上衣短款时尚炸街西服女 杏色 M,￥339.90
皮尔卡丹2023秋冬新款针织套装女两件慵懒风高级感红色毛衣连衣裙显瘦外穿 红色套装 均码-90-130斤,￥159.00
俞兆林睡裙女士睡衣春秋宽松长袖高级感少女方领外穿甜美家居服,￥87.70
VVC防晒衣服女士夏季冰丝防紫外线短外套披肩外套 丁香紫,￥128.00
皮尔卡丹（pierre cardin）长袖白衬衫女2023春装新款小众设计感洋气翻领职业衬衫雪纺衫上衣 白色 M(95-110斤拍),￥119.00
海青蓝（CYANINE SEA）金丝绒拼接提花连衣裙女2023秋冬新款复古高级感收腰假两件裙子 黑色 L,￥423.00
猫人女士睡衣女春秋棉质开衫V领长袖长裤两件套家居服套装绿色L,￥129.00
阔色（kuose）毛衣披肩连衣裙套装女2023新款秋冬季针织衫长袖小黑裙子 花灰色 XL11月30日发 S,￥368.00
COCOBELLA质感色织花纱羊毛西装女秋冬职业通勤西服外套CT1216 咖啡 XL,￥549.00
叶紫枫加绒加厚衬衫女秋冬新款加绒立领荷叶边米白色雪纺衫上衣气质女 米白色加绒 M,￥109.00
幸棉（LUCKMEEY）珊瑚绒家居服套装男女长毛绒保暖可外穿情侣睡衣麻花绒圆领 女款奶油白 L,￥149.90
ubras刘雯同款慕斯条纹女士睡衣女家居服套装情侣睡衣可外穿奶盐蓝M,￥199.00
欧巴顿妈妈装秋装连衣裙喜婆婆婚宴高档礼服中老年女两件套裙子平时可穿 酒红色【加绒款】 3XL,￥308.00
G2000商场同款女装西服修身显瘦一粒扣商务通勤百搭职业西装上衣21211012 藏青色/79 165/84A/M,￥457.00
桓黎中老年女装棉服奶奶装棉袄冬季棉衣外套冬装老年人衣服保暖妈妈装 红色单上衣 3XL 建议120-135斤,￥228.00
槿城 瑜伽服女春秋长袖高弹速干透气运动外套健身服紧身显瘦套装WT01 雾蓝-上衣 M（95-105斤）,￥59.80
皮尔卡丹（pierre cardin）设计高级感夹克外套2023年新款女春秋季小个子短款高级感小众上衣 米白色 M-95-110斤,￥149.00
皮尔卡丹（pierre cardin）灰色西装套装女高级感2023秋季新款小个子休闲西服外套阔腿裤两件 茶灰色 M 100-110斤,￥189.00
皮尔卡丹潮牌字母简约百搭抽绳连帽加绒卫衣女春秋新款休闲宽松保暖上衣服 橄榄绿 XL  建议125-130斤,￥129.00
伊芙丽精致花纱面料温柔知性风设计感小香风短外套女2023秋装新款 燕麦色 160/84A/M,￥732.00
娅丽达窄版阔腿裤女2023秋冬新款裤子西装裤小个子休闲直筒裤 米色(I0) 29码(2尺2),￥239.00
纵语体育生田径体考比赛训练服压胶背心速干短裤男女健身跑步运动套装 W08-黑三分裤【速干面料】 L【100-120斤】,￥36.00
范斯蒂克（vansydical）跑步运动套装瑜伽服女长袖紧身训练服速干晨跑普拉提健身服 浅紫两件套 TC31632 L（女款建议105-120斤）,￥98.00
卡吉蘭娜新款连衣裙女装秋冬2023年小香风气质加厚收腰显瘦灯芯绒针织裙子 杏色 M,￥128.00
柏丽奴时尚加绒卫衣女2023春秋冬季新款韩版连帽宽松时尚学生衣服女装 2302杏色卫衣【单件】 L【建议106-115斤】,￥29.90
皮尔卡丹妈妈羽绒服冬装短款气质洋气中老年女2023新款中年保暖秋冬季外套 紫色(棉衣款) XL 建议110-120斤,￥299.00
红蜻蜓卫衣女2023年秋冬季新款女士外套女开衫长袖短外套连帽女装上衣衫 米杏色长袖 M,￥124.05
ubras虞书欣同款绵绵云家居服套装保暖女睡衣冬季男情侣家居服女 虞书欣同款（摩卡色-套头套装） L,￥209.00
皮尔卡丹（pierre cardin）小西装连衣裙春秋季女装2023新款时尚气质端庄大气品牌长袖套装 橘格 【三件】 L 【建议106-115斤】,￥798.00
,
芬腾睡衣女2023年秋冬新款翻领加厚长毛绒提花女家居服睡衣套装 草绿-女款 L,￥219.90
皮尔卡丹（pierrecardin）喜婆婆婚宴装平时可穿连衣裙女秋2023新款旗袍喜妈i妈礼服喜服冬 红色 XL (适合116-125斤),￥628.00
,
皮尔卡丹秋季连帽外套女士气质夹克上衣秋装2023年新款春秋休闲女装 米色 L   建议105-120斤,￥189.00
维多利亚的秘密  法兰绒「轻舒绒」磨毛温暖柔软舒适居家女士睡衣套装 4RHY粉雾条纹 11243252 S,￥338.00
芬腾 睡衣女23年秋冬新款优雅风珊瑚绒加厚开衫长袖家居服套装 芥末绿 L,￥269.00
皮尔卡丹假两件连衣裙女2023年新款春秋da码女装高端大牌气质轻奢裙子 黑色 L  建议115-130斤,￥139.00
俞兆林妈妈装秋装毛衣打底衫中老年女装秋冬针织衫老年人衣服 Y236Z3755,￥103.80
皮尔卡丹（pierre cardin）短外套女装2023年秋冬新款加绒加厚时尚小个子外套风衣上衣服女春 米白【加绒】 L【建议100-115斤左右】,￥159.00
浪莎西装裤女秋冬加厚修身显瘦高腰直筒休闲女裤烟管哈伦裤子加绒裤,￥99.00
芬腾睡衣女士秋冬可爱暖绒纯色加绒保暖家居服套装Q9984740865,￥229.90
三彩2023秋季新款纯色坑条T恤鱼骨线弧形下摆修身上衣短款辣妹风 灰色 155/80A/S,￥188.00
雅戈尔（YOUNGOR）套西上衣女123款两粒单排扣外套修身版羊毛混纺舒适弹力易打理 藏青 165/88A,￥1599.00
爱慕内衣秋冬家居服海岛绒抗静电中厚保暖开衫分身女士家居服睡衣套装 霞影粉3AD 165,￥409.00
南极人珊瑚绒睡衣女情侣冬季春秋加绒加厚可爱保暖可外穿家居服套装L,￥169.90
ubras兔绒绒开襟家居服套装秋冬厚款加绒女士睡衣女长袖长裤-粉晨色M,￥279.00
蔻驰（COACH） 女士LOGO印花时尚围巾礼物送女生礼物【品牌授权】 CB684 CAM ONE,￥799.00
初语灯芯绒复古衬衫女2023年秋季新款宽松休闲慵懒风长袖衬衣上衣 浅卡其 M,￥179.00
范斯蒂克（vansydical） 瑜伽服女运动套装春秋季普拉提训练长袖紧身晨跑步健身服套装 浅紫色两件套 TC42663 XL（建议120-135斤）,￥98.00
范思蓝恩23FS11365蓝色牛仔衬衫女设计感小众法式大尖领长袖衬衣 牛仔蓝 M,￥289.00
芬腾睡衣男士纯棉简约长袖开衫可外穿家居服套装Q9J24790280,￥229.90
ubras软绵绵保暖女睡衣女柔软圆领舒适落肩长袖外穿家居服连衣裙睡裙女 兰花烟色 M,￥99.00
伊芙丽皮毛一体机能风短款气质美拉德毛毛外套女2023冬装新款 驼色预售[11月25日发] 155/80A/S,￥1331.00
蕉内绒绒301H法兰绒情侣睡衣男女士翻领加绒加厚保暖家居服套装秋冬季 女翻领-冰岛紫 M,￥279.00
博柏利（BURBERRY）女装 灯芯绒衣领菱形绗缝夹克黄金甲棉服80651081,￥10800.00
俞兆林妈妈冬装洋气外套中年女士2023中老年人新款秋冬季加绒加厚棉衣 卡其色 2XL 建议105-120斤,￥209.00
欧莎（OSA）【秋季衣裳】毛呢西装裤子女新款高腰显瘦烟管裤休闲直筒裤 浅杏色 L,￥229.00
红豆（Hodo）珊瑚绒夹棉睡衣女三层加厚保暖可外穿防风棉袄冬季印花家居服套装 米色 165,￥399.80
范思蓝恩23FS13166 法式纯棉长袖衬衫女秋季2023新款气质通勤衬衣 天蓝色 XS,￥269.00
皮尔卡丹高档品牌女装毛呢西装连衣裙套装女秋冬季2022年新款气质高端加厚小香风两件套套装显瘦针织 咖啡(两件套套装) L,￥578.00
蔻驰（COACH）女士围巾黑色羊绒F76393BLK,￥899.00
琦蝶尔羊羔毛绒外套女秋冬季2022新款女士小香风羊羔绒皮毛一体加绒加厚棉衣短款机车服夹克上衣秋装韩版 卡其色（现货） L,￥239.00
HOYO日本 浴袍五星级酒店浴袍情侣装纯棉柔软吸水浴衣汗蒸服男女通用 樱若 S码 适合身高155-170CM,￥269.00
皮尔卡丹（pierre cardin）红色连衣裙女春秋季喜婆婆婚宴装平时可穿年轻喜礼服高贵旗袍 酒红 L适合106-115斤,￥678.00
芙琦莱妈妈装羽绒服短款2023新款棉袄中老年女装秋冬外套50岁小个子上衣 米色【高品质YRF】 2XL【建议115斤-130斤左右】,￥328.00
啄木鸟网红妈i妈装小香风外套女春秋短款高档中年休闲西装小个子外穿上 燕麦色【好面料】 XL 【建议85-105斤】,￥168.00
皮尔卡丹小熊针织马甲衬衫两件套女时尚休闲减龄套装2023年秋冬新款 图片色 均码建议80-130斤,￥129.00
皮尔卡丹格子针织连衣裙女秋装2023年新款韩版复古气质中长款毛衣打底裙子 图片色 均码建议80-130斤,￥139.00
伊芙丽（eifini）【商场同款】伊芙丽雪纺衫女2022秋季新款百搭优雅上衣1D8223001 本白色 160/84A/M,￥226.00
俞兆林（YUZHAOLIN）妈妈冬装外套老人加厚羽绒棉衣新款纯棉中年妇女老太太小棉袄奶奶 绿色 2XL 【126-135斤】,￥228.00
六只兔子（six rabbit）六只兔子家居服女长袖法兰绒保暖亲肤睡衣可外穿宽松版圆领套装服 紫色 L,￥109.90
茵曼（INMAN）茵曼枪驳领西装外套2023秋季女装新款长袖显瘦小西服 浅灰杏 S,￥799.00
皮尔卡丹千鸟格西装外套女春秋2023新款休闲格子毛呢西服上衣da码气质 黑灰色 XL建议115-130斤,￥169.00
MeetMetro玛依尔黑色西装外套女春秋新款时尚休闲职业气质西服上衣 黑色【现货闪电发】 L,￥499.00
BOSS【面包羽绒】男女同款23秋冬徽标装饰连帽夹克鸭绒羽绒服外套 001-黑色 EU:50,￥5200.00
"爱心东东	
【轻奢 高端】嫁女儿结婚礼服妈妈装毛呢外套正式场合喜婆婆婚宴呢子大衣长款 酒红色 XXL",￥649.00
俞兆林（YUZHAOLIN） 中老年女装妈妈装冬装新款加绒加厚棉袄外套秋冬中长款衣服洋气 藏青色 XL码建议85-100斤,￥158.00
黛苇中老年女装妈妈装棉服2022冬季老太太棉衣连帽外套衣服奶奶棉袄 黑色 2XL[建议105-120斤],￥158.00
皮尔卡丹撞色长袖翻领针织连衣裙女2023秋季新款减龄通勤假两件显瘦裙子 桔色 L(105-115斤拍),￥129.00
皮尔卡丹秋季时尚名媛小香风职业港风套装女复古chic针织毛衣阔腿裤两件套 驼色 均码(85-135斤拍),￥159.00
果壳（Gukoo）睡衣女春秋款白雪公主新款可爱休闲女士家居服套装C 白雪公主花边领套装 L,￥169.00
ubras愿望系列-有钱花半边绒家居服套装套装男女同款情侣女睡衣冬季 摩卡色 L,￥279.00
全棉时代【赵丽颖推荐】少女休闲小猫提花纱布夹棉H版合身家居服套装 小猫提花 140,￥458.00
皮尔卡丹法式围裹式V领针织连衣裙女装2023秋冬季新款休闲优雅气质包臀裙 米白色 L(105-115斤拍),￥149.00
熙世界美拉德穿搭秋冬女2023新款千鸟格马甲磨毛连衣裙套装 莫妮卡棕 XXL,￥469.00
俞兆林（YUZHAOLIN） 中老年女装2022秋冬新款妈妈装秋冬加绒外套洋气小棉衣服时尚连 黑色 2XL_【体重105-120斤】,￥149.00
皮尔卡丹美式连帽卫衣运动服套装女vintage秋冬季宽松开衫阔腿裤休闲两件 灰色套装 L 100-120斤,￥169.00
欧莎（OSA）【秋冬衣裳】白色蕾丝磨毛加绒衬衫女秋季23年新款设计感小众衬衣 米白色 L,￥258.00
欧莎（OSA）【秋季衣裳】纯色OL职业衬衫女设计感长袖飘带衬衣薄款新款 白色 S,￥189.00
皮尔卡丹加绒卫衣女连帽2023新款过年衣服洋气韩版百搭设计感拼接口袋上衣 红色加绒 2XL建议130-145斤,￥149.00
Lee商场同款23秋冬新品标准版中浅蓝女牛仔衬衫LWT0067096DE-052 中浅蓝 M,￥599.00
贤语连帽卫衣女oversize宽松百搭春秋衣服韩版甜美vibe风ins潮流外套 杏色【加绒加厚】 (秋冬款) M 86-105斤,￥28.51
Navigare意大利小帆船条纹长袖衬衫女2023新款秋季休闲女士棉质衬衣 漂白/蓝 M,￥420.00
对白春秋款纯色双排扣西装外套女时尚OL通勤西服百搭宽松上衣 驼色【现货秒发】 L,￥279.90
三彩2023冬季新款假两件拼接连衣裙菱形格收腰针织A字裙长裙女 黑白 160/84A/M,￥548.00
百图betu女装2023秋季新款西装小香风外套金属排扣百搭西装女2307T46 米白 M,￥439.00
红豆情侣睡衣女秋纯棉长袖家居服女全棉圆领可外穿套装C5-08芭蕾粉165,￥139.80
俞兆林妈妈装秋冬呢外套中老年女装毛呢大衣奶奶装老年人衣服 Y237G1308,￥158.00
阔色（kuose）阔色新中式格子吊带连衣裙女2023秋冬季新款复古背心裙背带长裙子 黑灰色 S,￥358.00
芬腾情侣睡衣加绒加厚保暖卡通束口睡衣套装女Q9984740714,￥219.00
皮尔卡丹（pierre cardin）咖啡色西装套装女2023春秋新款时尚气质高端职业西服外套女工作服 褐色 (西装+裤子) XL,￥628.00
,
ubras云朵绒宽松版型抗静电女睡衣冬季情侣家居服柔软舒适套装男 蓝色-小云朵套装 XL,￥159.00
罗蒙（ROMON）灯芯绒小西装外套女装2023秋冬季新款高端时尚气质休闲职业小西服 墨绿色 XXL,￥197.60
,
都市丽人家居服情侣款加厚法兰绒抗静电翻领开襟男女家居服套装 2H3024 粘土粉-女款 L,￥198.00
罗蒙（ROMON）23年新款黑色弹力西装裤女显瘦中腰职业直筒秋冬新款韩版休闲裤工 小脚长裤 春秋款 2XL 118-128斤,￥59.00
,
范斯蒂克（vansydical）瑜伽服女跑步服速干运动套装训练长袖专业健身服秋冬季 浅紫+灰紫五件套 TC42648 L（建议105-120斤）,￥198.00
红豆（Hodo）珊瑚绒睡衣女情侣秋冬新款防螨抑菌男士厚款保暖外穿家居服套装 女士米色（抗菌防螨） 165,￥239.80
阿夫特农性感雪纺衬衫女教师长袖超短裙包臀睡衣秘书制服职业套装夏 秘书套装+黑色开档袜,￥32.00
悦步瑜伽服女运动套装跑步上衣长袖2023秋新款健身服套装立领拉链修身 奶咖色 L,￥109.00
BOSS男女同款2023年秋冬新款徽标法国毛圈布圆领卫衣 050-浅灰色 EU:M,￥1500.00
wsng加绒2021春装新款牛仔短款外套女韩版宽松显瘦百搭刺绣外套纯色 3383#浅蓝色 L 建议105-120,￥34.66
果壳睡衣女冬季玛丽猫新款珊瑚绒可爱保暖女士家居服套装D 玛丽猫女套 S,￥279.00
哈吉斯（HAZZYS）女装秋季新款时尚休闲宽松牛仔衬衫ASCSK12DK23 蓝色BL 160/84A 38,￥1060.00
Hush Puppies暇步士女装秋经典长袖女士格子衬衫 365蓝绿 M,￥449.00
全棉时代（PurCotton）【赵丽颖推荐】2023冬女士双层纱布夹棉家居套装时尚印花睡衣女 飞花落影 165/L,￥622.00
皮尔卡丹假两件长袖衬衫女士2023秋季新款时尚洋气衬衣上衣春秋 卡其色 2XL  建议130-145斤,￥129.00
Navigare意大利小帆船长袖衬衫女休闲职业装秋季条纹衬衣女装 漂白/蓝 M,￥535.00
浪莎性感内衣女吊带长裙旗袍诱惑开档免脱修身露r睡衣夫妻火辣诱惑 吊带长裙-肤色 吊带长裙+t裤【80-130斤】,￥39.80
"爱心东东	
啄木鸟毛呢外套格子女短款春秋季2023新款显瘦上衣小个子千鸟格呢子西装 咖啡色 XL_建议105-115斤",￥107.10
啄木鸟休闲服运动套装女洋气卫衣时尚秋装两件套春秋2023年新款妈妈宽松 酒红色 XL建议115-130斤以内,￥69.00
安踏易打理套装|运动服两件套男女休闲秋冬跑步中性情侣外套长裤,￥399.00
皮尔卡丹秋冬季韩版短外套女2023新款宽松短款棉服女小个子加绒加厚棉衣女 粉色加绒款 M（100-110斤）,￥149.00
范思蓝恩23FS12234法式天丝刺绣连衣裙女夏季2023新款V领仙女长裙 白色 M,￥499.00
Hush Puppies暇步士女装冬季外套休闲针织西服装 196深蓝 M,￥1079.00
安之伴睡衣女士春秋季居家服套装可外穿长袖睡裤女士两件套 灰绿 M,￥139.00
红豆（Hodo）情侣纯棉睡衣女红色本命年男士结婚喜庆礼物全棉可外穿家居服套装 女士红色-好事花生 165,￥239.80
蕉下帆山东即墨卫衣女早秋季圆领卫衣女无帽宽松长袖上衣服女外秋季女装 宝蓝色 L码建议100-115斤,￥58.00
逸阳逸阳轻奢羊毛卡其色九分西装裤女秋冬新款黑色烟管版西长裤小个子 驼色 27,￥269.00
维多利亚的秘密 水光绸奢华舒适丝滑缎面长袖长裤睡衣套装女士秋季居家服 48PF浅水蓝 11221502 XS,￥448.00
莫代尔 性感睡衣女带胸垫薄款冰丝蕾丝性感情趣心机诱惑镂空纯欲深V吊带睡裙冰感丝女夏2022新款家居服 蓝绿色单吊带 L 105-120斤,￥89.00
欧莎（OSA）美式假两件印花套头卫衣女秋冬装2023年新款宽松显瘦上衣 枣红色 XL,￥278.00
皮尔卡丹【轻奢高档】加绒加厚运动套装女秋冬2022新款韩版羊羔绒时尚卫衣休闲服两件套套装精致女装针织 卡其色【灯芯绒三件套】 2xl【建议125-135...,￥208.00
,
三彩2023秋季新款羊毛针织开衫连衣裙背心裙时尚披肩温柔女 黑咖啡 165/88A/L,￥498.00
安之伴情侣睡衣春秋亲肤纯棉简约纯色长袖开衫女士家居服套装可外穿 灰绿-女 L,￥149.00
三福休闲裤2023秋工装口袋潮流链条宽松格纹长裤女装473913 红格 160/64A/S,￥199.00
MACKAGE敢为先锋系列-女士 VESNA轻薄宽松短款羽绒 太空灰 S,￥7400.00
安之伴睡衣女春季针织棉质长袖开衫国民领多色简约舒适可外穿家居服套装 牛仔兰 M,￥169.00
俞兆林中老年女装秋装毛呢外套奶奶装呢大衣开衫妈妈老人衣服 Y237G1819,￥128.00
Navigare意大利小帆船长袖衬衫女士秋季中长款黑色休闲时尚衬衣 黑 M,￥580.00
楚馨时尚运动两件套套装裤子2023春秋季新款女装女士气质休闲裤女阔腿 咖色 L,￥188.00
俞兆林工装阔腿裤子女春秋高腰百搭显瘦休闲直筒运动卫裤女Y137R1179,￥86.00
Olrain欧芮儿法式高领内搭蕾丝衫女秋季2023新款修身镂空打底上衣 米杏色 M,￥249.00
Navigare意大利小帆船女士通勤休闲裤直筒长裤西装裤2332073503 黑 M,￥595.00
皮尔卡丹（pierre cardin）短外套女装2023秋装新款气质春秋外套宽松小个子上衣外搭针织西装 米白 M,￥159.00
ROEYSHOUSE罗衣毛呢小西装外套女冬季新款职业装通勤修身正装西服女03180 花灰色 M,￥438.00
VVC防晒衣服女士夏季长款冰丝防紫外线外套披肩 冰川白,￥248.00
欧莎（OSA）【秋季衣裳】新款黑色吊带缎面连衣裙女外穿显瘦长裙V领法式裙子 黑色 M,￥199.00
罗蒙（ROMON）春秋季新款韩版气质时尚百搭设计感小众西服咖啡色小西装外套女职 米白色 L 110-125斤,￥98.00
,
加肥加大码胖妹妹女士正装西装套装大码正装女套装秋冬大学生200斤面试职业装西服显瘦胖mm西装外套 888西装 6XL,￥189.00
芙琦莱妈妈装羽绒服冬装新款洋气棉袄短款中老年女装秋冬老人小棉袄加厚大码外套 橘色ZW040羽绒服  2XL【建议115斤-125斤左右】,￥358.00
YUDA针织连衣裙女春秋装2023年新款粉色翻领长袖小个子收腰打底秋冬 连衣裙 L 110-120斤,￥188.00
米思阳（missshine）2023冬季新款洋气小香风时尚套装修身粗花呢裙子两件套3132 红色 XL,￥679.90
俞兆林（YUZHAOLIN）中年妈妈装冬装羽绒服短款大码遮肚棉袄40岁50老年人棉衣服外套女 628-黑色【加厚棉服】 XL【建议121-140斤】,￥198.00
皮尔卡丹高级感炸街格子西装外套女春秋新款韩版英伦风时尚洋气小西服上衣 褐色 L(105-115斤拍),￥149.00
皮尔卡丹小香风娃娃领仿羊羔毛外套女秋冬季2023新款小个子气质名媛棉衣 杏色 L(105-115斤拍),￥149.00
皮尔卡丹秋冬季新款红色针织连衣裙女加厚高领毛衣中长款收腰显瘦针织裙子 红色 XL(115-125斤拍),￥139.00
beanpole滨波 女士春秋米棕色商务休闲格纹直筒宽松绵羊毛混纺西装单西 米色 160/84A,￥1795.00
皮尔卡丹2023新款纯色连帽长袖打底针织连衣裙女秋冬季小个子气质单穿长裙 白色 L-105-115斤,￥149.00
冬季三件套女装加绒加厚卫衣马甲毛呢裤女秋冬减龄洋气套装【质量全新升级】SN7576 米白马甲+杏色卫衣+卡其裤 M 【建议95-110斤】,￥241.87
啄木鸟中老年女装2023新款妈妈装秋装外套中年时尚洋气春秋夹克格子衣服  米灰色 3XL 建议125-135斤,￥108.00
ROEYSHOUSE罗衣保暖毛呢西装外套女冬装新款气质修身职业西服03160 咖色 S,￥458.00
芙琦莱中老年女装妈妈装冬装洋气羽绒服女中长款新款中年人棉衣女奶奶冬装加厚外套 DLTS雾霾蓝羽绒服 2XL【建议135斤-150斤左右】,￥388.00
皮尔卡丹妈妈装小西装外套女洋气时尚中老年女装40岁50年轻女士小香风上衣 绿色 XL 【建议100斤内】,￥138.00
芊芊娘子连帽外套女秋冬加绒卫衣开衫秋冬装2023年新款潮牌女装春秋冬外搭 加绒灰色 均码【建议85-155斤】,￥198.00
尔煦【品牌捡漏】晚礼服金丝绒连衣裙女春秋新款高贵洋气时尚长裙加绒加厚包臀裙子气质女装 酒红色 不加绒春秋款 XL 110-119斤,￥78.00
范思蓝恩23FS14429法式复古长袖连衣裙女秋冬2023新款波浪V领裙子 咖色 S,￥399.00
亦朵秋冬女装打底连衣裙女中长款羊毛连衣裙针织裙子百搭优雅气质长裙 茜色 XL,￥619.00
FIVE PLUS小香风连衣裙女2023秋冬新款女装法式气质显瘦针织 180粉红色 M,￥699.00
欧莎（OSA）慵懒风美式复古连帽印花卫衣女秋装2023年新款显瘦短上衣 藏蓝色 XL,￥258.00
罗蒙（ROMON）格子西装毛呢外套女23秋季新款韩版宽松复古格纹毛呢大衣中长款职 墨绿色【不加棉】 L 建议115-130斤,￥109.43
,
南极人（Nanjiren）草莓熊珊瑚绒睡衣女款2023新款冬季可爱加绒加厚长款浴袍毛绒睡袍 粉色爱心睡袍套装【睡袍+裤子】 L码【建议100-120斤】,￥98.00
,
皮尔卡丹V领连衣裙女2023年秋季新款小香风气质裙子优雅长袖显瘦打底裙 黑色 XL(115-125斤拍),￥139.00
Navigare意大利小帆船长袖衬衫女复古格子衬衣秋季职业装 中卡其/灰 M,￥535.00
J-ME秋季小西装连衣裙套装女主持人正装职业西服外套美容珠宝店工作服 7分小西装+白色连衣裙 L,￥448.00
皮尔卡丹（pierre cardin）春秋季新款外套女小个子洋气高级感名媛短款粗花呢chic小香风冬装 咖啡色外套 XL-115-125斤拍,￥169.00
Kiargo新款情侣睡衣男士秋冬季珊瑚绒加绒加厚卡通保暖冬天女士法兰绒家居服套装 WZN027天蓝鸟 男XL码适合(175CM)135斤以内,￥55.00
皮尔卡丹（pierre cardin）小香风短款外套女2023年新款秋冬季粗花呢品牌小西装黑色女士上衣 黑色 L(105-120斤),￥303.00
爱暇步 瑜伽服女套装秋冬款高端专业普拉提健身服拉链衫长袖运动T恤显瘦 (酒红色+33123黑)/磨毛温暖 L,￥358.00
BOSS 【李敏镐同款】 2022新款男女同款大BOSS连帽卫衣 001-黑色（货号50491404） L,￥1950.00
范斯蒂克 瑜伽服健身套装女长袖跑步运动紧身训练服 浅紫两件套 TC16939 M,￥98.00
芬腾睡衣女2023年秋冬珊瑚绒保暖翻领长袖开衫女士家居服睡衣套装 米杏 L,￥269.00
ROEYSHOUSE 罗衣毛呢西装套装女冬季新款肌理感外套半裙两件套07792 深蓝色 L,￥799.00
欧莎（OSA）法式复古灯笼袖针织连衣裙女秋装2023年新款气质显瘦裙子 咖色 L,￥398.00
皮尔卡丹（pierre cardin）短外套女装2023年春秋季新款上衣小个子小香风外套衣服毛呢大衣女 黑棕格 L,￥159.00
"爱心东东	
锡曼尘羽绒服背心奶奶装老年人秋冬妈妈马加甲老人内胆坎肩太太加厚棉马 701款-V-皮红 3XL",￥109.00
betu百图女装春秋气质时髦英伦风西装干练通勤升职西服2201T31 咖啡色 S,￥439.00
UR2023秋冬新款女装复古英伦设计感格子双排扣西装外套UWL130064 绿色格子 M,￥399.00
三彩2023冬季新款蕾丝拼接连衣裙木耳边圆领收腰A字裙优雅淑女 黑色 170/92A/XL,￥448.00
三彩2023秋季新款西装领长袖双排扣连衣裙收腰设计感气质女 咖啡 165/88A/L,￥318.00
百图betu女装2023秋季新款西装学院风高级感显瘦西装外套女2309T63 深宝兰 M,￥529.00
珂莱蒂尔女装2023秋季新款通勤职业干练气质羊毛小西装外套上衣 暗黄 L,￥1599.00
玖姿·安娜蔻百搭微喇蝴蝶结装饰针织加绒显瘦长裤女2023冬季新款 素黑 S,￥635.00
芬腾 睡衣女23年秋冬长袖新款IP可妮兔联名珊瑚绒家居服套装 藕粉 L,￥269.00
奉孝妈妈羽绒服女冬装中老年人冬季加厚外套奶奶装老人衣服保暖大码 紫色 3XL（建议120-135斤）,￥398.00
BUOUBUOU蕾丝连衣裙女新品2023年早秋新款时尚法式淑女知性V领雅致七分袖 浅紫P61 L,￥941.00
皮尔卡丹（pierre cardin）短外套女装2023年春秋季新款上衣小个子小香风外套衣服毛呢大衣女 黑白千鸟格 2XL,￥159.00
皮尔卡丹（pierre cardin）高级感连衣裙女夏2023新款春秋小个子仙女裙子收腰显瘦气质长袖 黑色 M-95-105斤,￥139.00
范思蓝恩23FS13207法式复古灯笼袖绑带收腰连衣裙秋新款气质女裙 杏色 L,￥389.00
三彩2023夏季新款撞色娃娃领连衣裙收腰A字裙小黑裙优雅淑女 白黑 155/80A/S,￥408.00
COCOBELLA设计感高腰秋冬通勤西服短裤女PU装饰五分裤SO606 黑色 M,￥289.00
三彩2023春季新款撞色条纹衫拉链翻领短款宽松卫衣套头衫女 黑色 155/80A/S,￥198.00
范思蓝恩23FS14264 正式场合气质长袖连衣裙女秋冬法式长裙赫本风 浅卡其 L,￥399.00
三彩2023冬季新款条纹坑条针织连衣裙翻领宽松直筒裙内搭简约女 白黑 160/84A/M,￥388.00
罗蒙红色小香风连衣裙套装女2023秋冬新款气质毛呢半身裙子外套两件装 红色 XL 推荐 110-120斤,￥299.00
芬腾 睡衣女2023年秋季新款柔美花卉花边圆领九分袖优雅家居服套装 樱花粉 XXL,￥209.90
维多利亚的秘密 花漾蕾丝美背性感无衬垫睡衣睡裙女送老婆爱人女友礼物 5DYW黑色 11214869 S,￥449.00
歌力思（ELLASSAY）【博主同款】2023秋季新款羊毛小香风针织连衣裙女EWB343M03000 珠光白 S,￥1880.00
玖姿·安娜蔻休闲风珠钻装饰套头圆领落肩长袖卫衣女2023冬季新款 素黑 S,￥635.00
欧莎（OSA）高腰休闲裤运动卫裤女秋冬装2023年新款显瘦小脚裤子 灰色 L,￥198.00
玖姿（JUZUI）JZ玖姿细支羊毛针织裙女装2022冬季新款设计感假两件式披肩连衣裙 酒红 XL,￥892.00
YUYI香港潮牌小西装外套女2023春秋新款韩版休闲时尚气质女神范小西服 咖啡色 XL,￥368.00
EP雅莹女装 透气亚麻格纹薄款通勤显瘦一粒扣西装外套 商场同款1146A 灰色 3/M,￥1439.00
恒源祥品牌女装 羊毛棉袄皮毛一体中老年棉衣服保暖妈妈装外套老人冬季加厚羊皮袄 红色 长羊毛 3XL建议105-120斤,￥359.00
皮尔卡丹（pierre cardin）收腰衬衫连衣裙女23春秋新款气质高级感长袖显瘦女神范衬衣领裙子 咖啡色 L(110-125斤拍),￥139.00
阔色（kuose）小黑裙假两件针织连衣裙女2023秋季新款长袖小香风毛衣裙子 黑色8004 M,￥338.00
恒源祥中年女士羊毛衫 秋冬绣花亮钻半高领羊毛衫女妈妈装打底衫女装 月影驼 170/92A/L,￥498.00
三彩2023夏季新款法式连衣裙蝴蝶结纯欲风A字裙中长收腰气质女 深红   155/80A/S,￥278.00
初语独特别致帽绳连帽卫衣女2023秋季新款加绒保暖帽衫上衣外套潮 藏青色 S,￥239.00
OVV【爱情而已同款】2022春夏新款女装经典一粒扣通勤西服 米白05 M,￥960.00
梵希蔓银丝绒气质西装外套女设计感小众2023秋冬新款高级感小西服 M2799 灰蓝色 M,￥339.00
皮尔卡丹小香风外套连衣裙两件套女装2023秋季新款气质名媛洋气秋季套装裙 米白+黑色(套装) M(90-105斤拍),￥169.00
wsng 95棉 带领上衣女春秋新款ma妈装宽松大妈遮肚翻领长袖T恤 灰色【长袖】 2XL,￥41.69
皮尔卡丹秋季2023新款短款小香风西装外套女秋冬高级感小个子西服上衣春秋 粉红色 S  建议100斤内,￥149.00
皮尔卡丹小个子时尚西装套装女装短款2023秋季新款职业气质西服外套两件套 黑色 M  建议90-100斤,￥169.00
BCMDM香港潮牌收腰双排扣西装连衣裙女 2023秋季新款显瘦纯色收腰短裙 卡其色 M,￥539.00
莱倪晟纳短外套女装2023年秋季新款春秋小个子女士小香风毛呢外套上衣服女 灰绿色 L,￥169.00
罗蒙（ROMON）高档品质女装小西装外套女23秋冬时尚气质职业西服套装三件套西装 粉色【上衣+裤子+白吊带】 L 建议【110-119斤】,￥198.00
,
秦然  中年秋季旗袍洋气2023喜婆婆婚宴装婚礼妈妈礼服高贵春装连衣裙 红色 L,￥578.00
皮尔卡丹高档品牌女装小香风连衣裙女秋冬气质名媛贵夫人阔太太毛呢西装两件套套装显瘦针织 藏蓝色 L 【适合106-115斤】,￥608.00
G2000女装21秋季新款西装外套宽松时尚版型气质简约西服16714674 深灰色/98 165/84A/M,￥559.00
恒源祥（HYX）妈妈装新款秋冬装外套洋气中老年女装春秋毛呢连帽开衫上衣5060岁 深灰 XXXL【建议146-159斤】,￥466.00
AIROUDAN 原创轻奢潮牌女装连衣裙女2022年秋季新款法式洋气时尚休闲长袖衣服两件套套装裙子女 灰色 L,￥499.00
玖姿·安娜蔻优雅日常小香风圆领长袖毛衫连衣裙女2023冬季新款 条黑 L,￥1124.00
熙世界假两件拼接连衣裙女2023秋新款气质优雅撞色长袖衬衫裙子 夜普蓝 L,￥339.00
衛夕（WEIXI）奢妈妈春装上衣外套中年妇女洋气大码针织开衫中老年人春秋毛衣套 灰绿色 2XL(建议135-145斤),￥199.00
,
海青蓝（CYANINE SEA）秋冬新款洋气撞色内搭裙子2023女装时尚针织连衣裙气质打底毛衣裙 黑色 M,￥398.00
皮尔卡丹初秋装搭配一整套小个子高级感小香风韩剧穿搭两件套装裙女秋冬季 外套+裙子 XL 115-125斤,￥179.00
皮尔卡丹（pierre cardin）短外套女装2023年春秋季新款上衣小个子小香风外套衣服毛呢大衣女 杏色 S,￥159.00
范斯蒂克（vansydical）运动套装女训练跑步服显瘦健身衣透气女瑜伽服 浅紫三件套 TC16136 M（建议95-105斤）,￥128.00
皮尔卡丹连帽时尚外套女短款2023春秋新款小个子休闲拼色工装上衣 米白色 2XL   建议130-145斤,￥159.00
MACKAGE轻柔水感系列-女士 TESSY防寒短款羽绒服23秋冬新品 黑色 XS,￥9100.00
HUGO 春夏男女同款徽标印花常规休闲棉质圆领短袖T恤 001-黑色 EU:L,￥680.00
三彩2023夏季新款复古方领灯笼袖碎花娃娃衫宫廷风上衣小衫清新女 粉红 160/84A/M,￥248.00
LULULMCCTN 瑜伽服套装女长袖普拉提专业训练运动跑步健身套装 淡粉色+蓝灰束腿裤 XL,￥929.00
皮尔卡丹（pierre cardin）短外套女装2023年春秋季新款上衣小个子小香风外套衣服毛呢大衣女 米白色 M,￥159.00
本尼熊贝妍新婚睡衣女秋冬可爱小熊珊瑚绒套装保暖半边绒结婚红色家居服 F60259 图色 165(L)码,￥238.00
皮尔卡丹品牌轻奢女装 纯棉运动卫衣服套装女春秋2022新品秋季母亲时尚女士休闲三件套 7926酒红 2XL（120-135斤）,￥338.00
皮尔卡丹秋装女士短款小香风外套百搭女春秋2023新款时尚休闲长袖上衣 黑色 M   建议100-110斤,￥159.00
穆夏百合加厚加绒卫衣女2023春秋装新款女装时尚休闲宽松小个子长袖上衣 咖色 M(适合体重115斤以),￥188.00
皮尔卡丹（pierre cardin）韩版卫衣女春秋装2023新款休闲宽松套头短外套女内搭上衣 杏色 M（100-110斤）,￥129.00
玖姿·安娜蔻浪漫休闲压褶厚实内搭套头圆领连衣裙女2023冬季新款 素黑 M,￥1124.00
皮尔卡丹法式气质收腰时尚连衣裙女2023春秋新款显瘦设计感网红炸街西装裙 杏色 M  建议100-110斤,￥169.00
BBLLUUEE粉蓝衣橱轻奢钉珠丝绒礼服连衣裙女2022秋冬新款收褶长裙525L307 紫竹色 M,￥1509.00
玖姿·安娜蔻时髦假两件百褶羊毛混纺毛衫连衣裙女2023冬季新款 丈青 XL,￥1124.00
欧莎（OSA）名媛温柔小香风短款外套女秋冬装2023年新款气质通勤上衣 米白色 L,￥369.00
娜尔思（NAERSI）黑色复古气质丝绒西装外套女23秋冬新款通勤小西服 黑色 L,￥1799.00
皮尔卡丹洋气春秋长袖外套女2023年秋装新款韩版宽松显瘦复古夹克上衣潮 卡其色 XL(115-125斤拍),￥129.00
皮尔卡丹西装连衣裙女秋冬季新款妈I妈格子加厚毛呢高端气质小香风贵夫人 绿格 M (适合85-105斤),￥708.00
,
IEF/爱依服连衣裙2023秋冬法式浪漫淑女风高级感气质蕾丝连衣中裙 杏 M,￥159.00
哈吉斯（HAZZYS）女装 夏款连衣裙短袖素色简约连衣裙AQWSC02BC37 薄荷绿色MG 165/88A 40,￥2058.00
恒源祥中年妈妈装时尚套装秋装运动千鸟格针织外套中老年女装春秋两件套 藏青色 180/100A(3XL)【建议120-135斤】,￥238.00
珂莱蒂尔通勤西装外套女七分袖西服上衣职业小西装垫2023年新款 灰蓝绿 2XL,￥999.00
欧莎（OSA）职业正装西装外套女秋冬装2023年新款休闲气质小西服 咖色 XL,￥598.00
亦朵秋冬女装针织连衣裙女中长款打底裙子百搭长裙气质优雅长袖连衣裙 胡桃色 L,￥759.00
皮尔卡丹妈妈装高贵洋气外套结婚礼服中老年女装秋装婆婆参加婚宴两件套 红色 XL （推荐115-130斤）,￥228.00
忆灵高级时尚职业套装女2023秋季新款小个子短款西装外套直筒裤两件套 黑色套装 M(80-100斤),￥168.00
皮尔卡丹法式小香风连衣裙套装女装秋冬2023新款时尚职业高级感半身裙两件 上衣+裙子 M-95-105斤,￥189.00
FIVE PLUS夏季新款气质通勤方领连衣裙女泡泡袖单排扣高腰裙 粉红180 L,￥459.00
啄木鸟好棉运动服套装女春秋2022年新款时尚秋装卫衣宽松长袖休闲两件套 9105_红色两件套 XL（建议110-125斤）,￥168.00
欧莎（OSA）小香风连衣裙套装秋冬季2023年新款外套半身裙两件套 黑色 M,￥429.00
"爱心东东	
DUROSBABY 气质轻奢潮牌网红小西装外套女2022年春秋款韩版修身气质白色女士西服上衣休闲 白色226双层加里布 M 90-100斤",￥298.00
莱倪晟纳秋冬短外套女装新品2022年春季新款韩版宽松时尚开衫春秋风衣小个子早春休闲夹克女士小西装上衣 深蓝 M,￥179.00
KBNE西装外套女休闲小西服2023春装韩版显瘦小个子 黑色 S,￥299.00
浪莎（LangSha）睡衣女秋冬季双面德绒长袖睡裙休闲加厚孕妇连衣裙家居服可外穿 WDY316紫色睡裙 XL,￥169.00
紫涵甜美套装2件套2023冬季新款蝴蝶结大翻领大衣短裙学院制服 米色 S,￥899.00
betu百图女装2022秋季新款休闲裤知性优雅气质裤子显瘦通勤西装裤锥形休闲裤女2209T85 咖啡色 L,￥279.00
BANANA BABY2023初秋新款简约复古小香风连衣裙女名媛千金风a字裙D233LY582 浅杏 M,￥336.00
"爱心东东	
皮尔卡丹（pierre cardin）休闲运动服套装女2023春秋新款时尚减龄卫衣百搭显瘦直筒裤两件装 白色套装 L",￥248.00
南极人（Nanjiren）加绒运动套装女秋冬2023新款时尚羊羔绒卫衣减龄加厚休闲服两件套 宝蓝色 加绒两件装 XL 建议110-125斤,￥258.00
诗凡黎（'SEIFINI）工装风牛仔连衣裙2023秋新款垂坠感法式长袖优雅裙子女 牛仔蓝 155/80A/S,￥499.00
梵花秀新款中老年女装羽绒服时尚绣花白鸭绒上衣妈妈装洋气加厚棉衣外套 蓝色高端白鸭绒 2XL建议穿120-130斤,￥268.00
啄木鸟休闲运动套装女宽松2023新款连帽时尚大码春秋季卫衣跑步服两件套 黑色 XXL,￥68.00
,
JVH香港潮牌双排扣西装连衣裙女秋季新款复古气质修身显瘦不规则短裙 黑色【长袖】 M,￥489.00
维多利亚的秘密 维密 秋季光滑舒适居家睡衣套装女士居家服送老婆送女友礼物 54A2黑色 11222348 M,￥798.00
皮尔卡丹（pierre cardin）晚礼服裙女高贵年轻婚宴装小个子正式场合连衣裙2023早春新款 丈青 XL 适合116-125斤,￥408.00
皮尔卡丹韩版休闲中长款连衣裙女装2023春秋季新款高腰显瘦长袖碎花裙子潮 黑色 XL（110-120斤）,￥159.00
俞兆林喜婆婆婚宴装高贵两件套装女妈妈参加结婚礼服连衣裙喜庆长袖外套 红色 XXL,￥338.00
LILY【商场同款】2022秋新款女装气质纯色通勤款双排扣西装连衣裙 510黑 M,￥344.00
罗蒙小香风连衣裙套装秋冬季女士装2023新款气质时尚小个子端庄两件装 豆绿 M 推荐 85-100斤,￥299.00
皮尔卡丹法式假两件长袖连衣裙女装2023秋季新款小个子显瘦气质衬衫裙子 杏色 S(95斤以下拍),￥149.00
BUOUBUOU【夏季新品】法式浪漫立体剪花雪纺连衣裙女2023夏季新款 灰蓝色G40 M,￥727.00
皮尔卡丹短外套女士春秋款2023新款女装秋季开衫休闲连帽秋装上衣 焦糖色 L   建议100-110斤,￥149.00
啄木鸟秋季运动服套装女中年时尚洋气2022新款春秋休闲女装卫衣两件套 咖色 2XL130-150斤,￥318.00
ROEYSHOUSE罗衣气质大摆西装连衣裙女2023秋冬新款法式收腰黑色中长裙09467 黑色 M,￥468.00
三彩2023夏季新款毛边短袖撞色翻领双排扣香风连衣裙直筒短裙女 本白 160/84A/M,￥538.00
法莎罗儿（FASLOV）秋季休闲小西装套装女职业装新款高端时尚主持人酒店经理百搭西服 藏青套装 L,￥398.00
lagogo拉谷谷2023年秋季新款驼色气质通勤开叉休闲西装外套女百搭 驼色(S1) 160/M/38,￥319.00
范斯蒂克（vansydical）瑜伽服女普拉提长袖秋冬季健身宽松训练服跑步运动套装 浅紫+浅灰五件套 TC45238 L,￥198.00
万派摩羊羔绒卫衣套装女秋冬新款休闲加绒加厚运动服冬季两件套女装 黑色连帽加绒加厚（上衣+裤子） 2XL 建议119-128斤,￥71.81
夕兰依高端贵夫人婚宴礼服裙子中老年妈妈春秋高贵结婚穿衣服喜婆婆旗袍 富贵红 3XL【建议120-130斤】,￥268.00
皮尔卡丹轻奢高档女装贵夫人连衣裙高端洋气质减龄2022年新款春秋季女装长裙子针织 图片色 2XL(120-130斤),￥319.00
粉蓝衣橱高端奢华东方提花礼服裙女2023秋装假两件连衣裙 浅樱粉 M,￥989.00
啄木鸟加绒加厚纯棉卫衣女秋冬暗红色时尚洋气百搭小个子高腰短款上衣服 暗红【ROSES下印】加绒加厚 S 建议98斤内,￥108.00
颜域墨绿色西装外套女2023新款秋冬季复古气质职业高级感丝绒西服 绿色 M/38,￥459.00
娜尔思（NAERSI）商场同款修身七分袖 黑色西装外套女2023秋新款西服 黑色 40/L,￥1099.00
皮尔卡丹（pierre cardin）连衣裙子女装春秋季2023年新款小个子洋气长袖高级感气质a字长裙 蓝色 M(95-110斤拍),￥149.00
"爱心东东	
皮尔卡丹（pierre cardin）新款休闲潮流正装女黑西服搭配衬衫黑西裤整套大学生面试职业套装 黑西服:白衬衫:开叉黑西裤:3件套 M:100-120斤",￥339.00
皮尔卡丹毛呢小西装外套女2023春秋新款深灰色中厚亮片人字纹短款羊毛西服 咖色西装 L,￥428.00
,
两三事梵高艺术 燥眠夜 秋季新款向日葵原创针织无袖连衣裙女 黑色 S,￥365.00
皮尔卡丹法式赫本风圆领长袖连衣裙女秋季新款高级感收腰显瘦气质打底长裙 灰色 L(105-115斤拍),￥149.00
"爱心东东	
唐篇高端两春秋连衣裙女夏季新款气质小西装岁显瘦套装碎花裙子 杏色两件套套装 XL 建议116-125斤",￥110.07
PORTS宝姿女装2023秋季新款装饰双排扣时尚西装领A字连衣裙女 丈青 2,￥3949.00
范思蓝恩23FS13217复古气质牛仔连衣裙女2023秋新款收腰显瘦裙子 牛仔蓝 XS,￥439.00
尔煦现货2023秋冬季洋气新中式小西装马甲款气质两件套套装连衣裙女 红色 2XL,￥98.00
皮尔卡丹小个子加绒加厚连帽牛仔外套女秋冬季2023年新款宽松慵懒百搭棉衣 黑色 L(105-115斤拍),￥169.00
FANSILANEN范思蓝恩22FS2358韩版设计感小众西装外套女春秋休闲西服 森林绿 S,￥419.00
恒源祥中年妈妈装冬装连帽羽绒服女中长款加厚保暖外套中老年人女装衣服 黑色 180/100A(3XL)【建议120-135斤】,￥498.00
皮尔卡丹2023冬季新款休闲拼接棉衣外套时尚休闲好穿舒适女式棉衣简约显瘦 藏青色 M(90-105斤拍),￥189.00
皮尔卡丹（pierre cardin）纯棉运动卫衣套装女春秋季2023年新品中年母亲时尚休闲服三件套 TL2340黑色【三件装】 L【建议96-110斤】,￥298.00
PORTS宝姿女装长袖小西装ALM9J038JWP052 墨绿色 6,￥2199.00
范思蓝恩23FS13258法式白色V领连衣裙女2023新款秋季气质长袖裙子 瓷白 M,￥459.00
度特朗（duteLanG）年轻妈妈冬季外套加绒加厚中老年运动套装女秋冬装阔太太洋气大码 浅卡其 M （建议80-100斤）,￥338.00
三彩2023夏季新款假两件针织拼接V领连衣裙泡泡袖度假中长裙女 本白  155/80A/S,￥618.00
皮尔卡丹（pierre cardin）运动套装女2023新款洋气春秋季小个子阔腿裤女士休闲服两件套套装 卡其 L,￥348.00
莱倪晟纳短外套女装2023年秋季新款春秋小香风上衣小个子女士西装毛呢外套 卡其色 M,￥179.00
摩纳什丹小西装外套女时尚通勤职场休闲西服上衣SLYY9002 米杏色 L,￥388.00
皮尔卡丹（pierre cardin）两件套连衣裙女夏2023年新款高级感气质洋气减龄显瘦别致套装裙子 驼色背心+咖色裙子 L(105-115斤拍),￥139.00
啄木鸟时尚女装加厚运动套装女秋冬新款韩版加绒宽松连帽卫衣休闲两件套 枣红 XL(适合110斤-120斤 舒适透气，,￥358.00
罗蒙妈妈装秋装洋气高贵外套中老年女春秋季上衣2023新款时尚大衣 黑灰色 XL建议110-130斤,￥208.00
浪莎性感趣味内衣纯欲诱惑睡衣床上火辣睡衣成人暴露情调免脱制服女 【古韵3件】睡裙 旗袍 肚兜 均码【建议80-120斤】保密发货,￥128.00
楚馨套装裙2023春秋季新款女装时尚气质吊带针织长袖连衣裙中长款裙子 驼色 M,￥168.00
皮尔卡丹2023年春秋款休闲衬衫外套女士2023新款长袖上衣da码遮肚子 咖啡色 L  建议120-140斤,￥139.00
初语短外套女23年秋季新款中长款显瘦有廓形保暖性上衣 米杏色 L,￥239.00
哈吉斯（HAZZYS）女装 2023新款春秋斜领气质时尚女针织连衣裙AQWSE03BF02 藏青色NV 170/92A 42,￥834.00
忆灵加绒加厚运动服套装女2023秋冬新款洋气宽松雪尼尔连帽卫衣两件套 卡其色套装 L【建议100-110斤】,￥188.00
"爱心东东	
罗蒙(ROMON)轻奢高档女装  法式v领西装连衣裙女2021秋季新款高级感气质显瘦温柔系长袖裙子 黑色 XXXL",￥288.00
,
皮尔卡丹2023秋冬新款牛仔外套洋气宽松显瘦加绒加厚棉服保暖棉衣上衣女 卡其色 2XL(125-135斤拍),￥179.00
皮尔卡丹（pierre cardin）运动套装女春秋季2023年新品休闲服女士时尚宽松纯棉三件套 LXYX9383酒红色【三件装】 XL【115-130斤】,￥288.00
罗蒙（ROMON）小西装外套女短款小个子上衣春秋修身时尚西服 粉色 XL【建议115-130斤】,￥108.00
,
FANSILANEN范思蓝恩23FS11218 短款牛仔外套女秋装2023新款宽松复古工装夹克 牛仔蓝 M,￥399.00
恒源祥春装外套女时尚中年女装春秋翻领小西装四五十岁女士短款上衣服 蓝色 (有里布) XL 建议115-128斤,￥148.00
,
三彩2023夏季新款格纹假两件上衣高腰百褶裙学院风套装小个子 绿色 160/80A/S,￥268.00
啄木鸟 妈妈运动套装外套女春秋时尚中老年金丝绒运动服套装休闲卫衣三件套绣花潮 紫色(内搭长袖)三件套 3XL【建议穿122-132斤】,￥308.00
步锐特 跑步运动套装男秋冬季宽松大码休闲连帽卫衣女健身房训练服情侣装 LD6633上青+35黑 XL 推荐身高165-170cm体重60-70kg,￥119.00
度特朗（duteLanG）中老年运动服套装女春秋新款中年妈妈装秋季外套洋气休闲服三件套 石墨灰【外套+裤子+短T】 2XL 【建议115-125斤左右】,￥298.00
袋鼠（Daishu）女装运动套装妈妈春秋装三件套2022新款洋气长袖时尚中老年运动套装晨练跑步运 黑色 2XL175,￥288.00
酷步健（KUBUJIAN）运动套装男连帽【柔软亲肤质感】运动服高端休闲卫衣连帽刺绣情侣 深蓝色 3XL,￥1388.00
度特朗（duteLanG）品牌运动服套装女春秋冬新款时尚中老年妈妈加绒跑步休闲两件套潮 绿色【春秋款】 3XL(适合130斤-145斤),￥298.00
BOSS男女同款2023秋冬徽标装饰棉质毛圈布卫衣 404-深蓝色 EU:L,￥1600.00
唐可娜儿2023秋冬新品定制金属扣腰带前片百褶显瘦半身裙女装 黑色 M(160/68A),￥746.00
BOSS男女同款2023秋冬刺绣徽标特色条纹连帽卫衣 001-黑色 EU:S,￥1400.00
步锐特（BURUITE）运动背心T恤男女夏季速干健身衣服男宽松马拉松跑步T恤篮球训练服 YQXJ06黄蓝 L【建议体重120-140斤】,￥39.90
追玥梦性感后妈裙战袍  萝莉直播护士cosplay制服少女口水可爱 护士套装+十字乳贴 170(XL),￥48.00
博柏利（BURBERRY）女装 短款绗缝谷仓夹克80785191,￥11200.00
玉儿恋 瑜伽服女套装时尚拼接修身显瘦速干衣运动户外健身五件套 粉色五件套 XL,￥108.00
博柏利（BURBERRY）女装 菱形绗缝尼龙短款外套80709691,￥12500.00
YOHJI YAMAMOTO 山本耀司 女士上衣YV-J02-127-01-02 灰色,￥3205.00
博柏利（BURBERRY）【礼物】女装 可拆卸连帽羽绒服80590941,￥16900.00
Olrain欧芮儿法式深灰色连衣裙女秋季2023新款赫本风气质显瘦长裙 深灰色 S,￥689.00
拼涉（PINSHE）情趣家居内衣新款透明学院风JK角色扮演日系水手软萌学生套装z 笑2307【上衣+裙子+T裤】+模特丝 均码【80-120斤】,￥38.00
KENT&CURWEN 肯迪文KC初秋男女同款玫瑰刺绣圆领线圈拼色卫衣K4668EI011 深蓝 L,￥1495.00
蔻驰（COACH） 羊毛围巾男女通用款围脖保暖长款披肩 CB684 红色 F8Q,￥943.00
MACKAGE摩登专致系列-女士EVIE亮面连帽宽松羽绒服夹克23秋冬新品 黑色 M,￥7800.00
蔻驰（COACH）围巾男女通用羊毛长款保暖围脖 4622 卡其色马车 RFZ,￥954.00
范斯蒂克 瑜伽服女专业健身服跑步训练长袖透气运动套装速干衣 浅紫五件套 TC12446 L（建议105-120斤）,￥198.00
三彩2023夏季新款圆点绣花衬衫荷叶边绑带小衫短袖上衣浪漫女 本白  160/84A/M,￥278.00
JUZUI玖姿法式飘带雪纺衬衫女装2023春季新款通勤知性单上衣白色 蓝色系 M,￥465.00
KENT&CURWEN 肯迪文KC秋冬新品男女同款玫瑰圆领线圈卫衣K4868EO011 深蓝 XL,￥1490.00
爱暇步 瑜伽服女套装秋冬专业高端运动健身衣气质显瘦普拉提长袖T恤大码 A9210NSM耦合粉+X33123NSM生碳灰 XL,￥358.00
法曼萱（FAMANXUAN）碎花短袖衬衫女小个子2023夏季新款设计感气质女士高档上衣女夏装 白藤槿紫花 170/92A/L,￥299.00
"爱心东东	
科蒂尼塔（COTYNTA）品牌金丝绒运动套装女春秋 2022新款女士休闲宽松显瘦开衫卫衣长裤三件套 灰紫 M（适合80斤-100斤）",￥2564.00
G2000 女装21秋季新款纯棉长袖白衬衫经典翻领易打理通勤工作装16723123 白色/00 165/84A/M,￥249.00
Hush Puppies暇步士女装2023夏气质V领法式田园风垂坠感印花衬衫 358绿白 M,￥639.00
皮尔卡丹灯笼袖杏色衬衫女春秋季设计感小众法式复古衬衣职业通勤正装上衣 杏色 L-105-115斤,￥129.00
范思蓝恩23FS13082法式设计感撞色扣小众长袖衬衫通勤简约衬衣女 白色 M,￥289.00
JESSIE气质纯色娃娃领单排扣修身长袖衬衫女23秋新款 紫色 M,￥622.00
三彩2023冬季新款荷叶边立领白衬衫长袖宽松花边衬衣内搭气质女 本白 165/88A/L,￥338.00
罗蒙（ROMON）白色雪纺衬衫女士装春秋2023年新款洋气时尚上衣小衫长袖衬衣 米白色 《欧货法式洋气时髦小衫 M (100以内),￥159.00
Navigare意大利小帆船条纹长袖衬衫女秋季休闲质感衬衣 漂白/蓝 M,￥420.00
范思蓝恩23FS12150 夏季薄款遮阳衬衫女设计感小众法式两穿衬衣 粉色 L,￥239.00
皮尔卡丹（pierre cardin）气质V领衬衫女长袖上衣春秋季新款优雅时尚设计感宽松百搭女衬衣 香槟色 M_建议96到106斤左右,￥108.00
哈吉斯（HAZZYS）女装春秋款衬衫女磨毛大格易穿搭长袖衬衫ASCSK11DK21 米色BI 160/84A 38,￥1020.00
MISS SIXTY2023冬季牛仔衬衫女长袖单排扣简约口袋修身气质 浅蓝 XS,￥1490.00
迪菲丽格迪菲丽格通勤法式紫色衬衫女2023新款早秋装衬衣洋气减龄长袖上衣 图片色 M,￥419.00
Hush Puppies暇步士女装春季灯笼袖复古牛仔衬衫 186牛仔蓝 L,￥597.00
博柏利（BURBERRY）女装 徽标带饰再生聚酯纤维连帽外套80322101,￥10800.00
博柏利（BURBERRY）女装 短款Castleford Trench风衣80793801,￥25000.00
博柏利（BURBERRY）女装 马术骑士印花棉质上衣80776691,￥7400.00
博柏利（BURBERRY）【礼物】女装 侧边条纹 Vintage 格纹弹力棉质长裤80405971,￥6600.00
"爱心东东	
罗蒙（ROMON）灰色不规则小香风外套女2023春秋薄款法式高级感短款毛呢西装上衣 灰色 S",￥184.56
博柏利（BURBERRY）【VIP折扣精选】女装 棋盘格徽章棉质宽松T恤衫80721481,￥3360.00
博柏利（BURBERRY）女装 轻便连帽ECONYL外套80429011,￥10800.00
查澳七夕内衣520情人节约会战衣战袍可爱校园超短裙jk制服甜美睡衣欲 学生套装 80 -120斤,￥49.00
范斯蒂克 瑜伽服套装女跑步运动套装显瘦专业健身房紧身训练服 灰蓝拼钛灰 TC12973 M,￥118.00
三彩2023秋季新款国风印花小衫立领盘扣新中式上衣吊带小个子女 灰绿 155/80A/S,￥318.00
KENT&CURWEN 肯迪文KC秋冬玫瑰徽章男女同款羊毛拼皮棒球服外套K4658EI121 黑色 S,￥9093.00
Acne Studios 男女同款秋冬棉质拉链款Face表情纯色连帽运动衫卫衣外套CI0111 雾米色 XS,￥3400.00
BALLY/巴利秋冬女士黑色羊羔皮皮革皮衣外套6240073 黑色 38,￥17290.00
MICHAEL KORS迈克高仕 女士保暖轻薄羽绒服外套 白色 110 S,￥2640.00
MACKAGE踏雨寻风-女士CARRIE二合一风雨衣外套23新品 黑色 S,￥6900.00
Maison Kitsune女款 经典小狐狸刺绣修身羊毛针织开衫 P220【米黄色】 L,￥1470.00
Maison Kitsune男女同款 藏青狐狸刺绣纯棉休闲短袖POLO衫 P480【藏青色】 L,￥600.00
徽昂瑜伽服女套装健身运动服跑步训练衣含胸垫T恤拼接短袖长裤紫色M,￥79.00
恒源祥中年妈妈装冬装加绒加厚保暖休闲裤女中老年女装松紧腰直筒长裤子 灰色 175/96A(2XL)【建议105-120斤】,￥78.00
娜爱缘中老年人秋冬款裤子妈妈棉裤长裤老人老太太休闲加绒加厚女裤衣服 卡其色 XL(建议85-115斤),￥79.20
恒源祥中长款加厚打底衫女秋冬洋气2023新款半高领毛衣保暖针织连衣裙 咖啡色 L 100-115斤,￥98.00
南极人情侣睡衣女男冬珊瑚绒法兰绒加绒加厚家居服可外穿睡裤保暖套装L,￥179.90
啄木鸟中年妈妈秋装休闲时尚套装2023新款中老年女士洋气春秋上衣两件套 咖色 L [105斤左右],￥164.00
皮尔卡丹中年妈妈冬装羽绒服中长款2023新款中老年女秋冬装女外套加厚棉袄 8967卡其色 (无毛领羽绒服) XL (可穿105-120斤),￥1029.00
伊芙丽可机洗基础百搭羊毛加厚保暖长款连衣裙女2023冬装新款裙子 米白预售[11月25日发] 160/84A/M,￥570.00
欧迪芬睡衣家居服女新疆棉休闲时尚女士家居服套装柔棉透气情侣款翻领女式睡衣 PH1714 妃粉色 L,￥299.00
芬腾睡衣女士双面暖绒运动外穿秋冬立领家居服套装Q9J24790417,￥189.00
芬腾睡衣女士纯棉清新花卉圆领长袖柔软家居服套装Q9984710988,￥149.90
玖姿·安娜蔻几何百褶圆领羊毛柔软长袖毛衫连衣裙女2023冬季新款 花黑 2XL,￥943.00
南极人（Nanjiren）珊瑚绒睡衣女秋冬加厚加绒长袖套装冬季暖暖法兰绒女士家居服冬天 蜜酱红【套装】 均码【适合80-150斤】,￥69.00
南极人【带胸垫防螨】女士睡衣女秋冬棉长袖可外穿印花家居服套装L,￥79.00
美即莱（MEIJILAI）睡衣女士冬季珊瑚绒加厚夹棉三层加绒保暖法兰绒秋冬款家居服套装 1689 香芋紫 L（身高160-165体重110-120）,￥228.00
恒源祥中年妈妈装冬装中年秋冬季羽绒棉服派克服2023新款中老年冬装女加 卡其色【单件上衣】 3XL,￥428.00
颜域高级感西装领连衣裙女2023新款冬装职业卡其中长款长袖裙子 卡其 L/40,￥589.00
南极人情侣中老年妈妈睡衣女男珊瑚绒秋冬睡裤家居服大码保暖套装2XL,￥179.90
都市丽人夹棉加绒睡衣女士保暖情侣法兰绒长袖2023秋冬家居服套装2H30C6,￥241.00
ubras愿望系列有钱花半边绒情侣家居服套装男女同款睡衣秋冬 丝绒红 M,￥339.00
浪莎睡衣女春秋开衫翻领宽松休闲可外穿长袖长裤女士家居服套装,￥89.90
南极人睡衣女士冬季法兰珊瑚绒保暖加厚绒睡裤学生青睡衣家居服套装XL,￥129.90
蕉内【赵露思同款】绒绒520H睡衣男女士动物图案家居服套装圆领秋冬季 【女士圆领】熊猫-柠糖黄 M,￥359.00
南极人纯棉100%红色睡衣女男秋冬女士家居服长袖睡裤婚庆礼盒装套装L,￥139.90
南极人半边绒睡衣女秋冬珊瑚绒法兰绒加厚保暖女士家居服可外穿睡裤套装,￥149.90
雅鹿妈妈冬装外套羽绒服中长款2023新款中老年人亮面加绒加厚保暖 粉红色 2XL 建议100-120斤,￥188.85
BUOUBUOU2023秋冬新款法式优雅黑白撞色 肌理缎面小香风连衣裙女DJ4G030 米色W81 165/L,￥1108.00
佰蓝娇小香风套装女2023秋冬季女装新款时尚洋气质小个子连衣裙包臀裙子 红色 L（建议106-116斤）,￥279.00
皮尔卡丹小个子时尚气质连衣裙女2023秋冬新款显瘦西装领打底裙子 咖色 5XL,￥568.00
伊芙丽翻领国风新中式针织套装女2023秋装新款气质高级感连衣裙 红色 套装 160/84A/M,￥722.00
VEGA CHANG加绒牛仔衬衫女2023年秋冬新款宽松显瘦长袖牛仔上衣 波塞冬蓝 S,￥249.00
雪中飞（SNOWFLYING）妈妈羽绒服中长款中年人冬装棉袄40岁50中老年人时尚加厚外套极寒 紫色 4XL 推荐135-145斤内,￥1489.00
,
恒源祥妈妈冬装运动套装加绒40岁50中年两件装女冬季休闲新款运动服冬天 紫色 2XL 建议100-115斤内,￥418.00
皮尔卡丹2023女冬季仿皮毛一体麂皮绒机车服加厚小香风仿羊羔毛外套 黑色 L   建议125-140斤,￥209.00
皮尔卡丹轻奢品牌中老年羽绒服女妈妈装长款2023新款50岁连帽外套大码 紫色 5XL,￥488.00
皮尔卡丹（pierre cardin）加绒加厚风衣外套女秋冬新款韩版毛领连帽休闲宽松棉衣派克服 2499米白色【加绒加厚】 S 建议【90斤以下】,￥158.00
南极人男士睡衣珊瑚绒秋冬款加厚加绒男式男款法兰绒保暖冬季家居服套装 NSLY-3310男【不掉毛不褪色】 2XL【建议130-150斤】,￥128.00
浪莎中老年妈妈睡衣女秋冬法兰绒加厚保暖套装可外穿大码老人家居服,￥129.00
棉十三半边绒睡衣冬季女款可爱加厚开衫月子加绒保暖可外穿家居服套装,￥159.00
芬腾可安睡衣男士秋冬法兰绒加绒保暖女士加厚情侣家居服套装7786女 L,￥129.00
南极人珊瑚绒睡衣女士家居服套装秋冬季加绒加厚法兰绒可外穿可爱卡通,￥109.00
猫人（MiiOW）女士睡衣女秋冬纯棉翻领长裤长袖开衫亲肤舒适可外穿家居服套装,￥159.00
浪莎长袖睡衣女秋冬季圆领2023新款仿棉舒适柔软可外穿女士家居服套装 23706 M建议80-100斤,￥45.00
都市丽人家居服男女加厚珊瑚绒简约开襟长袖法兰绒睡衣情侣套装4H1103,￥209.00
皮皮狗 秋冬新款 羊绒裙子泡泡袖羊绒纯色连衣裙女 A56深黄AB S/95,￥1939.00
奈蔻2023年秋季新款气质时髦通勤西装裙女羊毛收腰连衣裙 灰黄色 M,￥3939.00
她享妈妈装冬装羽绒服短款刺绣冬季90绒保暖外套老年人衣服T239Y1170,￥429.00
皮尔卡丹羽绒服女中长款过膝韩版大码2023新款中年妈妈冬装加厚外套女 黑色 XL,￥578.00
红豆居家女士睡衣春秋纯棉长袖田园花朵开衫家居服套装 粉色 165/88A,￥99.00
阔色（kuose）黑白条纹针织连衣裙女2023秋冬新款显瘦长裙子毛衣搭配围巾 条纹围巾0001  F,￥149.00
