﻿Column1,Column2
Column1,Column2
Name,Price
沃乐小米有品筋膜枪按摩器专业级迷你便携式家用健身肌肉放松仪肩经颈椎腿足腰部 生日礼物男送女爸妈,￥299.00
京东京造 智能眼部按摩器 E5s 可视化眼部按摩仪护眼仪 温感热敷眼罩 男生生日礼物女 气囊款,￥189.00
skg颈椎按摩器 按摩披肩 肩颈按摩器斜方肌 腿腰颈部肩膀按摩仪按摩枕头 送男女友实用生日礼物 H5,￥539.00
京东京造 智能迷你砭石按摩器 电动砭石刮痧板刮脸仪器按摩仪热敷颈部腿部 男生生日礼物女实用,￥99.00
skg眼部按摩仪 成人恒温热敷睡眠眼罩 眼睛穴位按摩器 蓝牙护眼仪 送男女友高档生日礼物 K5银镜蓝,￥799.00
skg颈椎按摩器 护颈仪颈椎脖子揉捏脉冲按摩器热敷肩颈按摩仪G7Pro尊贵款伴手礼送男女友生日礼物礼品,￥1299.00
荣耀亲选 HUAWEI HiLink颈椎按摩器 颈部按摩仪肩颈脉冲护颈仪生日礼物送男友女友爸妈 企业实用高级礼品G6,￥239.00
skg腰部按摩仪 四区揉捏缓解酸累 智能按摩器腰带可拆洗 送男女友高档生日礼物 W7二代豪华款月光金,￥1049.00
凯沃斯眼部按摩仪送男女朋友生日礼物眼睛蒸汽护眼仪智能美容按摩器蓝牙音乐眼罩气囊热敷送老公老婆礼物 加强款/白【热敷+震动按摩+蓝牙音乐】,￥138.00
飞利浦（PHILIPS）颈椎按摩器颈部按摩仪肩颈按摩经络电脉冲护颈仪送礼礼品生日礼物女送爸妈男女友节日礼物3302N,￥229.00
倍轻松Scalp3头皮智能按摩梳深空黑 红光护发滋养护头皮头部按摩仪 送男女友生日节日礼物 易烊千玺代言,￥859.00
凯沃斯眼部按摩仪送男女朋友生日礼物眼睛蒸汽护眼仪智能美容按摩器蓝牙音乐眼罩气囊热敷送老公老婆礼物 经典款【四挡热敷】,￥109.00
SKYGENIUS 暖宫腰带姨妈神器月经痛经腹部肚子热敷按摩仪暖七夕情人节送妈妈女朋友老婆生日礼物 【女神白暖宫腰带礼盒】/3档热敷+3档震动按摩,￥118.00
"线下同款	
兔唯乐（Tunvole）头部按摩器头疼痛热敷睡眠仪失眠神器头疗头皮按摩仪 生日礼物实用送妈妈父母女友男生 全新升级（粉色）",￥319.00
立昌（LiChang）颈椎按摩器全身电动手持式按摩棒震动小海豚按摩仪肩部颈部【暖冬感恩礼遇季】 中国红,￥159.00
小米尖.智能多功能迷你口袋低频脉冲电动随身按摩贴颈椎全身按摩仪器智能 ※顶配旗舰款※_【主机+三张贴】,￥138.00
奥克斯（aux）加热膝盖按摩器护膝盖按摩仪关节热敷保暖老寒腿送父母节日长辈爸妈生日礼物高档实用男女友 液晶礼盒款【灰色2只装】3档恒温热敷+5...,￥349.00
,
凯沃斯眼部按摩仪送男女朋友生日礼物眼睛蒸汽护眼仪智能美容按摩器蓝牙音乐眼罩气囊热敷送老公老婆礼物 加强款/粉【热敷+震动按摩+蓝牙音乐】,￥138.00
"线下同款	
奥克斯（aux）眼睛眼部按摩仪护眼仪眼罩热敷儿童学生成人眼睛按摩器新款高端送男友女友生日礼物实用送爸爸妈妈 【豪华米白】穴位变频震动+石墨...",￥128.00
apple rabbit生日礼物女送女朋友女友女生姐妹闺蜜老婆老师同学润眼仪创意实用走心高级结婚圣诞节礼物送女生 复古绿润眼仪-粉色插画礼盒【急速到货...,￥298.00
Apple Rabbit生日礼物送男友男生女朋友女友女生男士老公老婆老师便携实用全身按摩贴结婚圣诞节礼物 全身按摩贴-黑色礼盒-急速到货,￥329.00
muselove眼部按摩仪热敷眼罩 学生成人白领舒缓眼疲劳 护眼神器 恒温热敷智能按摩眼部穴位 送朋友生日礼物 【护眼神器】A2 杏白色 按摩眼罩 顺丰速发,￥198.00
米家 小米床头灯2 智能台灯 卧室炫彩柔光 小夜灯语音控制伴睡夜灯色温亮度调节色温调节 米家床头灯2,￥179.00
凯伦猫  液晶小黑板 10英寸 儿童画板电子写字演算手写绘画涂鸦伴手礼幼儿园女孩生日礼物 蓝色,￥19.00
凯伦猫 液晶小黑板 12英寸 儿童画板电子写字手写绘画涂鸦伴手礼幼儿园女孩生日礼物 粉红色,￥59.00
凯伦猫  液晶小黑板 10英寸 儿童画板电子写字演算手写绘画涂鸦伴手礼幼儿园女孩生日礼物  黑色,￥19.00
"线下同款	
【微型科技】盛坤智能电子脉冲睡眠仪头部按摩器可搭帮助催促睡眠神器凝胶贴辅助失眠仪产品用经颅微电流刺激 TENS脉冲+凝胶舒缓贴",￥398.00
凯伦猫 17英寸 液晶手写板 儿童画板电子手写手绘充电式写字板彩色小黑板幼儿园女孩生日礼物,￥149.00
"线下同款	
阿尔普（aerpul） 儿童护眼仪中小学生眼睛热敷眼保仪眼部按摩器智能蓝牙眼罩气囊按摩仪生日礼物礼品 粉色小猪【气囊揉捏+恒温热敷+蓝牙音乐】",￥299.00
凯伦猫  22英寸 液晶手写板 儿童画板电子手写手绘充电式写字板彩色黑板幼儿园女孩生日礼物,￥199.00
"线下同款	
志高腰部按摩器颈椎按摩仪抱枕肩颈腰背全身按摩垫热敷按摩靠垫枕头办公生日母亲节礼物实用送妈妈男女友 腰背一体按摩 【顶配款：艾草热敷+20头...",￥289.00
凯伦猫 液晶小黑板儿童画板电子写字演算手写绘画涂鸦伴手礼生日幼儿园女孩生日礼物 猫外观,￥69.00
凯伦猫 液晶小黑板 10英寸 儿童画板电子写字手写绘画涂鸦幼儿园女孩生日礼物 彩色笔迹 白色旗舰款,￥49.00
小米通用智能语音台灯卧室床头LED护眼多功能插座控制小夜灯转化器USB充电 高配款[插座+USB+三色语音款] 带线全长0.8米[加粗铜线],￥76.00
"线下同款	
阿尔普（aerpul） 儿童护眼仪中小学生眼睛热敷眼保仪眼部按摩器智能蓝牙眼罩气囊按摩仪生日礼物礼品 黄色小猪【气囊揉捏+恒温热敷+蓝牙音乐】",￥299.00
布兰格迪颈椎按摩仪器42℃恒温热敷智能电流脉冲肩颈仪送男女朋友老婆七夕情人节生日礼物 F2充电热敷款（推荐款）16档力度4种按摩手法,￥58.00
凯伦猫 液晶小黑板 15英寸 儿童画板电子写字手写绘画涂鸦伴手礼幼儿园女孩生日国庆节礼物 彩色笔迹,￥99.00
小米尖.智能多功能迷你口袋低频脉冲电动随身按摩贴颈椎全身按摩仪器智能 ※顶配升级款※_【主机+一张贴】,￥118.00
礼恩圣诞节礼物送女生男生护颈仪颈部按摩器礼盒生日女年会礼品公司活动伴手礼商务套装退休纪念品奖品,￥109.00
凯伦猫 液晶小黑板 12英寸 儿童画板电子写字演算手写绘画涂鸦伴手礼幼儿园女孩生日礼物 黑色,￥59.00
欧欧电动按摩棒按摩笔眼睛眼部按摩器护眼仪 视力眼保仪上班族学生儿童青少年 眼睛疲劳穴位按摩 按摩笔,￥198.00
迪斯（Desleep） 眼睛眼部按摩仪儿童护眼仪眼保仪眼镜热敷眼罩按摩器送学生儿童女友男友生日礼物 白色语音播报豪华版E09,￥299.00
凯沃斯眼部按摩仪送男女朋友生日礼物眼睛蒸汽护眼仪智能美容按摩器蓝牙音乐眼罩气囊热敷送老公老婆礼物 加强款/白【礼盒版】,￥138.00
VLVEE眼部按摩仪器智能儿童成人学生护眼仪眼睛疲劳按摩仪气囊热敷眼罩眼保仪生日礼物实用 白色豪华款【振动/热敷/气囊/语音/音乐】,￥158.00
IPERMOVE 爱跑猫筋膜仪低频脉冲按摩器肌肉放松贴体育生腰背颈椎腿手多功能电刺激仪智能APP三代 智享系列 樱花粉 (支持APP操控),￥699.00
立昌（LiChang）颈椎按摩器捶背部腰部手持式全身电动按摩棒仪甩脂机家用减肥神器【暖冬感恩礼遇季】 【皓月白】高频震动+无极变速+配三款按摩头,￥159.00
"线下同款	
阿尔普（aerpul） 儿童护眼仪中小学生眼睛热敷眼保仪眼部按摩器智能蓝牙眼罩气囊按摩仪生日礼物礼品 粉色小鼠【气囊揉捏+恒温热敷+蓝牙音乐】",￥299.00
欧欧眼保仪儿童护眼仪智能VR睫状肌训练中小学生眼部按摩仪按摩器青少年锻炼眼睛疲劳  升级版SeexPuls单机-带碗形按摩笔,￥7299.00
立昌（LiChang）颈椎按摩器全身电动手持式按摩棒震动小海豚按摩仪肩部颈部【暖冬感恩礼遇季】 旭日金,￥159.00
小米尖.按摩贴 EMS脉冲按摩贴低频脉冲智能加热电动颈椎按摩仪腰部背部口袋按摩器富贵包按摩送母亲节礼物 热敷磁吸贴片*2片,￥138.00
HYUNDAI韩国现代智能睡眠仪助手握式电子睡眠按摩器睡眠仪睡觉神器生日礼物实用高档送男女友士长辈 第11代全新升级款豪华白,￥358.00
初先智能睡眠眼罩微电流头部按摩遮光3D立体轻松入睡0压力亲肤透气美眼仪睡眠神器节日礼物 4档力度|微电流按摩|放松入睡,￥139.00
dystoo失眠辅助智能睡眠仪解压睡眠黑科技青少年解压放松睡眠神器送父母长辈男女朋友节日礼物生日礼物 4重模式+液晶显示屏+物理助睡,￥198.00
小天才麦克风智能家居唱吧智能麦克风小天才手表互联话筒无线蓝牙音响女孩男孩玩具礼物 小天才&唱吧C11,￥299.00
虎式飞跃父亲节礼物送女神节送母亲女友实用生日礼物颈椎按摩器仪肩颈部头按摩仪器热敷护颈仪妈爸 顶配旗舰款【升级八个独立按摩头】自动定时+...,￥76.48
美杜 迷你按摩器 小型USB六脚全身可用 震动全身家用减压电动按摩仪 迷你按摩器【浅粉】,￥29.00
阴道l哑铃盆底肌完善紧致产后完善女性私处护理凝胶产品锻炼器缩阴球凯格尔球 樱桃红 遥控震动版[保密发货]轻松缩,￥112.79
欧欧眼保仪儿童护眼仪智能VR睫状肌训练中小学生眼部按摩仪按摩器青少年锻炼眼睛疲劳  升级版OO-BOX黑色单机-带碗形按摩笔,￥8999.00
欧欧电动按摩棒按摩笔眼睛眼部按摩器护眼仪 视力眼保仪上班族学生儿童青少年 眼睛疲劳穴位按摩 按摩笔1支+眼膏2支,￥298.00
爱满分（Aimanfun） 睡眠仪手握按摩仪失眠神器放松解压成人帮助睡眠健康入眠睡眠按摩仪 尊贵白,￥799.00
小米尖.智能多功能迷你口袋低频脉冲电动随身按摩贴颈椎全身按摩仪器智能 ※备用贴三张※_【原装按摩贴】,￥98.00
立昌（LiChang）颈椎按摩器全身电动手持式按摩棒震动小海豚按摩仪肩部颈部【暖冬感恩礼遇季】 智能无线充电款-中国红,￥229.00
小米尖.新款智能头部按摩器 多维度按摩仪按摩爪电动八爪鱼按摩器震动揉捏放松头部按摩器送老婆妈妈礼物 黑色标准款,￥158.00
"线下同款	
乐范 【送礼礼物】随身迷你按摩贴便携颈椎按摩器 按摩仪颈椎 低频脉冲按摩仪魔力贴送爸妈男女朋友 【炫彩蓝牙】蓝牙双控+20档强度+持久续航+双...",￥169.00
凯伦猫 液晶小黑板 12英寸 儿童画板电子写字演算手写绘画涂鸦幼儿园女孩生日礼物 白色旗舰款,￥59.00
德国凯伦诗（CLORIS）腰部按摩器 腰椎治疗仪腹部理疗仪 智能低频脉冲热敷暖肚护腰带 送女朋友礼物 珍珠白,￥698.00
【顺丰速发】护腰带腰间盘突出腰椎间盘男女医用腰围腰托固定带腰疼支撑家用保暖发热非腰部治疗仪腰肌劳损 升级款加热理疗动力滑轮护腰带-L码,￥338.00
小米通用体重电子秤充电电子秤体重家用学生宿舍女生精准高精度称用称 [368天质保]不准包退-马卡龙 儿童体重秤[电池]款式尺寸随,￥23.00
迪斯智能眼部按摩仪护眼仪眼部按摩器眼睛太阳穴按摩仪热敷眼罩送学生男友女友生日礼物E20 【重磅上新】双折叠/加大热敷/蓝牙音乐,￥399.00
欧欧眼保仪睫状肌视力训练儿童护眼仪眼部疲劳中小学生眼睛锻炼按摩仪青少年按摩器 SU-002A视力训练,￥3999.00
PGG护眼仪眼部按摩仪润眼仪成人眼睛按摩器热敷眼罩教师节礼物送女友女朋友老婆男友女生生日礼物 【E4眼部按摩仪】-卡其色,￥548.00
小米（MI）米家通用智能电子小闹钟学生专用桌面时钟儿童起床神器床头男女孩闹铃台钟 标配版/白【送电池】 13.5厘米,￥49.00
奥克斯（aux）眼部按摩仪护眼仪儿童学生成人眼睛按摩器眼罩热敷熬夜父母生日实用送长辈七夕情人节礼物送男女友 14大按摩头+5大模式+温感热敷+蓝...,￥288.00
凯沃斯眼部按摩仪送男女朋友生日礼物眼睛蒸汽护眼仪智能美容按摩器蓝牙音乐眼罩气囊热敷送老公老婆礼物 升级款/粉【热敷+气囊按摩+蓝牙音乐】,￥195.00
dystoo智能白噪音快速睡眠仪辅助失眠入睡神器助深度入睡眠按摩仪送失眠老人学生男女生朋友生日节日礼物 典雅蓝+8模式+人体工学设计+白噪音辅助,￥298.00
乐范 (LERAVAN) 颈椎按摩器口袋按摩贴腰部肩颈部腿部按摩仪无线便携按摩器多功能迷你按摩器 鲛神插画版按摩器【插画版1主机_3贴片】,￥149.00
小米尖.新款智能头部按摩器 多维度按摩仪按摩爪电动八爪鱼按摩器震动揉捏放松头部按摩器送老婆妈妈礼物 黑色旗舰款,￥248.00
初先 智能睡眠仪睡眠神器按摩器仪手握入睡器仪器微电流震动浅睡晚睡难入睡深度 丛林绿：双模式+三重力度+松紧可调节+usb充电,￥128.00
瑜品佳 八爪鱼头部按摩器头皮按摩爪电动放松灵魂提取器解压挠头抓头按摩仪经络疏通神器教师节生日礼物 【尊贵雅致黑】360度立体点阵按摩,￥89.00
趣器屋多功能迷你按摩器颈椎小型低频脉冲智能按摩仪电动按摩贴口袋随身 遥控尊享款/19档8模式+5张贴片,￥38.24
IMCAY德国手握式智能睡眠仪器助睡眠神器按摩仪黑科技脉冲放松解压治严重失眠深度安眠睡觉焦虑睡秒 升级智能款-珍珠白,￥88.00
志高（CHIGO）眼部按摩仪器护眼仪成人儿童 折叠睡眠仪神器 眼睛按摩器热敷妈妈礼物礼品 【可冷热敷】微振动睡眠眼罩,￥198.00
"线下同款	
和正 眼部按摩仪 脉冲波护眼仪  儿童学生青少年眼睛保护视力训练 多档脉冲按摩 眼部按摩器健康礼物 脉冲波护眼仪 儿童款",￥449.00
初先 颈椎按摩贴智能健身颈椎按摩仪EMS迷你口袋随身充贴片电动震动颈部按摩器便携肩颈低频脉冲理疗仪 强效旗舰版：10模式+99挡位+遥控+贴片服务,￥79.00
小米（MI）米家通用智能人工语音控制声控感应款小夜灯卧室床头睡眠儿童家用台灯 【升级-环形款】三挡调光,￥73.00
汉王（Hanvon） 手写板笔杆 电磁笔 无线笔杆 写字板 写字笔  汉王笔笔杆 汉王免驱小龙女（黑色笔杆）,￥69.00
"爱心东东	
怡捷腰部按摩器腰肌劳损车载按摩靠垫背部按摩器滚动捶打按摩仪加热按摩枕家用办公室神器男士女士礼物 优雅黑【车家两用】揉捏+捶打",￥298.00
医绅颈椎按摩器肩颈按摩器热敷加热颈椎家用颈部枕头多功能电动脖子肩颈护颈椎颈托男女通用 标配 通用,￥718.00
"线下同款	
金正 【次日达】EMS脉冲按摩贴筋膜贴电动震动智能颈椎按摩器口袋便携按摩全身背颈部多功能迷你随身 常规款：主机+按摩贴（无遥控）",￥25.00
颈椎加热理疗仪经络疏通理疗智能脉冲按摩贴按摩器颈椎腰背部脉冲可水洗贴智能按摩贴贴蝴蝶结按摩器新款 八核主机【8模式19挡位】2张贴片 德国...,￥50.00
梦多福眼部按摩仪蒸汽护眼仪润眼仪蒸眼仪眼睛按摩器热敷雾化按摩送男生七夕情人节礼物送女友老婆 顶配礼盒款【蒸汽+按摩+四大模式+蓝牙】 实用...,￥448.00
VTT【德国】头部按摩器按摩仪八爪鱼头皮指压式按摩全自动经络疏通灵魂提取器无线便携 经典智能款丨8爪/4模式,￥199.00
小米尖.新款智能头部按摩器 多维度按摩仪按摩爪电动八爪鱼按摩器震动揉捏放松头部按摩器送老婆妈妈礼物 黑色豪华款,￥188.00
小米尖.眼部按摩仪器眼睛热敷润眼仪智能预防干涩眼罩智能送女友礼物 【高端款】气镶穴位揉捏+音乐+智能,￥308.00
凯沃斯眼部按摩仪送男女朋友生日礼物眼睛蒸汽护眼仪智能美容按摩器蓝牙音乐眼罩气囊热敷送老公老婆礼物 加强款/粉【礼盒版】,￥138.00
【顺丰速发】眼部按摩仪小米有品眼睛按摩器护眼仪缓解热敷疲劳黑眼圈干涩神器眼罩智能眼保美眼仪UMISS 护眼仪E6-灰色,￥299.00
汉王（Hanvon） 61六一儿童节礼物男女孩手写板学生光能涂鸦小黑板绘画板涂鸦护眼电子写字板  液晶画板手写板:10英寸黑色,￥60.18
"爱心东东	
PGG颈椎按摩仪折叠颈部颈椎按摩器低频脉冲护颈仪神器女生生日礼物送女友男友创意礼品三八妇女节女神 折叠款皓月白+精美礼盒包装",￥298.00
凯沃斯眼部按摩仪送男女朋友生日礼物眼睛蒸汽护眼仪智能美容按摩器蓝牙音乐眼罩气囊热敷送老公老婆礼物 至尊版/白【热敷+气囊/震动按摩+蓝牙音...,￥255.00
冠爱腰椎按摩仪腰椎间盘突出治疗仪腰部震动按摩器曲度仪腰间盘牵引器男女腰间盘突出理疗仪 经济适用款+药包三个,￥168.00
阴道l哑铃盆底肌完善紧致产后完善女性私处护理凝胶产品锻炼器缩阴球凯格尔球 薄荷绿 遥控震动版[保密发货]轻松缩,￥124.34
【顺丰速发】护腰带腰间盘突出腰椎间盘男女医用腰围腰托固定带腰疼支撑家用保暖发热非腰部治疗仪腰肌劳损 升级款加热理疗动力滑轮护腰带-M码,￥338.00
"线下同款	
志高颈椎按摩器按摩披肩颈部按摩仪腰背部斜方肌揉捏捶打按摩智能加热热敷充电无线便携送父母男女朋友实用 第三代旗舰款（米色） 充电款",￥468.00
"爱心东东	
语音多功能家用按摩器肩颈椎腰椎电子理疗电动数码脉冲针灸按摩仪KX 双输出机器加4片贴+穴位图",￥49.00
HYUNDAI智能睡眠仪助手握式电子睡眠按摩器睡眠仪睡眠神器生日礼物实用送妈妈老人父亲女男友 第11代全新升级款豪华黄,￥358.00
乐范生日礼物女随充魔力按摩贴生日礼物送女生女朋友老婆实用创意按摩器礼品送女朋友圣诞节礼物 随身按摩贴【礼袋装】,￥329.00
虎式飞跃圣诞节礼物送女生送男女朋友送父母爸妈长辈生日礼物实用颈椎按摩器仪枕肩颈仪 多触点按摩+红光聚能热灸+语音播报【时尚白】,￥128.00
欧欧电动按摩棒按摩笔眼睛眼部按摩器护眼仪 视力眼保仪上班族学生儿童青少年 眼睛疲劳穴位按摩 按摩笔配套眼膏1支（不含按摩笔）,￥58.00
小米尖.眼部按摩仪器眼睛热敷润眼仪智能预防干涩眼罩智能送女友礼物 【尊享款】多频振动+恒温热敷,￥228.00
小米尖.眼部按摩仪器眼睛热敷润眼仪智能预防干涩眼罩智能送女友礼物 【蓝牙全配版】穴位揉捏+蓝牙+智能,￥368.00
凯沃斯眼部按摩仪送男女朋友生日礼物眼睛蒸汽护眼仪智能美容按摩器蓝牙音乐眼罩气囊热敷送老公老婆礼物 AI小爱语音控制【男神白】,￥315.00
凯沃斯眼部按摩仪送男女朋友生日礼物眼睛蒸汽护眼仪智能美容按摩器蓝牙音乐眼罩气囊热敷送老公老婆礼物 穴位按摩旗舰版【四大按摩+热敷+3d可视...,￥315.00
UMISS【顺丰速发】小米lot颈椎按摩器 米家APP多功能肩颈按摩仪脉冲智能颈部脖子疼低头族神器生日礼物 （热敷款）F2白色,￥78.00
小米尖.按摩仪 颈椎按摩器 脉冲按摩仪 EMS智能多功能迷你口袋低频脉冲电动随身按摩贴颈椎全身按摩仪器 ※顶配旗舰款※_【主机+三张贴】,￥138.00
乐范随身充魔力贴 按摩贴片脉冲迷你颈椎腿部腰背手臂仪器便携式多功能按摩贴片口袋按摩贴 随充得到版 2主机+6贴片,￥339.00
"线下同款	
和正 眼部按摩器眼睛按摩仪护眼仪音乐热敷气压眼罩太阳穴按摩眼保仪 生日礼物送男女朋友走心礼品 升级款 HZ-QNA-2",￥388.00
UMISS【顺丰】已接入小米lot颈椎按摩器米家APP护颈仪颈部按摩仪背部腰部脖子家用肩颈脉冲热敷生日礼物 米家APP版 8D颈椎仪白色【仿真按摩+恒温热敷】,￥439.00
初先 颈椎按摩贴智能健身颈椎按摩仪ems迷你口袋随身充贴片电动震动颈部按摩器便携肩颈低频脉冲理疗仪 豪华加大款：颈肩同步+主机+按摩贴+遥控+...,￥109.00
飞利浦眼部按摩仪护眼仪热敷蓝牙眼罩气囊按压出差旅行休息眼睛按摩仪老公生日纪念日礼物老婆 气囊热敷蓝牙眼罩+生日礼盒,￥349.00
嗨福头部按摩器电动全自动经络疏通解压双色光头皮养护健发太阳穴热敷头痛疼神器抓挠头颈部颈椎按摩仪 H2-暗夜黑,￥349.00
"爱心东东	
怡捷腰部按摩器腰肌劳损车载按摩靠垫背部按摩器滚动捶打按摩仪加热按摩枕家用办公室神器男士女士礼物 雅典绿【车家两用】揉捏+捶打",￥298.00
"爱心东东	
奕佳盆骨仪产后骨盆臀部按摩坐垫腰部按摩器办公室家用妈妈臀髋骨胯骨按摩靠垫送女朋友送老婆礼物 【至尊款】臀部+腰部+骨盆收胯+女人的福音",￥370.00
HiLink生态产品颈椎按摩器腰部按摩仪按摩枕头部肩颈部背部脖子肚子车载三八妇女节礼物 远峰蓝【礼盒-APP款】3D仿真人揉捏+可拆洗 生日送父母亲礼...,￥228.00
碧蓝仕（BILANSHI） 情人节生日礼物女生实用送女朋友老婆创意惊喜高档精致特别的走心润眼仪TX 复古绿,￥499.00
"爱心东东	
PGG颈椎按摩仪折叠颈部颈椎按摩器低频脉冲护颈仪神器女生生日礼物送女友男友创意礼品三八妇女节女神 D16尊贵款少女粉+精美礼盒包装",￥238.00
HYUNDAI智能睡眠仪助手握式电子睡眠按摩器睡眠仪睡眠神器生日礼物实用送妈妈老人父亲女男友 第11代全新升级款豪华白,￥358.00
吉米康眼部按摩仪蓝牙音乐护眼仪恒温加热睡眠眼罩语音声控智能眼睛按摩器送爸妈（支持HUAWEI HiLink） 砂白色【升级款】（华为生态按摩仪）,￥379.00
"线下同款	
迪斯（Desleep）【手势款】美国DE-F320眼部按摩仪护眼仪眼睛按摩器眼镜眼保仪热敷眼罩音乐生日礼物 手势控制款",￥499.00
小米尖.新款智能头部按摩器 多维度按摩仪按摩爪电动八爪鱼按摩器震动揉捏放松头部按摩器送老婆妈妈礼物 白色豪华款,￥188.00
烨华（YEHUA)手持式腰部按摩器四头大功率捶背仪肩颈小腿按摩仪家用腹部振动揉腹仪按摩器65W20档 小米白色-YK-1314,￥398.00
小米尖.电动头部按摩神器猫爪八爪鱼经络头痛放松颈部挠头皮仪器智能按摩仪 绿色升级红光三挡（USB充电）力道大,￥168.00
乐范 (LERAVAN) 颈椎按摩器口袋按摩贴腰部肩颈部腿部按摩仪无线便携按摩器多功能迷你按摩器 随充按摩贴2主机+2贴片,￥289.00
SLLEAF儿童护眼仪学生眼部按摩器热敷眼罩智能眼睛按摩仪送男生女生实用礼品儿童生日礼物女孩男孩 印制涂鸦豪华款【热敷+震动+蓝牙】,￥163.93
小米尖.新款智能头部按摩器 多维度按摩仪按摩爪电动八爪鱼按摩器震动揉捏放松头部按摩器送老婆妈妈礼物 白色标准款,￥158.00
倍呵g.duck小黄鸭 眼部按摩仪护眼仪眼睛按摩器智能成人儿童眼疲劳热敷罩眼保仪送闺蜜老婆生日礼物女 中秋礼品高端送父母长辈客户高档节日礼物女...,￥169.00
小米尖.眼部按摩仪器眼睛热敷润眼仪智能预防干涩眼罩智能送女友礼物 【蓝牙礼品款】全配置+品牌礼袋,￥388.00
趣器屋多功能迷你按摩器颈椎小型低频脉冲智能按摩仪电动按摩贴口袋随身 遥控款/19档8模式,￥19.80
趣器屋多功能迷你按摩器颈椎小型低频脉冲智能按摩仪电动按摩贴口袋随身 遥控款/19档8模式+3张贴片,￥31.84
璐瑶智能睡眠仪失眠青少年助老人睡眠手握神器送父母长辈爸妈生日礼物实用高档男女友 CES4.0高配升级款+薄荷绿+礼盒款,￥198.00
虎式飞跃 情人节礼物送女友送男友颈椎按摩器颈椎按摩仪送女友男友老婆女朋友闺蜜生日礼物送父母长辈礼品 5大模式+脉冲+恒温热敷【精致礼盒】雅...,￥88.00
凯沃斯眼部按摩仪送男女朋友生日礼物眼睛蒸汽护眼仪智能美容按摩器蓝牙音乐眼罩气囊热敷送老公老婆礼物 升级款/白【礼盒版】,￥215.00
UMISS【顺丰速发】小米lot颈椎按摩器米家APP多功能肩颈护颈按摩仪脉冲智能颈部脖子疼低头族神器 【送礼套装】典雅棕礼盒+颈椎按摩仪F2-月光白,￥138.00
小米尖.按摩器 按摩贴 EMS口袋按摩器 智能多功能迷你口袋低频脉冲电动随身按摩贴颈椎全身按摩仪器 ※顶配升级款※_【主机+一张贴】,￥118.00
UMISS【顺丰速发】小米lot颈椎按摩器米家APP多功能肩颈护颈按摩仪脉冲智能颈部脖子疼低头族神器  （脉冲+热敷+语音+遥控）颈椎按摩仪F2-宝石蓝,￥118.00
hyundai 韩国现代智能睡眠仪手握式电子睡眠按摩器帮助睡眠仪睡眠神器送生日礼物妈妈实用父母老人爸爸 豪华款（芒果黄）：11代升级芯片+双模式4大...,￥358.00
,
UMISS【顺丰速发】小米lot颈椎按摩器米家APP多功能肩颈护颈按摩仪脉冲智能颈部脖子疼低头族神器 （脉冲+热敷款）颈椎按摩仪F2-月光白,￥88.00
飞利浦眼部按摩仪护眼仪热敷蓝牙眼罩气囊按压出差旅行休息眼睛按摩仪老公生日纪念日礼物老婆 气囊热敷蓝牙眼罩+友谊礼盒,￥349.00
TrueX颈椎按摩器全身腰背颈部腿部颈肩垫智能肌肉放松多功能口袋随身电动按摩仪EMS低频脉冲按摩贴片 遥控热敷款+8种模式+20种档位+全身可用,￥199.00
UMISS【顺丰】已接入小米lot颈椎按摩器米家APP护颈仪颈部按摩仪背部腰部脖子家用肩颈脉冲热敷生日礼物 米家APP版 6D-白色【物理按摩+恒温热敷】,￥339.00
"线下同款	
志高（chigo） 小黄鸭儿童护眼仪学生眼部按摩器气压热敷眼罩智能眼睛按摩仪可折叠男孩女孩生日礼物品 【小黄鸭联名顶配款】语音播报+气囊揉捏+...",￥199.00
小米（MI）米家通用智能电子小闹钟学生专用桌面时钟儿童起床神器床头男女孩闹铃台钟 标配版/粉红【电池】 13.5厘米,￥59.00
小米（MI）米家通用智能电子小闹钟学生专用桌面时钟儿童起床神器床头男女孩闹铃台钟 顶配版/粉【电池】 13.5厘米,￥75.00
小米（MI）米家通用智能电子小闹钟学生专用桌面时钟儿童起床神器床头男女孩闹铃台钟 充电顶配版/粉+贴纸 13.5厘米,￥91.00
小米（MI）米家通用智能电子小闹钟学生专用桌面时钟儿童起床神器床头男女孩闹铃台钟 充电顶配版/粉+D01贴片贴纸 13.5厘米,￥95.00
小米（MI）米家通用智能电子小闹钟学生专用桌面时钟儿童起床神器床头男女孩闹铃台钟 充电顶配版/白+D01贴片贴纸 13.5厘米,￥95.00
华为（HUAWEI）智能体脂秤家用成人精准电子人体秤减肥智能体重测脂肪称女男运动健康蓝牙体重秤 华为智能体脂称3Pro--日出印象,￥385.00
华为（HUAWEI）智能体脂秤家用成人精准电子人体秤减肥智能体重测脂肪称女男运动健康蓝牙体重秤 华为体脂称3代【蓝牙版】凝霜白,￥109.00
华为（HUAWEI）智能体脂秤家用成人精准电子人体秤减肥智能体重测脂肪称女男运动健康蓝牙体重秤 华为体脂称3代【蓝牙版】海岛蓝,￥109.00
小米（MI）米家通用智能电子小闹钟学生专用桌面时钟儿童起床神器床头男女孩闹铃台钟 充电顶配版/墨绿【充电线】 13.5厘米,￥89.00
小米（MI）米家通用智能电子小闹钟学生专用桌面时钟儿童起床神器床头男女孩闹铃台钟 充电顶配【2只装】默认发白色 13.5厘米,￥141.00
"爱心东东	
PGG腹部按摩器砭石揉腹仪促进肠蠕动揉肚子大姨妈神器送礼物女朋友生日礼物实用送母亲员工礼品 茶绿【充电】天然砭石+无烟艾灸+红光热敷",￥499.00
"爱心东东	
PGG腹部按摩器砭石揉腹仪促进肠蠕动揉肚子大姨妈神器送礼物女朋友生日礼物实用送母亲员工礼品 抱抱熊【充电】3秒速热+三档温控",￥149.00
"爱心东东	
PGG腹部按摩器砭石揉腹仪促进肠蠕动揉肚子大姨妈神器送礼物女朋友生日礼物实用送母亲员工礼品 米黄【充电】天然砭石+无烟艾灸+红光热敷",￥499.00
"爱心东东	
PGG腹部按摩器砭石揉腹仪促进肠蠕动揉肚子大姨妈神器送礼物女朋友生日礼物实用送母亲员工礼品 仙粉【充电】天然砭石+无烟艾灸+红光热敷",￥499.00
"爱心东东	
PGG腹部按摩器砭石揉腹仪促进肠蠕动揉肚子大姨妈神器送礼物女朋友生日礼物实用送母亲员工礼品 跳跳兔【充电】3秒速热+三档温控",￥149.00
小米通用体重电子秤充电电子秤体重家用学生宿舍女生精准高精度称用称 [368天质保]不准包退-马卡龙2 BIA体重秤[USB-c]0误差,￥44.00
小米通用体重电子秤充电电子秤体重家用学生宿舍女生精准高精度称用称 [368天质保]不准包退-马卡龙 IEC体重秤[7号电池]/0.1误差,￥36.00
小米通用体重电子秤充电电子秤体重家用学生宿舍女生精准高精度称用称 [368天质保]不准包退-马卡龙3 IEC体重秤[7号电池]/0.1误差,￥36.00
小米通用手环8手表运动计步器6心率电子男女学生多功能7新款 普通版夜跃黑(%1人选择购买),￥137.00
小米通用手环8手表运动计步器6心率电子男女学生多功能7新款 顶级中国红(%99人选择购买),￥159.00
小米通用手环8手表运动计步器6心率电子男女学生多功能7新款 顶级舒展蓝(%99人选择购买),￥159.00
小米通用手环8手表运动计步器6心率电子男女学生多功能7新款 顶级夜跃黑(%99人选择购买),￥159.00
小米通用手环8手表运动计步器6心率电子男女学生多功能7新款 顶级深海蓝(%99人选择购买),￥159.00
小米通用手环8手表运动计步器6心率电子男女学生多功能7新款 普通版深海蓝(%1人选择购买),￥137.00
小米通用手环8手表运动计步器6心率电子男女学生多功能7新款 普通版中国红(%1人选择购买),￥137.00
智能家用健康运动器材套装智能计数跳绳有绳负重内置钢芯智能体脂称健康电子称体重秤男女通用 KUS T3超燃脂智能计数跳绳,￥148.00
智能家用健康运动器材套装智能计数跳绳有绳负重内置钢芯智能体脂称健康电子称体重秤男女通用 吸顶蓝牙音箱(主音箱),￥685.00
智能家用健康运动器材套装智能计数跳绳有绳负重内置钢芯智能体脂称健康电子称体重秤男女通用 吸顶蓝牙音箱(辅音箱),￥489.00
"爱心东东	
怡捷腰部按摩器腰肌劳损车载按摩靠垫背部按摩器滚动捶打按摩仪加热按摩枕家用办公室神器男士女士礼物 货车款优雅黑【车家两用】揉捏+捶打",￥338.00
阴道l哑铃盆底肌完善紧致产后完善女性私处护理凝胶产品锻炼器缩阴球凯格尔球 浪漫粉 震动版[保密发货]震动见,￥118.00
阴道l哑铃盆底肌完善紧致产后完善女性私处护理凝胶产品锻炼器缩阴球凯格尔球 魅惑紫 震动版[保密发货]震动见,￥118.00
小米通用智能手环多功能大彩屏男女监测血压心率电子运动手表防水计步器 C2蓝色彩屏多功能 标配,￥115.00
小米通用智能手环多功能大彩屏男女监测血压心率电子运动手表防水计步器 C5黑色彩屏多功能升级版 标配,￥137.00
小米通用智能手环多功能大彩屏男女监测血压心率电子运动手表防水计步器 M7黑色[动态壁纸/计步/配速] 标配,￥93.00
小米通用智能手环多功能大彩屏男女监测血压心率电子运动手表防水计步器 M7白色[动态壁纸/计步/配速] 标配,￥93.00
小米通用智能手环多功能大彩屏男女监测血压心率电子运动手表防水计步器 升级黑色[血氧/心率/血压/计步 标配,￥104.00
小米通用智能手环多功能大彩屏男女监测血压心率电子运动手表防水计步器 升级白色[血氧/心率/血压/计步 标配,￥104.00
小米通用智能手环多功能大彩屏男女监测血压心率电子运动手表防水计步器 C5蓝色彩屏多功能升级版 标配,￥137.00
小米通用智能手环多功能大彩屏男女监测血压心率电子运动手表防水计步器 C5红色彩屏多功能升级版 标配,￥137.00
小米通用智能手环多功能大彩屏男女监测血压心率电子运动手表防水计步器 M7星黛紫[动态壁纸/计步/配速 标配,￥93.00
小米通用智能手环多功能大彩屏男女监测血压心率电子运动手表防水计步器 M7深海蓝[动态壁纸/计步/配速 标配,￥93.00
小米通用智能手环多功能大彩屏男女监测血压心率电子运动手表防水计步器 升级深海蓝[血氧/心率/血压/计 标配,￥104.00
小米通用手表男女款运动智能手环青少年防水男中学生数字显示女生电子手表 纯色-雾霾蓝,￥112.00
小米通用手表男女款运动智能手环青少年防水男中学生数字显示女生电子手表 纯色-铂钢灰,￥112.00
小米通用手表男女款运动智能手环青少年防水男中学生数字显示女生电子手表 水彩-岚墨色,￥112.00
小米通用手表男女款运动智能手环青少年防水男中学生数字显示女生电子手表 纯色-复古白,￥112.00
小米通用手表男女款运动智能手环青少年防水男中学生数字显示女生电子手表 水彩-紫韵色,￥112.00
小米通用手表男女款运动智能手环青少年防水男中学生数字显示女生电子手表 油画-月下紫峰,￥112.00
小米通用手表男女款运动智能手环青少年防水男中学生数字显示女生电子手表 印花-绿野玫瑰,￥112.00
小米通用手表男女款运动智能手环青少年防水男中学生数字显示女生电子手表 油画-沧笙踏歌,￥112.00
小米通用手表男女款运动智能手环青少年防水男中学生数字显示女生电子手表 平安喜乐兔-本命年,￥112.00
【JD优品】贞操锁伪娘锁男鸟假阴伪娘藏jj男扮女cd变装下体隐藏贞洁带情趣gay同志玩具女装神器 仿女阴黑色锁,￥88.00
汉王（Hanvon） 61六一儿童节礼物男女孩手写板学生光能涂鸦小黑板绘画板涂鸦护眼电子写字板 液晶画板手写板:8英寸白色,￥39.78
汉王（Hanvon） 61六一儿童节礼物男女孩手写板学生光能涂鸦小黑板绘画板涂鸦护眼电子写字板 液晶画板手写板:8英寸黑色,￥39.78
汉王（Hanvon） 61六一儿童节礼物男女孩手写板学生光能涂鸦小黑板绘画板涂鸦护眼电子写字板  液晶画板手写板:10英寸白色,￥60.18
汉王（Hanvon） 61六一儿童节礼物男女孩手写板学生光能涂鸦小黑板绘画板涂鸦护眼电子写字板 液晶画板手写板:14英寸黑色,￥129.98
汉王（Hanvon） 61六一儿童节礼物男女孩手写板学生光能涂鸦小黑板绘画板涂鸦护眼电子写字板 14英寸黑边液晶板+防护包,￥149.38
小米（MI）米家通用闹钟学生专用闹铃儿童男女桌面时钟小电子表台式数字智能起床神器 迷你款【温度版】电池款-白色 14厘米,￥31.00
小米（MI）米家通用闹钟学生专用闹铃儿童男女桌面时钟小电子表台式数字智能起床神器 标配【室内温度显示】电池款-白色 14厘米,￥41.00
小米（MI）米家通用闹钟学生专用闹铃儿童男女桌面时钟小电子表台式数字智能起床神器 标配【室内温度显示】电池款-黑色 14厘米,￥41.00
小米通用智能手表彩屏蓝牙运动腕表手环心率血氧血压适用苹果手机 升级版[基础功能]3%人选择 少女粉(男女通杀),￥67.00
小米通用智能手表彩屏蓝牙运动腕表手环心率血氧血压适用苹果手机 顶配版[功能多+续航长]8%人选 少女粉(男女通杀),￥82.00
小米（MI）米家通用闹钟学生专用闹铃儿童男女桌面时钟小电子表台式数字智能起床神器 白色【智能语音播报*LED大屏幕】电池款超长待机【 14厘米,￥51.00
小米（MI）米家通用闹钟学生专用闹铃儿童男女桌面时钟小电子表台式数字智能起床神器 黑色【智能语音播报*LED大屏幕】电池款超长待机【 14厘米,￥51.00
小米（MI）米家通用闹钟学生专用闹铃儿童男女桌面时钟小电子表台式数字智能起床神器 蓝色【智能语音播报*LED大屏幕】电池款超长待机【 14厘米,￥51.00
小米（MI）米家通用闹钟学生专用闹铃儿童男女桌面时钟小电子表台式数字智能起床神器 绿色【智能语音播报*LED大屏幕】电池款超长待机【 14厘米,￥51.00
小米（MI）米家通用闹钟学生专用闹铃儿童男女桌面时钟小电子表台式数字智能起床神器 白色【智能语音播报*LED大屏幕】充电款超长待机【 14厘米,￥97.00
小米（MI）米家通用闹钟学生专用闹铃儿童男女桌面时钟小电子表台式数字智能起床神器 蓝色【智能语音播报*LED大屏幕】充电款超长待机【 14厘米,￥97.00
3d立体小夜灯网红抖音创意梦幻led卧室节能床头灯插电ins少女台灯3d小夜灯 古堡(三色可调),￥39.00
3d立体小夜灯网红抖音创意梦幻led卧室节能床头灯插电ins少女台灯3d小夜灯 小熊(三色可调),￥39.00
3d立体小夜灯网红抖音创意梦幻led卧室节能床头灯插电ins少女台灯3d小夜灯 水母(三色可调),￥39.00
3d立体小夜灯网红抖音创意梦幻led卧室节能床头灯插电ins少女台灯3d小夜灯 梅花鹿(三色可调),￥39.00
3d立体小夜灯网红抖音创意梦幻led卧室节能床头灯插电ins少女台灯3d小夜灯 我爱你(三色可调),￥39.00
华为体脂秤家用成人精准电子人体秤减肥智能体重测脂肪称女男运动健康蓝牙体质秤机wifi 安卓苹果 华为智能体脂称3Pro 日出印象,￥385.00
凯伦猫  14英寸液晶手写板儿童画板电子手写手绘充电式写字板彩色黑板幼儿园女孩生日礼物,￥109.00
汉王（Hanvon） 61六一儿童节礼物男孩女孩益智液晶手写板学生光能小黑板手绘涂鸦护眼电子绘画板 14英寸黑边液晶板+防护包,￥149.00
汉王（Hanvon） 61六一儿童节礼物男孩女孩益智液晶手写板学生光能小黑板手绘涂鸦护眼电子绘画板 液晶画板手写板:8英寸黑边,￥45.00
汉王（Hanvon） 61六一儿童节礼物男孩女孩益智液晶手写板学生光能小黑板手绘涂鸦护眼电子绘画板  液晶画板手写板:10英寸黑边,￥59.00
汉王（Hanvon） 61六一儿童节礼物男孩女孩益智液晶手写板学生光能小黑板手绘涂鸦护眼电子绘画板 液晶画板手写板:14英寸黑边,￥129.00
小米通用新款通用智能手环男女学生情侣运动防水计步手表闹钟 CF*极夜黑* 升级五代[多功能彩屏]20%,￥62.00
小米通用新款通用智能手环男女学生情侣运动防水计步手表闹钟 CF*天空蓝* 基础三代[时间+日历]2%,￥31.00
小米通用新款通用智能手环男女学生情侣运动防水计步手表闹钟 CF*深海蓝* 基础三代[时间+日历]2%,￥31.00
小米通用新款通用智能手环男女学生情侣运动防水计步手表闹钟 CF*池塘藕粉* 基础三代[时间+日历]2%,￥31.00
小米通用新款通用智能手环男女学生情侣运动防水计步手表闹钟 DY*暗黑皮卡丘* 智能四代[计步+闹钟]8%,￥66.00
小米通用新款通用智能手环男女学生情侣运动防水计步手表闹钟 DY*白色太空人* 基础三代[时间+日历]2%,￥42.00
小米通用新款通用智能手环男女学生情侣运动防水计步手表闹钟 DY*白色KAWS* 基础三代[时间+日历]2%,￥42.00
小米通用新款通用智能手环男女学生情侣运动防水计步手表闹钟 CF*极夜黑* 智能四代[计步+闹钟]8%,￥59.00
小米通用新款通用智能手环男女学生情侣运动防水计步手表闹钟 CF*深海蓝* 升级五代[多功能彩屏]20%,￥62.00
小米通用新款通用智能手环男女学生情侣运动防水计步手表闹钟 CF*天使白* 基础三代[时间+日历]2%,￥31.00
小米通用新款通用智能手环男女学生情侣运动防水计步手表闹钟 DY*黑色太空人* 智能四代[计步+闹钟]8%,￥66.00
小米通用新款通用智能手环男女学生情侣运动防水计步手表闹钟 CF*深海蓝* 智能四代[计步+闹钟]8%,￥59.00
小米通用新款通用智能手环男女学生情侣运动防水计步手表闹钟 DY*潮流皮卡丘* 基础三代[时间+日历]2%,￥42.00
小米通用新款通用智能手环男女学生情侣运动防水计步手表闹钟 DY*暗黑皮卡丘* 基础三代[时间+日历]2%,￥42.00
小米通用新款通用智能手环男女学生情侣运动防水计步手表闹钟 DY*黄色小柴犬* 基础三代[时间+日历]2%,￥42.00
小米通用新款通用智能手环男女学生情侣运动防水计步手表闹钟 DY*海绵宝宝* 升级五代[多功能彩屏]20%,￥69.00
小米通用新款通用智能手环男女学生情侣运动防水计步手表闹钟 DY*海绵宝宝* 基础三代[时间+日历]2%,￥42.00
小米通用新款通用智能手环男女学生情侣运动防水计步手表闹钟 DY*黄色皮卡丘* 基础三代[时间+日历]2%,￥42.00
小米通用新款通用智能手环男女学生情侣运动防水计步手表闹钟 DY*黑色太空人* 基础三代[时间+日历]2%,￥42.00
小米通用新款通用智能手环男女学生情侣运动防水计步手表闹钟 DY*黑色暴力熊* 基础三代[时间+日历]2%,￥42.00
小米通用新款通用智能手环男女学生情侣运动防水计步手表闹钟 CF*天使白* 升级五代[多功能彩屏]20%,￥62.00
小米通用新款通用智能手环男女学生情侣运动防水计步手表闹钟 CF*中国红* 智能四代[计步+闹钟]8%,￥59.00
小米通用新款通用智能手环男女学生情侣运动防水计步手表闹钟 CF*中国红* 基础三代[时间+日历]2%,￥31.00
小米通用新款通用智能手环男女学生情侣运动防水计步手表闹钟 DY*黄色小柴犬* 顶配六代[新版超强功能高清]7,￥71.00
小米通用新款通用智能手环男女学生情侣运动防水计步手表闹钟 DY*三只小萌怪物* 顶配六代[新版超强功能高清]7,￥71.00
小米通用新款通用智能手环男女学生情侣运动防水计步手表闹钟 DY*三只小萌怪物* 智能四代[计步+闹钟]8%,￥66.00
小米通用新款通用智能手环男女学生情侣运动防水计步手表闹钟 CF*天使白* 顶配六代[新版超强功能高清]7,￥65.00
小米通用新款通用智能手环男女学生情侣运动防水计步手表闹钟 CF*天空蓝* 顶配六代[新版超强功能高清]7,￥65.00
小米通用新款通用智能手环男女学生情侣运动防水计步手表闹钟 CF*中国红* 顶配六代[新版超强功能高清]7,￥65.00
"爱心东东	
奕佳盆骨仪产后骨盆臀部按摩坐垫腰部按摩器办公室家用妈妈臀髋骨胯骨按摩靠垫送女朋友送老婆礼物 【少女粉】臀部+腰部+骨盆收胯",￥288.00
冠爱（GUANAI）腰部按摩器腰肌劳损按摩仪腰椎理疗仪腰椎牵引器热敷振动按摩缓解酸痛男女护腰按摩器 旗舰款（自动升降+3个药包）,￥198.00
小米（MI）米家通用智能电子小闹钟学生专用桌面时钟儿童起床神器床头男女孩闹铃台钟 小号低配版/粉 13.5厘米,￥39.00
小米（MI）米家通用智能电子小闹钟学生专用桌面时钟儿童起床神器床头男女孩闹铃台钟 标配版/蓝【送电池】 13.5厘米,￥49.00
小米（MI）米家通用智能电子小闹钟学生专用桌面时钟儿童起床神器床头男女孩闹铃台钟 顶配版/墨绿【送电池】 13.5厘米,￥59.00
小米（MI）米家通用智能电子小闹钟学生专用桌面时钟儿童起床神器床头男女孩闹铃台钟 顶配版/白【送电池】 13.5厘米,￥59.00
小米（MI）米家通用智能电子小闹钟学生专用桌面时钟儿童起床神器床头男女孩闹铃台钟 标配版/粉红【送电池】 13.5厘米,￥49.00
小米（MI）米家通用智能电子小闹钟学生专用桌面时钟儿童起床神器床头男女孩闹铃台钟 充电顶配版/白【送充电线】 13.5厘米,￥79.00
小米（MI）米家通用智能电子小闹钟学生专用桌面时钟儿童起床神器床头男女孩闹铃台钟 充电顶配版/蓝【送充电线】 13.5厘米,￥79.00
小米（MI）米家通用智能电子小闹钟学生专用桌面时钟儿童起床神器床头男女孩闹铃台钟 充电顶配版/墨绿【送充电线】 13.5厘米,￥79.00
小米（MI）米家通用智能电子小闹钟学生专用桌面时钟儿童起床神器床头男女孩闹铃台钟 充电触控版/墨绿【送充电线】 13.5厘米,￥89.00
"爱心东东	
奕佳u型按摩枕颈椎按摩护颈加热颈椎枕便携办公家用颈部按摩器午睡枕头神器送长辈生日礼物实用 浪漫少女粉【充电款】按摩颈部+腰部+腹部+腿部",￥218.00
小米（MI）米家通用卡通闹钟学生用起床神器床头桌面儿童女孩男孩专用小电子时钟 NZ318圆形黑色 13厘米,￥35.00
小米（MI）米家通用卡通闹钟学生用起床神器床头桌面儿童女孩男孩专用小电子时钟 NZ277方形白色 13厘米,￥39.00
小米（MI）米家通用卡通闹钟学生用起床神器床头桌面儿童女孩男孩专用小电子时钟 NZ277方形粉色 13厘米,￥39.00
小米（MI）米家通用卡通闹钟学生用起床神器床头桌面儿童女孩男孩专用小电子时钟 NZ278方形黑色 13厘米,￥39.00
小米（MI）米家通用卡通闹钟学生用起床神器床头桌面儿童女孩男孩专用小电子时钟 NZ278方形蓝色 13厘米,￥39.00
小米（MI）米家通用卡通闹钟学生用起床神器床头桌面儿童女孩男孩专用小电子时钟 NZ279方形粉色 13厘米,￥39.00
小米（MI）米家通用卡通闹钟学生用起床神器床头桌面儿童女孩男孩专用小电子时钟 NZ315方形白色 13厘米,￥39.00
小米（MI）米家通用卡通闹钟学生用起床神器床头桌面儿童女孩男孩专用小电子时钟 NZ316方形粉色 13厘米,￥39.00
小米（MI）米家通用卡通闹钟学生用起床神器床头桌面儿童女孩男孩专用小电子时钟 NZ317方形黑色 13厘米,￥39.00
倍达康腰部经络按摩器护腰带热敷腰间盘腰椎仪家用突出男女腰疼老人电灸理疗神器充电加热低频电脉冲理疗仪 白色,￥499.00
"爱心东东	
PGG颈椎按摩仪折叠颈部颈椎按摩器低频脉冲护颈仪神器女生生日礼物送女友男友创意礼品三八妇女节女神 折叠款深空灰+精美礼盒包装",￥298.00
"爱心东东	
PGG颈椎按摩仪折叠颈部颈椎按摩器低频脉冲护颈仪神器女生生日礼物送女友男友创意礼品三八妇女节女神 D16尊贵款糯米白+精美礼盒包装",￥238.00
"爱心东东	
PGG颈椎按摩仪折叠颈部颈椎按摩器低频脉冲护颈仪神器女生生日礼物送女友男友创意礼品三八妇女节女神 D16尊贵款睿智蓝+精美礼盒包装",￥238.00
"爱心东东	
PGG颈椎按摩仪折叠颈部颈椎按摩器低频脉冲护颈仪神器女生生日礼物送女友男友创意礼品三八妇女节女神 折叠款梦幻蓝+精美礼盒包装",￥298.00
"爱心东东	
PGG颈椎按摩仪折叠颈部颈椎按摩器低频脉冲护颈仪神器女生生日礼物送女友男友创意礼品三八妇女节女神 尊贵款睿智蓝+精美礼盒包装",￥198.00
"爱心东东	
PGG颈椎按摩仪折叠颈部颈椎按摩器低频脉冲护颈仪神器女生生日礼物送女友男友创意礼品三八妇女节女神 尊贵款少女粉+精美礼盒包装",￥198.00
小米通用智能手环vivoOPPO通用多功能运动手表计步闹钟防水男女学 经典黑 电池款[仅时间+日期]2%,￥37.00
小米通用智能手环vivoOPPO通用多功能运动手表计步闹钟防水男女学 经典白 电池款[仅时间+日期]2%,￥37.00
小米通用智能手环vivoOPPO通用多功能运动手表计步闹钟防水男女学 经典蓝 电池款[仅时间+日期]2%,￥37.00
小米通用智能手环vivoOPPO通用多功能运动手表计步闹钟防水男女学 经典粉 电池款[仅时间+日期]2%,￥37.00
小米通用智能手环vivoOPPO通用多功能运动手表计步闹钟防水男女学 经典红 电池款[仅时间+日期]2%,￥37.00
小米通用智能手环vivoOPPO通用多功能运动手表计步闹钟防水男女学 经典黑 充电[多功能+运动模式+闹钟]9,￥71.00
小米通用智能手环vivoOPPO通用多功能运动手表计步闹钟防水男女学 经典白 充电[多功能+运动模式+闹钟]9,￥71.00
小米通用智能手环vivoOPPO通用多功能运动手表计步闹钟防水男女学 经典粉 充电[多功能+运动模式+闹钟]9,￥71.00
小米通用智能手环vivoOPPO通用多功能运动手表计步闹钟防水男女学 印花[哆啦A梦] 电池款[仅时间+日期]2%,￥44.00
华为智选 火火兔儿童早教机故事ai智能机器人0-3岁宝宝对话胎教婴儿歌播放器小男女孩多功能玩具学习 早教机器人升级版,￥189.00
叮零闹钟提醒学生时间管理器专用起床神器智能2023新款数字显示电子时钟儿童女孩强力大音量叫醒 叮零-自律打卡器-蓝色,￥24.00
叮零闹钟提醒学生时间管理器专用起床神器智能2023新款数字显示电子时钟儿童女孩强力大音量叫醒 叮零-自律打卡器-粉色,￥24.00
叮零闹钟提醒学生时间管理器专用起床神器智能2023新款数字显示电子时钟儿童女孩强力大音量叫醒 叮零-闹钟时间管理器-绿色,￥56.00
叮零闹钟提醒学生时间管理器专用起床神器智能2023新款数字显示电子时钟儿童女孩强力大音量叫醒 叮零-闹钟时间管理器-粉色,￥56.00
乐范随身充魔力贴 按摩贴片脉冲迷你颈椎腿部腰背手臂仪器便携式多功能按摩贴片口袋按摩贴 蛟神插画版（1主机+1贴片）,￥135.00
"线下同款	
金正 【次日达】ems脉冲按摩贴筋膜贴电动震动智能颈椎按摩器口袋便携按摩全身背颈部多功能迷你随身 豪华加大款：颈肩同步+主机+按摩贴+遥控+贴...",￥59.00
德国闽辰 头部按摩器 头部按摩仪按摩爪头皮按摩器 多维度无线便携八爪鱼按摩器 灵魂提取器自动智能揉捏 标准款灰【5种模式+环保硅胶】,￥99.00
UMISS【顺丰速发】小米lot颈椎按摩器 米家APP多功能肩颈按摩仪脉冲智能颈部脖子疼低头族神器生日礼物 小米米家APP款4D颈椎仪白色,￥279.00
海瑞得年会礼品实用伴手礼感恩节礼物颈椎按摩器按摩仪筋膜枪生日礼物送男女生礼品定制送客户奖品纪念品 御礼甄选F2护颈仪-【白色】,￥79.00
海瑞得年会礼品实用伴手礼感恩节礼物颈椎按摩器按摩仪筋膜枪生日礼物送男女生礼品定制送客户奖品纪念品 柿柿如意商务套装蓝色-【保温杯+吹风...,￥98.00
muselove暖宫腰带热敷按摩仪暖宝宝 舒缓生理期疼痛 45~65℃恒温暖护仿生按摩 大姨妈神器 生日礼物 A1樱花粉【加长束带-顺丰速发】,￥169.00
德力普（delipow） 大姨妈神器暖宫腰带按摩器情人礼物生日送女友女生朋友老婆月经生理期痛经肚子疼热敷按摩暖腰腹 萌猫【豪华氛围灯礼盒】免费...,￥121.00
LITTLE KORBOOSE圣诞节礼物送女友男朋友生日眼部按摩仪眼睛按摩器智能蓝牙护眼仪热敷 【粉色尊享款】精致礼盒套装【免费刻字】,￥1588.00
喵喵机&倍轻松（breo）儿童护眼仪学生儿童按摩护眼仪 眼部按摩仪 眼保仪 按摩眼罩 眼睛按摩仪 h1(轻量便携/点阵式按摩/零压体感/恒温热敷) 青少年/...,￥449.00
TOKRE眼部按摩器眼睛仪眼疲劳黑眼圈震动按摩仪 加强直充款(配数据线+视力表),￥38.30
TOKRE眼部按摩器眼睛仪眼疲劳黑眼圈震动按摩仪 充电款(配数据线+视力表),￥51.50
迪斯（Desleep）按摩器眼睛眼部按摩仪F300护眼仪蓝牙眼保仪热敷眼罩送学生儿童女友男朋友生日礼物 蓝牙音乐款,￥299.00
"线下同款	
乐范 【送礼礼物】随身迷你按摩贴便携颈椎按摩器 按摩仪颈椎 低频脉冲按摩仪魔力贴送爸妈男女朋友 【酷炫插画版】10档强度+持久续航+1主机+1贴片",￥129.00
心意满满年会礼品实用客户伴手礼员工感恩节礼物妈妈送老师纪念品男生日女按摩仪颈椎部按摩器护脖子u型枕 低头族神器：棕色震动电池款,￥65.00
小米尖.按摩贴 EMS脉冲按摩贴低频脉冲智能加热电动颈椎按摩仪腰部背部口袋按摩器富贵包按摩送母亲节礼物 热敷遥控款【标配】,￥258.00
umiss【顺丰速发】小米lot颈椎按摩器米家app多功能肩颈护颈按摩仪脉冲智能颈部脖子疼低头族神器礼物 【象牙白】升级版4d 浮动按摩+恒温热敷+普通遥...,￥199.00
奥克斯（aux）眼部按摩仪热敷眼睛按摩器智能睡眠电动眼罩热敷儿童眼保仪中秋礼品高端送父母长辈实用 顶配版【气囊揉捏+震动按摩+恒温热敷+蓝牙...,￥179.00
立昌（LiChang）颈椎按摩器全身电动手持式按摩棒震动小海豚按摩仪肩部颈部【暖冬感恩礼遇季】 智能无线充电款-珍珠白,￥229.00
智能声控台灯学习护眼台灯充电宿舍灯小夜灯语音灯卧室床头灯夜灯氛围灯人工语言控制感应灯小台灯 语音笔筒台灯 1200毫安,￥99.00
奥斯拓理疗仪经络按摩仪中频睡眠仪家用腰椎颈椎按摩仪腰部 数码针灸脉冲电疗穴位多功能全身小型迷你按摩器 蓝色充电25种模式50挡力度,￥268.00
渡康（DUKON）头疼按摩器睡眠仪脑部失眠助眠神器多功能偏头部理疗仪脑轻松家用助眠按摩仪缓解疲劳 按摩仪,￥438.00
仙鹤理疗用电极贴片中频仪通用电疗贴激光综合硅胶粘贴20按摩器片 (4*6cm小电极)共2对,￥31.80
手持式海豚按摩器 电动按摩棒鲨鱼震动肩膀腰部经络电动按摩锤颈椎敲打 【中国红机械版-3头】-插电式,￥134.00
喵喵机儿童护眼仪升级款h1pro 学生儿童按摩护眼仪/器眼部按摩仪/器眼保仪 按摩眼罩 眼睛按摩仪 喵喵机护眼仪h1pro叶黄素眼贴周度装（7袋/盒） 青少...,￥39.00
初先 颈椎按摩贴智能健身颈椎按摩仪ems迷你口袋随身充贴片电动震动颈部按摩器便携肩颈低频脉冲理疗仪 升级遥控版：8种模式+19档力度 主机+无线遥...,￥69.00
UMISS【顺丰】已接入小米lot颈椎按摩器米家APP护颈仪颈部按摩仪背部腰部脖子家用肩颈脉冲热敷生日礼物 遥控版 8D颈椎仪白色【仿真按摩+恒温热敷】,￥399.00
智能手环多功能大彩屏男女监测血压心率电子运动手表防水. C2黑色彩屏多功能,￥128.00
小米通用适用运动手环学生多功能血压心率监测黑科技电子智能手表女款 小雏菊 自定义+遥控拍照+充电,￥82.00
小米通用适用运动手环学生多功能血压心率监测黑科技电子智能手表女款 油画宇航员 自定义+遥控拍照+充,￥82.00
"爱心东东	
奕佳（YIJIA）足部按摩仪全自动足疗机按摩器女生生日礼物送女友女朋友送老婆足底按脚机智能按摩腿暖脚神器礼品 【新升级】按腿按脚神器",￥428.00
奕佳（yijia）肩颈按摩仪披肩充电按摩器揉捏加热颈椎颈部按摩仪肩膀疼痛脖子肩周按摩三八妇女节女神节礼物实用 充电款灰白色【肩颈腰背腹缓解...,￥298.00
奕佳（yijia）肩颈按摩仪披肩充电按摩器揉捏加热颈椎颈部按摩仪肩膀疼痛脖子肩周按摩三八妇女节女神节礼物实用 充电款黑色【肩颈腰背腹缓解酸...,￥298.00
奕佳（YIJIA）肩颈按摩仪披肩充电按摩器揉捏加热颈椎颈部按摩仪肩膀疼痛脖子肩周按摩三八妇女节女神节礼物实用 插电款【仿真人揉捏+恒温热敷】,￥258.00
"线下同款	
和正 可视化眼部按摩器护眼仪眼部按摩仪护眼仪眼保仪 成人儿童生日礼物 送爱人长辈 贴心好礼 象牙白 HZ-QNA-6",￥579.00
小米通用智能称重电子体脂秤精准家用称蓝牙人体重秤测脂肪女 光能皓月白 电池,￥126.00
小米通用智能称重电子体脂秤精准家用称蓝牙人体重秤测脂肪女 瘦腰钢琴黑 USB充电,￥137.00
小米通用智能称重电子体脂秤精准家用称蓝牙人体重秤测脂肪女 瘦腰玫瑰金 USB充电,￥137.00
小米通用智能称重电子体脂秤精准家用称蓝牙人体重秤测脂肪女 光能玫瑰金 电池,￥126.00
小米通用智能称重电子体脂秤精准家用称蓝牙人体重秤测脂肪女 瘦腰钢琴黑 电池,￥126.00
小米通用智能称重电子体脂秤精准家用称蓝牙人体重秤测脂肪女 瘦腰玫瑰金 电池,￥126.00
小米通用智能称重电子体脂秤精准家用称蓝牙人体重秤测脂肪女 瘦腰皓月白 电池,￥126.00
小米通用智能称重电子体脂秤精准家用称蓝牙人体重秤测脂肪女 光能经典黑 电池,￥126.00
华为原装体脂秤3智能精准家用电子体重称成人健康健身称重测脂肪男女士蓝牙wifi人体质秤 【蓝牙版】体脂称3凝霜白+测量皮尺,￥109.00
考研党的戒网机朵唯男女学生党戒网瘾手机非智能小孩儿童迷你备用 【移动版】粉色-送手机壳 送一个备用电池,￥191.00
考研党的戒网机朵唯男女学生党戒网瘾手机非智能小孩儿童迷你备用 【移动版】白色-送手机壳 不送内存卡,￥153.00
考研党的戒网机朵唯男女学生党戒网瘾手机非智能小孩儿童迷你备用 【移动版】白色-送手机壳 送一个备用电池,￥191.00
考研党的戒网机朵唯男女学生党戒网瘾手机非智能小孩儿童迷你备用 【移动版】蓝色-送手机壳 不送内存卡,￥154.00
考研党的戒网机朵唯男女学生党戒网瘾手机非智能小孩儿童迷你备用 【移动版】黑色-送手机壳 不送内存卡,￥153.00
考研党的戒网机朵唯男女学生党戒网瘾手机非智能小孩儿童迷你备用 【全网通版】白色-送手机壳 不送内存卡,￥338.00
考研党的戒网机朵唯男女学生党戒网瘾手机非智能小孩儿童迷你备用 【移动版】白色-送手机壳 送32G内存卡【有300首歌曲】,￥191.00
多锐体脂秤专用体重秤家用智能精准男女秤健康脂肪秤小型 黑色充电款,￥119.00
多锐体脂秤专用体重秤家用智能精准男女秤健康脂肪秤小型 黑色电池款,￥99.00
多锐体脂秤专用体重秤家用智能精准男女秤健康脂肪秤小型 粉色电池款,￥99.00
多锐体脂秤专用体重秤家用智能精准男女秤健康脂肪秤小型 粉色充电款,￥119.00
多锐体脂秤专用体重秤家用智能精准男女秤健康脂肪秤小型 白色电池款,￥99.00
多锐体脂秤专用体重秤家用智能精准男女秤健康脂肪秤小型 白色充电款,￥119.00
多锐体脂秤专用体重秤家用智能精准男女秤健康脂肪秤小型 蓝色电池款,￥99.00
多锐体脂秤专用体重秤家用智能精准男女秤健康脂肪秤小型 蓝色充电款,￥119.00
小米（MI）米家通用早教儿童小闹钟女孩自律男孩智能起床神器钟表学生用专用学习时钟 猫咪款,￥75.00
小米（MI）米家通用早教儿童小闹钟女孩自律男孩智能起床神器钟表学生用专用学习时钟 小熊款-蓝,￥75.00
小米（MI）米家通用早教儿童小闹钟女孩自律男孩智能起床神器钟表学生用专用学习时钟 白色款,￥69.00
小米（MI）米家通用早教儿童小闹钟女孩自律男孩智能起床神器钟表学生用专用学习时钟 粉色款,￥75.00
小米（MI）米家通用早教儿童小闹钟女孩自律男孩智能起床神器钟表学生用专用学习时钟 【充电款】彩虹早教闹钟,￥87.00
经络梳子头部经络梳天然檀木梳女士面部眼部淋巴头皮头疗梳脱发 青蛙耳朵鼻子按摩器,￥68.00
经络梳子头部经络梳天然檀木梳女士面部眼部淋巴头皮头疗梳脱发 头部颈部按摩梳檀木,￥68.00
经络梳子头部经络梳天然檀木梳女士面部眼部淋巴头皮头疗梳脱发 眼部穴位按摩器,￥58.00
经络梳子头部经络梳天然檀木梳女士面部眼部淋巴头皮头疗梳脱发 加厚款触角眼部按摩,￥68.00
经络梳子头部经络梳天然檀木梳女士面部眼部淋巴头皮头疗梳脱发 高配阿根廷绿檀木 孙俪同款 精美,￥118.00
"爱心东东	
老人机翻盖双屏接听老年手机大屏大字大声音学生男女 尊贵金 无需合约版  标配 4G通顶配版通+",￥130.00
"爱心东东	
老人机翻盖双屏接听老年手机大屏大字大声音学生男女 尊贵金 无需合约版  标配 单屏升级版移",￥170.00
"爱心东东	
老人机翻盖双屏接听老年手机大屏大字大声音学生男女 雅典黑 无需合约版  标配 双屏高配版移",￥189.00
"爱心东东	
老人机翻盖双屏接听老年手机大屏大字大声音学生男女 中国红 无需合约版  标配 4G通顶配版通+",￥266.00
"爱心东东	
老人机翻盖双屏接听老年手机大屏大字大声音学生男女 尊贵金 无需合约版  标配 双屏高配版移",￥189.00
"爱心东东	
老人机翻盖双屏接听老年手机大屏大字大声音学生男女 梦幻紫 无需合约版  标配 4G通顶配版通+",￥130.00
"爱心东东	
老人机翻盖双屏接听老年手机大屏大字大声音学生男女 梦幻紫 无需合约版  标配 双屏高配版移",￥130.00
小米通用圆盘智能运动手表闹钟心率步数血压睡眠蓝牙计步器多功能圆形手环 旗舰版 少女粉,￥73.00
小米尖.脉冲按摩贴智能颈椎按摩器迷你口袋按摩仪多功能按摩器便携随身贴片全身颈椎腰背部震动按摩仪 [充电款6种模式10档力度]1主机*4贴片,￥118.00
按摩器新松家电颈椎腰部背部按摩仪推脂机手持式电动震动红外 红外 深蓝色 插电使用,￥278.00
脊安适【顺丰速发】眼部按摩仪小米有品眼睛按摩器护眼仪缓解热敷疲劳黑眼圈干涩神器眼罩智能眼保美眼仪 护眼仪E6-灰色,￥299.00
"线下同款	
奥克斯（AUX）眼睛眼部按摩仪护眼仪眼罩热敷儿童学生成人眼睛按摩器生日送男友女友父母亲节实用礼物 3D双层气囊/热敷/语音/蓝牙音乐 语音版",￥399.00
日本进口品质膝盖关节护膝保暖老寒腿女艾灸盐袋包腿部电加热理疗器 海盐护膝+标准款海盐肩颈宝 均码,￥291.00
日本进口品质膝盖关节护膝保暖老寒腿女艾灸盐袋包腿部电加热理疗器 欧式加长海盐护膝+欧式海盐 肩颈 均码,￥391.00
"爱心东东	
仿女阴贞操锁伪娘男用假阴贞洁锁下体隐藏JJ男扮女装CD变装 黑色锁小号",￥72.63
电动迷你三角手持式理疗按摩器女士小型全身震动便携式颈部按摩仪 红色,￥38.00
电动迷你三角手持式理疗按摩器女士小型全身震动便携式颈部按摩仪 绿色,￥38.00
电动迷你三角手持式理疗按摩器女士小型全身震动便携式颈部按摩仪 蓝色,￥38.00
电动迷你三角手持式理疗按摩器女士小型全身震动便携式颈部按摩仪 黄色,￥38.00
电动迷你三角手持式理疗按摩器女士小型全身震动便携式颈部按摩仪 紫色,￥38.00
电动迷你三角手持式理疗按摩器女士小型全身震动便携式颈部按摩仪 粉色,￥38.00
电动迷你三角手持式理疗按摩器女士小型全身震动便携式颈部按摩仪 枚红色,￥38.00
智能蓝牙音箱闹钟小音响一体带床头小夜灯台灯情人节送男生日礼物ABDT 升级七彩遥控助眠款刻字+女 官方标配,￥336.00
酷轻松（KCOTSON）石墨烯热敷颈椎按摩U型枕按揉捏脖子 飞机旅行睡觉神器多功能（支持鸿蒙智联） 蓝色,￥399.00
通用便携充电宝100W快充大容量苹果PD手机通用 靓女粉(快充+自带线)提速 20000毫安,￥112.15
小.米(MI)米家通用生活家用智能闹钟学生专用起床神器儿童女孩电子宿舍时钟2023 白色【+智能强力叫醒LED大屏幕】,￥108.00
小米通用多功能大彩屏防水电子智能手环男女监测血压心率运动手表计步通用 曜夜黑[直面屏+运动计步],￥62.00
和正眼部按摩器护眼仪眼睛按摩仪蓝牙眼保仪气囊振动睡眠仪热敷眼罩穴位保健神器 生日礼物送爱人贴心 眼部按摩器 HZ-QNA-10,￥689.00
觉美睡眠仪送爸妈送长辈礼物通用创意便携智能神器舒适小型 保5年 仪器,￥10950.00
智能手环多功能大彩屏男女监测血压心率电子运动手表防水. C2红色彩屏多功能,￥128.00
智能手环多功能大彩屏男女监测血压心率电子运动手表防水. C5黑色彩屏多功能升级版,￥148.00
智能手环多功能大彩屏男女监测血压心率电子运动手表防水. M7黑色[动态壁纸/计步/配速],￥98.00
智能手环多功能大彩屏男女监测血压心率电子运动手表防水. 升级黑色[血氧/心率/血压/计步,￥108.00
智能手环多功能大彩屏男女监测血压心率电子运动手表防水. 升级藕粉[血氧/心率/血压/计步,￥108.00
智能手环多功能大彩屏男女监测血压心率电子运动手表防水. 升级星黛紫[血氧/心率/血压/计,￥108.00
智能手环多功能大彩屏男女监测血压心率电子运动手表防水. 升级红色[血氧/心率/血压/计步,￥108.00
能看小说的老年机阅读器mp4随身听看电子书mp3音乐播放器mp5蓝牙 2寸按键款【蓝牙5.3】 8G【下好300多本女生小说】,￥179.00
能看小说的老年机阅读器mp4随身听看电子书mp3音乐播放器mp5蓝牙 3寸触摸款【蓝牙5.3】 8G【下好300多本女生小说】,￥311.00
能看小说的老年机阅读器mp4随身听看电子书mp3音乐播放器mp5蓝牙 2寸按键款【蓝牙5.3】 128G【下好9000本男/女小说】,￥597.00
能看小说的老年机阅读器mp4随身听看电子书mp3音乐播放器mp5蓝牙 2寸按键款【蓝牙5.3】 8G【下好600多本男/女小说】,￥179.00
能看小说的老年机阅读器mp4随身听看电子书mp3音乐播放器mp5蓝牙 2寸按键款【蓝牙5.3】 16G【下好600多本女生小说】,￥223.00
能看小说的老年机阅读器mp4随身听看电子书mp3音乐播放器mp5蓝牙 2寸按键款【蓝牙5.3】 16G【下好1200多本男/女小说】,￥223.00
能看小说的老年机阅读器mp4随身听看电子书mp3音乐播放器mp5蓝牙 2寸按键款【蓝牙5.3】 32G【下好2000多本男/女小说】,￥267.00
能看小说的老年机阅读器mp4随身听看电子书mp3音乐播放器mp5蓝牙 2寸按键款【蓝牙5.3】 64G【下好1700多本女生小说】,￥377.00
能看小说的老年机阅读器mp4随身听看电子书mp3音乐播放器mp5蓝牙 2寸按键长续航款【蓝牙5.3】 8G【下好300多本女生小说】,￥201.00
能看小说的老年机阅读器mp4随身听看电子书mp3音乐播放器mp5蓝牙 2寸按键长续航款【蓝牙5.3】 8G【下好600多本男/女小说】,￥201.00
能看小说的老年机阅读器mp4随身听看电子书mp3音乐播放器mp5蓝牙 2寸按键长续航款【蓝牙5.3】 16G【下好1200多本男/女小说】,￥245.00
能看小说的老年机阅读器mp4随身听看电子书mp3音乐播放器mp5蓝牙 2寸触摸款【蓝牙5.3】 16G【下好1200多本男/女小说】,￥289.00
能看小说的老年机阅读器mp4随身听看电子书mp3音乐播放器mp5蓝牙 2寸触摸款【蓝牙5.3】 64G【下好5000多本男/女小说】,￥443.00
能看小说的老年机阅读器mp4随身听看电子书mp3音乐播放器mp5蓝牙 2寸触摸长续航款【蓝牙5.3】 8G【下好600多本男/女小说】,￥267.00
能看小说的老年机阅读器mp4随身听看电子书mp3音乐播放器mp5蓝牙 2寸触摸长续航款【蓝牙5.3】 128G【下好9000本男/女小说】,￥685.00
小米通用无线蓝牙音箱便携话筒音响一体唱歌k歌户外家用家庭ktv女生日礼物 黑色 6D音效-续航1小时,￥92.00
震动棒女用插入式隐形穿戴振动无线遥控可外出女性高潮玩具成人情趣用品道具 蝴蝶振动棒 小奶狗,￥36.00
"爱心东东	
震动棒女用品女性高潮专用神器 【舌舔加温】G潮吮吸震动棒+情趣 豆g潮粉色",￥342.68
"爱心东东	
震动棒女用品女性高潮专用神器 【舌舔加温】G潮吮吸震动棒+情趣 舌舔加温G潮吮吸震动棒+情趣礼",￥342.68
"爱心东东	
震动棒女用品女性高潮专用神器 【舌舔加温】G潮吮吸震动棒+情趣 舌舔加温G潮吮吸震动棒+高潮礼",￥361.31
【院线同款】哑铃女性致产后用产品器具 聪明球小号+润滑+湿巾,￥24.00
【院线同款】哑铃女性致产后用产品器具 聪明球中号+润滑+湿巾,￥32.00
【院线同款】哑铃女性致产后用产品器具 聪明球大号+润滑+湿巾,￥39.00
【院线同款】哑铃女性致产后用产品器具 聪明球大集合+单+水晶,￥84.00
【院线同款】哑铃女性致产后用产品器具 聪明球大集合+扑克+骰子,￥70.00
【院线同款】哑铃女性致产后用产品器具 聪明球大集合+润滑油+清洗液,￥73.00
【院线同款】哑铃女性致产后用产品器具 聪明球大集合+口红+情趣网衣,￥81.00
【院线同款】哑铃女性致产后用产品器具 聪明球大集合+乳贴+开裆丝袜,￥73.00
【院线同款】哑铃女性致产后用产品器具 聪明球大集合+小Q震动棒+网袜,￥104.00
【院线同款】哑铃女性致产后用产品器具 聪明球大集合+电动舌头+魅儿,￥101.00
【院线同款】哑铃女性致产后用产品器具 聪明球大集合+天秤+震动乳夹,￥117.00
【院线同款】哑铃女性致产后用产品器具 聪明球大集合+SM七件套+窥阴器,￥102.00
【院线同款】哑铃女性致产后用产品器具 聪明球大集合+大瓶润滑油+电动,￥84.00
【院线同款】哑铃女性致产后用产品器具 聪明球大集合+内衣内裤+高潮液一,￥87.00
【院线同款】哑铃女性致产后用产品器具 聪明球大集合+精液润滑油+潮悦震,￥109.00
【院线同款】哑铃女性致产后用产品器具 聪明球大集合+三代男用神油+两只,￥87.00
快速乳房懒人吸杯美胸揉捏疏通产后胸部按摩仪器 少女粉【遥控强震 揉捏乳夹】情,￥188.00
快速乳房懒人吸杯美胸揉捏疏通产后胸部按摩仪器 少女粉【遥控强震 揉捏乳夹】丝,￥228.00
"爱心东东	
震动棒女用品女性专用女人用神器调情趣性用具玩具 【能吸会震】 震动/加温",￥286.81
"爱心东东	
震动棒女用品情趣玩具女性高潮G点神器专用 8拍8震桃叩叩细型震动棒+玻尿酸",￥305.43
"爱心东东	
震动棒女用品情趣玩具女性高潮G点神器专用 水润快感桃叩叩细型震动棒+水润",￥342.68
"爱心东东	
震动棒女用品情趣玩具女性高潮G点神器专用 悦动润滑桃叩叩细型震动棒+草莓",￥361.31
"爱心东东
女性专用震动棒女用情却阴高潮玩具av舌舔1WX 玫红转珠伸缩震动棒+礼包4",￥379.93
"爱心东东
女性专用震动棒女用情却阴高潮玩具av舌舔1WX 玫红转珠伸缩震动棒+礼包5",￥398.55
"爱心东东	
震动棒女性专用调女加热玩具女高潮神器用具 基础尝鲜款前后双振 双头10频情",￥137.82
"爱心东东	
震动棒女性专用调女加热玩具女高潮神器用具 加温升级款前后双振 双头10频情",￥156.44
"爱心东东	
女生可插入电动棒g点震动玩具私密情趣女用品女性高潮神器 蜜豆棒粉细小不破+12频专攻G点+",￥212.31
"爱心东东	
女生可插入电动棒g点震动玩具私密情趣女用品女性高潮神器 蜜豆棒白细小不破+12频专攻G点+",￥212.31
可充电10英寸儿童液晶绘画板手写板家用电子玩具女孩宝宝涂鸦写字 蓝色单色笔记,￥49.00
可充电10英寸儿童液晶绘画板手写板家用电子玩具女孩宝宝涂鸦写字 蓝色彩色笔记,￥59.00
可充电10英寸儿童液晶绘画板手写板家用电子玩具女孩宝宝涂鸦写字 粉色单色笔记,￥49.00
可充电10英寸儿童液晶绘画板手写板家用电子玩具女孩宝宝涂鸦写字 粉色彩色笔记,￥59.00
HiLink生态产品颈椎按摩器腰部按摩仪按摩枕头部肩颈部背部脖子肚子车载三八妇女节礼物 蓝【礼盒-APP款】3D仿真人揉捏+可拆洗 生日送父母亲礼物实...,￥199.00
HiLink生态产品颈椎按摩器腰部按摩仪按摩枕头部肩颈部背部脖子肚子车载三八妇女节礼物 绿【礼盒-APP款】3D仿真人揉捏+可拆洗 生日送父母亲礼物实...,￥199.00
RILROD圣诞节礼物智能按摩贴送男朋友男友女友男生女生老公老婆生日便携实用全身按摩仪结婚纪念日 【珍珠白】MINI便携全身按摩贴（免费刻字）,￥1586.00
志高眼部按摩仪 热敷睡眠眼罩穴位按摩器 蓝牙护眼仪 七夕情人节送男女友生日礼物 护眼黑科技/穴位震动+恒温热敷（充电）,￥298.00
志高眼部按摩仪米家APP智能控制场景按摩器成人热敷气囊缓护眼睛助睡眠学生送生日礼物女高档实用心品 【高配白】折叠+8大模式+热敷+蓝牙音乐+定时,￥278.00
智能家居实用办公室黑科技电子产品妈妈女生端午节礼物员工伴手礼 北欧粉,￥122.40
智能家居实用办公室黑科技电子产品妈妈女生端午节礼物员工伴手礼 复古绿,￥122.40
智能家居实用办公室黑科技电子产品妈妈女生端午节礼物员工伴手礼 黑色无加热功能,￥72.00
小米通用苹果手机男女通用智能手环运动计步手表闹钟提醒智能手表 黑[防水增强+电量加倍]70%选,￥65.00
小米通用苹果手机男女通用智能手环运动计步手表闹钟提醒智能手表 红[防水增强+电量加倍]70%选,￥65.00
小米通用苹果手机男女通用智能手环运动计步手表闹钟提醒智能手表 蓝[防水增强+电量加倍]70%选,￥65.00
小米通用苹果手机男女通用智能手环运动计步手表闹钟提醒智能手表 入门版黑[彩屏]亏本促销,￥46.00
腰部按摩器颈椎仪背部腰疼神器多功能全身办公室靠垫枕六一儿童节 [充电款]雪球仓鼠.女王陛下+,￥487.68
小米通用苹果手机男女通用智能手环运动计步手表闹钟提醒智能手表 红[生活防水]自定义表盘25%选,￥53.00
小米通用苹果手机男女通用智能手环运动计步手表闹钟提醒智能手表 蓝[生活防水]自定义表盘25%选,￥53.00
颈椎按摩器颈部按摩仪脉冲多功能脖子热敷家用电动理疗智能护颈仪 4头颈椎按摩仪版(少女粉)(加遥控器),￥530.10
,
怡捷筋膜枪肌肉按摩器 筋膜枪便携式家用高频振动专业级多功能筋膜枪接头女 男 节日礼物 新品+无刷电机+强振幅+深度按摩,￥439.00
震动棒女用品情趣玩具女性高潮G点神器专用 水润快感桃叩叩细型震动棒+水润,￥353.39
懒人胸部按摩器女产品电动仪器内衣疏通乳房外用立挺神器 AB罩杯-小号110斤以内-s5瓶精油,￥266.88
懒人胸部按摩器女产品电动仪器内衣疏通乳房外用立挺神器 CD罩杯-大号110斤以外-s5瓶精油,￥266.88
"爱心东东	
震动棒女性性用具专用玩具女人用高潮神器 套餐1",￥156.44
"爱心东东	
震动棒女性性用具专用玩具女人用高潮神器 套餐2",￥175.07
"爱心东东	
震动棒女性性用具专用玩具女人用高潮神器 套餐3",￥193.69
智能化妆镜 情人节520女友送女朋友女生实用的给老婆闺蜜生日礼物 智能化妆镜子1200毫安 送女,￥171.00
智能化妆镜 情人节520女友送女朋友女生实用的给老婆闺蜜生日礼物 智能化妆镜子2400毫安 送闺,￥207.00
华为体脂秤3pro专用智能精准家用专用体重计wifi版电子秤健康称智能电子男女成人体重秤原装 华为智能体脂称3Pro--日出印象,￥385.00
小米通用C2多功能大彩屏防水电子智能手环男女监测血压心率运动手表计步器 豪华旗舰可通话扫码支付版 官方旗舰店标配+现金惊喜红包,￥256.00
小米通用C2多功能大彩屏防水电子智能手环男女监测血压心率运动手表计步器 C2红色彩屏多功能 官方旗舰店标配+现金惊喜红包,￥141.00
华为原装体脂秤3 智能体重称电子人体秤 减脂家用蓝牙APP数据体质检测 健康运动脂肪秤男女安卓苹果 华为体脂称3凝霜白(蓝牙版)+测量皮尺,￥109.00
"爱心东东	
震动棒女性插入吮吸舔女高潮专用神器 无线遥控 基础版吮吸蜜豆 入体",￥128.51
"爱心东东	
震动棒女性插入吮吸舔女高潮专用神器 无线遥控 升级版舌舔G点 吮吸蜜",￥137.82
"爱心东东	
震动棒女性插入吮吸舔女高潮专用神器 异地调教 APP版舌舔G点 吮吸蜜",￥156.44
"爱心东东	
震动棒女性插入吮吸舔女高潮专用神器 异地调教 APP版紫罗兰 吮吸蜜豆",￥193.69
"爱心东东	
女情趣女用品震动棒女性专用神器av振动电动可插入 内外舌舔强震 远程遥控 外出穿",￥342.68
"爱心东东	
女情趣女用品震动棒女性专用神器av振动电动可插入 内外舌舔强震 远程遥控+高潮液",￥398.55
"爱心东东	
女情趣女用品震动棒女性专用神器av振动电动可插入 内外舌舔强震 远程遥控+AV震动",￥398.55
"爱心东东	
女情趣女用品震动棒女性专用神器av振动电动可插入 内外舌舔强震 远程遥控+疯狂魔",￥528.92
"爱心东东	
女情趣女用品震动棒女性专用神器av振动电动可插入 内外舌舔强震 远程遥控+真茎",￥640.67
小米（MI）米家通用小闹钟学生用儿童女孩起床专用神器新款可爱智能桌面电子时钟 粉色充电款(三组闹铃)+贴纸,￥75.00
小米通用【游泳防水】智能手表手环男女学生运动计步多功能心率闹钟 麒麟5000[游泳洗澡防水版]黑,￥201.00
小米通用【游泳防水】智能手表手环男女学生运动计步多功能心率闹钟 麒麟5000[游泳洗澡防水版]紫,￥201.00
小米通用【游泳防水】智能手表手环男女学生运动计步多功能心率闹钟 麒麟5000[游泳洗澡防水版]蓝,￥201.00
小米通用【游泳防水】智能手表手环男女学生运动计步多功能心率闹钟 麒麟4000[日常防水]黑色,￥157.00
