﻿Column1,Column2
Name,Price
洁丽雅（Grace）干发帽擦头发柔软强吸水干发帽 65*25cm 85g包头速干毛巾,￥9.60
方括号干发帽女超强吸水速干发巾2023新款擦头发毛巾浴帽洗头加厚包头巾 蓝粉【加厚款】双面两用,￥13.90
HOYO干发帽 A类雪滑绒柔软吸水干发帽加厚 包头速干毛巾 浅灰,￥69.00
乐扣乐扣干发帽 超柔强吸水A类抗菌包头巾便携式擦头发浴帽速干毛巾 干发帽粉色25*65,￥14.90
洁丽雅（grace）干发帽速干强吸水柔软包头巾毛巾成人擦头巾便捷式可爱浴帽 粉色,￥14.80
三利干发帽发带2条装 A类柔软吸水包头速干毛巾 网红束发带 咖色,￥16.90
洁丽雅（Grace）柔软强吸水干发帽65*25菠萝格包头快速干发毛巾长款  青春粉,￥15.80
内野（UCHINO）纯棉毛巾速干洗脸巾运动汗巾干发巾擦手热敷毛巾素色缎边黄色,￥29.00
九洲鹿加厚毛巾2条吸水男女洗脸洗澡家用干发大面巾灰+棕34*72cm,￥16.90
蕉内520C瞬吸干发帽加厚珊瑚绒男女士抗菌吸水速干浴帽擦长头发干发巾 寞蓝,￥49.00
蕉内520C瞬吸干发帽加厚珊瑚绒男女士抗菌吸水速干浴帽擦长头发干发巾 灰红咖,￥49.00
名创优品（MINISO）A类抗菌加厚大毛巾2条装 洗脸家用吸水不掉毛面巾干发浅蓝+果绿,￥19.90
三利 干发帽 超柔强吸水A类抗菌包头巾 25x65cm  斜纹粉色,￥19.90
KRRAMEL美国黑科技新升级第四代Waffle干发帽超强吸水速干巾女士 （礼盒装）熔岩橙：增刮痧板,￥298.00
AQUIS 美国第四代Flip干发帽吸水女士毛巾擦头发速干黑科技Lisse面巾 【时尚系列】 Wrap帽/天青蓝 干发帽,￥258.00
卡伴干发帽女（2条装）加厚双层强吸水干发帽干发巾速干大人儿童通用 藕粉+蓝色（2条装）,￥49.00
Aseblarm干发帽女干发毛巾超吸水干发巾擦头发速干神器长发头发包头巾浴帽 【干发帽】吸水贼牛  颜色随机 2个,￥10.90
家减尘除 干发帽女士超强吸水速干浴帽可爱包头巾干发巾,￥40.80
牧汀 干发帽女速干超强吸水干发毛巾浴帽包头巾速干帽洗头帽可爱大猫眼卡通刺绣家用洗发擦头发毛巾干发巾 大猫眼干发帽 淡粉色,￥29.80
CAKI日本干发帽女士速干抗菌防螨成人女加厚浴帽包头巾超强吸水干发巾 樱若(干发帽),￥39.00
最生活干发帽柔软强吸水速干便携式包头毛巾 27*79cm 蓝色,￥49.90
巧助手双层加厚干发帽女吸水速干包头发毛巾擦头洗头包头巾浴帽 粉色,￥19.90
三利A类浴巾可爱女家用成人吸水裹巾速干可爱毛巾浴巾干发帽三件套装,￥49.90
洁玉纯棉洗脸洗澡加长大毛巾40*95cm柔软全棉搓澡巾干发包头女粉1条,￥29.90
GGT日本华夫格干发帽女士浴帽加厚柔软超强吸水速干包头巾可爱擦头巾 薄墨+浅咖,￥39.80
金号纯棉干发帽 速干强吸水柔软包头毛巾 成人擦头巾便捷式可爱浴帽 红色纯棉1条,￥21.90
名创优品（MINISO）Pochacco3D立体抗菌干发帽 便携式擦头发包头速干毛巾 60X23cm,￥19.90
三利干发帽女超强吸水速干加厚包头擦头发毛巾洗头浴帽 米白色,￥15.90
洁丽雅（Grace）A类毛巾2条吸水不易掉毛洗脸洗澡干发珊瑚绒毛巾74*34cm 78g,￥35.90
洁玉3A抗菌毛巾日系竹炭风条纹非纯棉加大柔软吸水男女洗脸家用干发,￥26.90
孚日洁玉 干发帽 柔软加厚强吸水干发巾 便携式包头速干毛巾 彩虹色,￥13.90
GGT日本黑科技干发帽干发巾加厚速干包头巾五星酒店干发毛巾擦头巾女 深灰色,￥89.00
洁丽雅（Grace）干发帽女士 强吸水柔软速干加厚包头毛巾可爱浴帽葡萄紫色25*65cm,￥13.90
三利干发帽 抗菌柔软吸水双扣干发巾华夫格透气速干护发帽毛巾礼盒装,￥45.90
COOKSS儿童干发帽速干超强吸水女童可爱头巾毛巾包头巾学生浴帽干发巾粉,￥14.80
洁丽雅（Grace）A类毛巾两条吸水不易掉毛洗脸洗澡干发珊瑚绒毛巾74*34cm 78g,￥25.90
洁丽雅儿童干发帽强吸水速干加厚女浴帽宝宝包头巾女童干发毛巾 粉色-呆萌兔(单条装),￥15.90
洁丽雅毛巾4条洗脸家速干洗澡擦头干发男女士珊瑚绒面巾3D立体条绒,￥29.90
北极绒（Bejirog）儿童浴帽干发帽珊瑚绒吸水速干神器卡通可爱儿童兔耳朵干发巾加厚,￥19.90
蕉内520C瞬吸干发帽加厚珊瑚绒男女士抗菌吸水速干浴帽擦长头发干发巾 波浪青条纹,￥49.00
洁丽雅（Grace）干发帽柔软强吸水干发帽 抗菌包头速干擦头雪花绒毛巾 猫耳朵浅粉,￥12.90
竹之锦 毛巾 细纤维速干干发毛巾2条装 加厚加大强吸水  粉/绿 37*76cm,￥39.90
洁丽雅（Grace） 面巾 珊瑚绒家用洗脸男女情侣成人干发洗澡条纹毛巾 70*35cm 灰色一条（一等品）,￥8.50
葆氏儿童干发帽速干超强吸水头发头巾毛巾包头巾宝宝浴帽干发巾山茶粉,￥14.80
洁玉吸水干发帽女波纹浴帽速干包头干发巾柔软擦头毛巾 蓝色,￥19.90
家减尘除 干发帽女柔软强吸水包头巾加厚浴帽包头巾速干包头毛巾 不易掉毛【加厚】落樱粉,￥23.80
HOYO雪滑绒干发帽干发巾两件套 洗澡洗头吸水速干家用毛巾女 奶白,￥79.90
方括号干发帽女超强吸水速干发巾2023新款擦头发毛巾浴帽洗头加厚包头巾 黄灰【加厚款】双面两用,￥13.90
洁丽雅（Grace）珊瑚绒干发帽女吸水速干免吹家用洗澡擦头发包头巾不掉毛新款浴帽 1条装【蓝粉】 双层双色干发帽,￥11.90
洁丽雅（Grace） 面巾 珊瑚绒家用洗脸男女情侣成人干发洗澡条纹毛巾 70*35cm 粉色一条（一等品）,￥9.90
金号（KINGSHORE）纯棉A类干发帽女超强吸水速干发包头巾100%棉加厚擦头毛巾浴帽 绿色款【64*24cm-85G],￥24.90
赛罗 吸水干发毛巾美容院毛巾超细纤维理发店毛巾不易掉毛清洁巾定制 咖啡色 33*75CM,￥4.99
洁丽雅（grace）毛巾吸水速干洗脸家用成人A类擦头干发洗澡运动面巾 米白色,￥10.50
方括号干发帽女超强吸水速干发巾2023新款擦头发毛巾浴帽洗头加厚包头巾 茶粉【加厚款】双面两用,￥13.50
GGT日本华夫格干发帽女士浴帽加厚柔软超强吸水速干包头巾可爱擦头巾 曙色,￥19.90
沐凡毛巾2条 柔软吸水洗脸巾 家用擦脸巾四季成人男士情侣速干33×70cm,￥9.90
洁丽雅（Grace）抗菌加厚毛巾2条A类雪花绒吸水男女洗脸洗澡干发大面巾 水蓝+玫粉,￥26.90
洁丽雅（Grace）干发帽 柔软强吸水干发帽 65x25cm 包头速干毛巾 可爱兔耳朵浅粉,￥16.90
新亚毛巾纯棉抗菌大毛巾成人吸水洗脸毛巾洗澡干发巾手巾34*72cm 粉色,￥8.90
冰星梦10条装美容院专用包边毛巾包头巾理发店发廊干发巾定制logo不掉毛 珊瑚紫 35*75cm(1条装),￥5.99
名创优品（MINISO）A类抗菌撞色毛巾2条装 吸水洗脸家用柔软干发面巾 双面35*75cm,￥19.90
咔喵（KAMIAO）干发帽小怪兽刺绣浴帽吸水加厚女士速干成人学生儿童宝宝包头毛巾 小怪兽白【瞬间干爽 仙女必备】 帽子,￥10.90
沐凡毛巾2条装洗脸干发面巾男女成人家用柔软吸水星座情侣款擦脸毛巾 天秤座毛巾（蓝+白）,￥19.90
家减尘除 干发帽超强吸水速干网红公主帽成人洗头擦头发毛巾包头巾高颜值 【菠萝格公主帽】超级吸水米白色,￥18.80
品喻（PINYU）玉桂狗干发帽吸水速干擦头毛巾包头巾浴帽干发巾浴室干发帽-篮色,￥22.90
KRRAMEL美国黑科技新升级第四代Waffle干发帽超强吸水速干巾女士 （礼盒装）风铃紫：増刮痧板,￥298.00
北极绒（Bejirog）儿童浴帽干发帽珊瑚绒吸水速干神器卡通可爱儿童兔耳朵干发巾加厚,￥19.90
家减尘除 干发帽超强吸水速干网红公主帽成人洗头擦头发毛巾包头巾高颜值 【菠萝格公主帽】超级吸水藕粉色,￥18.80
洁丽雅（Grace）干发帽 柔软强吸水干发帽 65x25cm 雪花绒包头速干擦头毛巾 紫色,￥15.90
GGT日本雪花绒毛巾加厚男女洗脸干发面巾速干吸水不掉毛家用酒店毛巾 薄墨+乳白,￥40.00
竹一百竹纤维毛巾2条成人加厚吸水洗脸洗澡大毛巾干发巾手巾 白+灰,￥16.80
三利干发帽 柔软强吸水A类抗菌防螨擦头发浴帽速干毛巾 米灰色,￥15.90
洁丽雅儿童干发帽强吸水速干加厚女浴帽宝宝包头巾女童干发毛巾 粉色-呆萌兔+紫色-微笑兔,￥24.90
HOYO毛巾浴巾干发帽三套装 A类四季成人高档吸水浴巾套装 乳白色,￥108.80
洁丽雅（Grace）浴裙干发帽女家用吸水速干学生少女宿舍加大厚裹巾干发帽两件套,￥79.00
新亚毛巾珊瑚绒干发巾4条加厚吸水洗脸毛巾成人速干洗澡手巾 35*75cm,￥39.90
孚日洁玉干发帽A类抗菌柔软强吸水速干便携式包头毛巾 108g 蓝色,￥15.90
foojo干发帽简约日系加厚珊瑚绒干发巾可爱包头巾吸水浴帽灰色条纹,￥24.90
最生活华夫格干发帽柔软强吸水速干便携式包头毛巾 27*79cm 蓝色,￥49.90
洁丽雅（Grace）干发帽儿童 速干超柔强吸水干发毛巾浴帽包头巾擦头毛巾 单条装,￥17.90
洁丽雅（grace）干发帽速干强吸水柔软包头巾毛巾成人擦头巾便捷式可爱浴帽 灰色,￥14.80
洁丽雅干发帽2条装擦头发速干毛巾吸水包头巾女浴帽干发巾 藕粉*2条 2条,￥29.90
三利抗菌加厚毛巾2条A类吸水男女洗脸洗澡家用干发大面巾   蓝/灰,￥26.90
洁丽雅5A级抗菌干发帽柔软吸水可爱动物包头速干毛巾干发帽25*65cm单条,￥19.90
奂米毛巾 抗菌加厚A类吸水洗脸巾洗澡家用干发大面巾 独立密封3条装,￥49.90
名创优品（MINISO）A类抗菌速干发帽2条装 强吸水加厚包头巾便携式擦头发浴帽毛巾,￥19.90
洁丽雅（Grace） 干发帽加厚柔软 便携式速干毛巾包头巾发帽 蓝色1条,￥12.95
洁丽雅（grace）干发帽速干强吸水柔软包头巾毛巾成人擦头巾便捷式可爱浴帽 米白色,￥14.80
三利干发帽 吸水速干擦头发毛巾包头巾浴帽女长发干发神器 浅蓝+太空灰,￥9.90
弋琳双层加厚干发帽女超强吸水速干帽子免吹干发巾2023新款浴帽包头发 米白色 双层加厚,￥159.00
简凡宜新款干发帽女强吸水毛巾擦头发巾儿童学生包头速可爱浴帽 樱花粉【1条装】,￥8.90
洁丽雅儿童干发帽强吸水速干加厚女浴帽宝宝包头巾女童干发毛巾 白色-可爱鸭,￥15.90
AQUIS美国黑科技第四代Flip干发帽waffle升级技华夫加厚超强吸水速巾女 【第四代】Flip Waffle /风铃紫,￥488.00
洁丽雅（Grace）干发帽可爱韩版吸水柔软加厚便携式擦头发包头速干束发带两件套,￥29.90
齐开（QIKAI）干发帽女超强吸水速干加厚免吹新款浴帽洗头巾女包头擦头发的毛巾 蓝色/糯叽叽干发帽,￥7.80
声筑干发帽女双层加厚吸水速干包头毛巾擦洗头发新款浴帽神器P2 咖啡色双层加厚（速干护发）,￥198.00
新亚毛巾纯棉抗菌大毛巾长绒棉成人吸水洗脸白毛巾洗澡干发巾34*72cm,￥9.90
洁丽雅（Grace）毛巾4条A类柔软雪花绒洗脸洗澡大毛巾速干发家用吸水男女加厚面巾,￥29.90
GGT干发帽 A类雪花绒柔软吸水擦头巾加厚包头速干毛巾 薄墨色,￥29.00
内野（UCHINO）纯棉速干擦脸毛巾柔软干发巾简约素色缎边汗巾粉色,￥29.00
金号干发帽A类 纯棉 64x24cm强吸水成人加厚浴帽擦头毛巾速干包头巾 YM008粉色 64cm  x  24cm,￥24.90
KRRAMEL美国黑科技新升级第四代Waffle干发帽超强吸水速干巾女士 （礼盒装）浪花白：增刮痧板,￥298.00
咔喵（KAMIAO）干发帽小怪兽刺绣浴帽吸水加厚女士速干成人学生儿童宝宝包头毛巾 【两条装】雾霾蓝+象牙白 帽子,￥17.90
柯锐迩 超强吸水干发帽 加厚速干包头巾珊瑚绒干发巾擦长头发速干神器,￥19.80
家减尘除干发帽女士超强吸水速干柔软包头毛巾可爱浴帽两条装J8400-17,￥49.90
乐扣乐扣（LOCK&LOCK）洗脸巾毛巾男士干发洗脸毛巾纯棉擦脸洗澡毛巾AAA级抗菌72*33cm 灰色,￥13.20
素树家居 适用于干发帽女吸水长发干发巾速干包头巾加厚可爱擦头发浴帽- 【蝴蝶结】一个颜色随机发,￥11.05
乐扣乐扣（LOCK&LOCK）干发帽超柔强吸水A类抗菌防螨包头巾便携式浴帽速干毛巾蓝色25*65,￥17.90
洁丽雅（grace）干发帽速干强吸水柔软包头巾毛巾成人擦头巾便捷式可爱浴帽 绿色,￥14.80
蕉内520C瞬吸干发帽加厚珊瑚绒男女士抗菌吸水速干浴帽擦长头发干发巾 波浪蓝条纹,￥49.00
牧汀 新款干发帽女速干超强吸水浴帽擦头发头巾长发可爱洗头干发巾包头巾公主帽加厚裹头发神器 宝石蓝,￥25.80
爱尔思干发帽女吸水速干不掉毛擦头发毛巾干发巾成人洗澡包头巾可爱毛巾 卡其小蜜蜂 【加厚吸水不掉毛】,￥19.90
牧汀 新款干发帽女速干超强吸水浴帽擦头发头巾长发可爱洗头干发巾包头巾公主帽加厚裹头发神器 山茶粉,￥25.80
欢好新款干发帽速干双层加厚洗发巾毛巾吸水不掉毛学生宿舍超厚干发帽 蓝灰色【双层加厚巨能吸】显白,￥9.80
9i9久爱久宝宝干发帽加厚干发毛巾 婴儿童浴帽干发巾包头巾珊瑚绒强力吸水速干神器 擦头发巾22A035粉萌小兔,￥22.90
乐扣乐扣干发帽 超柔强吸水A类抗菌包头巾便携式擦头发浴帽速干毛巾 干发帽蓝色25*65,￥14.90
洁玉毛巾洗脸竹炭风抗菌A类男女洗澡擦手巾速干吸水面巾35*75cm,￥26.90
美容院毛巾专用发廊毛巾洗头干发理发店美发擦头速干洗脸吸水批發 【加厚】紫色 75x35cm,￥3.89
内野（UCHINO）棉花糖无捻纱毛巾纯棉抗菌儿童洗脸洗澡速干毛巾吸水热敷毛巾蓝灰,￥59.00
齐开（QIKAI）干发帽女超强吸水速干加厚免吹新款浴帽洗头巾女包头擦头发的毛巾 绿色/糯叽叽干发帽,￥7.80
新亚毛巾纯棉大毛巾2条成人洗脸毛巾吸水洗澡干发手巾34×74cm 90g/条,￥19.90
洁丽雅儿童干发帽强吸水速干加厚女浴帽宝宝包头巾女童干发毛巾 蓝色-可爱鲨,￥15.90
科巢儿童干发帽超强吸水速干亲子可爱浴帽宝宝婴儿女童擦头发毛巾 因弗蓝【儿童款】,￥19.90
猫人儿童干发帽强吸水速干加厚浴帽宝宝可爱包头巾亲子干发毛巾 粉色-微笑兔【儿童款】,￥10.50
名创优品（MINISO）Kuromi3D立体抗菌干发帽 便携式擦头发包头速干毛巾 60X23cm,￥19.90
洁妮肤出口日本干发帽 超柔吸水包头干发巾速干成人长发 双色+粉色,￥25.90
洁丽雅儿童干发帽强吸水速干加厚女浴帽宝宝包头巾女童干发毛巾 米色-笑脸兔(单条装),￥15.90
沐凡（mufan）可穿浴巾女士浴袍浴帽成人斗篷加大浴袍珊瑚绒柔软吸水速干 紫色,￥69.00
名创优品（MINISO）柔软浴巾毛巾3条装(浴巾+毛巾+干发帽)三件套吸水速干女士,￥39.90
洁丽雅（Grace）干发帽亲子2条 柔软强吸水擦头雪花绒包头速干毛巾可爱猫耳朵浅粉,￥29.90
洁丽雅（grace） 宝可梦联名款干发帽刺绣珊瑚绒柔软吸水洗头擦头巾 【束发带】黄色-皮卡丘,￥10.90
HOYO雪滑绒干发帽干发巾两件套 洗澡洗头柔软吸水家用毛巾女 咖色,￥79.90
洁丽雅儿童干发帽强吸水速干加厚女浴帽宝宝包头巾女童干发毛巾 蓝色-可爱兔(单条装),￥15.90
洁丽雅儿童干发帽强吸水速干加厚女浴帽宝宝包头巾女童干发毛巾 粉色-美乐兔,￥15.90
洁丽雅条纹毛巾洗脸珊瑚绒柔软彩条干发毛巾速干吸水不掉毛带挂绳 颜色随机发（1条）,￥6.90
赛罗 吸水干发毛巾美容院毛巾超细纤维理发店毛巾不易掉毛清洁巾定制 白色  33*75CM,￥5.99
赛罗 吸水干发毛巾美容院毛巾超细纤维理发店毛巾不易掉毛清洁巾定制 灰色33x75CM,￥4.99
蕉内520C瞬吸干发帽加厚珊瑚绒男女士抗菌吸水速干浴帽擦长头发干发巾 山竹紫,￥49.00
嘉柏兰（jiabolan）干发帽包头巾浴帽子女超强吸水毛巾擦长头发速干神器洗头巾速干帽 卡其色,￥39.90
GGT日本雪花绒毛巾加厚男女洗脸干发面巾速干吸水不掉毛家用酒店毛巾 浅咖,￥20.00
洁丽雅儿童干发帽强吸水速干加厚女浴帽宝宝包头巾女童干发毛巾 粉色-呆萌兔+蓝色-可爱兔,￥24.90
洁丽雅热敷毛巾冷敷面膜敷脸巾美容院珊瑚绒柔软毛巾【鼻子开孔款】,￥22.90
洁丽雅儿童干发帽强吸水速干加厚女浴帽宝宝包头巾女童干发毛巾 粉色-呆萌兔+白色-可爱鸭,￥24.90
猫人毛巾5A抗菌洗脸家用男士女士珊瑚绒干发巾吸水不易掉毛洗澡巾洗脸 浅灰+深蓝+浅蓝（5A抗菌款）3条,￥22.90
沐凡浴巾女士可穿成人四件套装浴袍浴裙抹胸可爱家用吸水洗澡裹巾速干大毛巾浴巾浴帽干发帽束发带送女友礼物,￥69.00
洁妮肤干发帽女士超强吸水包头巾可爱速干吸水毛巾干发巾公主帽加厚 卡其棕色,￥29.90
依明洁干发帽女吸水速干擦头发毛巾包头巾非纯棉浴帽可爱干发巾 3199青色1条,￥12.90
HOYO浴巾成人 A类雪滑绒毛巾浴巾两件套 柔软吸水速干大浴巾 咖色,￥89.00
卡琳玛诺（CARLIN MANO） 干发帽女超强吸水速干2022年新款加厚浴帽干发巾洗头包头发毛巾 粉色双层 强吸水速干,￥36.00
三利干发帽A类柔软强吸水速干便携式包头巾毛巾 颜色随机1条装,￥10.00
三利毛巾成人强吸水加厚情侣洗脸巾不掉毛家用洗澡擦手男女干发巾 蓝色,￥9.90
名创优品（MINISO）抗菌加厚毛巾4条装 吸水洗脸家用柔软干发大面巾 蓝+灰+橘+粉,￥35.90
蕉内520C瞬吸干发帽加厚珊瑚绒男女士抗菌吸水速干浴帽擦长头发干发巾 旦旦黄,￥49.00
蕉内520C瞬吸干发帽加厚珊瑚绒男女士抗菌吸水速干浴帽擦长头发干发巾 波浪橘条纹,￥49.00
内野（UCHINO）弱捻棉柔云朵洗脸干发巾纯棉速干洗脸热敷毛巾3条装（蓝+紫+粉）,￥99.00
GGT日本雪花绒毛巾加厚男女洗脸干发面巾速干吸水不掉毛家用酒店毛巾 薄墨+浅咖,￥40.00
班豪斯毛巾纯棉成人大毛巾4条吸水洗脸巾酒店洗澡毛巾手巾干发巾35×72cm,￥69.00
三利浴巾成人家用吸水速干毛巾男女士干发帽加厚洗澡裹巾三件套装 棕色【单浴巾】,￥29.90
三利浴巾成人家用吸水速干毛巾男女士干发帽加厚洗澡裹巾三件套装 蓝色【单浴巾】,￥29.90
CAKI日本干发帽女士速干抗菌防螨成人女加厚浴帽包头巾超强吸水干发巾 天蓝(干发帽),￥39.00
日悦星辰卡通库洛米儿童干发帽浴帽女吸水速干小孩洗头免吹擦头毛巾 玉桂狗-干发帽,￥47.00
洁丽雅干发帽2条装擦头发速干毛巾吸水包头巾女浴帽干发巾 卡其+米白 2条,￥29.90
冰星梦发廊理发店毛巾美容院包头专用毛巾加厚吸水干发擦车巾抹布 灰色 75x35cm【超厚款】,￥3.90
日悦星辰卡通库洛米儿童干发帽浴帽女吸水速干小孩洗头免吹擦头毛巾 库洛米-干发帽,￥47.00
遇上佳人 浴袍女可穿式大浴巾珊瑚绒浴裙套装成人三件套装抹胸洗澡裹巾 浴裙套装【毛巾+浴裙+干发帽】,￥39.90
CTRLEND一次性干发帽女包头巾洗头擦头发干毛巾浴帽吸水双层加厚 粉白色【双层加厚】,￥7.80
KRRAMEL美国黑科技新升级第四代Waffle干发帽超强吸水速干巾女士 （礼盒装）樱花粉：增刮痧板,￥298.00
洁丽雅（Grace）珊瑚绒抗菌浴巾可爱女成人吸水裹巾速干毛巾干发帽三件套套装,￥59.00
方括号干发帽女超强吸水速干发巾2023新款擦头发毛巾浴帽洗头加厚包头巾 蓝粉+黄灰【加厚款】2条装 双面,￥25.90
齐开（QIKAI）干发帽女超强吸水速干加厚免吹新款浴帽洗头巾女包头擦头发的毛巾 紫+蓝【划算价】,￥13.80
乐扣乐扣（LOCK&LOCK）洗脸巾毛巾男士干发洗脸毛巾纯棉擦脸洗澡毛巾AAA级抗菌72*33cm 缎档粉色,￥12.90
齐开（QIKAI）干发帽女超强吸水速干加厚免吹新款浴帽洗头巾女包头擦头发的毛巾 紫+蓝+绿【多买更划算】,￥17.80
昙蓓漫一次性干发帽女包头巾洗头擦头发超强速厚干毛巾浴帽吸水双层加厚 粉白色【双层加厚】,￥14.90
昙蓓漫一次性干发帽女包头巾洗头擦头发超强速厚干毛巾浴帽吸水双层加厚 绿粉色【双层加厚】,￥14.90
家减尘除 干发帽超强吸水速干网红公主帽成人洗头擦头发毛巾包头巾高颜值 【菠萝格公主帽】超级吸水卡其色,￥18.80
方括号干发帽女超强吸水速干发巾2023新款擦头发毛巾浴帽洗头加厚包头巾 茶粉+黄灰【加厚款】2条装 双面,￥25.90
洁丽雅儿童干发帽新款吸水速干柔软女童宝宝包头发毛巾 粉色-（单条装）,￥15.90
洁妮肤日本包头巾干发帽女吸水毛巾浴帽子可爱擦长头发速干神器洗头巾 双层加厚双色干发帽,￥25.90
猫人毛巾5A抗菌洗脸家用男士女士珊瑚绒干发巾吸水不易掉毛洗澡巾洗脸 颜色随机3条（5A抗菌款）,￥22.90
乐扣乐扣（LOCK&LOCK）洗脸巾毛巾男士干发洗脸毛巾纯棉擦脸洗澡毛巾AAA级抗菌72*33cm 缎档蓝色,￥12.90
冰星梦发廊理发店毛巾美容院包头专用毛巾加厚吸水干发擦车巾抹布 深蓝色 75x35cm【超厚款】,￥3.90
家减尘除 干发帽女柔软强吸水包头巾加厚浴帽包头巾速干包头毛巾 不易掉毛【加厚】樱桃红,￥23.80
俏蕊干发帽 【儿童成人干发帽】吸水速干擦头发包巾加厚浴帽干发帽子 玫红色萌兔【儿童款】,￥18.70
洁丽雅（grace） 干发帽女加厚双层菠萝格强吸水不掉毛速干成人洗头毛巾 粉色+米白,￥28.00
洁丽雅（grace） 干发帽女加厚双层菠萝格强吸水不掉毛速干成人洗头毛巾 粉色+灰色,￥28.00
齐开（QIKAI）干发帽女超强吸水速干加厚免吹新款浴帽洗头巾女包头擦头发的毛巾 绿+蓝【划算价】,￥13.80
科巢儿童干发帽超强吸水速干亲子可爱浴帽宝宝婴儿女童擦头发毛巾 莫卡紫【儿童款】,￥19.90
妙洁浴室干发帽女加厚强吸水速干包头巾擦头发毛巾防水浴帽 防水浴帽颜色随机,￥5.60
家减尘除 干发帽女柔软强吸水包头巾加厚浴帽包头巾速干包头毛巾 不易掉毛【加厚】藏青,￥23.80
齐开（QIKAI）干发帽女超强吸水速干加厚免吹新款浴帽洗头巾女包头擦头发的毛巾 紫色/糯叽叽干发帽,￥7.80
亲朋一次性干发帽便携一次性速干帽超强吸水浴帽干发巾出差旅行包头毛 白色干发帽（25*60cm）,￥14.90
三利速干毛巾3条装 带挂绳洗脸面巾柔软吸水不易掉毛  蓝*1 咖*1 灰*1,￥19.90
三利擦手巾可挂式可爱吸水速干加厚卡通儿童厨房洗手间抹手布 蓝+灰,￥29.90
三利速干大浴巾 A类柔软吸水裹身巾带挂绳洗澡巾 70*140cm 蓝色,￥19.90
金号（KING SHORE）纯棉干发帽Ａ类柔软强吸水速干便携式包头毛巾 85G/条 红色1条,￥19.90
卡琳玛诺（CARLIN MANO） 干发帽女超强吸水速干2022年新款加厚浴帽干发巾洗头包头发毛巾 灰蓝色双层 强吸水速干,￥36.00
毛巾批发美容院理发店发廊专用包头干发巾足铺床巾洗头房吸水大毛巾 特厚葡萄紫色 35x75cm,￥3.80
洁丽雅干发帽 A类擦头发强吸水速干柔软可爱动物包头速干毛巾浴帽干发巾 小猪粉,￥11.80
沐凡浴巾女士可穿浴巾成人浴袍套装浴裙抹胸可爱家用吸水洗澡裹巾速干大毛巾浴巾浴帽干发帽束发带送女友礼物,￥69.00
毛巾批发美容院理发店发廊专用包头干发巾足铺床巾洗头房吸水大毛巾 特厚咖啡色 35x75cm,￥3.80
Aseblarm干发帽吸水浴帽洗头发速干刺绣毛巾包头女加厚长发擦头巾 粉/pink-(绣花款) 推荐[双层]-速干护发,￥11.90
冰星梦理发店美容院足疗店发廊用干发巾超细纤维强吸水加大加厚毛巾 【宝石蓝】 70x30cm,￥2.69
三利A类毛巾2条吸水不易掉毛家用干发洗澡洗脸珊瑚绒云朵面巾 蓝/灰,￥24.90
9i9久爱久宝宝干发帽加厚干发毛巾 婴儿童浴帽干发巾包头巾珊瑚绒强力吸水速干神器 擦头发巾22A034浅蓝小兔,￥22.90
"爱心东东	
舟裕 浴巾毛巾三件套男女家用比全棉吸水速干不掉毛柔软情侣加大号 三件套雅灰浴巾+毛巾+干发帽 70x140cm",￥22.04
嘉柏兰（jiabolan）干发帽包头巾浴帽子女超强吸水毛巾擦长头发速干神器洗头巾速干帽 淡粉色,￥39.90
新亚毛巾竹纤维成人大毛巾4条洗澡洗脸干发巾吸水不掉毛手巾34×74cm,￥39.90
猫人儿童干发帽强吸水速干加厚浴帽宝宝可爱包头巾亲子干发毛巾 紫色-微笑兔【儿童款】,￥12.90
乐扣乐扣（LOCK&LOCK）A类毛巾3条吸水不易掉毛洗脸洗澡干发珊瑚绒毛巾74*34cm 78g,￥23.90
SIDUOPU轻奢品牌干发帽女超强吸水速干擦头儿童浴帽巾女士包头快速干发纯棉加厚成人干发巾洗澡 升级珊瑚绒-淡粉抱抱兔,￥7000.00
洁丽雅（grace） 干发帽女加厚双层菠萝格强吸水不掉毛速干成人洗头毛巾 灰色,￥15.90
法兰格慕 四件套浴巾干发帽抹胸女可穿可裹珊瑚绒浴裙家用吸水柔软毛巾浴 小兔 套巾3（毛巾+干发帽+浴巾+浴裙）,￥78.80
GGT日本雪花绒毛巾加厚男女洗脸干发面巾速干吸水不掉毛家用酒店毛巾 樱若+薄墨,￥40.00
方括号加厚干发帽女超强吸水速干包头发毛巾擦头洗头2023新款公主浴帽 大蝴蝶公主帽—宝石蓝,￥9.90
乐扣乐扣（LOCK&LOCK）洗脸巾毛巾男士干发洗脸毛巾纯棉擦脸洗澡毛巾AAA级抗菌72*33cm 缎档卡其色,￥12.90
洁丽雅（Grace）毛巾家纺 柔软强吸水干发帽65*25包头快速干发毛巾  公主粉,￥19.90
洁丽雅（grace） 洁丽雅干发帽女速干加厚双层强吸水包头巾速干毛巾 灰色,￥15.90
家减尘除 干发帽女柔软强吸水包头巾加厚浴帽包头巾速干包头毛巾 不易掉毛【加厚】宝石蓝,￥23.80
洁丽雅（Grace）干发帽女吸水柔软加厚速干毛巾包头巾可爱干发巾学生浴室用品浴帽 粉色+紫色（加厚款160克/条） 63*26cm,￥46.90
云绥干发帽女超强吸水速干发巾2023新款擦头发毛巾浴帽洗头加厚包头巾 黄灰【加厚款】双面两用,￥12.80
AQUIS美国双层缎面黑科技速干发帽女加厚吸水擦头卡戴珊送女友圣诞礼物 【双层缎面】曼哈顿之夜/黑色,￥538.00
洁丽雅干发帽 A类擦头发强吸水速干柔软可爱动物包头速干毛巾浴帽干发巾 小熊蓝,￥11.90
洁丽雅干发帽2条装擦头发速干毛巾吸水包头巾女浴帽干发巾 卡其+咖啡 2条,￥29.90
洁丽雅儿童干发帽强吸水速干加厚女浴帽宝宝包头巾女童干发毛巾 蓝色-俏皮熊+白色-可爱鸭,￥24.90
洁丽雅（Grace） 面巾 珊瑚绒家用洗脸男女情侣成人干发洗澡条纹毛巾 70*35cm 蓝色一条（一等品）,￥9.90
三利干发帽加厚超强吸水包头毛巾洗头浴帽便携式擦头发毛巾 78克25*65cm浅紫粉+淡绿色,￥22.80
家减尘除 干发帽超强吸水速干网红公主帽成人洗头擦头发毛巾包头巾高颜值 【大蝴蝶公主帽】超级吸水酒红色,￥20.80
顺隆发（shunlongfa）美容院理发店专用毛巾发廊美发包头加厚不掉毛干发巾吸水定制logo 灰色 35*75cm中厚（10条装）,￥29.90
三利 干发帽儿童女吸水速干柔软加厚擦洗包头毛巾干发巾婴儿宝宝浴帽 粉兔【2条装】,￥26.90
洁丽雅（Grace）干发帽女吸水柔软加厚速干毛巾包头巾可爱干发巾学生浴室用品浴帽 粉色1条（160克加厚） 63*26cm,￥24.90
沐凡浴巾女士可穿浴巾成人浴袍套装浴裙抹胸可爱家用吸水洗澡裹巾速干大毛巾浴巾浴帽干发帽束发带送女友礼物,￥69.00
"爱心东东	
法兰格慕浴巾成人女可穿戴抹胸浴裙宿舍家用吸水速干可裹巾松紧可调冬季厚 两件套/浴巾*奶酪款+干发帽",￥33.79
名创优品（MINISO）A类抗菌加厚毛巾 吸水洗脸家用柔软干发大面巾 双面3条装35*75cm,￥29.90
三利速干大浴巾 A类柔软吸水裹身巾男女成人儿童包边带挂绳洗澡用超大毛巾 70*140cm 珊瑚粉,￥29.90
洁丽雅（Grace） 儿童浴巾家用吸水速干宝宝洗澡婴儿新生超柔大童 60*120cm 蓝色,￥29.90
洁丽雅（Grace）干发帽女吸水柔软加厚速干毛巾包头巾可爱干发巾学生浴室用品浴帽 紫色1条（160克加厚） 63*26cm,￥24.90
金号（KINGSHORE）纯棉A类干发帽女超强吸水速干发包头巾100%棉加厚擦头毛巾浴帽 蓝色款【64*24cm-85G],￥24.90
冰星梦发廊理发店毛巾美容院包头专用毛巾加厚吸水干发擦车巾抹布 白色 75x35cm【超厚款】,￥3.90
兼彩浴巾毛巾男女家用A类加厚婴儿童情侣成人男士比纯棉柔软吸水速干 软绒灰（浴巾+毛巾+干发帽）,￥32.90
SP SAUCE干发帽柔软吸水带扣干发巾透气速干护发帽成人通用擦头毛巾不掉毛 少女粉,￥26.80
洁妮肤出口日本干发帽 超柔吸水包头干发巾速干成人长发 紫色条,￥13.90
洁妮肤出口日本干发帽 超柔吸水包头干发巾速干成人长发 紫色+粉色,￥25.90
"爱心东东	
法兰格慕浴巾成人女可穿戴抹胸浴裙宿舍家用吸水速干可裹巾松紧可调冬季厚 奶酪款+干发帽+毛巾",￥42.02
HOYO纯棉毛巾男士 洗脸洗澡吸水速干毛巾单条装 灰色 34*75cm,￥25.90
全棉时代轻时光系列纯棉洗脸巾家用吸水毛巾柔软速干 时光绿32cm*70cm,￥29.90
三利加大款毛巾浴巾2件套装A类男夏季速干吸水洗澡不掉毛大成人女裹巾,￥49.90
欢好新款干发帽速干双层加厚洗发巾毛巾吸水不掉毛学生宿舍超厚干发帽 粉白色【双层加厚巨能吸】品质,￥9.90
冰星梦发廊理发店毛巾美容院包头专用毛巾加厚吸水干发擦车巾抹布 驼色 75x35cm【超厚款】,￥3.90
乐扣乐扣干发帽 超柔强吸水A类抗菌包头巾便携式擦头发浴帽速干毛巾 干发帽灰色25*65,￥14.90
三利浴巾成人家用吸水速干毛巾男女士干发帽加厚洗澡裹巾三件套装 棕色（浴巾+毛巾+干发帽）,￥39.90
魅若丝草莓熊浴巾大号女可穿可裹成人浴裙长款浴袍吸水速干发帽三件套 浴裙+毛巾+干发帽 草莓熊,￥105.60
竹之锦毛巾 珊瑚绒双色加厚洗脸洗澡毛巾 擦头发速干吸水毛巾 2条装130g,￥19.90
洁丽雅（Grace）A类毛巾3条 柔软家用洗脸男女情侣速干发洗澡加厚大面巾 粉+米+蓝,￥26.90
新亚 运动毛巾纯棉纱布速干运动巾健身跑步游泳吸汗抗菌毛巾32×110cm,￥19.90
HOYO毛巾男士 A类纯棉洗脸洗澡毛巾 抗菌柔软吸水速干毛巾5条装,￥147.00
HOYO毛巾男士 A类纯棉洗脸洗澡毛巾 抗菌吸水速干毛巾2条装 灰/蓝,￥73.90
洁丽雅 Grace纯棉男女冬季吸水速干成人情侣家用全棉毛巾大裹巾两件套 1浴巾+1毛巾 浅粉,￥69.90
新亚纯棉毛巾吸水速干纱布毛巾全棉华夫格洗脸洗澡干发巾吸水不易掉毛 新款3D蜂巢4条装,￥36.90
浴巾女士可穿浴巾成人浴袍套装浴裙抹胸浴巾可爱家用吸水裹巾速干大毛巾浴巾浴帽干发帽束发带 送女友礼物 米黄色（4件套 ）浴裙+毛巾+干发帽+发带,￥66.00
洁丽雅（Grace） 毛巾2条 竹纤维成人男女情侣洗脸干发毛巾舒适大面巾 70*33cm 灰色+绿色,￥19.90
"爱心东东	
法兰格慕浴巾成人女可穿戴抹胸浴裙宿舍家用吸水速干可裹巾松紧可调冬季厚 两件套/浴巾*小熊款+干发帽",￥35.32
三利钻石纹路珊瑚绒长发强吸水加厚速干擦头包家居干发帽舒适柔软 熏衣紫+浅橙粉【双条装】,￥23.90
三利钻石纹路珊瑚绒长发强吸水加厚速干擦头包家居干发帽舒适柔软 象牙米+熏衣紫【双条装】,￥23.90
HOYO 干发帽女干发巾雪滑绒吸水速干擦头发速干毛巾包头巾浴帽长发 雪滑绒干发帽-灰,￥35.00
【现发】双层加厚干发帽女吸水速干包头发毛巾擦头洗头包头巾浴帽 双层包边【粉白色1条】,￥48.30
新亚毛巾纯棉华夫格成人大毛巾4条纱布吸水速干洗澡洗脸手巾34×76cm,￥49.00
HOYO毛巾男士 A类柔软吸水速干洗澡擦手巾3条装 樱若/薄墨/千草,￥69.00
新亚毛巾纯棉纱布成人大毛巾2条吸水速干洗澡洗脸巾不掉毛手巾 粉+灰,￥29.90
竹一百毛巾竹纤维吸水大毛巾3条速干纱布洗澡毛巾成人洗脸擦手巾34*72cm,￥29.90
毛巾批发美容院理发店发廊专用包头干发巾足铺床巾洗头房吸水大毛巾 特厚灰色 35x75cm,￥3.80
HOYO浴巾 A类纯棉成人浴巾 抗菌吸水速干毛巾浴巾三件套 灰/奶茶,￥208.00
素树家居 适用于干发帽女吸水长发干发巾速干包头巾加厚可爱擦头发浴帽- 【蝴蝶结】吸水咖色,￥18.41
洁丽雅（Grace）浴巾A类纯棉成人男女家用柔软吸水速干全酒店棉裹巾,￥33.90
迪士尼（Disney）加大款毛巾浴巾2件套家用酒店婴儿童柔软亲肤速干吸水洗澡不掉毛大裹巾 草莓熊白,￥49.90
洁丽雅（grace） 干发帽女加厚双层菠萝格强吸水不掉毛速干成人洗头毛巾 单层-灰色,￥9.90
洁妮肤干发帽女吸水速干帽毛巾洗头发帽子包头巾擦头发神器浴帽 枫叶红,￥16.80
洁丽雅（grace）毛巾吸水速干洗脸家用成人A类擦头干发洗澡运动面巾 蓝色+灰色,￥18.50
洁丽雅儿童干发帽速干柔软透气亲子包头发洗头毛巾 【粉色猫咪】亲子装,￥25.90
家减尘除 儿童干发帽可爱大蝴蝶结亲肤强吸水速干浴帽包头巾女童干发巾 【不易掉毛】公主粉,￥26.80
达伦伊干发帽女强吸水速干包头巾可爱浴帽干发巾洗头擦头发毛巾 菠萝格公主帽卡其色,￥18.60
浅野（air kaol）日本进口纯棉干发帽女士儿童成人强吸水速干加厚干发巾高端礼盒装 双扣抗菌A类 玫瑰粉 1件,￥598.00
"爱心东东	
法兰格慕浴巾成人女可穿戴抹胸浴裙宿舍家用吸水速干可裹巾松紧可调冬季厚 两件套/浴巾*白巾粉云朵+干发帽",￥33.79
简娜（JIANNA）双层加厚干发帽女澎湃吸水速干2024新款浴帽包头发帽子免吹干发巾 加厚双层干发帽-灰 无规格,￥15.20
HOYO浴巾成人 A类雪滑绒毛巾浴巾两件套 柔软吸水速干大浴巾 粉色,￥89.00
家减尘除 浴巾A类吸水速干柔软亲肤不掉毛裹身巾比纯棉吸水男女70*140cm,￥34.80
乐扣乐扣（LOCK&LOCK）华夫格A类吸水速干薄毛巾 新疆长绒棉抑菌毛巾浅蓝 34×72 65克/条,￥22.90
HOYO毛巾 A类纯棉洗脸洗澡毛巾 轻薄吸水速干毛巾5条装,￥147.00
HOYO纯棉毛巾男士 洗脸洗澡吸水速干毛巾2条装 粉色/灰色34*75cm,￥59.90
HOYO毛巾纯棉男士 A类洗脸洗澡抗菌毛巾 吸水速干男女毛巾33*73CM,￥79.90
HOYO毛巾男士纯棉 A类洗脸洗澡抗菌毛巾 吸水速干毛巾成人33*73CM,￥79.90
HOYO毛巾纯棉男士 A类洗脸洗澡抗菌毛巾 吸水速干男女毛巾33*73CM,￥79.90
HOYO毛巾男士纯棉 A类洗脸洗澡抗菌毛巾 吸水速干男士毛巾33*73CM,￥79.90
HOYO冷感运动毛巾速干健身跑步擦汗巾冰感吸汗军训运动毛巾 灰色,￥39.00
新亚 运动毛巾纯棉纱布速干运动巾健身跑步游泳吸汗抗菌毛巾32×110cm,￥19.9
新亚毛巾纯棉纱布大毛巾3条吸水速干洗澡洗脸毛巾手巾洗脸帕34×74cm,￥49.90
洁丽雅（grace） 干发帽女加厚双层菠萝格强吸水不掉毛速干成人洗头毛巾 单层-蓝色,￥9.90
婴儿浴巾带帽斗篷a类儿童速干浴袍宝宝六层纯棉防风干发帽秋冬季 气质白【A类宝宝绒】 100x100cm,￥68.00
金号（KINGSHORE）纯棉A类干发帽女超强吸水速干发包头巾100%棉加厚擦头毛巾浴帽 两条装 绿色+蓝色,￥47.90
HOYO浴巾男士 A类纯棉浴巾成人 吸水速干毛巾浴巾四件套 灰/粉,￥209.00
HOYO毛巾男士 A类长绒棉家用抗菌洗脸吸水速干毛巾 33*72cm 灰/乳白,￥49.00
喜亲宝 儿童浴巾包裹单巾柔软吸水珊瑚绒速干婴儿宝宝洗澡浴袍斗篷带帽加厚140*70cm长耳兔粉,￥58.00
"爱心东东	
法兰格慕浴巾成人女可穿戴抹胸浴裙宿舍家用吸水速干可裹巾松紧可调冬季厚 两件套/浴巾*粉巾白云朵+干发帽",￥32.88
齐开（QIKAI）干发帽女超强吸水速干加厚免吹新款浴帽洗头巾女包头擦头发的毛巾 绿+紫【划算价】,￥13.80
三利干发帽 吸水速干擦头发毛巾包头巾浴帽女长发干发神器 浅粉+太空灰,￥19.90
GGT日本华夫格干发帽女士浴帽加厚柔软超强吸水速干包头巾可爱擦头巾 浅咖,￥19.90
HOYO冷感运动毛巾速干健身跑步擦汗巾冰感吸汗军训运动毛巾 橙色,￥39.00
HOYO毛巾男士 A类毛巾纯棉家用长绒棉抗菌吸水速干毛巾 5条装 33*72cm,￥111.00
猫人猫人浴巾女2023新款家用比全棉纯棉吸水速干发帽毛巾三件套男裹巾 梦幻蓝（70*140cm）285g,￥19.90
洁丽雅（Grace）A类儿童纯棉纱布浴袍速干婴儿宝宝洗澡可穿浴巾带帽披风 小飞机,￥69.90
洁丽雅儿童干发帽强吸水速干加厚女浴帽宝宝包头巾女童干发毛巾 蓝色-可爱鲨+紫色-爱心兔,￥24.90
三利钻石纹路珊瑚绒长发强吸水加厚速干擦头包家居干发帽舒适柔软 浅橙粉+浅蓝色【双条装】,￥23.90
三利钻石纹路珊瑚绒长发强吸水加厚速干擦头包家居干发帽舒适柔软 象牙米+浅蓝色【双条装】,￥23.90
AQUIS美国双层缎面黑科技速干发帽女加厚吸水擦头卡戴珊送女友圣诞礼物 【双层缎面】拉斯维加斯/豹纹,￥538.00
家减尘除 干发帽超强吸水速干网红公主帽成人洗头擦头发毛巾包头巾高颜值 【大蝴蝶结公主帽】超级吸水粉色,￥20.80
Jepoo干发帽女吸水双层加厚包头巾洗头擦头发超强速干毛巾浴帽 双层干发帽1条装【粉白色】,￥19.90
名创优品（MINISO）A类加大抗菌巾吸水速干成人大毛巾男女通用 三件套,￥35.90
洁丽雅（grace）家纺 浴巾成人可穿 珊瑚绒浴巾可穿可裹式浴袍女2023新款大号成人 绿色【浴裙+干发帽】 小码【80-130斤】,￥41.00
云绥干发帽女超强吸水速干发巾2023新款擦头发毛巾浴帽洗头加厚包头巾 茶粉【加厚款】双面两用,￥12.80
三利钻石纹路珊瑚绒长发强吸水加厚速干擦头包家居干发帽舒适柔软 麻灰色+浅蓝色【双条装】,￥23.90
HOYO浴巾 A类柔软吸水速干成人大浴巾 毛巾浴巾三件套 湛蓝,￥111.00
"爱心东东	
法兰格慕浴巾成人女可穿戴抹胸浴裙宿舍家用吸水速干可裹巾松紧可调冬季厚 两件套浴巾粉巾白云朵+粉干发帽",￥32.88
洁丽雅干发帽女士吸水柔软加厚速干毛巾包头巾可爱成人儿童浴帽子 1条装（灰色）,￥13.90
牧汀 干发帽女速干超强吸水干发毛巾浴帽包头巾速干帽洗头帽可爱大猫眼卡通刺绣家用洗发擦头发毛巾干发巾 大猫眼干发帽 浅蓝色,￥29.80
洁丽雅儿童干发帽新款吸水速干柔软女童宝宝包头发毛巾 粉色*2（2条装方便换洗）,￥23.90
【现发】干发帽女吸水双层加厚2023包头洗头擦头发速干毛巾浴帽 升级加厚单层彩虹紫,￥48.10
洁丽雅（Grace）柔软强吸水干发帽 65x25cm 包头速干毛绒绒毛巾 樱花粉1条,￥10.90
HOYO纯棉毛巾男士 洗脸洗澡吸水速干毛巾单条装 粉色 34*75cm,￥25.90
卡琳玛诺（CARLIN MANO）日本极绒干发帽女超强吸水速干帽子加厚浴帽洗头包头发毛巾干发巾 高雅蓝灰,￥48.00
爱尔思干发帽女吸水速干不掉毛擦头发毛巾干发巾成人洗澡包头巾可爱毛巾 藏青小蜜蜂 【加厚吸水不掉毛】,￥19.90
畅印双层干发帽速干加厚女强吸水成人学生擦头发毛巾居家包头巾浴帽 粉白（40*62CM）,￥6.90
猫人猫人浴巾女2023新款家用比全棉纯棉吸水速干发帽毛巾三件套男裹巾 浅绿色（70*140cm）285g,￥19.90
洁丽雅浴巾女家用2023新款比棉纯棉吸水可穿式大人洗澡裹巾浴袍式浴裙 奶咖浴裙+双层干发帽160斤可,￥118.00
GGT日本华夫格干发帽女士浴帽加厚柔软超强吸水速干包头巾可爱擦头巾 薄墨,￥19.90
air kaol浅野日本进口纯棉毛巾男士全棉洗脸巾成人干发毛巾女吸水不掉毛 桃粉色 32*85cm,￥135.00
卡伴干发帽女（2条装）加厚双层强吸水干发帽干发巾速干大人儿童通用 菠萝格藕粉+菠萝格绿色（2条装）,￥49.00
air kaol日本进口纯棉浴巾女家用儿童裹浴巾吸水干发巾不掉毛高档酒店浴巾 奶粉色 公主系列 60*120cm,￥339.00
浅野（air kaol）日本进口浅野干发帽女男干发巾蓬松柔软不易掉毛吸水干发带双层加 双层强吸水  玫瑰粉 25*22*23cm,￥265.00
浅野（air kaol）日本进口纯棉干发帽女士儿童成人强吸水速干加厚干发巾高端礼盒装 双扣抗菌A类 天然白 1件,￥598.00
HOYO毛巾男士 A类纯棉洗脸毛巾 抗菌吸水速干毛巾2条装 奶茶/粉,￥73.90
AQUIS美国双层缎面黑科技速干发帽女加厚吸水擦头卡戴珊送女友圣诞礼物 宝石红（单独洗涤）-最后5件,￥408.00
浴巾女士可穿浴巾成人浴袍套装浴裙抹胸浴巾可爱家用吸水裹巾速干大毛巾浴巾浴帽干发帽束发带 送女友礼物 橘粉色（4件套 ）浴裙+毛巾+干发帽+发带,￥66.00
洁丽雅毛巾刺绣吸水洗脸家用速干珊瑚绒可爱洗澡擦头干发男女面巾 【3条装】粉小兔+蓝小猫+黄小鸭,￥17.90
air kaol浅野日本进口纯棉毛巾男士全棉洗脸巾成人干发毛巾女吸水不掉毛 雪花白 32*85cm,￥135.00
air kaol浅野日本进口纯棉毛巾男士全棉洗脸巾成人干发毛巾女吸水不掉毛 焦糖棕 32*85cm,￥135.00
洁丽雅干发帽女士成人速干强吸水抗菌柔软干发毛巾浴帽包头巾加厚 浅粉色,￥14.90
北极绒（Bejirog）婴儿浴巾新生儿童连帽斗篷男女宝宝可穿浴巾卡通速干吸水洗澡巾,￥39.90
牧汀 干发帽女速干柔软舒适强吸水可爱干发巾包头巾浴帽擦头发毛巾护发帽 黄色柯瓜子,￥29.80
赫钧浴帽女干发帽洗头毛巾包头发吸水成人速干包头毛巾擦头发可爱头巾 粉色,￥6.00
"爱心东东	
舟裕 浴巾毛巾三件套男女家用比全棉吸水速干不掉毛柔软情侣加大号 四件套 灰(浴巾+2毛巾+干发帽) 70x140cm",￥32.20
三利浴巾成人家用吸水速干毛巾男女士干发帽加厚洗澡裹巾三件套装 蓝色（浴巾+毛巾+干发帽）,￥39.90
HOYO毛巾 A类纯棉洗脸洗澡毛巾 轻薄吸水速干毛巾3条 千草/灰/粉,￥98.00
洁丽雅（grace）抗菌毛巾吸水加厚家用洗脸巾男女速干头发巾珊瑚绒不易掉毛面巾 深海蓝+珍珠灰【抗菌加厚】,￥19.90
KRRAMEL干发帽女双层加厚超强吸水速干可爱浴帽干发巾洗头包头巾 柠檬黄,￥48.00
洁妮肤出口日本干发帽 超柔吸水包头干发巾速干成人长发 双色+紫色,￥25.90
新亚毛巾纯棉抗菌毛巾8条成人吸水洗澡洗脸大毛巾手巾干发巾34*72cm,￥79.00
多兰诗（Duolanshi）干发帽 柔软强吸水女士干发巾成人加厚包头速干毛巾 粉色干发帽【单层】,￥14.90
内野（UCHINO） 新棉花糖浴巾女大浴巾纯棉柔软舒适A类60支精梳无捻纱浴巾 蓝绿色浴巾+黄色干发帽 浴巾70*140cm/面巾34*83,￥239.00
HOYO浴巾 A类柔软吸水速干成人大浴巾 毛巾浴巾三件套 灰色,￥111.00
HOYO刺绣浴巾成人 家用柔软吸水速干大毛巾裹巾 浅灰色 70*140cm,￥89.00
金号纯棉毛巾 成人A类运动巾瑜伽吸水汗巾健身跑步专用洗脸巾100*20cm,￥19.90
素树家居 适用于干发帽女吸水长发干发巾速干包头巾加厚可爱擦头发浴帽- 【蝴蝶结】吸水红色,￥19.40
竹炭纤维包头巾浴帽干发帽子女超吸水毛巾可爱擦长头发速干洗头巾加厚 卡其棕色,￥29.90
洁丽雅高档轻奢浴巾女家用可穿可裹非纯棉水速干浴裙大浴巾式浴袍夏 奶白浴裙+干发帽+毛巾3件套,￥98.00
"爱心东东	
法兰格慕浴巾成人女可穿戴抹胸浴裙宿舍家用吸水速干可裹巾松紧可调冬季厚 小熊款+干发帽+毛巾",￥42.95
刻师傅干发帽女双层加厚超强吸水速干包头毛巾擦洗头发2022新款浴帽神器 双层加厚灰褐色,￥169.00
干发帽女吸水干发巾可爱加厚帽子长发擦头发包头浴帽 蓝色,￥5.43
魅若丝草莓熊浴巾大号女可穿可裹成人浴裙长款浴袍吸水速干发帽三件套 浴巾+干发帽 草莓熊,￥73.60
番易干发帽双层加厚干发帽女浴帽长发洗头擦头毛巾干发包头巾柔软 双层绿粉2条,￥12.30
公曼桦 干发帽超强吸水速干包头巾双层加厚新款女擦洗头毛巾浴帽干发巾 奶黄树,￥32.00
欢好干发帽女干发毛巾超吸水干发巾擦头发速干神器长发头发包头巾浴帽 紫色,￥6.50
日悦星辰卡通库洛米儿童干发帽浴帽女吸水速干小孩洗头免吹擦头毛巾 kt猫-干发帽,￥47.00
三利钻石纹路珊瑚绒长发强吸水加厚速干擦头包家居干发帽舒适柔软 象牙米+浅橙粉【双条装】,￥23.90
洁丽雅（grace）新疆长绒棉加厚毛巾A类柔软吸水男士洗脸洗澡家用干发大面巾 4条装【深灰2+深棕2】,￥38.90
贞喜气 儿童斗篷浴巾吸水速干柔软保暖防寒浴巾珊瑚绒宝宝洗澡浴袍裹巾 粉色星星适合70-140cm儿童,￥29.90
内野（UCHINO）无捻棉纱清新条纹纯棉方巾4条装柔软速干吸水洗脸巾(蓝*2+绿*2),￥79.00
乐扣乐扣（LOCK&LOCK）毛巾抗菌吸水洗脸巾薄面巾擦手巾华夫格速干不掉毛2条装34*72cm,￥43.90
HOYO浴巾 A类纯棉成人大浴巾 抗菌吸水速干毛巾浴巾两件套 灰/蓝,￥172.00
畅印双层干发帽速干加厚女强吸水成人学生擦头发毛巾居家包头巾浴帽 灰粉（40*62CM）,￥6.90
赫钧干发帽吸水柔软包头巾毛巾成人擦头巾便捷式可爱浴帽蝴蝶结 紫色（蝴蝶结干发帽）,￥9.90
洁丽雅儿童干发帽强吸水速干加厚女浴帽宝宝包头巾女童干发毛巾 蓝色-可爱鲨+蓝色-星星兔,￥24.90
巫记双层干发帽强力吸水加厚速干珊瑚绒包头发干发巾毛巾可爱卡通浴帽 双层粉色兔子,￥35.00
巫记双层干发帽强力吸水加厚速干珊瑚绒包头发干发巾毛巾可爱卡通浴帽 双层蓝色宇航员,￥35.00
巫记双层干发帽强力吸水加厚速干珊瑚绒包头发干发巾毛巾可爱卡通浴帽 双层白色小狗,￥35.00
洁丽雅（Grace） 干发帽 柔软强吸水加厚干发帽   65x25cm 便携式款包头速干毛巾 蓝色一条,￥11.90
巫记双层干发帽强力吸水加厚速干珊瑚绒包头发干发巾毛巾可爱卡通浴帽 双层白色小狗,￥35.00
洁丽雅浴巾女家用2023新款比棉纯棉吸水可穿式大人洗澡裹巾浴袍式浴裙 蓝色浴裙+双层干发帽160斤可,￥118.00
洁妮肤日本包头巾干发帽女吸水毛巾浴帽子可爱擦长头发速干神器洗头巾 双色+粉条套装,￥29.90
洁丽雅儿童干发帽速干柔软透气亲子包头发洗头毛巾 【紫色猫咪】儿童款,￥15.90
洁丽雅儿童干发帽速干柔软透气亲子包头发洗头毛巾 【蓝色+粉色】亲子装,￥25.90
浅浣干发帽女强吸水速干2023新款包头发毛巾加厚擦头洗头巾大人浴帽. 波浪边双层粉白色25*65cm,￥139.00
赛罗 毛巾吸水纤维美容院发廊干发包头理发店专用擦头发足疗清洁套装 运动蓝色5条装 33*75CM,￥39.00
宜朵雪花绒毛巾厂家直送日本工艺A类抗菌洗脸巾加厚加大家用干发擦手吸水速干不掉毛成人面巾毛巾三条装 A类·抗菌（暮云灰1+雾霾粉1+灰盐绿1）,￥99.00
黛博拉 适用于干发帽女吸水长发干发巾速干包头巾加厚可爱擦头发浴帽- [蝴蝶结咖色]+[蝴蝶结红色],￥30.00
茶花【吸水速干】干发帽柔软强吸水加厚毛巾便携速干毛巾擦头发浴帽 【颜色随机】,￥19.90
欢好儿童干发帽女童可爱超强吸水速干宝宝男童洗包头速干毛巾帽子浴帽 天空蓝,￥9.80
尔煦干发帽吸水速干浴帽超强网红公主帽成人洗头擦头发毛巾包头巾颜值 酒红色1个装,￥15.95
洁丽雅干发帽超柔强吸水包头巾条纹珊瑚绒擦头发浴帽速干毛巾 紫色,￥11.50
日悦星辰卡通库洛米儿童干发帽浴帽女吸水速干小孩洗头免吹擦头毛巾 库洛米-干发帽,￥45.00
嘉柏兰（jiabolan）干发帽包头巾浴帽子女超强吸水毛巾擦长头发速干神器洗头巾速干帽 珊瑚红,￥39.90
日悦星辰卡通库洛米儿童干发帽浴帽女吸水速干小孩洗头免吹擦头毛巾 帕恰狗-干发帽,￥47.00
尤克达蒂女童卡通儿童干发帽吸水擦头发毛巾速干包头巾可爱加厚浴帽干发巾 儿童粉色圆眼睛,￥69.42
尤克达蒂女童卡通儿童干发帽吸水擦头发毛巾速干包头巾可爱加厚浴帽干发巾 儿童天蓝圆眼睛,￥69.42
Aseblarm干发帽吸水浴帽洗头发速干刺绣毛巾包头女加厚长发擦头巾 紫/violet-(绣花款) 推荐[双层]-速干护发,￥11.90
冰星梦理发店美容院足疗店发廊用干发巾超细纤维强吸水加大加厚毛巾 【纯白色】 70x30cm,￥2.69
洁丽雅儿童干发帽强吸水速干加厚女浴帽宝宝包头巾女童干发毛巾 蓝色-星星兔,￥15.90
毛巾批发美容院理发店发廊专用包头干发巾足铺床巾洗头房吸水大毛巾 特厚魅惑紫 35x75cm,￥3.80
猫人儿童干发帽强吸水速干加厚浴帽宝宝可爱包头巾亲子干发毛巾 米色-微笑兔【儿童款】,￥12.90
洁丽雅（grace）家用不掉毛大毛巾浴巾可穿式浴袍情侣洗澡裹巾干发帽两件套浴裙女 粉色白云,￥38.00
洁丽雅干发帽超强吸水速干加厚女夏浴帽包头发毛巾洗头巾 蓝色【加厚款】,￥12.90
访客（FK）干发帽柔软强吸水亲子款包头巾卡通快速干发毛巾长款儿童成人浴帽 白色小羊 1个装,￥13.90
访客（FK）干发帽柔软强吸水亲子款包头巾卡通快速干发毛巾长款儿童成人浴帽 紫色小羊 亲子装2只,￥25.90
素树家居 适用于干发帽女吸水长发干发巾速干包头巾加厚可爱擦头发浴帽- 【蝴蝶结】吸水蓝色,￥19.40
尤克达蒂女童卡通儿童干发帽吸水擦头发毛巾速干包头巾可爱加厚浴帽干发巾 儿童西瓜红圆眼睛,￥69.42
尔煦干发帽吸水速干浴帽超强网红公主帽成人洗头擦头发毛巾包头巾颜值 樱花粉1个装,￥15.95
洁丽雅（grace）家纺 浴巾成人可穿 珊瑚绒浴巾可穿可裹式浴袍女2023新款大号成人 蓝色【浴裙+干发帽】 小码【80-130斤】,￥41.00
CAKI日本干发帽女士速干抗菌防螨成人女加厚浴帽包头巾超强吸水干发巾 冷灰(干发帽),￥39.00
弋琳双层加厚干发帽女超强吸水速干帽子免吹干发巾2023新款浴帽包头发 酱紫色 双层加厚,￥99.00
达伦伊干发帽女强吸水速干包头巾可爱浴帽干发巾洗头擦头发毛巾 菠萝格公主帽藕粉色,￥18.60
达伦伊干发帽女强吸水速干包头巾可爱浴帽干发巾洗头擦头发毛巾 菠萝格公主帽咖啡色,￥18.60
洁丽雅（grace）干发帽女吸水双层加厚2023新款包头巾洗头擦头发速干毛巾浴帽品牌 加厚双层两用干发帽-粉绿+粉白,￥59.00
洁丽雅（grace）干发帽女成人速干柔软吸水干发毛巾浴帽加厚包头巾 粉色+蓝色,￥19.90
顺隆发（shunlongfa）美容院理发店专用毛巾发廊美发包头加厚不掉毛干发巾吸水定制logo 宝蓝色 35*75cm中厚（10条装）,￥29.90
三利干发帽女超强吸水速干洗头干发巾擦头毛巾浴帽包头巾2023新款 香草白（娜娜手绘）,￥11.90
欢好新款干发帽速干双层加厚洗发巾毛巾吸水不掉毛学生宿舍超厚干发帽 粉白+蓝灰【双层+巨能吸替换,￥14.80
欢好新款干发帽速干双层加厚洗发巾毛巾吸水不掉毛学生宿舍超厚干发帽 粉白+绿粉【双层+巨能吸推荐,￥14.90
GGT日本干发帽女速干加厚柔软吸水包头巾成人洗澡浴帽擦头发干发巾 薄墨色,￥29.00
GGT日本干发帽女速干加厚柔软吸水包头巾成人洗澡浴帽擦头发干发巾 樱若色,￥29.00
猫人猫人浴巾女2023新款家用比全棉纯棉吸水速干发帽毛巾三件套男裹巾 卡其色（70*140cm） 285g,￥19.90
多妙屋女童干发帽夏吸水速干神器不掉毛浴帽擦头发毛巾儿童包头巾 粉色 L/适合7岁-成人DMW912,￥19.90
三利干发帽加厚超强吸水包头毛巾洗头浴帽便携式擦头发毛巾 78克25*65cm象牙白+浅粉紫,￥22.80
卢寇干发帽速干洗头擦头巾吸水可爱毛巾包头发女2023新款加厚浴帽 升级珊瑚绒小兔兔,￥46.00
金号干发帽A类 纯棉 64x24cm强吸水成人加厚浴帽擦头毛巾速干包头巾 YM006蓝色 64cm  x  24cm,￥24.90
金号干发帽A类 纯棉 64x24cm强吸水成人加厚浴帽擦头毛巾速干包头巾 YM008蓝色 64cm  x  24cm,￥24.90
俏蕊干发帽 干发帽加厚可爱速干擦头发包头发巾成人浴帽短发干发洗头 猫耳干发帽-粉色-1个,￥20.00
北极绒儿童干发帽加厚男女宝宝毛巾婴儿浴帽包头巾珊瑚绒强吸水速干神器 儿童干发帽米色,￥14.90
洁丽雅（grace）可穿式浴巾 可裹女大人洗澡浴裙比纯棉吸水速干游泳浴袍斗篷大码 系带款+干发帽：皮粉色 90x140cm,￥98.00
洁丽雅（grace）可穿式浴巾 可裹女大人洗澡浴裙比纯棉吸水速干游泳浴袍斗篷大码 系带款+干发帽：酱紫色 90x140cm,￥98.00
法兰格慕云朵绒浴巾大毛巾干发帽三件套女士吸水浴裙不掉毛可穿可裹浴袍 婴儿蓝浴巾（尺寸：85 150cm）,￥38.70
欢好洗头干发帽擦头发毛巾浴帽加厚款超强吸水撞色双拼免吹学生速干帽 【珊瑚绒双面两用】茶粉,￥6.60
可穿戴浴巾浴巾女夏天家用吸水速干可穿可裹浴袍ins洗澡裹巾大人不掉毛浴裙 三件套/浴巾*小熊款+干发帽+毛巾,￥58.88
三利 X哇塞蛙联名浴巾女可穿可裹浴裙可爱浴袍式干发帽发带三件套 害羞粉（浴裙+干发帽）,￥49.90
洁丽雅（grace）浴巾女家用比纯棉全棉吸水浴裙大人可穿式洗澡裹巾2023新款浴袍 可穿浴巾+毛巾+干发帽+手腕带：,￥108.00
洁丽雅（grace）正版授权玉桂狗浴巾女新款干发帽珊瑚绒速干大耳狗浴袍情侣款一对 蓝色+白色玉桂狗浴巾,￥138.00
洁丽雅（grace）双层加厚干发帽菠萝格150克超强吸水女家用擦头发毛巾 菠萝格-粉色,￥15.90
竹炭纤维包头巾浴帽干发帽子女超吸水毛巾可爱擦长头发速干洗头巾加厚 浴巾+毛巾+干发帽-淡雅粉,￥69.90
猫人猫人浴巾女2023新款家用比全棉纯棉吸水速干发帽毛巾三件套男裹巾 天空灰两件套（浴巾+干发帽）,￥29.90
艾维乐浴巾家用女可穿可裹巾非纯棉全棉吸水浴袍式大人浴裙夏天2024新款 蝴蝶结蓝色（浴裙+干发帽） 148x85cm,￥49.90
毛毛雨 毛巾洗脸比纯棉吸水家用干发洗澡男擦头发全棉速干不掉毛女情侣 升级白边柔软款 豆沙紫+蓝色,￥25.90
三利干发帽成人超强吸水速干女可爱包头巾洗头毛巾干发巾加厚浴帽 奶油Puppy（本白）,￥12.90
三利毛巾成人强吸水加厚情侣洗脸巾不掉毛家用洗澡擦手男女干发巾 蓝色+灰色+咖色,￥24.90
冰星梦10条装美容院专用包边毛巾包头巾理发店发廊干发巾定制logo不掉毛 玫瑰粉 35*75cm(1条装),￥5.99
冰星梦10条装美容院专用包边毛巾包头巾理发店发廊干发巾定制logo不掉毛 白色 35*75cm(1条装),￥5.99
洁丽雅（Grace） 毛巾2条 竹纤维成人男女情侣洗脸干发毛巾舒适大面巾 70*33cm 粉色+绿色,￥19.90
理发店毛巾发廊美容院专用干发巾美发店吸水不掉毛保洁加厚毛巾 加厚黑色 35x75cm,￥3.79
三利 干发帽儿童女吸水速干柔软加厚擦洗包头毛巾干发巾婴儿宝宝浴帽 粉兔,￥19.90
Jepoo干发帽女吸水双层加厚包头巾洗头擦头发超强速干毛巾浴帽 双层干发帽1条装【茶粉色】,￥19.90
洁丽雅（grace）毛巾洗脸家用不易掉毛吸水速干珊瑚绒毛巾洗澡擦头干发巾男女面巾 草莓熊,￥9.90
新亚珊瑚绒毛巾浴巾小动物卡通吸水洗澡柔软吸水不易掉毛干发毛巾套装 灰色考拉毛巾,￥10.80
可穿戴浴巾浴巾女夏天家用吸水速干可穿可裹浴袍ins洗澡裹巾大人不掉毛浴裙 两件套/浴巾*奶酪款+干发帽,￥47.68
可穿戴浴巾浴巾女夏天家用吸水速干可穿可裹浴袍ins洗澡裹巾大人不掉毛浴裙 两件套/浴巾*小熊款+干发帽,￥50.88
Jepoo干发帽女吸水双层加厚包头巾洗头擦头发超强速干毛巾浴帽 双层干发帽3条装【颜色随机】,￥49.90
家减尘除 干发帽女柔软强吸水包头巾加厚浴帽包头巾速干包头毛巾 不易掉毛【加厚】落樱粉2条,￥42.80
洁丽雅（grace）干发帽女吸水速干2023新款可爱女童毛巾包头巾干发巾儿童浴帽 新款2个装-珊瑚黄+珊瑚藏青,￥58.00
洁丽雅（Grace）干发帽 女士强吸水柔软速干加厚包头毛巾可爱天空蓝色 25*65cm,￥13.90
法兰格慕可爱浴巾女家用吸水速干可穿可裹大毛巾三件套学生宿舍浴裙合集 粉色兔兜吊带裙+粉色干发帽,￥39.90
念彩浴巾女学生韩版可爱非纯棉干发帽吸水不掉毛浴裙可穿性感抹胸浴袍 珊瑚粉(可调松紧胖瘦可穿) 可穿浴巾+干发帽+束发带,￥69.80
洁丽雅浴巾女家用2023新款比棉纯棉吸水可穿式大人洗澡裹巾浴袍式浴裙 藕粉色双层加大干发帽,￥48.00
云绥干发帽女超强吸水速干发巾2023新款擦头发毛巾浴帽洗头加厚包头巾 茶粉+黄灰【加厚款】双面两用,￥23.80
金号纯棉浴巾女2023新款浴袍可穿可裹家用吸水全棉高级浴裙干发帽 喵星人妃红粉浴巾+浴帽 140x80cm （建议体重120-149斤）,￥169.00
金号纯棉干发帽 速干强吸水柔软包头毛巾 成人擦头巾便捷式可爱浴帽 黄色纯棉1条,￥24.90
洁丽雅（Grace） 加厚干发帽 波浪纹成人干发帽柔软强吸水 包头速干毛巾65*25cm 灰绿色,￥14.90
沐凡 干发帽超柔软强吸水 65x25cm 便携式擦头发包头速干毛巾浴帽送女友 浴帽月亮-少女粉,￥15.90
洁丽雅（grace） 干发帽女加厚双层菠萝格强吸水不掉毛速干成人洗头毛巾 灰色+米白色,￥28.00
GGT日本华夫格干发帽女士浴帽加厚柔软超强吸水速干包头巾可爱擦头巾 乳白+曙色,￥39.80
洁丽雅儿童干发帽超强吸水速干浴帽宝宝洗头免吹女童擦头发包头巾 粉色-萌萌兔,￥12.90
洁丽雅儿童毛巾纯棉洗脸洗澡吸水速干不掉毛擦手巾面巾擦脸巾 小黄鸡童巾3条装,￥21.98
乐扣乐扣（LOCK&LOCK）华夫格A类吸水速干薄毛巾 新疆长绒棉抑菌毛巾浅粉 34×72 65克/条,￥22.90
HOYO冷感运动毛巾速干健身跑步擦汗巾冰感吸汗军训运动毛巾 蓝色,￥39.00
冰星梦理发店美容院足疗店发廊用干发巾超细纤维强吸水加大加厚毛巾 【灰色】 70x30cm,￥2.69
冰星梦理发店美容院足疗店发廊用干发巾超细纤维强吸水加大加厚毛巾 【深紫色】 70x30cm,￥2.69
竹一百竹纤维浴巾 成人洗澡大毛巾男女可裹身浴巾吸水速干不掉毛 粉色,￥39.90
【现发】双层加厚干发帽女吸水速干包头发毛巾擦头洗头包头巾浴帽 双层包边【粉白色1条+绿粉色1条,￥57.40
享太太运动毛巾比珊瑚绒毛巾洗澡擦洗脸家用女柔软干发男速干吸水不掉毛 魔法灰+冰清蓝【毛巾两条装】,￥14.80
三利浴巾女干发帽2023新款家用比全棉纯棉吸水速干大人毛巾男裹巾 象牙米（浴巾+干发帽+毛巾）,￥49.90
兼彩浴巾毛巾男女家用A类加厚婴儿童情侣成人男士比纯棉柔软吸水速干 软绒灰（浴巾+干发帽）,￥29.90
兼彩浴巾毛巾男女家用A类加厚婴儿童情侣成人男士比纯棉柔软吸水速干 软绒驼（浴巾+干发帽）,￥29.90
猫人毛巾5A抗菌洗脸家用男士女士珊瑚绒干发巾吸水不易掉毛洗澡巾洗脸 米白色1条（5A抗菌款),￥9.90
三利 干发帽女 吸水柔软加厚速干毛巾包头巾儿童擦洗头发浴帽干发巾 朵粉色【1条装】,￥15.90
冰星梦10条装美容院专用包边毛巾包头巾理发店发廊干发巾定制logo不掉毛 冷蓝 35*75cm(1条装),￥5.99
理发店毛巾发廊美容院专用干发巾美发店吸水不掉毛保洁加厚毛巾 加厚紫色 30x60cm,￥1.98
洁丽雅（grace）干发帽女吸水速干2023新款可爱女童毛巾包头巾干发巾儿童浴帽 粉色猫咪-1个装,￥48.00
新亚珊瑚绒毛巾浴巾小动物卡通吸水洗澡柔软吸水不易掉毛干发毛巾套装 灰色考拉套装,￥29.90
HOYO雪滑绒毛巾套装男女洗脸巾干发吸水面巾酒店独立包装 樱若+千草+白茶,￥69.00
猫人毛巾5A抗菌洗脸家用男士女士珊瑚绒干发巾吸水不易掉毛洗澡巾洗脸 浅粉+浅灰+浅蓝（5A抗菌款）3条,￥22.90
洁丽雅干发帽女浴帽可爱擦头发速干毛巾强吸水包头巾干发巾帽子 W0196粉色1条(160g双层双扣加厚升级款),￥22.90
妙客（MI AOKE）美容院专用毛巾枕巾加厚吸水干发巾皮肤管锂面巾定制logo 三件套驼色(胸巾+枕巾+包头巾),￥43.00
洁妮肤 宝宝儿童干发帽包头巾女童毛巾卡通擦头发 儿童款双色条纹1条装,￥13.90
赛罗 吸水毛巾10片商用物业酒店清洁布理发洗头美发干发毛巾尼龙定做 宝蓝色10片装 33*75CM 加厚型,￥69.00
金号（KINGSHORE）干发帽纯棉A类加厚超柔强吸水包头干发巾便携式擦头浴帽速干毛巾 006红色【密封包装】,￥24.90
乐扣乐扣（LOCK&LOCK）乐扣乐扣 干发帽 超柔强吸水A类抗菌防螨包头巾便携式擦头发浴帽 粉色,￥14.90
