﻿Column1,Column2
Column1,Column2
Name,Price
买奇酷咖宝蛋神卡宝变形恐龙蛋小男孩玩具礼物米拉轰剑齿虎,￥39.00
恩贝家族玩具车儿童男孩两节合金仿真遥高铁复兴号控汽车模型火车生日礼物,￥109.00
咖宝车神玩具手表重装归来男孩儿童生日礼物咖宝变形召唤手表PRO HC6000,￥89.00
babycare儿童工程车坐人1-3岁宝宝玩具车滑行学步车奥维托（ 挖土机）,￥204.00
托宝战士（T0B0T）重装钛克银河侦探托宝兄弟金刚变形玩具汽车男孩儿童生日礼物,￥88.80
智汇圣诞节儿童礼物男孩女孩生日礼物6-8-10岁宇航员玩具男童7-14岁,￥138.00
植物大战僵尸儿童生日礼物男孩玩具拼装变形植物大战僵尸机器人 植物三合一,￥107.90
奥智嘉儿童玩具男孩供电版汽车闯关大冒险火箭轨道车3-6岁益智玩具车圣诞节礼物,￥159.00
迷你特工队玩具超威能量洛克战士摩托车套装变形玩具带赛米人偶男孩生日礼物,￥129.00
佳奇科技（JAKI）积木拼装航天破晓五号火箭模型小颗粒儿童玩具成人男女孩生日礼物,￥229.00
俏皮谷中国航天积木拼装破晓五号火箭模型儿童玩具成人男女孩生日节日礼物,￥229.00
宇星模王steam编程机器人机械狗积木8-12岁儿童拼装遥控玩具男孩生日礼物 黄色阿尔法狗机器人,￥269.00
伟易达（Vtech）积木 百变吊车 大颗粒拼搭 工程车儿童玩具2岁+宝宝男孩生日礼物,￥149.00
尚韵儿童玩具车男孩反重力轨道过山车拼装diy百变火车六一儿童节礼物,￥98.00
托宝战士（T0B0T）银河侦探隐形夸克银河侦探金刚变形玩具男孩生日礼物儿童7622,￥89.00
米米智玩儿童玩具孔明锁鲁班锁9合1解锁智力玩具男女孩6-14岁生日礼物,￥79.90
斯纳恩儿童火车玩具卡通复古蒸汽火车轨道系列3-12岁以上 生日礼物,￥159.00
灵动创想男孩玩具可动拼装罗布欧布泰迦捷德贝利亚迪迦奥特曼组装6款套装,￥108.00
,
阿尔法蛋儿童编程机器人套装科教积木少儿steam玩具男孩圣诞礼物机甲GTPro,￥519.00
KELEIGE儿童火箭玩具汽车大楼停车场3-6岁男孩女孩生日儿童节礼物送小孩 24车太空火箭汽车大楼 【惯性小车+旋转升降梯】,￥198.00
泰芬乐大号八轮装甲110警车儿童玩具男孩合金回力特警汽车模型生日礼物,￥79.90
鑫思特儿童拖车玩具男孩运输平板车声光大号吊车起重机道路救援车清障工程消防惯性汽车3-6岁生日礼物,￥108.00
冠巢儿童玩具汽车大冒险闯关玩具车停车场套装益智男孩女孩六一节礼物,￥56.00
,
旗迹 奥特曼卡片豪华版卡册儿童玩具男孩收藏册满星卡,￥69.90
托宝战士（T0B0T）银河侦探闪灵电鳗金刚变形玩具男孩机器人儿童玩具生日礼物,￥93.40
尚韵 航空母舰军事积木6-12岁儿童拼装玩具男孩成人小颗粒拼插模型,￥88.00
灵动创想 帮帮龙出动儿童玩具男孩女孩变形玩具帮帮龙救援队基地-烈牙象5932,￥199.00
,
咖宝车神拯救联盟金刚变形玩具男孩机甲机器人礼物买奇酷激光螺旋使者,￥179.00
亿奇心奇爆龙战车X2龙装战甲变形玩具金刚机器人六代新奇暴龙战车男孩 经典款【数码霸王龙】 2形态,￥75.00
,
乐高（LEGO）积木拼装赛车系列76914法拉利812  9岁+男孩儿童玩具模型生日礼物,￥179.00
咖宝车神变形汽车玩具机器人男孩儿童新年礼物入门款-探警弗龙 KB-05,￥24.90
麦儿飞乐特利迦奥特曼变身器玩具男孩套装dx神光棒棱镜六一儿童节生日礼物,￥119.00
艾杰普（JEPPE）洞洞书儿童绘本0-3岁婴儿书籍翻翻书玩具宝宝启蒙认知早教书儿童礼物,￥49.00
乐高（LEGO）积木拼装 60312 警车 5岁+男孩儿童玩具生日礼物,￥89.00
搭一手积木拼装航天宇航员模型兼容乐高儿童玩具14岁成人男孩生日礼物,￥179.00
赟娅暴走迷城棋类桌游儿童男孩生日礼物玩具男生游戏棋10岁以上 暴走迷城,￥108.00
咖宝车神变形汽车玩具机器人卡宝车神男孩女孩生日礼物入门款-特警巨人,￥94.00
高恩 多功能m416电动软弹枪儿童玩具枪吃鸡6-10岁男孩生日礼物,￥178.00
神马先生儿童玩具8-12岁男孩生日礼物10圣诞节礼物男童7-14女孩小学生男生 灭火英雄【600闯关+教学模式】 华容道9女童十逻辑思维电子拼图,￥138.00
乐高（LEGO）积木机械组42158毅力号火星探测器10岁+男孩儿童玩具生日礼物,￥829.00
乐高（LEGO）积木拼装 60348 月面探测车 6岁+男孩儿童玩具生日礼物,￥239.00
迪漫奇儿童玩具亲子互动家庭游戏双人对战桌面足球台爆射疯狂足球打弹珠弹射桌游男孩3-6岁生日礼物启智玩具,￥79.00
,
JJR/C 无人机高清专业航拍遥控飞机儿童玩具男孩无人飞机航模生日礼物,￥219.00
奥智嘉儿童玩具男孩城市交通拼图轨道车diy拼装电动小汽车拼图生日礼物,￥69.00
宝乐星儿童玩具男孩变形弹射大卡车收纳合金小车轨道折叠工程玩具车蓝,￥68.00
,
奥智嘉儿童玩具车男孩特大号变形弹射大卡车合金赛车轨道折叠收纳货柜圣诞节礼物,￥159.00
咖宝车神重工战队6合体超级创建巨人金刚变形玩具男孩买奇酷儿童礼物,￥359.00
迪漫奇儿童玩具电动弹珠机弹射游戏机男孩打枪射击类减压游戏亲子互动桌面玩具打地鼠积分大号宝宝专注力训练,￥59.00
阿尔法蛋编程机器人积木拼装儿童生日礼物steam玩具男孩女孩遥控汽车机甲X,￥369.00
奥迪双钻（AULDEY）超级飞侠儿童玩具家庭大团圆套装12只角色装生日礼物720295,￥399.00
福孩儿移车出库汽车华容道幼儿童益智玩具男孩女3-6岁逻辑思维训练桌游,￥49.80
迪漫奇儿童玩具弹珠机早教闯关弹射游戏机黄鸭小孩专注力训练亲子互动双人对战计分桌面游戏女男孩生日礼物,￥159.00
若态若客械城轨迹夜城轨道球国潮积木玩具diy手工拼装模型成人拼插儿童生日感恩节礼物,￥229.00
星涯优品 儿童积木玩具船小颗粒大型航空母舰拼装军事模型拼插玩具男孩,￥99.00
费乐（FEELO）大颗粒拼装积木一斤装节日礼物儿童玩具500g基础颗粒1645-1,￥16.00
宏登儿童桌面足球机游戏桌台球桌上玩具男孩亲子互动学生日礼物KLB50,￥84.00
俏皮谷儿童科学实验套装 小学生一年级5-6岁男女孩STEAM教具玩具物理diy手工制作生日节日礼物,￥79.00
沃知 科学实验套装儿童玩具化学小实验5-14岁小学生男女孩生日礼物,￥68.00
,
灵动创想 魔幻陀螺4代男孩陀螺玩具战斗发射器儿童礼物 六连发雷影陀螺枪,￥165.00
,
益米儿童玩具弹射球保龄球套装桌面游戏竞技比赛互动男孩女孩3-6岁,￥58.00
托宝战士（T0B0T）银河侦探托宝游骑兵船船金刚变形玩具男孩机器人儿童玩具生日礼物,￥69.00
迪漫奇钓鱼儿童玩具2一3岁宝宝两周岁半早教电动磁性捞鱼捕鱼套装女孩动脑男孩生日礼物 飞天海豚轨道钓鱼台,￥79.00
Smart Games爱思极 睡美人 3-7岁 儿童早教迷宫桌游 男孩女孩益智玩具,￥269.00
,
展高（JUMPGO）迷你特工队玩具变形超级恐龙力量七炫战龙王合体男孩礼物,￥399.00
TOI进阶国潮拼图玩具幼儿早教大块纸质拼图男孩玩具女孩儿童生日礼物3-4-5-6岁宝宝 4阶中国节日,￥55.00
丹米琦 儿童玩具汽车大冒险贯闯关轨道车停车场自动升降电梯大楼男孩礼物配6车+地图,￥139.00
汪汪队立大功（PAW PATROL）移动救援车儿童生日礼物男女孩玩具合金大型救援车-不含合金材质,￥499.00
Carrera卡雷拉轨道赛车First系列闪电麦昆儿童礼物玩具男孩礼物双人竞技遥控汽车轨道车20063011套装,￥299.00
百里霜指尖陀螺炫彩魔方解压玩具黑科技合金陀螺减压神器成人发泄玩具,￥35.90
虎式飞跃儿童玩具男孩工程轨道车汽车闯关大冒险火车停车场3-6岁生日礼物 【12只工程车+路标+石头】 矿场大闯关-电动工程轨道,￥168.00
乐能儿童玩具智能机器人互动早教启智生日礼物电动遥控3-8岁男孩女孩 升级版可编程儿童早教跳舞机器人,￥198.00
乐爱祥（LEAIXIANG）儿童玩具小小泥瓦匠盖房子diy积木塑料砖块男孩女孩3-6岁生日礼物,￥99.00
BANDAI万代奥特曼儿童男孩玩具生日礼物赛罗迷你豪华套装22223,￥229.00
盈佳天文望远镜儿童玩具男女孩专业观星高清科学实验套装生日礼物,￥298.00
宝乐星儿童玩具男孩工程车大号塔吊车弹射轨道停车场合金挖掘机带地图圣诞节礼物,￥129.00
,
皮皮豆 diy手工科技小制作自制电动明轮船小学生科学实验制作创意发明儿童steam六一儿童节礼物男孩女孩,￥21.80
奥智嘉儿童玩具汽车闯关大冒险赛车驾驶游戏机益智玩具男女孩3-6岁圣诞节礼物 蓝,￥139.00
奥智嘉儿童玩具男孩汽车闯关大冒险停车场轨道车恐龙盘山公路生日圣诞节礼物,￥139.00
恩贝家族玩具车儿童男孩合金警车仿真汽车模型滑行6只礼盒套装生日礼物,￥29.90
神童小子梅花积木3D立体雪花片儿童拼接玩具早教男孩女孩生日礼物300片,￥35.00
,
咖宝车神玩具买奇酷卡宝雄鹰霍克汽车金刚变形机器人男孩儿童礼物,￥79.00
乐高（LEGO）积木拼装60367客运飞机7岁+男孩儿童玩具生日礼物上新,￥899.00
奥智嘉抓娃娃机大号儿童玩具扭蛋夹娃娃机过家家玩具女男孩生日礼物小熊圣诞节礼物,￥249.00
宝乐星儿童玩具男孩惯性起吊车大号工程车挖机3-6岁男童可开门汽车圣诞节礼物,￥69.00
鑫思特软弹枪吸盘电动连发M249大啵萝仿轻机关枪加特林儿童男孩玩具枪手自一体满配吃鸡套装突击98K生日礼物,￥198.00
西下 俄罗斯方块3d立体积木拼图儿童益智玩具拼装互动七巧板桌面游戏手工木质男孩女孩宝宝六一节日礼物3-9岁,￥41.90
联合创想兼容乐高积木赛跑车拼装男孩成人高难度巨大型兰博基尼玩具礼物,￥218.00
变形金刚（TRANSFORMERS）儿童男孩玩具车模型手办机器人生日礼物传世加强级狼蛛勇士F7204,￥219.00
奥贝比（AOBEIBY）大颗粒积木儿童玩具拼装套装滚珠管道拼插轨道男孩女孩生日礼物,￥39.00
胖胖龙六一儿童节礼物科学实验套装儿童玩具5-14岁小学生化学小实验男孩,￥88.00
咖宝车神玩具重装归来金刚变形汽车玩具男孩儿童生日礼物买奇酷探警王弗龙,￥139.00
咖宝车神之拯救联盟玩具卡宝汽车金刚变形机器人男孩儿童礼物王牌车手,￥79.00
淘嘟嘟追光爬墙车儿童玩具遥控汽车上墙四驱赛车男孩3-10岁以上生日礼物,￥98.00
启蒙积木拼装玩具奥特曼机甲手办男孩生日礼物 赛罗无限闪耀形态75034,￥99.00
神马先生儿童玩具8-12岁男孩生日礼物10圣诞节礼物男童7-14女孩小学生男生 幽灵捕手【600闯关+教学模式】 华容道9女童十逻辑思维电子拼图,￥138.00
易简（yijan）超级电子华容道儿童玩具学生男孩女孩生日圣诞节礼物拼图思维机,￥129.00
鑫思特（XST） 儿童玩具大号消防车男孩仿真合金水炮车工程汽车警车3岁生日礼物,￥39.00
澳贝（auby）婴儿童玩具男女孩电子多功能学习桌学步助步车电子琴早教生日礼物,￥189.00
植物大战僵尸弹射玩具EA正版授权 男孩玩具植物僵尸机械鲨鱼boss生日礼物,￥39.00
,
DOUBLE E双鹰沃尔沃挖掘机儿童遥控车大号工程车 男孩玩具车生日礼物E568,￥329.00
宝乐星儿童玩具早教仿真复兴号火车车模声光双向行驶惯性工程车男孩圣诞节礼物,￥69.00
雅斯妮儿童玩具过家家医生玩具女孩男孩医药箱听诊器打针输液生日礼物粉,￥68.00
托宝战士（T0B0T）兄弟星烈号三合体银河侦探金刚变形玩具男孩汽车儿童生日礼物,￥248.00
淘嘟嘟（Taodudu）儿童玩具赛车汽车闯关大冒险方向盘模拟驾驶游戏男孩宝宝生日礼物,￥108.00
福孩儿数独棋盘四六九宫格儿童益智玩具男孩女幼儿园小学生桌游戏5-10岁,￥58.00
益米儿童淘金沙玩具考古宝石挖掘宝藏矿石男孩女孩2-4-6岁生日礼物,￥63.00
乐高（LEGO）积木得宝DUPLO 10993  3合1创意树屋3岁+大颗粒儿童玩具生日礼物,￥579.00
凯乐斯（KAILESI）金色46cm四驱合金六轮攀爬遥控越野车电动赛车模型儿童玩具汽车,￥229.00
BANDAI万代奥特曼儿童玩具男孩生日礼物豪华可动人偶特利迦强力21925,￥149.00
,
汇乐玩具儿童触摸点读地球仪婴幼儿男女孩玩具早教宝宝生日周岁礼物3-6岁,￥399.00
植物大战僵尸儿童生日礼物男孩变形玩具拼装植物大战僵尸机器人 西瓜投手座驾,￥39.00
,
灵动创想男孩女孩儿童玩具变形生日礼物宇宙英雄奥特之力捷德奥特曼,￥59.00
,
布鲁可积木变形金刚超越版可发光拼装积木人擎天柱男孩儿童玩具生日礼物 擎天柱,￥79.00
展高（JUMPGO）迷你特工队玩具超威能量变形机甲玩具男孩礼物五合体雷霆王8404,￥499.00
三宝【2023秋季新品】百变战陀超变战陀5男孩女孩陀螺对战玩具动画 【经典】御风神凰丨合金陀螺,￥59.00
,
Hape儿童早教宝宝火车轨道玩具多功能套装男孩女孩节日礼物 E3730,￥628.00
咖宝车神卡宝男孩玩具摇摆车王买奇酷闪变金刚变形玩具男孩儿童生日礼物,￥109.00
京达玩具儿童遥控汽车悍马越野警车模（1：10）超大玩具模型男孩生日礼物,￥259.00
乐加酷【大号感应版】泽塔升华器奥特曼变声变身器儿童男孩生日礼物 泽塔变身器+36勋章+5卡片+收纳盒,￥95.00
卡尔贝比尤克里里儿童小吉他玩具女孩男孩初学者迷你版乐器提琴仿真可弹奏,￥31.90
盟卡车神玩具萌卡魔幻元珠机神变形汽车磁吸男孩玩具儿童礼物MB001,￥59.00
聚乐宝贝解压按按乐儿童闯关速推游戏机思维训练打地鼠玩具男孩女8一12岁,￥39.90
迪漫奇青蛙吃豆豆玩具 儿童早教思维训练玩具 桌面亲子多人互动游戏 创意玩具 双人对战男孩女孩生日礼物,￥49.00
三宝【2023秋季新品】百变战陀超变战陀5男孩女孩陀螺对战玩具动画 【升级】破岚巨神丨合金陀螺,￥89.00
,
诺巴曼 无人机高清专业航拍遥控飞机儿童玩具男孩无人飞机航模生日礼物,￥199.00
迷你特工队第五季超威能量巨鲨机甲鲨鱼战车福乐变形玩具组合小男孩生日礼物,￥79.00
BANDAI代奥特曼儿童玩具男孩生日礼物豪华版怪兽系列终极贝利亚96590,￥349.00
冠巢儿童玩具小汽车大冒险闯关玩具车停车场套装男孩女孩生日礼物,￥36.00
,
乐高（LEGO）积木得宝DUPLO10975世界野生动物2岁+大颗粒儿童玩具生日礼物,￥879.00
鑫思特可升降叉车玩具儿童仿真工程车装卸载货惯性搬运输车男孩声光滑行大号小汽车模型3-6岁生日礼物,￥59.00
鑫思特 超大号翻斗车玩具车工程大货车儿童大型东风拉货打气升降声光惯性运输卡车模型汽车男孩3-4-6岁生日礼物,￥108.00
京达玩具儿童遥控恐龙玩具电动仿真霸王龙侏罗纪机器人男孩玩具生日礼物,￥139.00
恩贝家族玩具车儿童男孩两节合金高铁汽车模型仿真复兴号宝宝3岁生日礼物,￥79.00
托宝战士（T0B0T）七炫机甲王七合体汽车金刚变形玩具男孩儿童节礼物礼盒声光款,￥314.00
IMVE过家家玩具彩泥冰淇淋机儿童橡皮泥手工DIY模具男孩女孩生日礼物,￥95.00
聚乐宝贝汽车闯关大冒险儿童方向盘玩具仿真驾驶模拟器开车游戏机玩具男孩,￥119.00
雅瑞乐儿童玩具车工程车挖掘机小汽车玩具男孩3-11岁生日礼物套装,￥79.00
赟娅钢铁侠电动连发发射器玩具男孩手套可穿戴手臂射击水弹情人节礼物 【3万水弹】面具+钢铁机械手臂,￥158.00
恩贝家族玩具车儿童男孩大号合金六轮悍马越野仿真警车汽车模型生日礼物,￥69.00
幻模嘉高难度巨大型兼容乐高火箭飞船中国航天积木成人拼装军事模型儿童玩具6-12岁男孩7-14岁生日圣诞节礼物,￥199.00
启蒙（ENLIGHTEN）兼容乐高QQ飞车悟空玩具拼装积木儿童赛车跑车机甲模型男孩礼物 【机甲套装】孙悟空,￥99.00
宝乐星儿童玩具男孩大号声光音乐电动滑梯轨道收纳火车头玩具车带合金小火车红绿灯模型套装 生日圣诞节礼物,￥179.00
乐高（LEGO）积木拼装超级英雄76249毒液化格鲁特10岁+儿童玩具生日礼物,￥499.00
奥迪双钻（AULDEY）超级飞侠儿童玩具迷你变形团队套装5只装男孩女孩生日礼物730096,￥129.00
芷彧奥特曼头套迪迦高配版赛罗触摸发光头盔模型头套儿童男孩生日礼物 触摸开关（头镖可拆卸）赛罗头盔,￥68.00
乐蓓富仿真动物模型玩具套装男孩农场野生儿童动物园世界生日礼物3-6岁,￥149.00
咖宝车神玩具重装归来金刚变形买奇酷卡车儿童生日礼物男孩暴风重装卫士,￥269.00
乐高（LEGO）积木拼装10791蜘蛛侠战队移动总部4岁+男孩女孩儿童玩具生日礼物,￥449.00
伟易达（Vtech）早教机 4合1点触学习桌 英语点读学习机儿童玩具男孩女孩生日礼物,￥619.00
卡卡鸭正版咖宝车神变形汽车玩具机器人金刚王牌车手合体蛋神男孩警车,￥99.00
,
沃知儿童桌面足球机游戏桌上玩具男孩亲子互动8-12岁小学生生日礼物,￥99.00
俏皮谷cada太阳系积木拼装玩具套装三行星地球仪模型STEAM科学实验小学生男女孩生日节日礼物,￥179.00
奥迪双钻巨神战击队4变形机器人轨道先锋合体玩具变身豪华版男孩生日礼物 5合体-焱凤+碧甲+裂虎+辕龙+风雷,￥259.00
展高迷你特工队玩具机甲变形机器人金刚汽车小男孩玩具儿童礼物S1特工弗特8831,￥179.00
咖宝车神玩具重装归来变形玩具车特警王先知机甲儿童玩具礼物男孩买奇酷,￥139.00
皇室（Toyroyal）过家家玩具儿童玩具超市便利店男孩女孩生日礼物套装,￥281.60
EAKI心奇爆龙战车3男孩女孩玩具暴龙战车陀螺战车礼物 N-TLE,￥192.00
,
魔法汇（MOFAHUI）儿童魔术道具礼盒生日礼物男孩女孩魔法米奇系列魔法套装小学生,￥188.00
乐高（LEGO）积木拼装超级英雄76226蜘蛛侠人偶8岁+男孩女孩玩具漫威生日礼物,￥219.00
尚韵积木拼装儿童玩具男孩中国航天火箭玩具模型立体拼插8-12岁,￥79.00
宝乐星儿童玩具男孩消防车双层运输拖车工程车汽车模型益智玩具生日圣诞节礼物,￥119.00
菲迪雅【3把】萝卜金刚狼爪 可伸缩玩具礼物创意整蛊萝卜金刚狼男孩礼物 金刚狼橙绿【1把】,￥5.80
卡威（KIV）大号合金平板拖车玩具工程车套装双层汽车运输车儿童卡车货车男孩 工程运输车,￥78.00
若客（ROKR） 拼装玩具车模型 儿童立体积木拼图男孩生日礼物,￥69.00
乐高（LEGO）积木幻影忍者71789凯与拉斯汽车摩托大战4岁+男孩玩具生日礼物,￥199.00
启蒙积木儿童拼装玩具变形机器人机甲男孩生日礼物 修罗战神1414,￥68.00
,
咖宝车神玩具拯救联盟金刚变形玩具汽车机器人男孩儿童礼物邦格特工,￥79.00
PALULA BUFFY儿童玩具人工智能机器人男生遥控编程玩具3-4-5-6岁以上生日礼物 【中文交流】智能陪伴- 宝石蓝,￥1499.00
麦儿飞乐变脸娃娃川剧变脸玩偶京剧变脸玩具熊猫男孩女孩生日节日礼物 功夫变脸熊猫-黑色【可变4脸】,￥39.90
乐加酷【大号31CM】感应版升华器奥特曼变身器组合套装卡片儿童男孩玩具 泽塔变身器+6勋章+5卡片,￥58.00
酷乐堡兼容乐高积木玩具拼装空投箱大礼包儿童小颗粒拼插一整箱礼物盲盒 空投箱升级加量25件男孩款,￥85.77
鑫思特儿童大号垃圾车玩具垃圾分类桶环卫车清洁车模型男孩声光惯性运输生日礼物,￥108.00
JJR/C变形车遥控汽车机器人男孩儿童玩具车rc遥控车小孩赛车生日礼物,￥119.00
麦趣星球儿童考古挖掘盲盒宝藏宝石寻宝钻石宝藏大发现男孩女孩steam玩具,￥58.00
科学罐头（Science  can）显微望远镜儿童玩具学生科学实验男女孩早教启蒙玩具生日节日礼物,￥229.90
启蒙积木奥特曼对战迪迦拼装玩具男孩礼物 奥特英雄积木人对决75103,￥159.00
蓝宝贝智能口算练习机早教玩具口算宝计算器儿童玩具男孩女孩生日礼物蓝,￥35.00
植物大战僵尸生日礼物植物大战僵尸积木授权拼装男孩玩具 未来世界场景套装,￥48.50
维尼小象兔子陷阱龟兔赛跑四代儿童兔子棋跳棋亲子互动玩具男孩桌游游戏,￥29.80
星涯优品 儿童玩具积木桌大颗粒多功能玩具男孩女孩可增高学习游戏餐桌子,￥139.00
灵动宝宝儿童玩具摇摆鸭子电动磁力小鸭宝宝学爬男女孩0-3-6岁生日礼物,￥106.00
凯卡西30辆合金车小汽车模型回力车追光者男孩玩具儿童生日礼物盒,￥319.00
乐高（LEGO）积木拼装机械组42162布加迪Bolide蓝9岁+男孩儿童玩具生日礼物,￥459.00
乐高（LEGO）积木拼装星球大战75361蜘蛛坦克9岁+男孩儿童玩具生日礼物,￥499.00
爸爸妈妈射击打弹珠球弹珠游戏机3-6岁大型儿童益智玩具男孩女孩生日礼物,￥129.00
RASTAR星辉 迈凯伦F1方程式赛车1:18遥控汽车模型男孩玩具 93300,￥109.00
马丁兄弟 儿童玩具球魔幻飞碟变形踩踩球发光球弹力球飞盘减压发泄球亲子户外运动球类玩具男孩女孩 生日礼物,￥19.90
JJR/C水陆两栖四驱越野rc赛车遥控车高速汽车儿童玩具男孩车生日礼物,￥188.00
森宝积木儿童拼装玩具积木男孩礼物工程中联重科系列mini推土车705102,￥37.00
启蒙积木儿童拼装玩具变形机器人机甲男孩生日礼物 幻影战警41104,￥68.00
,
联合创想兼容乐高兰博基尼积木拼装男孩玩具遥控跑车高难度巨大型生日礼物 黑武士兰博基尼【静态版】,￥118.00
布鲁可变形金刚潮玩小颗粒可发光积木手办男孩生日礼物 9+ 超越版【全套五款】,￥319.00
灵动创想 列车超人男孩玩具动车模型手办火车高铁机器人金刚生日圣诞礼物 单体变形CT6857-和谐号CRH380D,￥69.00
正钦兼容乐高植物大战僵尸系列积木全套恐龙积木2-16岁积木男孩玩具 农场大作战【精美彩盒】,￥89.00
尚韵 天安门积木拼装儿童玩具男孩女孩微颗粒diy立体拼插模型新年礼物,￥108.00
诺巴曼儿童玩具车男孩四驱越野rc遥控车汽车灯光喷雾概念车赛车生日礼物,￥188.00
计客超级积木电子拼图逻辑思维机智能儿童玩具男孩女孩生日礼物小学生,￥269.00
托宝战士（T0B0T）星雷号二合体银河侦探金刚变形玩具汽车男孩儿童生日礼物,￥187.70
BANDAI万代奥特曼儿童玩具男孩生日礼物发光可动泽塔德尔塔天爪39804,￥99.00
MAILE KID【蜘蛛人20个装】儿童怀旧玩具翻跳小人解压爬墙蜘蛛侠男孩礼物,￥12.90
绿简堂中国积木奥特曼钢铁侠蜘蛛侠人仔积木书拼装小人男孩儿童玩具 红色-奥特曼积木书 24只随机奥特曼,￥98.60
,
爸爸妈妈悬挂式乒乓球训练器儿童玩具运动器材亲子互动3-6岁玩具男孩女孩,￥29.90
MKBIBI小奶龙捏捏乐解压玩具不服气慢回弹减压儿童玩具男孩女孩小礼物,￥39.90
灵动创想男孩儿童玩具拼装变形装甲人偶手办生日礼物 奥特机甲赛罗奥特曼,￥69.00
,
"爱心东东	
优达信（YOUDAXIN）体感遥控格斗对战对打拳击玩具智能机器人双人亲子男孩生日礼物 机器人对战套装【两只装】",￥238.00
泰芬乐儿童百变校巴卡通变形玩具汽车模型男孩772六合一生日礼物,￥89.00
,
托宝战士（T0B0T）银河星战王六合体银河侦探金刚变形玩具男孩动画儿童生日礼物,￥399.00
菲贝 拧螺丝工具箱玩具男孩维修diy拆卸拼装收纳套装过家家3-6岁7-10-13生日儿童玩具女孩生日礼物,￥98.00
奥智嘉儿童玩具扭蛋机盲盒超人变形侠过家家娃娃机DIY拆装机器人桌面摆件创意潮玩玩具男孩生日圣诞节礼物,￥79.00
,
尚韵儿童玩具沙画箱10岁小女孩生日礼物7-14岁学生沙画台男孩画画套装,￥158.00
丹米琦儿童玩具男孩二合一正版激光剑伸缩七彩星球大战原力光剑 黑+银,￥39.00
苏索力（soopsori）韩国苏索力soopsori积木原木玩具木制男孩1-2岁3周岁宝宝儿童礼品 原木积木50粒(带木盒可刻字),￥488.00
TaTanice蜘蛛丝发射器玩具儿童手腕吸盘软弹吐丝手套男孩装扮道具生日礼物,￥15.90
奥贝比（AOBEIBY）儿童玩具男孩惯性军事坦克车模型仿真3-6岁生日礼物8856G,￥39.00
,
酷火儿童玩具男孩生日礼物男童益智玩具8-12岁小学生6-10-15男生小孩,￥99.00
龙战士星源刀剑套装【飞虹+流云】金刚变形玩具星元男孩动画儿童生日礼物,￥148.00
宝乐星儿童玩具男孩环卫车带垃圾桶变形弹射轨道停车场合金挖掘机工程车圣诞节礼物,￥129.00
迷你特工队之兽王力量第四季玩具狂狮战警变形玩具组合弗特赛米狮子战甲福乐漫记男孩礼物+804201,￥99.00
,
弥鹿（MiDeer）儿童魔术道具礼盒套装生日男孩女孩礼物创意减压玩具-低阶款,￥148.00
淘嘟嘟（Taodudu）抓娃娃机大号过家家用扭蛋夹公仔机迷你小型儿童玩具男孩生日礼物,￥88.00
启蒙奥特曼欧布变身器积木儿童玩具六一儿童节礼物男孩 欧布圣剑75021,￥119.00
狂野骑士大黄蜂智能遥控机器人儿童玩具小孩婴幼儿编程特技早教3-6-10岁男孩女孩生日礼物变形金刚正版授权,￥159.00
qdrone For the Good Moments遥控汽车儿童玩具男孩越野遥控车攀爬车充电四驱六一儿童节礼物 炫灯合金红【四驱+90分钟续航】,￥49.00
展高（JUMPGO）迷你特工队X玩具变形特工X装备S1声光枪剑儿童男孩儿童礼物,￥69.00
,
皇室（Toyroyal）儿童玩具医生过家家玩具套装听诊器男孩女孩生日礼物TR1823,￥79.00
过凡（GUOFAN）儿童玩具男孩非合金工程车挖掘机挖土机玩具车汽车模型生日礼物,￥119.00
Hape(德国)儿童拼图玩具乐游中国地图拼图男孩女孩生日节日礼物E8393,￥159.00
,
babycare消防站汽车闯关大冒险儿童爬楼轨道玩具3岁男女孩宝宝生日礼物,￥169.00
尚韵儿童歼20战斗机积木拼装玩具男孩高难度军事飞机拼图模型生日礼物,￥125.10
奥智嘉儿童玩具男孩汽车大冒险闯关升级喷雾火山恐龙盘山轨道车停车场圣诞节礼物,￥199.00
菲贝（feibei）儿童玩具男孩城市交通拼图轨道车拼装电动小汽车拼图礼物1-3-6岁,￥68.00
乐高（LEGO）积木拼装 60395 百变改装赛车 6岁+男孩儿童玩具生日礼物,￥269.00
JJR/C 遥控挖掘机挖机遥控车儿童玩具挖土机小孩遥控汽车男孩生日礼物,￥168.00
迪漫奇儿童玩具早教声光电动特技摩托模型三轮车可旋转灯光音乐会唱歌跳舞0-3岁新生儿抬头训练周岁生日礼物,￥49.00
沃知儿童玩具男孩桌游青蛙吃豆亲子互动桌面游戏疯狂贪吃豆豆玩具,￥49.00
,
灵动创想男孩女孩恐龙玩具儿童生日礼物 帮帮龙迷你变形9只套装送礼礼盒,￥199.00
,
得力（deli）科学实验套装趣味综合实验学生儿童生日礼物男孩女孩玩具 74392,￥129.00
梦多福2岁男孩玩具圣诞节礼物儿童拆装工程车拧螺丝生日礼物挖掘机男童,￥129.00
恩贝家族儿童合金工程玩具车男孩挖掘机大号仿真挖土机汽车模型生日礼物,￥29.00
迷你特工队超威能量龙王机甲套装变形玩具三角龙剑龙霸王龙战车组合男孩礼物,￥79.00
JJR/C 39CM越野车六驱遥控车儿童玩具车小孩遥控汽车赛车男孩生日礼物,￥195.00
蚁钡马桶人和监控人的玩具泰坦音响人电视人模型玩偶男孩拼装积木 【组合一】款马桶人12件套,￥61.00
菲贝 桌面陀螺玩具对战发射盘桌游多人竞技亲子互动玩具男孩女孩3-6岁7-13-14生日礼物,￥38.00
,
babycare玩具枪儿童手枪声光枪男孩发光玩具变形仿真玩具宝宝礼物,￥69.00
灵动创想（LDCX）魔幻陀螺X奥特曼变身器男孩儿童礼物欧布圣剑剑型陀螺玩具发射器,￥179.00
,
活石（LIVING STONES）儿童玩具男孩3-4-5-6岁拼拆装恐龙五合体变形磁吸机器人生日礼物 五合一拆装工程恐龙模型+收纳箱,￥74.20
启蒙qq飞车孙悟空积木拼装模型赛车机甲儿童玩具男孩 御皇铠甲74024,￥99.00
尚韵积木拼装儿童玩具男孩航空母舰军事积木玩具立体拼插模型8-12岁,￥88.00
梦多福磁悬浮地球仪儿童玩具6-10岁男孩生日礼物圣诞节女孩7-12岁小学生 【天猫精灵】智能AI+早教机+夜灯,￥258.00
迷你特工队第五季超威狼鹰机甲野狼猎鹰战车变形玩具战甲合体套装小男孩礼物,￥79.00
星涯优品儿童积木玩具小颗粒积木拼装拼插军事模型男孩6-7-8-10岁生日礼物,￥79.00
益米儿童玩具遥控挖掘挖土机工程车电动挖机模型男孩3-6岁生日礼物,￥67.90
德馨玩具变形联盟3代金刚合体机器人普力士汽车手办男孩儿童变形玩具礼物 变形联盟2-五合体超变战神,￥299.00
灵动宝宝儿童玩具飞机坦克合金轨道车模型航空导弹发射男孩3-6岁生日礼物,￥111.00
得力（deli）28合一棋五子棋飞行棋跳棋围棋多功能棋男女孩生日礼物玩具YW107,￥124.00
京达玩具儿童遥控汽车变形四驱攀爬扭变电动赛车模型玩具男孩生日礼物,￥118.00
伟易达（Vtech）儿童玩具神奇轨道车 声光拯救消防局 手动消防车1-5岁男孩礼物,￥279.00
马博士 儿童早教教具玩具男孩女孩宝宝桌面9合1玩具婴儿拼图积木钓鱼数字配对 生日礼物,￥78.00
盈佳智能机器狗儿童玩具男孩女孩生日礼物小孩婴幼儿编程早教机器人,￥168.00
宝贝趣 磁力版数字华容道7*7儿童玩具男孩女孩生日礼物送教程,￥49.80
布鲁奇磁力棒儿童玩具男孩女孩早教积木拼插磁力片大颗粒3-6岁生日礼物7,￥69.00
"爱心东东	
活石弹珠游戏机儿童玩具男孩射击女孩生日礼物3-6-7-14岁 萌熊蓝【屏显+彩色礼盒+30彩珠】",￥78.00
马丁兄弟（Martin brother） 儿童弹射飞机玩具飞机枪手抛掷泡沫飞机滑翔机户外玩具男孩,￥19.80
乐高（LEGO）积木悟空小侠80033六耳猕猴赤影机甲8岁+男孩儿童玩具生日礼物,￥529.00
福孩儿27合1飞行棋五子棋跳棋类桌游儿童益智玩具男孩女孩小学生日礼物,￥99.00
咖宝车神重工战队买奇酷工程车变形合体汽车玩具机器人男孩儿童礼物-咖宝变形召唤手表 HCK-101W,￥48.00
植物大战僵尸儿童生日礼物正版授权变形合体玩具机器人男女孩 僵尸鸡守护者,￥55.80
TaTanice木质橡皮筋枪儿童玩具枪拼装模型AK可发射吃鸡玩具男孩生日礼物,￥47.90
菲贝 合金车炫酷赛车弹射摩托车仿真模型三合一对战汽车玩具男孩3男童5-6-7-8-10-12岁儿童玩具生日礼物,￥55.30
,
弥鹿（MiDeer）儿童玩具仿真动物模型霸王龙翼龙男孩恐龙大套装-24只装,￥239.00
奥迪双钻（AULDEY）超级飞侠玩具场景系列玩具男孩女孩儿童节日生日礼物 超级基地声光豪华套装 740810,￥199.00
万火星空投影灯儿童玩具男孩6-10岁小学生生日礼物男童玩具8-12投影仪,￥79.00
买奇酷盟卡车神魔幻元珠变形玩具男孩生日礼物怒海玄鲨MB2004,￥59.00
玩转天下 爬墙蜘蛛人粘性小人蜘蛛侠儿童解压神器男孩玩具 【20个特惠装】,￥13.00
优达信（YOUDAXIN）体感遥控格斗对战对打拳击玩具遥控智能机器人智能亲子男孩礼物 对战套装(两只装),￥238.00
迪漫奇婴儿电动爬娃玩具趣味宝宝婴幼儿学爬早教声光音乐启萌爬行跳舞男孩女孩0-1岁4-6月新生儿小孩抬头训练,￥89.00
京达玩具遥控智能机器人玩具可编程讲故事会跳舞唱歌玩具男孩儿童生日礼物,￥178.00
乐亲（Lechin）蛋宝乐儿童拼装枪男孩玩具枪声效磁力百变模型9001B,￥299.00
炜晟新SHF布莱泽奥特曼赛罗泽塔全身多关节超可动男孩玩具人 格丽乔 17cm超可动【礼盒装】,￥51.31
赟娅流浪地球运兵车玩具男孩积木成人高难度巨大拼装模型儿童生日礼物 中型运兵车811pcs,￥118.00
泰芬乐儿童奥特曼超人存钱罐过家家玩具男孩储蓄储钱罐大容量可存可取3-4-5-6岁7-14男童生日圣诞节礼物,￥49.00
HapeSTEAM玩具夸得瑞拉旋风小子滚珠木质拼搭拼插男孩节日礼物E6021,￥299.00
哲高夜光恐龙积木朱罗纪世界霸王龙儿童生日礼物拼装男孩玩具乐高兼容 冰霜巨龙韦赛利昂1186颗粒,￥119.00
Smart Games爱思极 围追堵截 7岁-成人 儿童玩具桌游男孩空间思维锻炼,￥219.00
星涯优品儿童玩具成人积木汽车拼装赛车兰博基尼模型兼容乐高男孩生日礼物,￥119.00
泰芬乐儿童玩具汽车大号宝马X6警车模型合金声光仿真回力男孩生日礼物,￥49.90
托宝战士（T0B0T）金刚变形汽车口袋玩具男孩儿童礼物生日礼盒亚路迷你版,￥49.00
乐高（LEGO）积木超级英雄76217我是格鲁特10岁+男孩女孩儿童玩具漫威生日礼物,￥399.00
数字变形 儿童变形玩具男孩合体机器人 数字变形机器人 10个数字+5个符号,￥79.00
植物大战僵尸卡片玩具2收藏卡册随机一本卡牌儿童玩具男孩女孩小孩生日礼物,￥26.00
BANDAI万代奥特曼儿童玩具男孩礼物奥特超可动 布莱泽奥特曼97372,￥149.00
诺巴曼儿童恐龙对讲机传呼机小型亲子互动无线电话玩具男孩女孩生日礼物,￥79.00
DOUBLE E双鹰手动滑行喷水消防车玩具车 女孩男孩儿童生日礼物玩具车E227,￥109.00
乐爱祥（LEAIXIANG）儿童积木航空母舰拼装兼容乐高玩具7-14岁军事积木男女孩拼插模型,￥99.00
变形金刚（TRANSFORMERS）儿童男孩玩具车模型手办生日礼物传世核心级弹爆F7540,￥99.00
EAKI心奇爆龙战车X2龙装战甲新奇暴龙变形机器人恐龙汽车儿童玩具男孩,￥39.00
咖宝车神重装归来神力铁人买奇酷金刚变形机甲坦克玩具儿童生日礼物男孩,￥269.00
乐高（LEGO）积木机械组42145空客H175救援直升机11岁+男孩儿童玩具生日礼物,￥1549.00
奥迪双钻（AULDEY）超级飞侠恐龙儿童玩具声光喷雾大壮男孩女孩玩具生日礼物760437,￥199.00
灵动创想奥特英雄组装第2二弹赛罗贝利亚披风玩具男孩拼装奥特曼人偶玩偶 2弹【赛罗】带披风,￥17.90
三宝超变战陀2爆甲战陀螺玩具赤炎龙骑升级版合金男孩生日节日礼物,￥80.00
风火轮（HOT WHEELS）轨道儿童礼物玩具男孩玩具-城市主题系列饥饿鲨鱼运输车 GVG36,￥139.00
贝比童话 黑钻版铁盒收藏卡册套装 奥特曼卡片卡册  泽塔XR卡GP满星卡牌收集卡砖儿童玩具男孩女孩生日礼物,￥109.90
,
亲巴贝玩具枪抛壳软弹抢合金属尼龙可发射仿手炝真儿童成人男孩生日礼物,￥129.00
咖宝车神玩具重甲泰山买奇酷金刚变形男孩重工战队儿童礼物双重变形合体,￥299.00
多美（TAKARA TOMY）多美卡变形汽车大楼合金小汽车电动轨道停车场儿童男孩玩具166160,￥429.00
展高迷你特工队玩具恐龙力量炫龙提拉卡金刚变形玩具男孩机甲儿童礼物,￥79.00
凯迪威 工程汽车模型 1:87铰接式自卸运输装卸卡车原厂仿真汽车儿童玩具 男孩,￥33.00
龙宝小英雄恐龙玩具霸王龙丁丁警车变形汽车机甲玩具男孩恐龙公仔儿童礼物,￥99.00
尚韵儿童玩具枪8-12软弹枪抛壳可发射突击步抢男孩六一儿童节礼物,￥63.80
托宝战士（T0B0T）银河侦探复兴动力银河侦探金刚变形玩具男孩生日礼物儿童7621,￥89.00
托宝战士（T0B0T）银河侦探骇浪狂鲨金刚变形玩具男孩机器人儿童二合体生日礼物,￥187.00
赟娅兼容乐高马桶人vs监控人的玩具积木铂金版泰坦时钟人手办怪物男孩 【时钟王】395PCS,￥118.00
奥迪双钻（AULDEY）超级飞侠儿童玩具超能装备陀螺车乐迪男孩女孩玩具生日礼物770310,￥79.00
Dwi迷你无人机儿童遥控飞机微型航拍小型四轴飞行器男孩玩具小学生mi 定高悬停-蓝白+便携包,￥82.00
麦儿飞乐大号奥特曼泽塔升华器变身器儿童玩具小男孩六一儿童节生日礼物,￥119.00
,
乐爱祥儿童玩具桌面足球亲子互动游戏桌男孩8-12岁女孩生日礼物,￥72.00
托马斯&朋友 （THOMAS&FRIENDS）(随机款式1辆)儿童男孩玩具轨道系列之中型合金小火车HFX91,￥35.00
狂野骑士儿童玩具枪可发射软弹枪格洛克玩具枪吃鸡弹夹手动上膛下供弹仓豪华配置男孩男童6-10岁生日礼物红色,￥33.90
鑫思特（XST）儿童过家家厨房玩具做饭炒菜语音电磁炉套装男女孩3-6岁生日礼物,￥89.00
BANDAI万代奥特曼儿童玩具男孩生日礼物迷你捷德升华器08165,￥129.00
TOI儿童故事拼图玩具幼儿早教木质拼图拼板男孩玩具女孩生日礼物2-3-4-5-6岁 80片世界地图,￥79.80
植物大战僵尸儿童生日礼物儿童男孩变形玩具合体授权机器人 机甲橄榄球战车,￥55.80
梦多福磁悬浮地球仪儿童玩具6-10岁男孩生日礼物圣诞节女孩7-12岁小学生 3英寸蓝-悬浮自转发光+精美礼盒,￥75.00
"爱心东东	
植物大战僵尸玩具儿童游戏场景可发射豌豆炮弹模型全套男孩生节日礼物 七仓【10件套】8植物+2僵尸",￥61.00
买奇酷盟卡车神之魔幻元珠变形汽车巨兽男孩玩具礼物儿童战锤金刚,￥59.00
奇妙萌可玩具镜盒套装礼盒爱心梦珂唱唱正正勇气萌可男孩女孩玩具儿童生日礼物-皇室萌可收集套装+601304,￥199.00
灵动创想可动发光发声人偶男孩女孩儿童玩具生日礼物 必杀捷德奥特曼,￥79.00
,
育儿宝（YuErBao）儿童玩具狗毛绒电动小狗仿真动物会走会叫男孩女孩宝宝生日礼物,￥80.60
皮皮豆 diy抖音3D全息投影裸眼立体投影仪儿童手工科技小制作科学小实验套装趣味生日六一儿童节礼物男孩女孩,￥18.80
奥贝比（AOBEIBY）大颗粒积木儿童玩具拼装套装滚珠管道拼插轨道男孩女孩生日礼物,￥99.00
翊玄玩具 99A主战坦克儿童玩具国产军事模型合金仿真装甲导弹车模男孩礼物,￥68.00
乐乐兄弟兼容乐高拼装积木玩具军事航天飞机系列积木模型男孩儿童拼图礼物 航天火箭【基础版】130颗粒,￥5.60
弥鹿（MiDeer）儿童拼图玩具宝宝幼儿早教进阶纸质大块拼图男孩女孩礼物3.5-4岁 4阶-恐龙认知,￥54.00
布鲁可英雄无限积木人积木拼插玩具可动小颗粒公仔孙悟空男孩儿童玩具 战斗服赵云,￥39.00
玩转天下 龙珠抽抽乐弹力球儿童男孩弹弹球童年怀旧玩具儿童节生日礼物,￥48.00
爱比鹿儿童玩具车大号耐摔警车救护车飞机礼盒套装3-11岁男孩生日礼物,￥89.00
咖宝车神蛋神基地套装一摔变形男孩儿童玩具生日礼物-泰拉轰（含3款蛋神）,￥189.00
植物大战僵尸儿童生日礼物男孩玩具植物大战僵尸变形玩具机器人 沙漠破坏者,￥55.80
谷雨游戏桌婴儿玩具0-1岁2岁幼儿宝宝智益早教动车学习桌男孩女孩礼物 谷雨多功能游戏桌【充电套装】,￥178.00
展高金刚变形玩具机器人汽车迷你特工队X机甲弗特儿童男孩礼物,￥129.00
弘可天然榉木孔明锁鲁班锁9件套儿童智力玩具男孩益6-12岁生日礼物,￥59.80
"爱心东东	
乐智由我孔明锁鲁班锁九件套装解锁儿童智力玩具男孩女孩6岁以上",￥58.00
托宝战士（T0B0T）星电号二合体银河侦探金刚变形玩具汽车男孩儿童生日礼物,￥199.00
qdrone For the Good Moments儿童玩具男孩生日礼物合金小汽车消防挖掘机工程垃圾车3-6岁玩具 【纯跑车+镭射礼盒】-52只装 发射子弹 变换车轮,￥289.00
渥驰兼容乐高兰博基尼跑车积木成人高难度巨大型拼装插搭男孩玩具礼物 兰博基尼-赛博朋克【静态版】,￥49.90
贝比童话 美式可升降装卸叉车 玩具汽车搬货车儿童工程车模型男孩生日礼物 叉车,￥85.00
爸爸妈妈儿童做饭迷你厨房真煮套装玩具真做可以做饭炒菜锅具男孩女孩礼物,￥149.00
宇星模王积木拼装兼容乐高机械组儿童男孩生日礼物编程履带汽车玩具 8岁+,￥158.00
正钦钢铁侠积木反浩克机甲复仇者联盟拼装玩具生日兼容乐高积木男孩 半机械复仇者【1876颗粒】,￥159.00
尚韵积木拼装儿童玩具男孩小颗粒黄鹤楼建筑模型立体拼插女孩生日礼物,￥95.90
尚韵儿童玩具小小泥瓦匠盖房子diy手工积木砖块砌墙男女孩岁生日礼物,￥98.00
奥迪双钻（AULDEY）儿童玩具男孩女孩玩具车反反车变形车龙卷风轨道桶7只装463883,￥119.00
灵动创想（LDCX）儿童男孩玩具小学生生日礼物变形电子表 奥特机甲手表赛罗奥特曼,￥39.00
,
哇科多儿童玩具车四驱越野惯性回力车小汽车玩具男孩女孩模型车可翻滚扭转宝宝生日圣诞节新年礼物,￥35.00
阿尔法蛋编程机器人积木儿童电动steam玩具狗拼装智能男孩生日礼物机甲GT,￥366.00
迷你特工队超威能量龙王机甲3合1霸王龙三角剑龙变形玩具套装男孩礼物ZG8403,￥299.00
贝爵（BEIJUE）儿童电动挖掘机可坐可骑人挖土机遥控工程车玩具男孩六一节礼物 卡通【推杆可转向+电动挖臂】,￥248.00
吴氏物语创意儿童玩具回旋飞行球6-8岁男孩圣诞节礼物送小孩10岁男童12岁 魔术球-回旋飞行球【标配】 新奇特黑科技回旋飞行玩具,￥97.00
奥智嘉儿童玩具男孩3合1恐龙盘山公路闯关汽车大冒险3层停车场轨道车圣诞节礼物,￥389.00
酷火awm狙突击步抢玩具枪8-12岁儿童玩具男孩6-10岁抛壳软弹枪手枪,￥79.00
乐高（LEGO）积木拼装 60320 消防局紧急行动 6岁+男孩儿童玩具生日礼物,￥419.00
乐高（LEGO）积木拼装 60350 月球研究基地 7岁+男孩儿童玩具生日礼物,￥729.00
奥智嘉儿童玩具男孩正版珀利POLI遥控汽车扭变翻斗特技四驱赛车生日圣诞节礼物,￥79.00
鑫思特 儿童过家家厨房玩具语音电磁炉烹饪小女孩做饭宝宝仿真厨具套装男孩煮饭切乐炒菜火锅生日礼物,￥79.00
XINLEXIN生日礼物男孩玩具积木航天飞机五合一合体变形机器人 航天变形,￥218.00
乐高（LEGO）积木机械组42153新雪佛兰科迈罗 9岁+男孩儿童玩具赛车生日礼物,￥449.00
宝乐星儿童玩具车模合金小汽车仿真模型玩具男孩3-6岁汽车50只装礼盒圣诞节礼物,￥269.00
"爱心东东	
咖宝车神之拯救联盟变形汽车机器人金刚搭配1-6名小将男孩儿童玩具礼物 灭火大师-拯救联盟【新品】",￥269.00
途象 多功能双面画板磁性拼图3-4-6岁儿童男孩女孩动物拼拼乐早教玩具,￥32.00
麦格萌（MAIGEMENG）儿童玩具车挖掘机玩具男孩工程车套装小汽车2-3-6岁宝宝生日礼物 大号挖掘机【六只装】,￥69.00
弥鹿（MiDeer）STEAM电子科学男孩女孩礼物儿童小学生手工科技制作-星际款6岁+,￥179.90
神童小子 1000颗巴克球磁力球大号儿童解压玩具磁铁珠男孩女孩生日礼物,￥235.00
迪漫奇Q萌恐龙躲猫猫玩具开关盒弹出式因果关系惊喜盒宝宝早教按键机关盒0-1岁婴儿男孩女孩玩具生日礼物,￥49.00
淘嘟嘟大号抓娃娃机儿童玩具女孩过家家夹毛绒公仔投币扭蛋机男生日礼物,￥205.00
启蒙积木可编程电动遥控坦克玩具男孩生日礼物  豹式遥控坦克54003,￥225.00
DOUBLE E双鹰高铁火车玩具动车模型复兴号 儿童男孩生日礼物大礼盒E681,￥199.00
启蒙福建舰航空母舰高难度军事模型拼装积木玩具男孩礼物 福建舰23018,￥499.00
翊玄玩具 儿童仿真环卫车玩具运输车合金城市垃圾车工程车模型男孩收藏,￥89.00
咖宝车神买奇酷变形玩具机器人男孩儿童生日礼物精英版-神勇邦达 HCL020,￥149.00
启蒙积木儿童拼装玩具模型可合体变形飞机男孩生日礼物 霹雳战车41102,￥68.00
旗迹（QiJi）机器人恐龙玩具儿童玩具男孩智能电动遥控喷雾霸王龙生日礼物6001,￥118.00
曼龙儿童磁力片拼装玩具男孩女孩彩窗磁铁拼装启蒙磁力贴,￥389.00
马丁兄弟婴儿抽抽乐玩具拉拉乐可啃咬天鹅按按乐宝宝练手抽拉玩具男孩女孩,￥29.90
奥迪双钻（AULDEY）超级飞侠儿童玩具趣味变形车四只装男孩女孩玩具生日礼物770135,￥99.00
托宝战士（T0B0T）银河侦探超旋瑞奥银河侦探金刚变形玩具男孩生日礼物儿童7620,￥89.00
蛋宝乐（DanBaoLe）恐龙扭蛋机投币扭扭蛋盲盒男孩玩具生日礼物D6915,￥87.40
梦多福天文望远镜圣诞节礼物儿童男孩益智玩具生日礼物7-14岁女孩10学生,￥339.00
梦多福遥控飞机儿童玩具航拍直升飞机成人无人机合金耐摔10男孩生日礼物 【72cm超大】红色双电+避障 14岁以上小学生初中生玩具,￥258.00
汇乐玩具变形车机器人汽车卡车儿童玩具车男孩生日周岁礼物合金模型3-6岁,￥399.00
俏皮谷cada编程机器人积木拼装玩具套装小学生STEAM科学实验教育男女孩生日节日礼物,￥209.00
奥迪双钻铠甲勇士帝皇侠铠装可动人偶拼装系列男孩节日玩具礼物摆件 铠装可动人偶-帝皇侠（11cm）,￥49.00
咖宝车神玩具救援巨人买奇酷卡宝汽车变形玩具男孩儿童生日礼物四合体,￥199.00
灵动创想奥特曼擂台对战儿童可动组合套装暗黑欧布迪迦男孩人偶玩具 对战擂台-欧布vs伽古拉斯,￥89.00
乐高（LEGO）积木拼装 60376 极地摩托 5岁+男孩儿童玩具生日礼物,￥99.00
乐高ideas系列21342昆虫蝴蝶螳螂儿童男孩积木拼装玩具,￥468.00
淘嘟嘟（Taodudu）存钱罐儿童玩具密码储蓄大容量只进不出小女孩男孩3-10岁生日礼物,￥97.00
沃知 儿童玩具男孩生日礼物8-10岁电子拼图积木智能逻辑思维训练机超级华容道早教启智玩具女孩6-12岁礼物,￥149.00
乐高（LEGO）积木10698大号积木拼装盒4岁+小颗粒男孩女孩儿童玩具生日礼物,￥359.00
BANDAI万代布莱泽奥特曼儿童男孩玩具生日礼物DX阿斯加隆声光可动98225,￥309.00
奥迪双钻（AULDEY）童年经典四驱车新梦之队男孩竞速拼装玩具赛车魂系六一儿童节礼物 进阶系列-飞天战龙,￥79.00
宝乐星儿童玩具男孩喷雾抑尘车洒水工程环卫车3-6岁可开门惯性汽车模型圣诞节礼物,￥79.00
芷彧奥特曼头套迪迦高配版赛罗触摸发光头盔模型头套儿童男孩生日礼物 新品-触摸开关-暗黑赛罗头盔,￥69.00
麦格萌（MAIGEMENG）儿童积木桌玩具儿童玩具男孩女孩大颗粒积木拼装3-6岁六一节礼物 大号桌+1椅+190大颗粒+4增高收纳,￥59.00
咖宝车神玩具男孩变形礼物汽车机甲机器人特警巨人四合体超大豪华装买奇酷,￥199.00
乐高（LEGO）积木拼装 60378 极地探险车 6岁+男孩儿童玩具生日礼物,￥649.00
我的奇妙世界（i·wow）儿童玩具金字塔古文明考古挖掘玩具男孩科学探索儿童生日礼物,￥135.00
得力（deli）科教积木吊塔 6-10岁模型模型男孩女孩玩具生日开学礼物74385,￥27.90
Dwi【高飞200米】遥控飞机儿童固定翼电动飞行器战斗机泡沫男孩玩具 【2.5通-可高飞200米】蓝色 双电【续航1小时】,￥118.00
展高迷你特工队X玩具五炫机甲金刚变形汽车男孩礼物小奥特工里奥,￥129.00
JOYSTONEAR地球仪3d立体小学生用儿童8-12岁男10生日圣诞节礼物女孩7-14岁 公主粉充电款【20cm+AR+礼盒】,￥63.00
盟卡车神玩具魔幻元珠买奇酷男孩玩具儿童变形机器人萌卡圆珠双子加农古拉,￥119.00
TaTanice弹力球玩具龙珠抽抽乐儿童橡胶弹弹球大中小号怀旧盲盒生日礼物,￥46.90
索迪天文望远镜儿童益智玩具男女孩专业观星高清科学实验套装生日礼物,￥258.00
奥智嘉儿童玩具男孩变形弹射大卡车轨道折叠收纳货柜合金赛车生日圣诞节礼物,￥159.00
菲贝【精美礼盒装】磁力异形3d立体磁性几何百变魔方无限变形早教减压儿童玩具男孩女孩3-6岁7-14生日礼物,￥68.00
乐爱祥 儿童宝马摩托车玩具男孩拼装积木兼容乐高小颗粒M1000Rdiy礼物,￥88.00
俏皮谷儿童矿石标本100种天然水晶体化岩石原石头教学礼盒摆件科普礼物,￥179.00
BANDAI万代奥特曼儿童玩具男孩礼物泽塔升华器变身套装57617,￥399.00
伟易达（Vtech）儿童玩具 豪华版电动火车站 双层扭扭轨道车1-5岁男孩女孩礼物,￥499.00
咔搭（CaDA）积木拼装插儿童玩具Steam教育编程遥控车模型男孩女孩生日礼物,￥199.00
俐智LOZ小颗粒积木建筑拼装 男孩玩具街景商店生日礼物女1943蜜蜂坊,￥99.00
菲迪雅【3把】萝卜金刚狼爪 可伸缩玩具礼物创意整蛊萝卜金刚狼男孩礼物 金刚狼紫绿【1对】+萝卜10件套,￥49.80
得力（deli）科学实验套装基础45个趣味综合实验生日礼物男孩女孩玩具74390,￥73.00
佳奇科技（JAKI）积木拼装扭蛋机器人模型兼容乐高颗粒儿童玩具成人男女孩生日礼物,￥159.00
计客智能四子棋重力儿童礼物生日男女孩玩具桌游亲子五子棋类游戏立体,￥349.00
托宝战士（T0B0T）核爆游侠银河侦探金刚变形玩具汽车男孩机器人儿童礼物生日,￥80.00
乐高（LEGO）积木拼装 60349 月球空间站 6岁+男孩玩具生日礼物,￥439.00
福孩儿木质立体幼儿童拼图大块蒙氏早教0手抓板1岁半2一3岁男女宝宝玩具,￥39.80
启蒙奥特曼积木机甲儿童拼装玩具男孩生日礼物 迪迦奥特曼强力型75032,￥79.00
活石遥控车手势感应变形车赛车遥控汽车男孩玩具儿童六一儿童节礼物 一键变形充电版,￥45.00
启蒙奥特曼积木可动机甲儿童拼装玩具男孩生日礼物 欧布强化机甲75049,￥45.00
大汉疆域无人机高清专业航拍遥控飞机儿童玩具男孩无人飞机航模生日礼物,￥388.00
Murcia 如意金箍棒可自动伸缩带灯光孙悟空西游记儿童玩具美猴王齐天大圣定海神针男孩玩具生日礼物3款随机,￥23.80
康迪拉家族（Cawndilla Families）儿童消防车玩具男孩云梯车仿真合金回力汽车模型工程宝宝生日礼物,￥36.00
小顽豆 幼儿童过家家小医生护士28件套装男孩女孩听诊器打针医院1-3-6岁宝宝扮演木质仿真医疗箱工具宝宝玩具,￥69.00
欣格儿童玩具天平秤教具数学加减法思维启蒙早教类益智玩具男孩女孩儿童生日礼物亲子互动青蛙天平称XG777-1,￥39.90
育儿宝（YuErBao）儿童医生玩具套装打针听诊器小男孩女孩宝宝过家家3-6岁生日礼物,￥134.00
费乐儿童积木拼装玩具大颗粒机械齿轮工程车3-6岁5岁男孩科教编程组装 小小科学电动三阶+60造型,￥228.00
MAILE KID儿童激光剑伸缩七彩星球大战玩具二合一原力光剑男女孩生日礼物,￥59.90
正钦兼容乐高植物大战僵尸系列积木全套恐龙积木2-16岁积木男孩玩具 天空之城【926颗粒】精美彩盒,￥98.00
乐爱祥（LEAIXIANG）积木拼装玩具成人女孩520情人节生日礼物男生送男友宇航员,￥68.00
星辉(Rastar) 遥控车 1：14法拉利漂移跑车男孩儿童玩具车模型 50100红色,￥159.00
梦多福圣诞节礼物玩具8-12岁男孩生日礼物7-13岁儿童遥控车8男童十10岁 双电180分钟超长续航,￥99.00
托比狮兼容乐高积木军事人仔拼装吉普特警战狼特种兵全副武装男孩玩具 猎豹特战队18人+桶,￥35.00
KELEIGE儿童玩具男孩8-12岁生日礼物10岁女孩小学生礼物7-9-11岁电子积木 【顶配款】300+玩法电子积木套装 视频教程&安全实操&玩法多样,￥199.00
森宝积木儿童拼装积木玩具男孩节日礼物流浪地球系列CN171运兵车107005,￥118.90
奥智嘉儿童对讲机玩具男女孩4-12岁早教无线远距通话亲子家用户外呼叫器圣诞节礼物,￥59.90
沃知 跳舞仙人掌玩具会唱歌录音学说话婴儿玩具女孩男孩毛绒玩偶公仔,￥39.90
星星舟俄罗斯方块积木拼图3-6岁多功能拼装木质玩具男孩女孩生日礼物 俄罗斯方块,￥68.90
SMARTGAMES猫咪快递盒 儿童闯关玩具桌游 男孩女孩 7岁-成人,￥149.00
启蒙积木儿童玩具直升机小颗粒拼装男孩生日礼物 风暴武装直升机1801,￥59.00
吴氏物语创意儿童玩具回旋飞行球6-8岁男孩圣诞节礼物送小孩10岁男童12岁 魔术球-回旋飞行球【魔法棒】 新奇特黑科技回旋飞行玩具,￥148.00
迪漫奇儿童过家家玩具婴儿切生日蛋糕模型厨房玩具仿真灯光音乐切切乐男孩女孩宝宝生日礼物85件套,￥59.00
乐高（LEGO）积木拼装 60335 忙碌的火车站 7岁+男孩儿童玩具生日礼物,￥649.00
托宝战士（T0B0T）兄弟银河威克银河侦探金刚变形玩具汽车男孩儿童礼物生日礼盒7606,￥173.00
托宝战士（T0B0T）银河侦探熔岩兽神金刚变形玩具男孩机器人儿童玩具生日礼物,￥93.40
COOKSS 儿童三国华容道磁力版儿童玩具早教数学玩具男孩女孩生日礼物,￥17.80
沃知多面体手拍鼓婴儿玩具0-1岁新生儿童早教玩具拍拍鼓6个月宝宝礼物,￥88.00
,
尚韵积木拼装儿童玩具男孩小颗粒中国火箭航天飞船积木模型立体拼插,￥89.00
梦多福兼容乐高兰博基尼积木儿童玩具男孩拼装遥控赛车成人高难度巨大型 赛博兰博+手柄+APP+灯光+防尘盒 6-8-10-12-14岁男生男友生日礼物,￥198.00
迪漫奇小黄鸭背包存钱罐玩具仿真智能指纹识别密码解锁储蓄罐男孩女孩儿童过家家音乐儿歌早教3-6岁生日礼物,￥79.00
狂野骑士变形金刚7儿童玩具车动漫正版授权擎天柱电影周边仿真小汽车模型男孩合金回力赛车车模摆件生日礼物,￥39.00
KELEIGE玩具男孩儿童火车玩具复古蒸汽火车轨道3-6-12岁儿童玩具生日礼物 黑色合金豪华款【超长轨道+蒸汽冒烟车头】,￥138.00
EAKI心奇爆龙战车X男孩女孩玩具新奇暴龙战车男孩礼物N-HGA1001,￥79.00
百里霜昆虫观察盒6件套儿童玩具男孩女孩多功能生物放大镜户外儿童礼物,￥54.90
卡威(KIV)儿童合金翻斗车自卸卡车小汽车运输货车模型工程车回力男孩玩具车七夕 运输自卸车【合金车头】,￥61.00
植物大战僵尸生日礼物植物大战僵尸积木授权拼装男孩玩具 恐龙危机场景套装,￥48.50
奥智嘉儿童过家家厨房玩具女男孩生日礼物喷雾模拟火锅宝宝做饭套装,￥92.30
爸爸妈妈飞机玩具网红泡沫飞机弹射飞机儿童玩具男孩户外玩具发射飞机枪,￥21.50
糖米儿童打我鸭呀射击玩具枪加特林空气软弹枪男孩打靶生日圣诞节礼物,￥68.00
"爱心东东	
绿速 儿童生日礼物14实用13初中17高中学生16男孩子15女孩10岁12小孩圣诞节礼物 幻彩顶配送14节磁环30个钢珠5笔芯",￥99.00
科学罐头（Science  can）显微镜儿童玩具学生便携式男女孩玩具8-12岁科学实验生日节日礼物,￥159.90
TaTanice飞行陀螺飞行器成人感应悬浮球魔术回旋飞碟儿童玩具男孩生日礼物,￥52.90
计客超级华容道电子儿童玩具男孩生日礼物小学生数字拼图逻辑思维磁力,￥199.00
babycare&bctoys儿童玩具车仿真汽车38cm大尺寸声光男孩玩具云梯消防车,￥119.00
启蒙积木拼装玩具大型军事模型男孩生日礼物 东风41洲际导弹23012,￥399.00
洪恩风暴智能双语点读笔单笔学习早教故事机男孩女孩儿童玩具生日礼物,￥259.00
马丁兄弟儿童玩具ufo感应飞行器飞行球指尖陀螺悬浮飞碟玩具男孩生日礼物,￥61.00
沃知九合一多功能棋盘五子棋跳棋飞行棋儿童桌面棋类玩具男孩生日礼物,￥48.00
卢卡Luka mini绘本读书机故事机早教机儿歌国学幼儿礼物玩具女孩物灵,￥439.00
食玩真煮儿童迷你厨房真煮套装做饭厨具可吃益智过家家男孩女孩生日礼物,￥88.00
康迪拉家族儿童玩具仿真合金汽车模型男孩回力迷你赛车兰博基尼男孩生日礼物,￥39.00
乐高（LEGO）积木拼装机械组42107杜卡迪V4R摩托车10岁+男孩儿童玩具生日礼物,￥509.00
凯迪威 工程汽车模型 1:18合金拖拉机模型农场机械仿真男孩儿童礼品农用玩具车（颜色随机）,￥90.00
灵动创想（LDCX）男孩玩具儿童生日礼物面具变身器神光棒迪迦奥特曼豪华套装礼盒,￥199.00
乐蓓富仿真动物玩具模型套装儿童男孩野生动物园农场世界生日礼物3-6岁,￥315.80
勇伴赛文泰罗佐菲初代奥特曼咸蛋超人玩具人偶手办英雄儿童套装玩偶玩具男孩女孩六一儿童节礼物8款12.5cm超人,￥38.00
,
维尼小象儿童套圈亲子互动玩具套圈塔彩虹圈室内外幼儿园套圈圈男孩女孩,￥18.80
索迪儿童玩具男孩遥控汽车手控感应坦克遥控车越野四驱特技车生日礼物,￥199.00
咖宝车神咖宝蛋神卡宝变形恐龙蛋一摔变形玩具男孩儿童买奇酷霸王龙提拉轰,￥39.00
计客智能数独玩具棋盘儿童游戏男孩桌游阶梯训练小学幼儿入门六宫礼物,￥349.00
卡卡鸭变形5金刚ss擎天玩具机器人大黄蜂汽车人合金正版男孩手办大号,￥299.00
爸爸妈妈儿童做饭迷你厨房真煮套装玩具真做可以做饭炒菜锅具男孩女孩礼物,￥69.00
汪汪队立大功（PAW PATROL）男孩生日礼物儿童拼搭积木玩具拼搭卡通周边狗狗救援队全套总部,￥159.00
奥智嘉 儿童玩具男孩大号双人足球对战桌面游戏机弹射足球台对打弹珠机,￥59.00
,
惠寻 京东自有品牌 忍者人仔积木小颗粒军事系列男孩拼装儿童积木玩具 积木人仔1只【随机装】,￥7.01
BANDAI万代儿童玩具男孩礼物豪华可动泽塔奥特曼阿尔法装甲21916,￥149.00
