﻿Column1,Column2
Column1,Column2
Name,Price
花花公子（PLAYBOY）男鞋子男2023秋冬季休闲鞋男士潮流板鞋男时尚商务小白鞋 米色 42,￥228.00
敛杉秋冬男鞋工作鞋工地干活上班鞋劳保防滑防水鞋加绒保暖工装鞋子男 卡其 42 运动鞋码数,￥35.66
卡帝乐鳄鱼（CARTELO）男鞋2023秋冬季鞋子男百搭休闲鞋男士运动鞋潮板鞋小白鞋 白灰 42,￥158.00
卡帝乐鳄鱼（CARTELO）男鞋秋冬季运动休闲鞋子男厚底增高老爹鞋男款潮流板鞋 米蓝 42,￥168.00
卡帝乐鳄鱼（CARTELO）男鞋2023秋冬季休闲鞋男潮流鞋子男士低帮板鞋百搭运动鞋 黑色 42,￥168.00
卡帝乐鳄鱼（CARTELO）鞋子男鞋秋冬季潮流休闲鞋男士户外工装运动鞋劳保板鞋 沙色 42,￥158.00
卡帝乐鳄鱼（CARTELO）男鞋秋冬季2023潮牌皮鞋子男软底休闲鞋男英伦板鞋靴 黑色 42码,￥168.00
卡帝乐鳄鱼（CARTELO）男鞋秋冬季2023时尚休闲鞋子男马丁潮鞋厚底工装劳保鞋靴 卡其 42,￥168.00
匹克板鞋男鞋秋季低帮休闲鞋子男空军一号小白鞋运动鞋男DB310127,￥139.00
回力男鞋2023夏秋季新款工装鞋运动鞋子男马丁靴学生休闲厚底高帮鞋男 卡其色 43,￥89.90
花花公子（PLAYBOY）老爹鞋男鞋2023秋冬季鞋子男士厚底高帮休闲鞋时尚运动鞋 白色 42,￥228.00
鸿星尔克运动鞋男鞋秋冬季健身跑步鞋子男士气垫减震回弹舒适慢跑休闲鞋,￥169.00
卡帝乐鳄鱼（CARTELO）男鞋秋冬季2023潮流休闲鞋子男厚底工装皮鞋男士马丁鞋 卡其 42码,￥178.00
卡帝乐鳄鱼（CARTELO）鞋子男秋冬季2023潮流休闲鞋男鞋时尚板鞋男士运动德训鞋 黑色 42,￥168.00
鸿星尔克运动鞋休闲鞋轻便减震耐磨跑步鞋百搭男鞋【白鹭】 51121303076,￥159.00
花花公子（PLAYBOY）鞋子男鞋2023秋冬季休闲鞋男款百搭板鞋男士小白鞋运动鞋 白色 42,￥228.00
罗蒙（ROMON）男鞋秋冬季鞋子男百搭休闲鞋男士户外工装鞋厚底劳保潮鞋 卡其42,￥208.00
花花公子（PLAYBOY）男鞋子男2023秋冬季老爹鞋男运动休闲鞋男士百搭跑步鞋 白黑 42,￥228.00
回力男鞋2023秋冬休闲鞋男新款潮流复古鞋子男款情侣款学生运动板鞋男 秘境森林-蓝 41,￥78.90
"爱心东东	
回力男鞋秋季运动鞋百搭鞋子男休闲板鞋2023潮流小白鞋男士跑步老爹鞋 米蓝色 | 秋冬皮面款 42男 标准尺码，正常拍",￥79.00
乔丹QIAODAN 男鞋跑步鞋子舒适轻便革面运动鞋男,￥159.00
骆驼动感（camel active）老爹鞋男鞋2023秋冬季鞋子男款潮流休闲鞋男士户外运动鞋 卡其 42,￥238.00
361°运动鞋男鞋雨屏防泼水科技冬季回弹缓震跑步鞋子男 672032222-4,￥259.00
鸿星尔克（ERKE）运动休闲鞋男鞋新款轻便透气防滑减震时尚百搭健身运动 橡芽白/浅灰 41码,￥209.00
花花公子（PLAYBOY）男鞋子男2023秋冬季板鞋男款厚底休闲鞋男士潮流运动鞋 白灰新 42,￥228.00
花花公子（PLAYBOY）男鞋子男2023秋冬季高帮老爹鞋男士休闲鞋男款运动鞋 米色 42,￥249.00
骆驼动感（camel active）鞋子男鞋2023冬季休闲鞋男士时尚老爹鞋男款运动跑步鞋 卡其 42,￥238.00
361°运动鞋男鞋秋季网面透气软弹轻质健身入门跑步鞋子男 671832270-3,￥129.00
回力休闲鞋国潮鞋子男户外百搭运动板鞋男鞋 1065 白/灰 42,￥83.10
阿迪达斯 ADIDAS 男子 跑步系列 DURAMO 10 运动 跑步鞋 GW8336 43码UK9码,￥429.00
361°运动鞋男秋冬季保暖复古增高休闲老爹软底跑步鞋子男672036763-3,￥169.00
回力男鞋运动鞋男2023春秋季新款老爹鞋男士休闲鞋透气潮流厚底跑步鞋 黑灰咖-1729C 40码（标准码）,￥79.00
鸿星尔克征服棉鞋|男鞋运动板鞋冬季加绒保暖高帮男士休闲鞋51122321450,￥179.00
罗蒙（ROMON）男鞋子男秋冬季加绒休闲皮鞋男士板鞋英伦真皮男款保暖潮棉鞋,￥238.00
花花公子（PLAYBOY）板鞋男鞋2023秋冬季鞋子男士休闲鞋男款小白鞋潮流运动鞋 米绿 42,￥198.00
卡帝乐鳄鱼（CARTELO）男鞋秋冬季时尚鞋子男潮流休闲皮鞋男士运动套脚板鞋靴 黑色 42,￥178.00
乔丹QIAODAN 男鞋减震运动鞋男舒适潮流跑步鞋子,￥149.00
双星跑步鞋男秋季皮面运动鞋软底潮流百搭休闲鞋子男工作全黑旅游鞋,￥79.00
卡帝乐鳄鱼（CARTELO）鞋子男鞋秋冬季高帮休闲鞋男潮英伦皮鞋男士运动板鞋靴 黑色 42,￥178.00
卡帝乐鳄鱼（CARTELO）男鞋休闲鞋2023秋冬季潮流鞋子男士韩版板鞋男平底小白鞋 白黑 42,￥168.00
乔丹QIAODAN 男鞋跑步鞋子舒适减震轻便运动鞋男,￥159.00
花花公子（PLAYBOY）老爹鞋男鞋2023秋冬季休闲鞋百搭高帮鞋子男款运动鞋 卡其绿 42,￥228.00
鸿星尔克男鞋休闲鞋防滑轻便时尚老爹鞋运动慢跑鞋子男|鼎盛51123102111,￥219.00
唐狮（TonLion）男鞋秋冬季潮流鞋子男厚底休闲板鞋男士百搭运动小白鞋 白黑42,￥158.00
卡帝乐鳄鱼休闲鞋男鞋秋冬时尚低帮板鞋男户外耐磨运动鞋子男 10779 米黄 42,￥158.00
,
361°运动鞋男鞋秋冬季革网拼接透气缓震休闲跑步鞋子男 672132210-5,￥179.00
鸿星尔克征服|男鞋运动板鞋秋冬高帮拼接时尚男士休闲鞋子男51122301427,￥179.00
361°运动鞋男鞋氢翼冬季革面防泼水轻便舒适跑步鞋子男 672132246-5,￥179.00
鸿星尔克男鞋运动板鞋男小白鞋子男士休闲运动滑板鞋潮流百搭51122101113,￥139.00
森馬（Senma）高帮秋冬2023新款青少年潮牌老爹鞋男增高篮球运动跑步鞋休闲鞋男 米棕 42,￥139.00
鸿星尔克男鞋运动鞋低帮休闲鞋板鞋时尚百搭鞋子男【微光】51121301160,￥129.00
花花公子（PLAYBOY）男鞋秋冬季老爹鞋百搭鞋子男款透气运动跑步鞋增高休闲鞋 米色 42,￥228.00
卡帝乐鳄鱼（CARTELO）男鞋潮流秋冬季休闲鞋子男百搭运动板鞋男士德训鞋腰果花 米绿 42,￥178.00
卡帝乐鳄鱼（CARTELO）鞋子男秋冬季潮休闲鞋男鞋高帮时尚小白鞋男士运动板鞋 白兰 42,￥178.00
卡帝乐鳄鱼（CARTELO）鞋子男2023秋冬季休闲鞋男鞋时尚英伦风皮鞋潮流软底板鞋 米色 42,￥168.00
卡帝乐鳄鱼（CARTELO）鞋子男秋冬季时尚休闲鞋男鞋增高运动板鞋百搭小白鞋 米色 42,￥168.00
花花公子（PLAYBOY）鞋子男鞋2023秋冬季板鞋男款时尚商务休闲鞋男 卡其 42,￥208.00
卡帝乐鳄鱼（CARTELO）鞋子男鞋秋冬季2023休闲鞋男百搭小白鞋男士软底运动板鞋 卡其 42,￥168.00
特步山海冶陶休闲鞋男878319320042 墨青蓝/鸽子灰/夕雾蓝 42码,￥319.00
双星皮面运动男鞋秋季革面防泼水保暖舒适透气全黑跑步休闲旅游工作鞋,￥79.00
特步情侣板鞋休闲舒适滑板鞋小白鞋983218319266 白绿-男 43码,￥139.00
卡帝乐鳄鱼男鞋秋冬百搭板鞋男低帮耐磨鞋子男时尚休闲鞋男 1188 白色 42,￥159.00
,
卡帝乐鳄鱼（CARTELO）男鞋秋冬季2023韩版休闲鞋子男潮牌低帮板鞋男士运动鞋靴 灰绿 42,￥168.00
鸿星尔克男鞋运动休闲鞋网面轻便复古户外慢跑时尚鞋子男|织云51123302080,￥169.00
鸿星尔克天狼2.0|男鞋网面增高轻便休闲鞋舒适软底运动跑步鞋51122202017,￥179.00
乔丹QIAODAN男鞋板鞋时尚运动鞋休闲潮流空军一号情侣小白鞋,￥159.00
特步男鞋运动鞋减震耐磨跑鞋881419119809 黑红 42码,￥149.00
特步（XTEP）男鞋秋冬季高帮板鞋男士休闲运动鞋男厚底保暖皮面防水潮流鞋子男 白黑红（店长推荐） 42,￥149.00
森馬（Senma）个性时尚简约板鞋系带厚底情侣休闲鞋男113111906 黑灰色 41码,￥139.00
山野花溪【加绒可选】男鞋新款高帮秋冬季运动跑步增高老爹潮鞋网面鞋子男 白蓝黄-19-8 42,￥138.00
特步男鞋板鞋子男运动鞋男秋冬季皮面加厚保暖休闲鞋旅游潮鞋滑板鞋 帆白/浅麻灰/黑 42,￥169.00
花花公子（PLAYBOY）男鞋2023秋冬季休闲鞋男士运动鞋子男百搭跑步鞋老爹鞋 米色 42,￥228.00
花花公子（PLAYBOY）男鞋子男2023秋冬季板鞋男士百搭休闲鞋男款时尚运动鞋 米色 42,￥228.00
京东京造【Air Strike超轻】男士运动休闲鞋软底网面鞋健步鞋黑色42,￥69.90
花花公子（PLAYBOY）鞋子男2023秋冬季男鞋百搭休闲鞋男款潮流板鞋男士运动鞋 米色 42,￥228.00
"线下同款	
鸿星尔克男鞋秋季跑鞋耐磨减震软弹运动鞋透气轻便休闲鞋子男【经典款】 【猜你喜欢】正黑/正白-2123 42",￥139.00
特步男鞋跑步鞋防水皮面冬季新款休闲运动鞋透气网面旅游慢跑鞋子男秋 黑色-(网面)  41,￥129.00
海澜之家HLA男鞋小白鞋男士舒适轻便板鞋男运动休闲鞋男 0473 米色 42,￥319.00
,
卡帝乐鳄鱼男鞋秋冬时尚鞋子男潮流板鞋男耐磨休闲鞋男 1195 米色 42,￥139.00
,
特步（XTEP）男鞋运动鞋子男秋季新款跑步鞋防水减震休闲鞋皮面老爹鞋男潮流鞋 白灰黑 42码,￥159.00
回力男鞋板鞋小白鞋男2023夏季新款情侣鞋子男士休闲鞋学生运动鞋透气 卡其/绿 （码数偏小） 41,￥77.39
特步男鞋跑步鞋新款冬季厚底旅游透气轻便网皮面休闲运动鞋慢跑鞋子男 黑色 42码,￥129.00
红蜻蜓舒适商务休闲时尚系带皮鞋男士正装德比婚鞋 WTA73761 黑色 41,￥179.00
海澜之家HLA男鞋拼接板鞋男透气网布鞋子男潮流休闲鞋男 0363 蓝色 42,￥319.00
,
阿迪达斯 （adidas）男子 跑步系列  GALAXY 6 运动 跑步鞋 GW3848 42码UK8码,￥349.00
双星运动鞋男鞋春季网面软底透气跑步鞋休闲鞋轻便耐磨工作旅游鞋纯黑,￥79.00
MUSHIJUE鞋子男秋冬季2023新款运动休闲老爹潮鞋百搭工作防滑耐磨劳保男鞋 灰色 42,￥42.00
卡帝乐鳄鱼（CARTELO）休闲鞋男鞋2023秋冬季时尚鞋子男英伦潮皮鞋男士软底板鞋 黑棕 42,￥178.00
卡帝乐鳄鱼（CARTELO）马丁靴男高帮秋冬季靴子男英伦工装男靴户外登山鞋 卡其 42码,￥178.00
卡帝乐鳄鱼（CARTELO）休闲鞋男鞋2023秋冬季韩版鞋子男低帮板鞋男士平底潮鞋靴 灰色 42,￥178.00
鸿星尔克男鞋低帮轻便滑板鞋耐磨板鞋休闲运动鞋子男|腰果花51122301020,￥129.00
耐克NIKE男训练鞋老爹鞋AIR MONARCH IVG运动鞋415445-001黑42,￥399.00
特步男鞋运动鞋男士跑步鞋休闲鞋老爹鞋男鞋子男潮鞋881419329629 兰白黑 42码,￥109.00
红蜻蜓男鞋春夏款男士爸爸一脚蹬软面皮商务休闲皮鞋男WTA42860黑色40,￥179.00
骆驼动感（camel active）男鞋秋季2023秋冬季时尚休闲鞋子男厚底工装靴男士运动鞋 卡其 42,￥238.00
回力男鞋运动鞋男秋冬款黑色软底跑步鞋轻便百搭椰子鞋男,￥103.55
乔丹QIAODAN 男鞋子秋冬季空军一号低帮板鞋潮流休闲白鞋运动鞋,￥169.00
卡帝乐鳄鱼（CARTELO）男鞋秋冬季高帮休闲鞋子男韩版板鞋男士腰果花运动鞋靴 米兰 42,￥178.00
阿迪达斯 （adidas）时尚潮流运动舒适透气休闲鞋男鞋女鞋FW2883 42码UK8码,￥229.00
海澜之家HLA男靴户外工装马丁靴男士潮流中高帮靴子男鞋 386A 黑色 42,￥329.00
,
卡帝乐鳄鱼（CARTELO）鞋子男秋冬季2023休闲鞋男鞋潮流男士板鞋低帮运动鞋靴 米绿 42码,￥168.00
海澜之家HLA男鞋休闲皮面鞋子男士加绒板鞋HAAXXM4AA70337 黑色加绒款41,￥259.00
361°运动鞋男鞋爆沫雨屏秋冬季革网防泼水缓震跑步鞋子男 672132243-6,￥319.00
探路者（TOREAD）徒步鞋23秋冬情侣防风防滑耐磨保暖登山鞋户外越野鞋TFAACL91908,￥289.00
骆驼（CAMEL）加绒保暖运动鞋男防泼水高帮休闲鞋 K13C36L3029 黑色 41,￥289.00
特步男鞋复古休闲鞋运动鞋877119320014 帆白/鸽子灰 41码,￥209.00
鸿星尔克男鞋运动鞋韩版潮百搭休闲板鞋男 51121101108 橡芽白/北欧蓝 42,￥129.00
卡帝乐鳄鱼鞋子男秋冬潮流男鞋中帮休闲鞋男户外运动老爹鞋男 1411 米色 42,￥178.00
回力 Warrior 休闲鞋男时尚网面鞋透气撞色网鞋男飞织跑步运动鞋  6309 灰色 42,￥69.00
李宁启星2.0 复古老爹鞋轻弹运动鞋2023厚底鞋情侣款男鞋AGCT311,￥298.00
花花公子（PLAYBOY）板鞋男鞋2023秋冬季鞋子男百搭休闲鞋男士运动小白鞋 白棕 42,￥228.00
FILA斐乐官方男跑步鞋火星鞋二代2023潮流运动鞋轻便透气老爹鞋,￥629.00
安踏星光老爹鞋男鞋休闲鞋秋冬C37科技耐磨复古跑鞋厚底情侣款运动鞋,￥399.00
骆驼动感（camel active）鞋子男鞋2023秋冬季时尚休闲鞋男士户外工装鞋运动鞋 卡其 42,￥238.00
361°运动鞋男鞋冬季全革面防泼水轻便减震舒适跑步鞋子男 672142239-3,￥129.00
特步聚能弹跑步鞋男鞋春夏季运动鞋男 帆白/泡沫绿/水天蓝 43码,￥168.00
阿迪达斯 （adidas）男子休闲系列 ALPHACOMFY跑步鞋 ID0350 41码 UK7.5码,￥329.00
安踏【王一博同款】982板鞋男鞋秋冬革面厚底情侣商场同款112348067,￥439.00
红蜻蜓 RED DRAGONFLY 男鞋英伦时尚系带平底百搭牛皮休闲鞋男圆头商务正装皮鞋男 WTA306871FXL 黑色 40,￥209.00
耐克（NIKE）男子AIR JORDAN LEGACY LOW篮球鞋 FJ7221-101 42码 US8.5码,￥679.00
匹克篮球鞋男低帮耐磨减震轻便包裹实战回弹球鞋运动鞋男鞋子DA340091,￥199.00
鸿星尔克官方旗舰男鞋轻便耐磨休闲鞋网面运动鞋时尚老爹鞋【奇弹寻鹿2.0】 11122302406 正黑/焦糖黄棕 43,￥179.00
FKF男鞋秋季休闲鞋潮流腰果花板鞋子男百搭运动鞋小众设计日系小白鞋 MD-C005白蓝 40,￥28.13
回力休闲鞋男舒适百搭板鞋子男士户外复古潮流男鞋 1634N 灰色 42,￥74.10
红蜻蜓 RED DRAGONFLY 男士韩版百搭休闲皮鞋低帮平底耐磨系带皮面运动板鞋男 C0200075 黑色 42,￥238.00
阿迪达斯 （adidas）Neo休闲 男子POSTMOVE 休闲鞋H00465,￥319.00
回力国潮休闲鞋男透气运动鞋子男百搭老爹鞋潮流男鞋 1902N 灰色 42,￥89.00
骆驼（CAMEL）舒适商务休闲健步户外男士皮鞋 G13A831121 黑色 42,￥459.00
361°运动鞋男秋冬季网面软底户外休闲跑步老爹鞋子男672036708-11,￥169.00
361°男鞋运动鞋男老爹鞋新款秋冬季跑步鞋网面透气NF0二代休闲鞋子男 -1西米色/火焰红 42,￥89.00
回力男鞋跑步休闲鞋春夏耐磨防滑上班工作鞋全黑色透气网跑网面鞋子男 全黑（6138）男 40,￥99.00
罗蒙（ROMON）男鞋秋冬季鞋子男百搭休闲鞋男运动皮鞋男士潮流板鞋靴 黑色 42,￥188.00
耐克NIKE运动板鞋男缓震耐磨FULL FORCE运动鞋秋冬FB1362-101白42.5,￥419.00
XIANGYUANGE男鞋2023冬季新款跑步运动软底休闲加绒厚底增高百搭老爹鞋子男 黑色 42,￥60.00
361°运动鞋男鞋革网拼接秋冬季Q弹透气复古跑步鞋子男 672312204-5,￥239.00
海澜之家HLA马丁靴男士户外休闲鞋英伦风百搭工装靴HAAGZM3AB70373 黑色42,￥299.00
环球休闲鞋透气轻便跑步男鞋耐磨户外登山运动鞋 HQY-XL0008 灰色 42,￥69.00
李宁男鞋运动鞋秋冬季新款网面减震跑鞋休闲轻逸2跑步鞋男 标准黑/雾霾灰 43,￥99.00
鸿星尔克（ERKE）休闲鞋男防滑减震软底轻便时尚男生运动鞋子男 橡芽白/暖雾灰 41,￥199.00
"线下同款	
乔丹QIAODAN男鞋运动鞋冬季皮面防水减震跑步鞋老爹鞋百搭休闲鞋子男 黑色【推荐】 41",￥149.00
乔丹QIAODAN 男鞋运动鞋半掌气垫减震男子跑步鞋,￥229.00
VANS范斯官方 线上专售Ward个性街头复古百搭男鞋板鞋出游好鞋 黑色 42码,￥309.00
耐克（NIKE）官方舰店男鞋 23冬季新款运动鞋子AIR缓震气垫鞋透气休闲鞋跑步鞋 黑白/热推款 40码 （内长250mm）,￥449.00
卡帝乐鳄鱼（CARTELO）鞋子男鞋2023秋冬季百搭休闲板鞋男百搭平底男士鞋子 米色 42码,￥168.00
特步男鞋板鞋子男网店运动鞋男防水秋冬季男生休闲耐磨小白鞋滑板鞋 新白色-黑【店长推荐】 42,￥187.00
鸿星尔克男鞋运动鞋秋冬季红星男士休闲皮面加绒防水透气黑色旅游跑步鞋子 【皮面推荐】正黑 42码,￥169.00
红蜻蜓 RED DRAGONFLY 男鞋英伦时尚系带平底百搭休闲鞋男加绒保暖圆头商务正装皮鞋男 WTD402351 黑色 42,￥269.00
,
361度运动鞋男耐磨老爹鞋网面透气缓震跑步鞋运动休闲鞋增高复古文化鞋 【透气网面】羽毛白/氧气蓝-6783 42,￥169.00
阿迪达斯 （adidas）阿迪达斯白色三条纹男女鞋夏季休闲鞋轻便运动鞋小白鞋F36392,￥299.00
海澜之家（HLA）男鞋板鞋百搭透气简约青年拼色休闲鞋子男HAAGZM4ABa0389 沙色40,￥339.00
花花公子（PLAYBOY）鞋子男鞋2023秋冬季休闲鞋男士百搭板鞋男韩版运动鞋靴 黑色 42,￥228.00
红蜻蜓品牌男鞋子青年皮鞋男小黑鞋耐磨单鞋商务休闲鞋男 C0191257,￥239.00
回力（Warrior）男鞋休闲鞋子男阿甘鞋老爹鞋户外运动鞋 WL(AB)-0392 米灰深蓝 42,￥89.00
arich秋季男鞋新款青少年增高百搭厚底学生ins潮流男士休闲老爹鞋子男 黑色 42,￥59.00
萨蒂达三沓空军一号板鞋男秋冬厚底休闲运动鞋内增高情侣鞋莆田青少年滑板鞋 男女同款-奶咖 42,￥188.00
鸿星尔克休闲鞋秋季防滑减震运动鞋舒适软底老爹鞋【浔系列·龙飞凤舞】 【推荐】沙漠黄/焦糖黄棕（男） 41,￥229.00
特步男鞋板鞋男秋季国潮休闲鞋子男时尚百搭厚底减震网面透气运动鞋男 白兰-峰行系列【推荐】 41码,￥219.00
"爱心东东	
RXEX鞋子男夏季新款复古美式板鞋男女情侣拼接面包鞋运动休闲防滑男鞋 白藏蓝 42",￥86.00
特步（XTEP）男鞋运动鞋秋冬季跑步鞋新品皮面防水休闲鞋子男软弹潮鞋老爹鞋男 黑白【皮面】-店长推荐 42,￥149.00
卡帝乐鳄鱼（CARTELO）男鞋秋季2023新款秋冬男款运动休闲黑色增高阿甘老爹百搭潮鞋新品 黑绿 41,￥148.00
,
Jasonfree空军一号板鞋男秋冬季新款低帮男鞋内增高鞋情侣小白鞋软底运动AJ AN白灰金 42,￥188.00
"线下同款	
李宁（LI-NING）男鞋阿甘鞋男春秋季休闲运动鞋复古运动鞋舒适男子健步慢跑步鞋 冷灰/深海蓝-2 41(男8)",￥168.00
SHIJINGBOREN板鞋男空军一号莆田男鞋内增高6cm鞋子男士休闲板鞋青少年运动鞋 奶咖 42,￥188.00
回力官方男鞋运动鞋男秋冬季皮面舒适老爹鞋男士休闲鞋子男阿甘鞋学生 米蓝1125 40,￥89.90
意尔康男鞋2023秋冬休闲鞋男新款运动百搭男士板鞋潮流商务休闲皮鞋子男 E53101136玛瑙黑 41 标准尺码,￥220.00
新百伦官方旗·舰店男鞋子板鞋2023秋季新款情侣休闲运动老爹鞋女跑步鞋 NB580米白 42,￥179.00
"爱心东东	
RXEX鞋子男女情侣厚底增高老爹鞋男潮流韩版溶解鞋男百搭运动休闲鞋男 黑白 41",￥96.00
特步男鞋秋冬季跑步鞋减震皮面防水男士运动鞋保暖休闲潮流老爹鞋子男 米黑(皮面) - 店长推荐 42,￥149.00
森馬（Senma）老爹鞋男鞋秋季青少气垫透气运动鞋厚底内增高防滑黑色男鞋 黑色 42,￥139.00
特步男鞋高帮板鞋男休闲运动鞋男秋季皮面防水男士厚底减震跑步鞋子男 5987白红黑【店长推荐】 42-官网现货速发,￥159.00
特步（XTEP）男鞋运动鞋休闲鞋子男秋冬季保暖高帮板鞋新款男士防滑运动鞋包 白黑绿（店长推荐） 42,￥149.00
安踏（ANTA）安踏防水运动鞋男鞋2023秋冬季新款官方灰色皮面跑步鞋 -8二度灰/城堡灰/象牙白 42,￥189.00
森馬（Senma）休闲鞋男时尚潮流厚底增高系带运动老爹鞋210320210 香槟米 42码,￥239.00
NEW BALANCENB 男鞋女鞋574系列复古休闲鞋运动鞋ML574LGI ML574LGI 42(脚长26.5cm),￥489.00
阿迪达斯 （adidas）时尚潮流运动男子舒适轻便透气运动休闲跑步鞋GV9981,￥259.00
阿迪达斯ADIDAS 男子 跑步系列 OZELLE 运动 跑步鞋 GX6767 42.5码UK8.5码,￥399.00
阿迪达斯 （adidas）时尚潮流运动舒适透气休闲鞋男鞋HQ3593 42码UK8码,￥489.00
册乐男鞋空军一号莆田鞋子男小白鞋情侣男女潮流运动男生低帮加绒板鞋 全白色【莆田高品质】顺丰速发 42,￥128.00
特步（XTEP）男鞋运动鞋减震皮网面跑步鞋秋冬季透气旅游鞋防水男士休闲鞋子男 白黑(革面) - 店长推荐 45,￥159.00
卡帝乐鳄鱼（CARTELO）工作男鞋四季2023新款商务黑色休闲增高皮鞋男士防水板鞋运动潮鞋 黑色(中帮) 42,￥88.00
"线下同款	
安踏男鞋秋冬季运动鞋超轻软底透气黑白网面减震防滑皮面防水跑步鞋 【本店TOP1】黑/白(皮面)-4 42码",￥188.00
U7品牌男鞋冬季2023新款真皮运动头层牛皮鞋子男士增高厚底休闲老爹 白色单8288 40皮鞋标准尺码,￥357.00
Dickies鞋子男鞋秋季2023时尚休闲鞋男真皮低帮板鞋男士德训鞋 米绿 42码,￥489.00
特步（XTEP）男鞋透气网面运动鞋夏季男士户外轻便跑步鞋子学生潮流软底休闲鞋 白色-推荐 42,￥128.00
骆驼动感（camel active）男鞋2023秋冬季鞋子男款商务休闲鞋百搭英伦正装鞋 浅棕 41,￥238.00
彪马（PUMA）板鞋男鞋女鞋23夏季新款运动鞋潮流滑板鞋休闲鞋情侣小白鞋鞋子男 男女同款-小白鞋-主推款 41,￥229.00
"线下同款	
安踏男鞋皮面运动鞋男秋冬季保暖轻便防滑软底跑步鞋男跑鞋学生鞋子男 【皮面防泼水】黑/安踏白-1 41码 (255)",￥188.00
红蜻蜓红蜻蜓低帮系带平底男士小黑鞋皮面运动休闲旅游男鞋 C02104351,￥239.00
百丽男鞋2023秋季新款牛皮厚底工装鞋A1175CM3 黑色 41,￥629.00
回力男鞋帆布鞋男经典板鞋男士运动休闲鞋2023新款春秋季低帮鞋子男 黑灰|帆布反光 41,￥77.00
安踏男鞋漫步运动鞋男跑步鞋秋冬季上新皮面舒适鞋耐磨户外休闲鞋子男 象牙白/黑/灰雾蓝(革面) 42码(8.5),￥239.00
GIAUSA轻奢品牌男鞋冬季新款透气增高老爹鞋男士奢侈休闲运动棉鞋子男 黑金色【皮面】-品牌男鞋 42【大牌男鞋】,￥298.00
,
特步男鞋跑步鞋冬季男士缓震皮面保暖防水轻便休闲运动鞋学生老爹鞋子 米黑(皮面) 42码,￥149.00
骆驼动感（camel active）男鞋子男2023秋冬季板鞋男士潮流休闲鞋男款小白鞋 杏色 42,￥228.00
安踏小千禧丨老爹鞋男鞋2023冬季休闲鞋增高运动鞋子男 【密网】泥沙灰/象牙白-1 42,￥229.00
特步男鞋跑步鞋新款冬季旅游透气保暖棉鞋官方休闲运动鞋青少年旗舰网店防水皮面男士慢跑鞋子男秋冬加厚加绒 白黑（店长推荐） 42,￥136.00
GUQIAN男鞋2023新款秋季鞋子男工作板鞋运动休闲学生阿甘跑步男款老爹潮 米色 42,￥54.00
花花公子男鞋子男秋冬季新款休闲运动加绒加厚高帮板鞋空军一号潮小白鞋男 PL320396白色 39,￥198.00
李宁（LI-NING）男鞋运动鞋子男跑步鞋云五代SHIELD男子减震防水泼运动鞋包 059黑色 42码,￥298.99
"线下同款	
安踏男鞋运动鞋冬季保暖软底轻便皮网面男士跑步鞋学生运动休闲鞋鞋子 【店长推荐】黑武士(网面) 8.5(42)",￥188.00
"线下同款	
安踏毒刺丨跑步鞋男冬季轻便减震男士休闲鞋运动鞋子男 【毒刺】象牙白/幻景蓝-4 8.5(男42)",￥339.00
回力官方男鞋秋冬款板鞋男皮面防水运动鞋男休闲鞋子男小白鞋男学生 米卡其【撞色拼接】 42,￥89.90
卡帝乐鳄鱼（CARTELO）男鞋秋冬季潮流休闲鞋子男士复古工装鞋耐磨劳保鞋 卡其 42码,￥178.00
耐克NIKE板鞋男空军一号AF1经典AIR FORCE 1秋休闲鞋CW2288-111白41,￥699.00
MUSHIJUE男鞋秋冬季2023新款阿甘平板鞋透气休闲运动跑步增高老爹鞋子男 白色 42,￥42.00
回力(Warrior)休闲鞋低帮百搭鞋子男运动男鞋 3023M 米/蓝 42,￥129.00
花花公子男鞋子男秋冬季椰子鞋透气潮增高帮男士刀锋运动鞋休闲老爹鞋子男 白色WPL221427 41,￥238.00
361度运动鞋男【飞翼2.0PRO】秋季跑鞋Q弹超科技缓震回弹鞋子男 【革面】羽毛白/油墨蓝 42,￥299.00
"线下同款	
李宁跑步鞋男鞋新款网面透气轻质减震男子运动鞋舒适马拉松训练鞋子 白 42(男9)",￥158.00
安踏（ANTA）板鞋男鞋2023冬季新款厚底户外增高休闲鞋轻质男士运动小白鞋子 【A款】象牙白/芯片灰-1 42码,￥189.00
骆驼动感（camel active）男鞋子男2023秋冬季老爹鞋男士休闲运动跑步鞋 卡其 42,￥238.00
卡帝乐鳄鱼男鞋秋季户外中帮鞋子男耐磨休闲鞋男时尚板鞋男 1322 米灰 42,￥178.00
,
李宁男鞋运动鞋子男23秋季新款SOFT软底透气高效回弹缓震跑步鞋休闲鞋 黑色/冷檀黑-5 42(内长265),￥209.00
乐漫咪男鞋2023新款秋冬季皮面休闲运动百搭平底透气跑步鞋子 灰色皮面331号HX 42码,￥116.00
海澜之家（HLA）男鞋休闲板鞋男2023秋冬新款复古休闲皮鞋男士休闲运动鞋百搭潮流 沙色（升级款）皮鞋码 42,￥339.00
耐克NIKE篮球鞋男AJ1乔1AIR JORDAN 1 LOW秋运动鞋553558-065绿黑42.5,￥639.00
罗蒙（ROMON）马丁靴男靴秋冬季潮流靴子男高帮男鞋户外工装靴男士厚底作战靴,￥308.00
花花公子（PLAYBOY）鞋子男鞋2023秋冬季板鞋男士潮流休闲鞋男款运动鞋 米色 42,￥228.00
特步（XTEP）【虎啸风生】男鞋运动鞋板鞋男夏秋季跑步鞋透气新品休闲鞋子男 帆白/茶白色/黑【虎啸风生】 42,￥99.00
361度高帮板鞋男棉鞋秋冬加绒加厚高帮大棉保暖防寒防滑休闲运动鞋 -8曜石黑/小麦褐 42,￥159.00
回力男鞋板鞋春秋季2023新款情侣男士休闲潮流鞋子男百搭厚底运动鞋 白红 42,￥79.30
回力男鞋小白鞋男秋季新款空军一号鞋子男学生百搭情侣休闲运动板鞋男 无暇白色 42,￥78.00
安踏男鞋跑步鞋2023秋冬季男士革面防水保暖轻便百搭休闲运动鞋子男 -2黑【秋冬厚网】 42,￥189.00
SKYANSELM轻奢男鞋秋冬季老爹鞋男加绒休闲鞋男士增高运动鞋软底棉鞋子男 米杏色 41,￥398.00
,
"线下同款	
361度男鞋运动鞋男跑步鞋冬季新款减震鞋轻休闲透气户外鞋子男 太空灰/工业蓝-2 42",￥139.00
百丽通勤商务皮鞋男2023新款商场同款真皮套脚乐福鞋7WM01AM3 黑色 40,￥609.00
"爱心东东	
回力棉鞋男鞋子男士冬季加绒马丁靴子男加厚保暖雪地靴2023新款高帮 灰色 41",￥79.00
新百伦官方男鞋2023秋季新款CTC系列简约时尚板鞋舒适百搭运动休闲鞋女 NB300全皮灰银 42,￥179.00
"线下同款	
乔丹QIAODAN男鞋板鞋男2023冬季新款皮面轻便运动鞋子男旅游休闲鞋潮 象牙色/苍绿 40",￥159.00
花花公子（PLAYBOY）男鞋子男2023秋冬季休闲鞋男士韩版板鞋男款低帮运动鞋 米色 42,￥228.00
回力（Warrior）运动鞋男鞋秋冬季休闲跑鞋男款耐磨减震跑步鞋子男士网面椰子鞋潮 黑色 41,￥79.00
安踏（ANTA）男鞋子漫步冬季男士运动鞋2023新款跑步鞋休闲鞋防泼水户外旅游鞋 象牙白/沙暴灰/雾灰【漫步】 42,￥239.00
骆驼（CAMEL）男士马丁靴户外百搭运动休闲复古工装鞋 GE12235362 深沙 41,￥359.00
黛提雅轻奢男鞋冬季新款阿甘鞋加绒保暖休闲鞋百搭板鞋男潮流运动鞋子男 白黑-限量款 42,￥398.00
Adidas阿迪达斯男鞋23新款DURAMO网面透气运动鞋舒适休闲跑步鞋男BB7066 BB7066 40码,￥309.00
回力男鞋运动老爹鞋秋冬季新款透气黑色软底休闲跑步鞋子男 黑色升级版 0651 43,￥75.00
"爱心东东	
森馬（Senma）高帮男鞋秋季潮流高帮篮球鞋百搭休闲运动鞋青少年厚底学生板鞋男 卡其F 41",￥148.00
李宁男鞋运动鞋男款新款黑色透气跑步鞋运动休闲鞋 标准黑/雾霾灰091-3 43,￥99.00
真维斯（Jeanswest）小白鞋子男时尚百搭运动休闲男鞋2023新款冬季男女情侣款板鞋男 白色 39,￥188.00
特步男鞋板鞋秋冬新款低帮男士慢跑鞋韩版潮流保暖小白鞋运动休闲鞋子 白红(5002) 41码,￥138.00
百丽潮搭休闲鞋男2023秋季新款牛皮革商务运动鞋加绒A1354CM3 黑色单里 40,￥669.00
Jeep吉普男鞋夏季新品英伦风商务体闲小皮鞋时尚牛皮板鞋百搭鞋子男 黑色  42,￥398.00
鸿星尔克（ERKE）板鞋男鞋秋冬款运动鞋透气滑板鞋软底低帮校园风鞋子运动休闲鞋 正白/中灰【软底】 42码,￥171.00
李宁男鞋运动鞋男板鞋冬季2023年新款休闲鞋男款跑鞋 冷灰/深海蓝-345 41码,￥209.00
者顿（zhedun）鞋子男鞋秋冬季运动鞋男士休闲鞋透气网面鞋德训老爹鞋薄款跑步鞋 MD-XA618白色 43,￥29.45
海澜之家（HLA）男鞋秋季休闲百搭男士舒适轻便潮流西装小白鞋软底免系带时尚板鞋 白棕色0469 41,￥339.00
海澜之家（HLA）马丁靴男复古百搭简约中青年休闲男靴HAAGZM4ABa0477 黑色41,￥319.00
李宁（LI-NING）乘风2.0丨休闲鞋男鞋2023新款低帮透气经典复古潮流运动鞋AGCT307 曙光灰/冷檀黑-1 41,￥298.00
双星八特跑步鞋男超轻透气网面鞋男时尚百搭休闲鞋男低帮厚底运动男鞋 沉默黑 41,￥59.90
海澜之家HLA男鞋小白鞋子男舒适百搭透气板鞋男休闲鞋男 M661卡其色42,￥339.00
百丽运动休闲鞋男2023新款商场同款真皮厚底男鞋7WD01AM3 黑色 41,￥609.00
骆驼（CAMEL）秋季新款高帮男女同款潮流皮靴户外登山运动靴 GE12235362 深沙 40,￥369.00
鸿星尔克男鞋运动鞋男老爹鞋秋冬季透气跑步鞋旅游休闲鞋子男R 正白【皮面】 42,￥159.00
逐升男鞋秋冬季户外工装鞋子男士功能鞋潮流防滑劳保鞋耐磨登山棉鞋男 FH-D01黑色 41,￥35.15
花花公子（PLAYBOY）老爹鞋男鞋2023秋冬季鞋子男士休闲鞋男厚底增高运动鞋 白色 42,￥228.00
回力男女鞋运动鞋春夏季新款潮流黑色跑步鞋情侣款百搭软底减震鞋子男 全黑色|0358 42,￥75.00
骆驼（CAMEL）男鞋新款美式复古工装鞋休闲情侣款低帮防滑户外登山鞋 G13A370005 沙色(男款) 41,￥347.00
回力男鞋休闲鞋男秋季新款潮男士百搭皮面小白鞋运动百搭板鞋子男 黑卡其 41,￥79.80
MUSHIJUE男鞋2023新款秋冬季透气工装干活运动劳保休闲防滑耐磨厚底鞋子男 卡其 42,￥37.00
"爱心东东	
RXEX春秋季新款气垫跑步鞋男女情侣百搭休闲运动鞋透气轻便舒适鞋子男 香芋紫 42",￥88.00
骆驼动感（camel active）鞋子男鞋2023秋冬季老爹鞋男士百搭休闲鞋男款运动鞋 黑色 42,￥238.00
"爱心东东	
罗宾赐轻奢老爹鞋男秋冬季新款透气软底保暖休闲鞋男潮牌皮面运动鞋子男 米白【高端皮面】 43【高档男鞋】",￥298.00
,
老人头皮鞋男冬季新款商务休闲男士真皮男鞋舒适中老年爸爸鞋 黑色-套脚 40,￥278.00
特步（XTEP）男鞋运动鞋男夏秋季新款软底网面鞋男透气轻便跑步鞋男休闲鞋子男 鸭青蓝【网面】 42,￥119.00
特步男鞋山海系列潮流百搭厚底增高休闲鞋子学生老爹鞋运动鞋 墨青蓝/鸽子灰/夕雾蓝【推荐】 41,￥299.00
潮小二加绒可选秋季男鞋棉鞋新款鞋子冬季运动休闲学生男款板鞋高帮潮鞋 卡其色 42,￥138.00
花花公子（PLAYBOY）男鞋子男2023秋冬季板鞋男款厚底休闲鞋男士百搭运动鞋 米色 42,￥228.00
回力男鞋高帮鞋男2023秋冬新款加绒男士休闲鞋子百搭运动板鞋男 白灰 42,￥79.00
骆驼（CAMEL）【丁真同款】男士户外马丁休闲工装靴 G13W076018 烟沙色 42,￥469.00
森馬（Senma）高帮秋季2023新款运动休闲青少年跑步鞋厚底增高篮球老爹鞋男潮鞋 米色[主图款] 42 标准运动码,￥114.00
新百伦N字580运动鞋男女运动跑步鞋时尚鞋情侣百搭潮鞋 碳灰橘 41,￥175.00
男鞋2022新款秋冬季学生鞋男士耐磨防水运动休闲鞋百搭轻便潮鞋跑步鞋 黑白 w908单 40,￥68.00
斯凯奇（Skechers）男鞋子 23秋季新款GO RUN轻便透气运动鞋缓震耐磨跑步鞋休闲鞋 主推款/透气/晒图返10/偏小半码 40/7.5/25.5cm,￥349.00
KAPPA男鞋秋冬2023新款增高老爹鞋子男款百搭休闲鞋轻便软底运动跑步鞋 香根草绿色 42,￥389.00
花花公子鞋子男鞋2023新款秋冬季休闲跑步增高小白鞋加绒棉鞋运动老爹鞋 白色 41码,￥198.00
無肯（WuKen）秋冬季鞋子男鞋透气板鞋男士休闲运动鞋包软底老爹帆布鞋溶解鞋 MD-301米色 42 码,￥29.90
允鹿板鞋男百搭dunk莆田官方情侣运动休闲鞋子男鞋2023新款秋冬季女鞋 黑白熊猫[内置气垫] 42码,￥158.00
意尔康男鞋休闲鞋系带舒适日常驾车鞋男士单鞋 97683W 卡其 40,￥319.90
花花公子鞋子男鞋2023新款高帮秋冬季加绒休闲复古厚底增高皮鞋潮马丁靴男 棕色 41码,￥198.00
Jeep吉普网面鞋男青年鞋子运动休闲鞋夏天透气阿甘鞋 黑灰 41,￥398.00
罗蒙（ROMON）男鞋秋冬季鞋子男商务真皮休闲鞋男士软底板鞋男英伦皮鞋男潮鞋,￥218.00
逐升男鞋子男士秋冬季透气运动鞋百搭休闲鞋板鞋男潮流跑步鞋加绒棉鞋  FH-2023灰色  41,￥29.00
海澜之家HLA男靴潮流马丁靴男户外休闲高帮工装靴子男鞋 0560 黑色 42,￥339.00
,
"线下同款	
李宁板鞋男鞋子运动休闲鞋男小白鞋春秋季新款滑板鞋低帮透气运动鞋 白色 42",￥139.00
沙驰（SATCHI）男鞋商务休闲鞋男士系带时尚舒适透气牛皮板鞋男潮鞋户外鞋办公鞋 黑色X20962212Z 41欧码偏大一码,￥759.00
花花公子男鞋2023新款秋冬季男士网面休闲加绒棉鞋子男潮流运动老爹板鞋男 勤PL160775米色 41,￥198.00
骆驼（CAMEL） 商务休闲鞋中年男士牛软皮套脚鞋 A132287560-1 黑色 41,￥379.00
李宁（LI-NING）运动鞋男星云2K中国色系列厚底舒适休闲时尚复古老爹鞋 灰靛蓝【星云2K】 41【内长255mm】,￥299.00
潮小二莆田男鞋秋冬防滑厚底休闲跑步高帮运动鞋男款内增高男生老爹潮鞋 米蓝 41,￥128.00
回力官方鞋子男鞋冬季新款保暖运动鞋男加绒加厚板鞋男厚底休闲鞋学生 白蓝灰【皮面保暖】 42,￥89.90
特步（XTEP）男鞋户外轻便跑步鞋秋冬季皮面防水运动鞋子男士潮流休闲鞋学生 黑色（皮面款） 42,￥139.00
MUSHIJUE男鞋秋冬季户外旅游运动休闲防水防滑工地干活大码工作劳保鞋子男 灰色 42,￥69.00
双星跑步鞋男鞋秋季舒适轻便皮面上班鞋子男百搭耐磨休闲鞋工作运动鞋,￥85.00
"线下同款	
安踏运动鞋男鞋秋冬季男士皮面防水保暖跑步鞋休闲鞋男户外旅游鞋子 【皮面防水】黑色 男42码",￥188.00
金利来（Goldlion）男鞋新款皮鞋商务休闲鞋气垫软底头层牛皮单鞋套脚一脚蹬懒人鞋子 黑色 39欧码,￥599.00
VANS范斯官方 线上专售Filmore Hi黑色高街风男鞋板鞋运动鞋 黑色 41,￥319.00
李宁里呈hi丨板鞋减震回弹男鞋2023中帮经典休闲鞋运动鞋AGCT283,￥378.00
香橼阁鞋子男秋季2023新款男鞋运动休闲鞋男厚底老爹鞋工作鞋潮小白鞋 黑色 42,￥55.00
回力(Warrior)马丁靴男靴潮流工装靴男休闲高帮靴子男鞋 0544 卡其 42,￥99.00
回力男鞋秋冬款运动鞋男透气时尚百搭男士休闲鞋软底缓震跑步鞋子男 陨石-黑灰 41,￥99.90
赛诺枫老爹鞋男鞋秋冬款情侣莆田鞋休闲鞋加绒潮流反光叙椰子鞋700 二代炭黑(高版本)双层包装 42 运动鞋码,￥168.00
GIAUSA轻奢品牌休闲鞋男鞋秋冬季新款加绒棉鞋男百搭增高板鞋男运动鞋子 米兰色【加绒款】-潮牌男鞋 单层 41,￥298.00
,
骆驼牌 皮鞋男士商务休闲鞋软底软皮爸爸懒人鞋子 W932263660 黑色 41,￥279.00
回力板鞋男2023春秋季新款情侣休闲百搭时尚小众设计感低帮运动鞋 米灰 42,￥79.00
特步（XTEP）【赤焰2.0】男鞋运动鞋春夏季透气网面鞋官方新品旗舰休闲鞋子男 茶白色 42,￥148.00
GIAUSA秋冬季品牌轻奢男鞋运动鞋男百搭休闲鞋男舒适鞋子男士加绒棉鞋男 黑色-皮面款 43 品牌男鞋,￥298.00
,
冬季老北京布鞋男棉鞋保暖加绒中老年爸爸休闲防滑软底加厚老人鞋大码男士一脚蹬拾映雪地靴 男款黑色 42,￥88.00
鸿星尔克官方旗舰休闲鞋男减震男鞋舒适轻便休闲鞋时尚运动鞋男士鞋子 51122302010 羽毛白/芯片蓝 43,￥179.00
花花公子鞋子男鞋2023新款秋冬季加绒休闲增高运动板鞋工装复古马丁靴男 沙色WPL1612684 41码,￥198.00
环球男士马丁靴复古经典大黄靴情侣高帮厚底工装靴男鞋 HB778 姜黄 42,￥89.00
"爱心东东	
回力男鞋高帮鞋子男2023秋季新款休闲鞋潮流男士运动鞋百搭跑步板鞋 米咖 42男",￥79.90
361°男鞋冬季运动鞋男士新款休闲网鞋旅游皮面防水秋冬保暖跑步鞋子男 乌黑色/361度白 43,￥119.00
红蜻蜓休闲鞋男春夏季透气软底商务一脚蹬男士休闲鞋皮鞋 WTA7423黑色42,￥189.00
孤圣高帮男鞋工地干活上班劳保防滑防水马丁鞋秋冬季休闲工装登山鞋子 卡其 42,￥136.00
公牛世家休闲鞋男士老爹鞋复古运动潮流鞋子男 米色 41,￥198.00
环球休闲鞋男韩版低帮男鞋简约帆布鞋百搭板鞋子男 HBL2383 米蓝 42,￥89.00
Jeep徒步鞋男户外防滑耐磨作训鞋运动跑步鞋男士越野登山鞋1260,￥328.00
361度灵跃361°男鞋运动鞋秋季轻便休闲鞋网面鞋子减震跑鞋学生男款 羽毛白/小麦褐 42,￥89.00
回力黑武士鞋子男2023秋季新款休闲鞋透气潮男运动增高软底防滑老爹鞋 米黑桔 41,￥79.00
回力商务休闲鞋男低帮工装鞋男士英伦系带皮鞋男 0650 黑色 42,￥80.10
鸿星尔克跑鞋男23秋冬季新款防泼水跑步鞋男子软底耐磨保暖革面运动鞋追云 正黑 42码,￥259.00
鸿星尔克男鞋红星运动鞋男秋冬季新款飞织透气网面男士潮流跑步休闲鞋子男 正白/浅灰(飞织) 41码,￥169.00
乔丹QIAODAN男鞋运动鞋男冬季网皮面轻便减震跑步鞋旅游休闲鞋子男 黑色/岩石灰（推荐） 43,￥139.00
JEEP SPIRIT吉普男鞋网面休闲运动鞋老爹鞋户外登山鞋子男67-2 沙色网面 42,￥259.00
奥康（Aokang）皮鞋男商务休闲鞋套脚舒适日常简约驾车休闲皮鞋黑色41码,￥239.00
安踏板鞋男奶盖鞋2023冬季新款低帮运动休闲鞋厚底增高小白鞋子男 【推荐】象牙白/浮云灰-2 41,￥229.00
回力官方高帮男鞋板鞋男秋冬新款防水运动鞋子男皮面休闲鞋男耐磨防滑 黑白熊猫【保暖防风】 42码,￥109.90
耐克NIKE运动休闲鞋男缓震ZOOM VOMERO 5运动鞋秋冬BV1358-003黑42,￥759.00
骆驼动感（camel active）男靴2023秋冬季靴子男款英伦中帮马丁靴男士百搭男鞋 卡其 42,￥228.00
特步运动鞋男鞋洄游保暖棉鞋轻便耐磨减震户外鞋 黏土色/沉香褐 41,￥359.00
海澜之家（HLA）男鞋运动鞋子男秋冬新款透气软底软面鞋男户外防滑休闲鞋男旅游鞋 卡其 42,￥339.00
耐克NIKE运动板鞋男经典复古COURT VISION秋季运动鞋DH2987-103白41,￥419.00
乔丹QIAODAN篮球鞋男鞋破影3elite运动鞋子男巭缓震耐磨实战比赛战靴,￥319.00
花花公子（PLAYBOY）板鞋男鞋2023秋冬季鞋子男士时尚休闲鞋男款低帮运动鞋 卡其色 42,￥218.00
無肯秋冬季休闲鞋男鞋子男士鞋子传统布鞋男板鞋帆布鞋运动鞋德训 MD-6636灰色 42 码,￥29.00
耐克（NIKE）男女同款篮球鞋JUMPMANPRO运动鞋DN3686-061黑白色42码,￥549.00
FKF工装鞋男鞋秋冬季防水防滑工地干活耐磨功能鞋透气劳保鞋加绒棉鞋 MD-WF613卡其色 43码,￥29.78
逐升鞋子男秋冬季休闲潮流男鞋黑色运动鞋男透气百搭工作跑步老爹鞋 FH-赛航273006黑金色-店长推荐 41码,￥48.00
GIAUSA轻奢品牌男鞋秋冬新款棉鞋男皮面老爹鞋男士休闲板鞋运动鞋子男 米白色 42,￥298.00
,
MUSHIJUE秋季男鞋2023新款冬季运动休闲平板鞋透气百搭冬季加绒小白鞋子男 白色 42,￥39.00
海之藤男鞋加绒加厚百搭透气潮鞋休闲鞋子男防滑耐磨鞋子男舒适板鞋男 经典【棕色】 39,￥298.00
特步板鞋男鞋运动鞋子男休闲鞋子百搭跑步休闲耐磨877119310016 帆白/黑/丝绒松木色 42码,￥209.00
"线下同款	
安踏男鞋休闲运动鞋秋冬季保暖皮面轻便板鞋跑步鞋子男户外训练体测鞋 -14全黑色(皮面推荐) 42码",￥188.00
宾度（J.Benato）【品牌旗舰】男鞋男士休闲鞋男时尚板鞋透气百搭黑尾小白鞋 白色黑尾-22F281 39,￥956.00
乐途菱冻PRO丨运动鞋男鞋轻量透气碳板减震跑步鞋 1119 荧光红 42,￥259.00
耐克NIKE男板鞋经典COURT BOROUGH运动鞋844881-005黑灰43,￥439.00
鸿星尔克休闲鞋男2023秋季新品舒适百搭复古老爹鞋轻便防滑运动鞋【川尘】 【猜你喜欢】蛋奶灰/灰墨蓝 42,￥209.00
七匹狼（SEPTWOLVES）鞋子男真皮运动鞋 秋冬季透气男士休闲皮鞋防臭软底牛皮休闲男鞋 白色 3285 41【255mm】,￥369.00
"线下同款	
特步男鞋板鞋子男秋冬季皮面休闲鞋户外运动休闲鞋耐磨学生板鞋男 白黑灰 41",￥119.00
回力男鞋老爹鞋男秋季新款鞋子男百搭网面透气夏季男士休闲跑步运动鞋 灰蓝-主卖款 42,￥76.90
卡帝乐鳄鱼（CARTELO）休闲鞋男鞋冬季鞋子男士棉鞋牛皮百搭旅游板鞋户外跑步运动鞋男 EY1681 深蓝（四季款） 40 标准运动鞋码,￥138.00
耐克（NIKE）男鞋2023冬新款COURT BOROUGH简版空军运动休闲鞋低帮板鞋844881 844881-005 42,￥352.00
李宁板鞋男鞋秋冬季都达低帮增高厚底滑板情侣轻便潮流百搭运动休闲鞋 鲨鱼灰/标准白 42(265mm),￥159.00
361°【遛狗鞋】运动鞋男鞋秋冬季缓震软底慢跑步鞋子男 672342215-6,￥299.00
361°运动鞋男鞋秋季网面透气软弹轻质入门慢跑步鞋子男 672322212F-4,￥159.00
海澜之家HLA男鞋百搭运动鞋男潮流老爹鞋子男舒适休闲鞋男 0497 灰色 42,￥339.00
耐克NIKE休闲鞋男经典气垫AIR MAX DAWN运动鞋FN3438-020灰白42,￥519.00
红蜻蜓 RED DRAGONFLY 男士休闲鞋气垫减增高震运动鞋时尚百搭小黑鞋子软底百搭男鞋 C0191186 黑色 40,￥229.00
,
Jeep吉普男鞋时尚百搭休闲鞋男士潮流复古鞋子男款耐磨防滑运动板鞋男,￥278.00
森馬（Senma）椰子鞋透气新款男鞋秋冬季男生潮流网面黑色运动鞋休闲百搭老爹鞋 黑色 40_标准运动码,￥139.00
意尔康男士休闲鞋2023秋冬男鞋网面运动鞋男百搭老爹鞋男潮流鞋子男 黑色E53301644 42,￥248.00
"爱心东东	
回力男鞋帆布鞋男士板鞋休闲运动鞋子男2023春夏季新款透气百搭情侣 249 | 米蓝 42",￥79.00
MLB鞋四季复古增高老爹鞋男鞋女鞋休闲鞋3ASHC101N-50BGL-260/淺米色,￥649.00
回力皮鞋男商务英伦风德比鞋正装黑色休闲鞋子系带软底新郎百搭男鞋,￥139.90
耐克NIKE秋季篮球鞋男字母哥IMMORTALITY 3运动鞋DZ7534-100白黑42,￥439.00
耐克NIKE板鞋男经典缓震COURT LEGACY运动鞋DH3162-100白41,￥289.00
骆驼动感（camel active）马丁靴男靴2023秋冬季英伦风靴子男士百搭软底中帮男鞋 卡其 42,￥238.00
海澜之家（HLA）男鞋春秋款百搭男士休闲皮鞋男舒适轻便潮流小白鞋免系带板鞋子男 白色（升级款） 41,￥339.00
鸿星尔克男鞋运动休闲鞋23冬户外软底时尚拼接百搭老爹鞋|星战51123402208,￥179.00
Dickies马丁靴男高帮秋冬季休闲工装靴男士英伦风靴子男潮流男靴 咖啡 42,￥449.00
乔丹QIAODAN男鞋实战篮球鞋秋冬款舒适减震耐磨专业训练球鞋运动鞋男 乔丹白/冰川蓝 41,￥98.89
彪马（PUMA）男女同款 基础板鞋 392290-09白-金色-树胶色 41UK7.5,￥319.00
蜘蛛王 SPIDER KING 男鞋内增高小码男士皮鞋牛皮韩版系带春秋商务休闲黑色耐磨橡胶底 203BA30566 黑色 39,￥328.00
森馬（Senma）高帮马丁靴系带时尚百搭舒适工装靴男靴 619313602 咖喱黄 41码,￥209.00
海之藤男鞋新款贝壳头板鞋男厚底增高鞋子男休闲鞋男韩版舒适百搭潮鞋 经典【米色】 39,￥238.00
鸿星尔克纵横运动鞋跑鞋缓震耐磨防滑户外登山鞋子男51123303057,￥279.00
耐克NIKE篮球鞋男乔丹JORDAN LEGACY 312运动鞋FD4332-141浅骨/蓝42.5,￥719.00
耐克（NIKE）男板鞋 2023冬季新款运动鞋时尚潮流COURT VISION低帮休闲鞋子 FV3630-131/米白-棕色 42/265/8.5,￥519.00
Jeep吉普男鞋秋冬新品百搭男士运动休闲鞋男轻便软底旅游慢跑鞋子男 沙色（运动码） 42,￥398.00
骆驼动感（camel active）马丁靴男靴2023秋冬季大黄靴潮流靴子男士户外皮靴 浅棕色 42,￥258.00
百丽时尚潮搭休闲鞋男2023新款舒适厚底工装低帮板鞋A1251DM3 黑色-单里 42,￥669.00
俊步（JUNBU）劳保鞋男冬季轻便钢包头防砸防刺穿焊工工作安全功能鞋2156-1 42,￥69.90
鸿星尔克运动休闲鞋男鞋轻便透气防滑减震时尚百搭健身运动男士鞋子 橡芽白/浅灰 42,￥209.00
安踏男鞋运动鞋冬季轻便防泼水黑色皮面跑步鞋男士休闲旅游耐磨鞋子 【透气皮面】-5浅米白/深苔藓绿 41码 /美码8,￥189.00
安踏冰糖鞋3丨王一博同款休闲鞋男女2023复古情侣休闲鞋厚底运动鞋 【男款】象牙白/一度灰/浅墨蓝-1 42,￥339.00
乔丹QIAODAN跑步鞋男运动鞋2023冬新款保暖减震防水慢跑鞋男跑鞋 黑色/铁灰 42,￥209.00
耐克NIKE休闲鞋男气垫AIR MAX TERRASCAPE90秋运动鞋DQ3987-002黑42,￥599.00
特步（XTEP）【国潮】【动力巢科技】特步跑步鞋男鞋减震轻便透气跑鞋休闲 【动力巢】白黑 42,￥299.00
鸿星尔克电池熊猫星耀|男鞋运动板鞋23秋新低帮拼接个性休闲鞋51123301094,￥239.00
奥康（Aokang）商务休闲皮鞋羊皮软底舒适系带工作鞋 黑42码,￥339.00
耐克NIKE男子运动鞋AIR FORCE1 07空军一号 板鞋休闲鞋男鞋 CW2288-111 42.5,￥739.00
罗蒙（ROMON）皮鞋男真皮秋冬季时尚豆豆鞋男士休闲皮鞋英伦软底百搭乐福鞋男鞋,￥238.00
乔丹QIAODAN男鞋2023年冬季新款皮面跑鞋防水跑步鞋潮冬季运动鞋男 乔丹白/蓝绿 41码,￥169.00
耐克NIKE篮球鞋男乔丹缓震AIRJORDAN DUB运动鞋311046-160白42,￥749.00
红蜻蜓男鞋冬款商务休闲皮鞋舒适爸爸鞋简约男士皮鞋加绒男单鞋WTA7742 黑色升级版 41,￥179.00
阿迪达斯男子跑步系列DURAMO SL M运动 跑步鞋ID9849 40码UK6.5码,￥369.00
百丽缓震科技正装鞋男2023新款商场同款真皮商务鞋7WB01AM3 质感黑 42,￥629.00
耐克NIKE板鞋男空军一号AF1 FORCE 1秋运动鞋DZ2522-001白绿42,￥769.00
韩谈【单绒可选】高帮男鞋秋季休闲板鞋增高鞋子男运动潮鞋男款冬季 米色【加绒款】T019M 42,￥126.00
361°男鞋运动鞋子男秋季新款雨屏6.0户外防泼水跑步鞋时尚透气休闲鞋 深铁灰/曜石黑 42码,￥199.00
特步（XTEP）【山海系列】特步男鞋休闲鞋经典老爹鞋防滑耐磨运动男士旅游鞋子 白灰 42,￥209.00
回力男鞋秋冬季男士板鞋男款休闲运动鞋小众厚底百搭学生大码鞋子男 星空灰 45,￥79.00
"线下同款	
安踏运动鞋男鞋秋冬男士软底皮面防泼水跑步鞋减震轻便学生休闲鞋子男 【店长推荐】5529-6经典黑 8.5/(42码)",￥188.00
耐克NIKE休闲鞋男缓震MOUNTAIN FLY2秋运动鞋DV7903-003灰42.5,￥919.00
彪马（PUMA）时尚潮流运动舒适透气休闲鞋男鞋383703-01,￥329.00
卡帝乐鳄鱼（CARTELO）布洛克男士皮鞋手抓纹软牛皮男鞋增高厚底正装鞋皮鞋男9745黑色42,￥238.00
特步板鞋男鞋运动鞋子男休闲鞋子休闲耐磨百搭跑步877119310005 帆白/新金属银 40码,￥249.00
特步男鞋运动鞋秋冬季新款透气皮面防水男士耐磨老爹鞋跑步鞋休闲鞋子 黑白-经典跑鞋(店长推荐) 42,￥169.00
彪马（PUMA）男鞋女鞋 2023秋冬季运动鞋情侣鞋板鞋复古低帮轻便休闲鞋子 383055-04/海军蓝-主推款 41,￥244.00
罗蒙（ROMON）鞋子男真皮秋季潮流男鞋时尚板鞋男士休闲皮鞋 黑色 42码,￥228.00
361度【燎原】运动男鞋 革面冬季加绒保暖老爹鞋 学生户外旅游鞋增高鞋 【鞋垫也加绒】乌黑色/浅骨色 42,￥219.00
361°运动鞋男冬征冬季高帮加绒保暖棉鞋休闲板鞋子男672146606A-6,￥199.00
KAPPA卡帕男鞋夏季运动鞋子男2023网面透气跑步休闲鞋情侣百搭老爹鞋男 C15D矿物灰 42,￥319.00
特步男鞋冬季2023新款男款皮面休闲运动鞋学生跑步鞋网面老爹鞋 白灰黑-5070 41,￥119.00
The North Face北面徒步鞋男户外防水抓地休闲拉力越野鞋5LWT KY4/黑色 42,￥1198.00
FILA 斐乐官方【张艺兴同款】可颂鞋面包鞋2023冬季男厚底休闲老爹鞋,￥879.00
安踏星光丨老爹鞋男女2023冬季情侣复古休闲鞋厚底增高运动鞋男女 【男款】一度灰/象牙白/二度灰-1 43,￥399.00
回力男鞋运动鞋男2023年秋冬季新款高帮厚底透气跑步鞋潮流百搭休闲鞋 灰黑色（2142） 43码（标准码）,￥79.10
回力官方男鞋秋冬款低帮马丁靴男保暖休闲运动鞋男靴户外工装鞋子男 卡其0969 41,￥89.90
MUSHIJUE男鞋秋季2023新款厨房工作上班防滑防水耐磨黑色冬季休闲板鞋子男 W35黑色 42,￥39.90
耐克NIKE休闲鞋男经典AIR MAX 90 GTX运动鞋DJ9779-001黑41,￥499.00
阿迪达斯 （adidas）阿迪达斯时尚潮流运动舒适跑步鞋网面男鞋减震耐磨休闲FW3890,￥219.00
探路者（TOREAD）男士23秋冬户外防滑耐磨舒适徒步鞋TFAACL91923,￥299.00
361度【澎湃】男鞋运动老爹鞋秋冬革面保暖舒适休闲鞋户外旅游鞋学生鞋 隐形灰/沉静灰 42码,￥189.00
耐克NIKE休闲鞋男经典气垫AIR MAX DAWN运动鞋DQ3991-100白42,￥419.00
卡宾（CABBEEN）板鞋男国潮休闲鞋潮流男鞋韩版百搭鞋子3221205052 白色 40,￥415.10
耐克NIKE跑步鞋男缓震泡棉INVINCIBLE 3秋季运动鞋DR2615-002黑42,￥959.00
安踏男鞋运动鞋秋季新款软底皮面防水跑步鞋男士黑色休闲鞋子男旅游鞋 象牙白/黑/灰雾蓝- 42码,￥239.00
乔丹QIAODAN男鞋运动鞋男冬季新款皮面防水减震跑步鞋子男旅游休闲鞋 黑色【皮面】-推荐  42,￥127.00
特步篮球鞋男鞋耐磨运动鞋高帮缓震实战篮球鞋879119127057 白黑紫 42码,￥198.80
耐克NIKE休闲鞋男气垫AIR MAX PULSE秋季运动鞋DR0453-002黑42,￥769.00
老人头(LAORENTOU)男鞋头层牛皮男板鞋软面耐滑松紧带聚氨酯底运动鞋男士百搭休闲皮鞋子 LA12231 黑色 40,￥299.00
李宁棉鞋男鞋复古休闲鞋新款皮面加绒低帮鞋子男款秋冬轻便运动鞋 黎明灰/砂砾灰/石灰蓝(加绒) 42,￥159.00
特步【山海系列】休闲鞋男鞋潮流男子运动鞋男士时尚老爹鞋 帆白/黑/黏土色 41码,￥269.00
安踏创跑4代丨运动鞋男鞋氮科技竞速训练缓震回弹跑步鞋子男1135585 浅雾灰/新墨水蓝-3 8(男41),￥269.00
海澜之家HLA男靴潮流户外工装靴男士中高帮马丁靴子男鞋 L482 棕色 42,￥379.00
卡帝乐鳄鱼（CARTELO）鞋子男冬季高帮加绒休闲棉鞋男鞋英伦皮鞋男潮板鞋靴 黑棕加绒 42,￥188.00
双星八特男款冬季保暖季休闲鞋皮面加绒加厚男士防滑耐磨运动跑步鞋000 黑红冬款 43码,￥37.50
彪马男女同款 基础 休闲鞋 397149-01黑色-白 41UK7.5,￥349.00
颖督马丁靴男2023秋冬新款加绒保暖高帮男鞋百搭工装靴防滑耐磨鞋子男 V37M白黑【加绒棉鞋】 42,￥207.10
孚诚劳保鞋男冬季加绒棉鞋防砸功能鞋高帮靴耐磨牛皮安全防护工作鞋LA 【实心底】冬季加绒棉287 42,￥68.00
鸿星尔克休闲鞋男软底轻便透气防滑减震耐磨运动鞋【狂澜】【100元券】 苍野灰/微晶白 42,￥249.00
阿迪达斯 （adidas）官方男鞋三叶草23秋季新款经典运动鞋低帮透气减震复古休闲鞋板鞋 深橄榄绿/浅橄榄绿/白色偏小半码 43码,￥749.00
红蜻蜓皮鞋男秋冬潮流运动系带男鞋软底休闲鞋子男 WTA41121黑色39,￥349.00
奥康（Aokang）休闲透气男鞋时尚运动皮鞋跑步鞋6233432000黑色41码,￥547.20
金利来（goldlion）男鞋男士休闲鞋时尚商务舒适套脚休闲皮鞋G506310110AAB-黑-40码,￥679.00
爱步（ECCO）商务真皮休闲鞋 透气百搭系带男士低帮皮鞋男鞋秋冬款 雅仕207124 黑色20712401001 41,￥1999.00
安踏饼干鞋丨男鞋板鞋2023休闲百搭潮流小白鞋耐磨运动鞋男 象牙白/一度灰-1 41,￥209.00
回力棉鞋男鞋雪地靴男2023冬款保暖鞋子男加绒加厚休闲运动大棉靴子男 3187灰色-加绒加厚 42,￥78.90
耐克NIKE休闲鞋男华莱士AIR HUARACHE秋季运动鞋DZ3306-002黑41,￥719.00
耐克NIKE运动休闲鞋男缓震E-SERIES AD运动鞋秋冬DV2436-003黑42,￥359.00
安踏（ANTA）【凯里·欧文同款】狂潮5篮球鞋男实战氮科技中帮运动鞋112331106 突变/粉橙-1 8.5(男42),￥799.00
骆驼动感（camel active）靴子男靴2023秋冬季韩版中帮马丁靴男款英伦系带软底男鞋 卡其 41,￥238.00
361°篮球鞋男鞋秋季网面透气耐磨减震实战球鞋运动鞋子男 672121101-3,￥199.00
鸿星尔克板鞋防滑减震软底轻便透气联名款奇弹情侣滑板鞋运动鞋【银魂】 橡芽白/淡灰蓝（男款）-升级版 40,￥279.00
双星跑步鞋男秋冬轻便运动鞋减震百搭舒适鞋子男工作气垫休闲鞋男上班,￥89.00
回力官方马丁靴子男靴秋冬季新款作战靴男士高帮运动登山靴休闲工装靴 卡其色【主图推荐款】 42,￥99.80
阿迪达斯 （adidas）男子 跑步系列GALAXY 6 OM运动 跑步鞋HP6642 42.5码UK8.5码,￥319.00
奥康（Aokang）官方男鞋 流行商务休闲皮鞋男士舒适百搭一脚蹬鞋子男黑41码,￥339.00
阿迪达斯 （adidas）男鞋运动鞋休闲鞋GY5923,￥259.00
金利来（goldlion）男鞋正装舒适柔软耐磨休闲皮鞋50873076101A-黑色-42码,￥669.00
新百伦官方旗·舰店老爹鞋男冬季休闲运动板鞋增高情侣鞋子男鞋2023新款 580米白色 41,￥139.00
赛诺枫雪地靴男东北棉鞋加绒冬季高帮防水防滑登山鞋大码保暖情侣马丁靴 浅灰色（加绒常规款） 42 标准码,￥148.00
耐克男女同款跑步鞋NIKE REVOLUTION 7运动鞋FB2207-100 白色 42码,￥359.00
京途（Jingtu）劳保鞋男冬季防滑耐磨防砸防刺安全鞋钢包头电焊工作软底绝缘棉鞋 推荐【轻便耐磨】建议大一码拍 45,￥59.90
匹克跑步鞋男鞋革面休闲百搭鞋子男士轻便舒适运动鞋男DH340017,￥169.00
"爱心东东	
罗宾赐轻奢老爹鞋男秋冬季新款休闲鞋男防滑高端运动鞋时尚透气鞋子男 白蓝 39【高档男鞋】",￥598.00
罗蒙（ROMON）皮鞋男鞋秋冬季商务休闲皮鞋男士英伦软底正装鞋增高鞋子男 黑色,￥249.00
MUSHIJUE鞋子男秋冬季2023新款工作皮面运动休闲工作防水防滑耐磨劳保男鞋 深灰 42,￥39.00
耐克NIKE跑步鞋男透气RIVAL FLY 3秋季运动鞋CT2405-400皇家蓝42,￥469.00
海澜之家HLA男鞋百搭休闲鞋子男士低帮皮鞋男户外工装鞋男 0548 黑色 42,￥339.00
,
海澜之家（HLA）男鞋休闲鞋板男秋冬加绒防滑耐磨板鞋中青年时尚简约百搭鞋子 黑色【低帮四季款】HAAXXM2AB70338 41,￥259.00
鸿星尔克休闲鞋男软底防滑轻便老爹鞋透气减震休闲运动鞋【浔系列-宪章】 未漂原色/铅笔灰 42,￥249.00
"线下同款	
李宁男鞋板鞋休闲鞋男春秋季高帮新款耐磨防滑革面轻质滑板鞋运动鞋子  标准白/ 公牛红 42码",￥149.00
乔丹QIAODAN板鞋男鞋秋季新款轻便休闲鞋增高运动鞋男鞋子 月牙色黑色 39,￥98.00
crocs卡骆驰男士圣克鲁兹一脚蹬休闲鞋10128 卡其-261 41/42(260mm),￥399.00
361°篮球鞋男鞋秋冬季高帮革面学生训练实战运动鞋子男 672341117-4,￥219.00
安踏【奶盖鞋】板鞋男鞋2023年秋冬厚底运动休闲滑板鞋男皮面保暖鞋子 白/黑8012-5 8码 41,￥209.00
安踏（ANTA）骜杰 | 休闲鞋男女2023冬季滑板文化运动鞋子潮流面包板鞋 【男款】象牙白/盐榄绿/泥沙灰 43,￥339.00
百丽正装皮鞋男2023秋季新款牛皮系带休闲皮鞋通勤商务鞋A1184CM3 黑色 42,￥609.00
李宁（LI-NING）SOFT跑步鞋男鞋新款轻减震回弹透气跑鞋运动休闲鞋赤兔6代跑步鞋 黑色-1 42码,￥175.00
范思哲Versace Jeans Couture 23秋冬男士休闲板鞋 黑色 42礼物,￥2399.00
鸿星尔克凌跃2.0跑鞋男鞋秋冬季新款软弹减震男子跑步鞋防滑黑色运动鞋子 正黑 42,￥209.00
塔尔盾劳保鞋男士防砸防刺穿钢头电焊工冬季高帮棉款加绒防护功能鞋工地 A米黄 轻便舒适  四季款 42,￥89.00
361度篮球鞋男鞋【荆棘】冬季新款运动鞋实战室外水泥克星训练鞋 黑炭灰/漂白浅绿 41,￥339.00
斯凯奇（Skechers）秋季户外机能老爹鞋休闲运动鞋男237145BBK全黑色39.5,￥499.00
回力 棉鞋男高帮加绒加厚棉鞋 室外软底吸汗休闲鞋户外马丁靴 WBN-3187 黑色 42,￥129.00
特步奇袭男板鞋复古休闲鞋878319310024 黑/木炭灰/新荧光绿 42码,￥259.00
百丽时尚休闲鞋男2023秋季新款牛皮革舒适厚底工装鞋A1308CM3【预售】 黑色 42,￥639.00
鸿星尔克休闲鞋男防滑减震软底轻便耐磨时尚健身跑步运动鞋【伍岳独尊】 暖亚麻/沉静灰 41,￥229.00
意尔康男鞋 休闲鞋男2023冬季新款简约时尚高帮板鞋男加绒保暖男棉鞋 黑色 41,￥369.90
HLA海澜之家马丁靴男士高帮男靴复古工装鞋子户外男大黄靴子男 HAAGZM2AAY0009 卡其色（偏大一码） 41,￥239.00
鸿星尔克休闲鞋男防滑减震舒适透气软底百搭时尚运动鞋【天狼】 橡芽白/藏深蓝 42,￥179.00
双星男鞋运动鞋冬季加绒保暖棉鞋男士跑步鞋皮面百搭休闲鞋 9641-1 全黑/加绒 41,￥89.00
斯凯奇丨Skechers秋冬加绒复古情侣运动鞋男经典老爹鞋女增高厚底熊猫鞋,￥479.00
七匹狼（SEPTWOLVES）男鞋秋季鞋子男百搭板鞋男士皮鞋休闲鞋男潮鞋W8313083051黑棕 40,￥258.90
