﻿Column1,Column2
Name,Price
有棵树防走光硅胶胸贴女婚纱吊带用乳贴防凸点胸贴小胸专用 1对圆,￥9.90
FitonTon3对乳贴防滑防凸点胸贴婚纱女夏季薄大胸防走光无痕硅胶文胸贴,￥19.80
叶兹一次性男士乳贴马拉松运动专用胸贴防凸超薄隐形无纺布3.5cm40片,￥25.00
南极人3对乳贴防滑防凸点胸贴婚纱女夏季薄大胸防走光无痕硅胶文胸贴,￥17.90
浪莎硅胶胸贴乳贴隐形文胸防凸点内衣女聚拢婚纱小胸专用浅肤色B杯,￥37.90
猫人（MiiOW）5对胸贴婚纱乳贴胸罩女士内衣女无肩带无痕内衣文胸防凸点防走光,￥35.00
HOW DO U DOOL韩国男士一次性乳贴防凸点超薄隐形马拉松运动防摩擦乳头贴 运动专用3cm  /  20贴试用装,￥19.90
有棵树硅胶胸贴女防走光凸点隐形文胸吊带婚纱用小胸专用乳贴 薄 B,￥59.90
FitonTon3对乳贴防滑防凸点胸贴婚纱女夏季薄大胸防走光无痕硅胶文胸贴,￥29.90
南极人4对乳贴防滑防凸点胸贴婚纱女夏季薄大胸防走光无痕硅胶文胸贴,￥19.90
Fiton Ton内衣女胸贴聚拢上托隐形文胸硅胶胸垫无钢圈乳贴婚纱用无痕晚礼服胸罩女士内衣羽毛侧翼WX0006肤色B,￥27.90
南极人防过敏硅胶隐形胸贴无肩带内衣女聚拢前扣无痕防凸点乳贴婚纱文胸,￥26.90
ubras硅胶胸贴内衣女防走光隐形吊带婚纱专用乳贴 无胶自粘款裸感肤,￥58.00
南极人胸贴聚拢上托隐形文胸硅胶无钢圈乳贴婚纱用无痕问胸罩内衣粉肤B,￥26.90
叶兹 绸缎面一次性乳贴防凸点胸贴乳头贴吊带乳晕贴 5对圆形+5对花型,￥16.80
世喜乳盾新生儿奶盾大乳头保护罩乳贴喂奶神器吸奶辅助奶嘴双层矫正器,￥69.00
宝娜斯胸贴聚拢上托隐形内衣女文胸硅胶乳贴婚纱用无痕晚礼服胸罩肤色B,￥29.90
FitonTon2对内衣女胸贴婚纱隐形内衣夏季透气无肩带内衣胸贴聚拢防汗乳贴,￥29.90
FitonTon一次性男士乳贴游泳运动专用胸贴防汗防水防凸点男士超薄隐形无痕,￥19.90
浪莎硅胶胸贴隐形文胸聚拢硅胶胸垫婚纱女士小胸乳贴防滑无痕美背内衣穿泳衣比基尼 D杯,￥29.90
浪莎胸贴女硅胶无肩带内衣无痕防凸点乳贴小胸聚拢隐形文胸  B罩杯,￥59.00
幸棉（LUCKMEEY）硅胶乳贴防凸点防滑胸贴女士薄婚纱吊带无痕【1对装】 圆形,￥9.90
FitonTon3对装提拉胸贴防滑防凸点胸贴婚纱隐形硅胶乳头贴女夏防走光胸贴,￥39.90
有棵树【一对尝鲜装】防走光硅胶乳贴女吊带胸贴隐形防凸点小胸 【一对尝新】1对圆,￥9.90
贝亲（Pigeon）乳盾乳头保护罩 硅胶保护器新生儿乳头贴 喂奶防咬乳头奶盾两只装 M码 乳头直径13mm-16mm,￥58.00
浪莎内衣女硅胶隐形胸贴透气芒果杯隐形文胸聚拢无痕防滑内衣 透气隐形芒果杯-肤色 B杯,￥10.90
贝亲（Pigeon）一次性薄透气哺乳期溢奶垫乳贴乳垫  独立包装 132片装 PL163,￥32.50
婧麒（JOYNCLEON）防溢乳垫哺乳期防漏一次性超薄透气隔奶垫溢奶乳贴 Jyp59311,￥18.90
德佑一次性防溢乳垫100片透气溢乳贴哺乳期产后隔奶喂奶垫柔软防脱落,￥31.90
马博士 大乳头保护罩乳盾新生儿奶盾乳贴喂奶神器防咬乳头辅助奶嘴器2只,￥19.80
莫代尔胸贴女聚拢上托隐形文胸硅胶胸垫无钢圈乳贴婚纱吊带用防凸点胸贴小胸平胸专用加厚拍结婚照 常规款【1.2cm厚 收纳盒】 B杯【推荐32-36/70-80B】,￥35.10
十月结晶一次性防溢乳垫乳贴漏奶垫贝壳30片,￥13.90
嫚熙（EMXEE）防溢乳垫一次性超薄透气 哺乳期喂奶溢乳贴喂奶垫防测漏100片,￥26.90
猫人（MiiOW）隐形内衣女胸贴婚纱透气文胸无痕乳贴防水防走光 肤色B,￥39.90
浪莎硅胶胸贴女隐形文胸聚拢提拉胸垫婚纱礼服女士乳贴防滑无痕防凸点游泳防走光 提拉胸贴圆形 1对装,￥15.90
铂呐苓一次性乳贴女无纺布胸贴隐形婚纱无痕透气超薄跑步游泳乳晕文胸贴 一次性乳贴花型+圆形【50对装】,￥25.80
叶兹 胸贴女婚纱礼服吊带用聚拢上托拍照专用隐形大胸乳贴 C杯,￥56.00
兰思诺（LANSINOH）防溢乳垫一次性溢乳贴蓝芯升级轻薄防漏隔奶垫 36片,￥26.00
南极人40片一次性男士乳贴马拉松运动专用无纺布跑步胸贴防凸点超薄隐形,￥22.90
全棉时代防溢乳垫乳贴产后哺乳喂奶柔薄型一次性纯棉独立包装88片/袋,￥44.90
爱慕女士胸贴薄款隐形无胶自粘硅胶乳贴 礼服之下AM939182 肤色 均码,￥49.00
奶糖派大杯乳贴大轻芒聚拢文胸透气不闷汗无痕防凸点芒果杯 2码,￥89.00
浪莎硅胶胸贴女聚拢加厚上托隐形文胸抹胸胸垫无钢圈乳贴婚纱用无痕晚礼服胸罩性感聚拢小胸中厚款上托A杯,￥59.90
WATERTIME/水川 胸贴女聚拢硅胶隐形防滑防走光轻薄泳衣比基尼乳贴,￥39.00
十月结晶一次性防溢乳垫溢乳贴3D贴合超薄透气溢奶哺乳期乳垫 【热推组合】208片,￥39.90
叶兹一次性蕾丝乳贴大胸防凸点超薄款防走光胸贴隐形透气 5对装,￥21.90
幸棉（LUCKMEEY）内衣女士布面胸贴聚拢上托显大隐形秋冬季无钢圈文胸婚纱礼服乳贴,￥79.90
宝娜斯硅胶乳贴五对无痕隐形无肩带文胸防滑凸点胸贴婚纱女夏大胸防走光,￥29.90
奶糖派大胸夏季超薄边缘防水防凸点分码隐形哑光裸感无痕乳贴 8CM-1对,￥29.90
宝娜斯胸贴聚拢上托隐形文胸硅胶无钢圈乳贴婚纱用无痕问胸罩内衣粉肤B,￥29.90
南极人（Nanjiren）深V礼服胸贴婚纱乳贴女士夏季薄大胸防走光无痕硅胶文胸贴,￥39.90
南极人10对乳贴婚纱礼服内衣女防凸点胸贴薄无痕硅胶无肩带文胸防走光,￥39.90
FitonTon胸贴女硅胶胸贴无肩带内衣无痕防凸点乳贴隐形胸贴婚纱聚拢文胸C,￥29.90
有棵树（YOUKESHU）女士胸贴婚纱专用防走光一次性隐形无痕小胸乳贴10对圆+5对花均码,￥39.90
RCFCUHT夏季防凸点乳贴薄款大胸防走光胸贴女婚纱吊带用乳头贴硅胶文胸贴 常规款梅花1对装,￥3.80
南极人内衣女士内衣硅胶胸贴婚纱隐形文胸防走光乳头贴 2对花 均码,￥6.90
ubras23年新品无痕胸贴婚纱薄款隐形内衣女敏感肌乳贴聚拢婚纱礼服小胸 店长推荐！无胶自粘款（裸感肤） 均码,￥59.00
有棵树（YOUKESHU）女士胸贴小胸聚拢显大硅胶胸贴女隐形文胸婚纱专用内衣 肤色 薄 A,￥69.90
宝娜斯提拉式乳贴女五对装内衣女胸贴聚拢上托隐形文胸硅胶胸垫婚纱用,￥29.90
南极人（Nanjiren）聚拢提拉胸贴上托隐形文胸硅胶无钢圈乳贴婚纱用无痕文胸罩内衣B,￥29.90
铂呐苓一次性乳贴男士游泳跑步马拉松运动专用胸贴日常防汗防摩擦防凸点 乳贴【一次性装】120片,￥22.80
十月结晶防溢乳垫夏季超薄款哺乳期秋季产后防漏一次性乳贴孕妇 【贝壳款】30片,￥11.50
叶兹无纺布乳贴马拉松隐形透气薄款运动专用防汗防凸点肤色圆形5对装,￥16.90
蜜桃杯泳衣胸贴透明小胸聚拢隐形比基尼硅胶防水防汗夏季专用吊带乳贴 隐形胸贴+透明包 A,￥69.00
有棵树（YOUKESHU）女士胸贴小胸聚拢显大硅胶胸贴女婚纱专用内衣隐形文胸 肤色 薄B,￥69.90
FitonTon隐形硅胶胸贴无肩带内衣女聚拢前扣无痕防凸点乳贴婚纱隐形文胸B,￥26.90
Mickeybobo硅胶乳贴防凸点通用婚礼外出小胸隐形胸贴女日常使用吊带裙礼服 固态乳胶款,￥1.00
ubras23年新品云柔网眼木瓜杯乳贴加厚胸贴内衣女礼服婚纱照隐形文胸 木瓜杯-薄款 L,￥99.00
铂呐苓胸贴 乳贴婚纱女隐形防走光防凸点聚拢薄款无痕防滑硅胶乳贴 乳贴【3对罐装】,￥17.80
安可新防溢乳垫30片一次性棉柔透气乳贴喂奶溢奶隔奶垫防漏乳垫3D纤薄款,￥9.90
铂呐苓胸贴 内衣女聚拢胸罩防滑上托隐形硅胶乳贴婚纱用无痕晚礼服肤色 小芒果透气【肤色】 B(70C-80B),￥19.80
宝娜斯胸贴女6.5cm隐形乳贴硅胶夏季薄款防凸防走光吊带乳头贴 10对装 【独立装】10对圆形 6.5cm【适ABC杯】,￥29.90
PureUP1对乳贴防滑防凸点胸贴婚纱女夏季薄大胸防走光无痕硅胶文胸贴 【1对】颜色随机 默认,￥11.40
南极人文胸隐形内衣女胸贴婚纱薄款一次性乳贴防凸点 无纺布乳贴 均码,￥19.90
静夜色乳贴女提拉胸贴婚纱防下垂防凸点大胸隐形透明上托透气硅胶乳头贴 【AB杯8cm】圆形 提拉贴,￥14.47
杭香莉乳贴防滑防凸点胸贴婚纱女夏季薄大胸防走光无痕硅胶文胸贴 F008彩色10根,￥11.50
浪莎硅胶胸贴胸垫隐形文胸聚拢布艺婚纱女士小胸乳贴内衣加厚3cmB罩杯,￥59.90
猫人女士内衣女乳贴胸罩无肩带无痕文胸聚拢防滑胸贴婚纱防凸点防走光,￥39.90
开丽（Kaili）防溢乳垫  一次性防溢乳贴溢奶垫速吸透气乳贴100片,￥29.30
铂呐苓胸贴加厚内衣女婚纱聚拢硅胶内衣乳贴女小胸显大隐形内衣文胸贴 加厚胸贴A杯【5cm】,￥35.80
北极绒内衣女胸贴聚拢上托隐形文胸硅胶胸垫无钢圈乳贴婚纱用无痕晚礼服胸罩女士内衣 肤色蝴蝶无肩带 B罩杯,￥25.90
北极绒乳贴防凸点一次性胸贴女士夏季隐形薄款透气吊带乳头贴舞蹈生专用,￥39.90
芬腾2件装隐形胸贴内衣女聚拢文胸乳贴婚纱用无痕晚礼服胸罩68FT45,￥55.00
都市丽人无痕乳贴防滑防凸点乳贴胸贴隐形内衣文胸贴1对装 肤色YY1201 均码,￥17.80
HSIA遐 舒适透气棉质乳垫隐形防凸防走光胸贴 乳贴超薄乳贴防凸点 肤色,￥15.00
雪茜曼4对乳贴防滑防凸点胸贴女士婚纱防走光乳头贴无痕硅胶胸贴 圆形,￥19.90
兰思诺（LANSINOH）乳头保护罩乳头皲裂保护硅胶乳贴防咬缓解哺乳不适 20mm(S码) 乳盾24mm（M码）,￥59.90
幸棉（LUCKMEEY）布面胸贴女士小胸显大隐形文胸吊带结婚婚纱聚拢乳贴 中肤色 薄款 推荐B杯,￥79.90
十月结晶 防溢乳垫一次性母乳垫孕妇乳贴母乳防漏贴防溢贴升级款盒装 立体乳垫100片*1盒,￥29.90
猫人（MiiOW）内衣女硅胶提拉胸贴女婚纱用聚拢上托乳头贴防凸点 2对装 均码,￥19.90
蕉内504A无痕硅胶胸贴女婚纱乳贴防凸防走光贴乳头贴性感夏季隐形 肤色,￥59.00
铂呐苓胸贴 硅胶乳贴聚拢上托隐形文胸前扣无痕防凸点晚礼服婚纱用 文胸【硅胶粉肤款】 B码,￥24.80
"爱心东东	
任朵一次性男士专用胸贴防凸点乳贴跑步用运动马拉松乳头贴无痕 肤色10贴(试用装)",￥3.00
RCFCUHT硅胶提拉胸贴女婚纱用聚拢上托夏季隐形乳贴防凸点吊带专用乳头贴 （1对装）提拉款6.5cm1对圆形适,￥4.90
滑翔蚁一次性乳贴防凸点夏季隐形薄款透气胸贴女吊带用舞蹈生专用 圆形 40片,￥11.61
南极人隐形内衣女胸贴婚纱透气文胸无痕乳贴防脱落 芒果杯-2对装 B,￥27.90
北极绒隐形文胸聚拢婚纱泳装内衣胸罩防滑无痕美背吊带肩防走光内衣女士硅胶胸贴乳贴 肤色硅胶胸贴 B罩杯,￥29.90
十月结晶防溢乳垫一次性溢奶垫孕妇乳贴母乳防漏贴不可洗 30片,￥13.90
ubras无痕硅胶胸贴 聚拢内衣女夏季防走光隐形文胸吊带婚纱专用 灭菌娇点保护贴5对装(白色) 均码,￥19.00
浪莎 胸贴薄款透气隐形文胸聚拢硅胶胸垫婚纱女士小胸乳贴防滑无痕美背吊带内衣穿泳衣比基尼蝴蝶B,￥59.00
乳贴防凸点大胸兔耳朵提拉防垂硅胶防水防凸点隐形文胸聚拢花型胸贴乳贴内衣 观瑜 花型1对+圆型1对 均码,￥48.00
康玛士 男士专业胸贴薄款防凸点隐形乳贴运动透气防摩擦乳头贴夏季 白色升级款共60片（30片/盒）,￥29.90
蜜桃杯胸贴女婚纱用小胸加厚聚拢隐形新娘蕾丝伴娘礼服乳贴冬 新娘胸贴  小胸聚拢【白色蕾丝】 E杯（薄杯0.8厘米）,￥99.00
奶糖派【一次性乳贴10对装】超薄次抛易贴亲肤隐形防走光大胸胸贴,￥29.90
遐HSIA内衣乳垫超薄乳贴防凸点舒适透气棉质隐形防走光内衣文胸配件AL0003肤色均码,￥15.00
铂呐苓胸贴 乳贴聚拢上托隐形无痕婚纱用文胸夏防凸点晚礼服乳贴内衣女 芒果胸贴前扣羽翼【肤色】 B码,￥19.80
北极绒（Bejirog）提拉胸贴女夏季婚纱吊带用聚拢大胸薄款防凸点隐形硅胶乳贴,￥29.90
RCFCUHT防凸点乳贴夏季薄款大胸防走光乳头贴胸贴女婚纱吊带用硅胶文胸贴 10片装圆形一次性,￥2.80
NIPEAZE美国NipEAZE男士乳贴防凸透气运动日用夏季胸贴隐形乳头贴 生活版 直径3.2cm 12对/盒,￥78.00
浪莎 硅胶胸贴性感隐形乳贴隐形薄款无感透气无肩带文胸内衣超薄防滑防走光吊带礼服无痕胸贴,￥29.90
铂呐苓胸贴 内衣女聚拢胸罩防滑上托网眼隐形乳贴婚纱用无痕晚礼服肤色 网眼透气芒果 B码,￥19.80
幸棉（LUCKMEEY）  内衣隐形专用乳贴女士薄款防走光防凸点保护胸贴 【1对装】圆形,￥12.90
十月结晶防溢乳垫一次性溢奶垫孕妇乳贴母乳防漏贴不可洗 【花瓣超柔】100片,￥28.90
施贝柔 乳房冷热敷垫乳贴喂奶哺乳神器堵奶冰敷袋疏通乳腺催奶敷侧乳,￥41.90
铂呐苓乳贴男士胸贴马拉松游泳跑步运动专用胸贴日常防汗防滑防凸点 肤色100片+透明色100片,￥25.80
多菲尼森（dophnison）一次性乳贴50对装男士胸贴跑步马拉松运日常防汗水防摩擦防凸点薄 3.5cm/50对装 肤色圆形,￥25.00
HOW DO U DOOL韩国男士胸贴一次性乳贴防凸点马拉松防摩擦隐形无痕乳头贴 无纺布12贴 3.5cm 试用装,￥19.90
猫人（MiiOW）防走光贴领口神器防漏防滑衣服胸口隐形固定贴一字肩裙子强力胶贴 20片/包 长8.5cm宽1.4cm,￥9.90
谢太太乳贴防滑防凸点胸贴婚纱女夏季薄大胸防走光无痕硅胶文胸贴 提拉款1对圆形款(6.5cm)适合AB #0,￥14.60
HOW DO U DOOL韩国一次性男士胸贴乳贴防凸点运动防摩擦超薄透气乳头贴中间无胶 无纺布100贴 3.5cm,￥109.00
AWMBEL无胶体温自粘硅胶胸贴乳贴隐形乳头贴防凸点硅胶胸贴四季薄款jm8 黑科技无胶体温自粘【肤色3对】,￥188.00
十月结晶防溢乳垫一次性超薄哺乳期产后月子期防溢乳贴 单盒100片,￥39.90
猫人（MiiOW）无痕胸贴婚纱隐形无肩带内衣女美背薄款无钢圈文胸性感聚拢胸罩,￥39.90
蕉内508A胸贴女婚纱用隐形防走光贴防凸点无痕一次性硅胶乳贴7对 灰肤*7对,￥69.00
静夜色一片棉婚纱专用胸贴女防滑小胸聚拢吊带礼服专用硅胶隐形内衣乳贴 【婚纱可用】肤色 薄款A杯,￥24.50
浪莎 束胸带乳贴胸贴提拉胶带防凸漏点胸通用不挑胸形收副乳聚拢礼服婚纱游泳隐形文胸欧美网红贴肤色,￥39.00
有棵树硅胶胸贴女婚纱专用聚拢小胸显大加厚胸吊带隐形内衣文胸 肤色（薄）B杯,￥69.90
蜜桃杯4cm加厚胸贴小胸平胸显大专用聚拢上托隐形不掉无痕婚纱吊带乳贴 浅肤【加厚4cm 显大三角杯】 B杯,￥88.00
RCFCUHT硅胶乳贴无肩带内衣女小胸防走光吊带胸贴女婚纱用隐形防凸点薄款 精装自然肤（1对）,￥6.90
小白熊 一次性防溢乳垫 轻薄透气溢乳贴哺乳期防漏奶垫08672/08673 100片装透气防漏08672,￥29.90
欧贝妮 乳头保护罩凹陷喂奶神器乳贴母乳戒奶乳头贴乳盾辅助贴内陷哺乳 小号（2个装）,￥19.00
新安怡（AVENT）防溢乳垫哺乳期产后一次性棉透气防漏奶垫乳贴抗菌款,￥78.00
微光里 一片式提拉胸贴 侧翼防外扩无痕婚纱礼服内衣透气 防水隐形乳贴 肤色 M,￥19.00
ocheers英国防溢乳垫一次性超薄透气隔奶垫产妇产后喂奶哺乳期防漏溢乳贴,￥23.80
NIPEAZE美国NipEAZE男士乳贴防凸透气运动马拉松夏季胸贴隐形乳头贴 运动加大 直径2.5cm 12对/盒,￥88.00
滑翔蚁硅胶隐形胸贴女孕妇拍照聚拢婚纱吊带用乳贴无肩带文胸薄款大胸 肤色 A,￥16.84
诺绵一次性防溢乳垫哺乳期诺棉孕妇宝妈超薄防漏乳贴隔奶垫不可洗 第1代（纤巧款）,￥39.90
南极人防过敏胸贴女聚拢上托婚纱吊带用小胸显大胸芒果无肩带隐形内衣夏,￥15.00
唐晓笙无痕薄款乳贴防凸点薄款体温自粘硅胶胸贴女隐形小胸硅胶乳头贴 乳贴,￥7.98
HOW DO U DOOL韩国一次性乳贴男士白衬衫胸贴防凸点运动马拉松防摩擦男士胸贴 透气孔/肤色/104贴,￥149.00
有棵树防走光乳贴女婚纱吊带用硅胶胸贴夏季隐形防凸点小胸平胸用 5对圆+5对花,￥59.90
宝希兰乳贴防滑防凸点胸贴婚纱女夏季薄大胸防走光无痕硅胶文胸贴 适合AB;套餐 1对肤色圆形款 提拉款【直径6.5cm】,￥14.90
俞兆林内衣胸贴女聚拢上托隐形文胸硅胶无痕防滑乳贴婚纱吊带女士胸罩A,￥39.90
透气乳贴防凸点隐形提拉胸贴可水洗硅胶婚纱吊带胸垫大胸聚拢 兔耳朵【AB杯通用】【肤色】,￥15.80
斯米莱无胶乳贴胸贴女体温自粘防凸点过敏乳头贴夏显小婚纱用隐形吊带用 肤色,￥39.90
爱慕内衣女隐形硅胶防凸点文胸 胸贴乳贴AM930012肤色B,￥128.00
幸棉（LUCKMEEY）超薄透气隐形乳贴女士防凸点婚纱礼服内衣秋冬季无痕胸贴 常规款,￥49.90
蜜桃杯胸贴女加厚6厘米小胸平胸专用隐形无痕婚纱乳贴吊带内衣 浅肤色【加厚6cm-A杯】 均码,￥78.00
浪莎 一次性乳贴50对装胸贴婚纱乳头贴无痕透气薄款性感自游泳乳晕贴吊带胸罩贴营男女防凸点,￥99.00
弈姿 胸贴 女士泳衣硅胶乳贴 透气防走光防凸点比基尼胸贴 Ezi20106 肉色 薄款,￥19.00
都市丽人夏季女士无痕乳贴防滑防提拉乳贴隐形文胸贴硅胶乳贴2对装YY2200 YY2200 Free,￥18.00
浪莎（langsha）胸贴女小胸平胸专用超厚聚拢上托隐形加厚礼服显胸大夏婚纱用 肤色 A,￥49.00
"爱心东东	
浪莎（LangSha）乳贴防凸点乳头贴胸贴女文胸贴超薄款婚纱硅胶小胸乳晕贴 纯棉胸垫一对(无粘性)_一对直",￥15.12
MOXTOC胸乳贴女婚纱用聚拢隐形文胸 法式黑蕾 B,￥258.00
FIZ无痕隐形胸贴防凸点学生舒适内衣硅胶乳贴吊带礼服专用夏天必备女 有胶款-白皙色-1对装,￥29.90
Qbily100片装一次性男士乳贴游泳跑步胸贴防摩擦防凸点薄隐形胸贴 100片装【肤色】,￥35.00
梦幻花瓣3对装乳贴防滑防凸点胸贴婚纱女夏季薄大胸防走光无痕硅胶文胸贴 肤色 3对装【简装】,￥11.80
梦幻花瓣防走光加大天然乳胶超薄胸垫防凸点透气内衣瑜伽服泳衣乳贴插片 肤色 直径10厘米【3对装】,￥18.00
宝娜斯芒果胸贴女吊带用夏季薄款防滑透气聚拢上托隐形乳贴防凸婚纱礼服 【A杯】肤色×2,￥39.90
北极绒胸贴胶带提拉一次性束胸带乳贴聚拢胸贴弹力布 肤色一卷 均码,￥39.00
雪茜曼2对胸贴聚拢上托隐形文胸提拉式乳贴婚纱礼服硅胶胸垫 6.5cm,￥29.00
RCFCUHT硅胶提拉乳贴聚拢上托性感胸贴女婚纱用隐形防凸点小胸显大吊带用 （1对装）提拉款6.5cm1对花形适,￥4.90
浪莎（LangSha）大牌文胸泰国天然乳胶模杯胸垫瑜伽胸垫插片式文胸配件互换内衣垫 乳胶原色M码【透气不闷】,￥48.00
AWMBEL兔耳朵提拉大胸胸贴乳贴女夏季薄款隐形内衣聚拢上托性感jm9 肤色小号两对装【适合AB罩杯】,￥199.00
川崎（KAWASAKI）胸贴女聚拢硅胶隐形防滑防走光轻薄泳衣比基尼乳贴无痕防凸点吊带,￥29.00
铂呐苓一次性乳贴男士胸贴马拉松游泳跑步专用防凸点隐形无纺布防摩擦 无纺布乳贴【一次性装-肤】140片,￥25.80
TOSWIM拓胜硅胶乳贴婚纱礼服防凸点文胸贴 游泳健身防走光胸贴,￥39.00
浪莎内衣女胸贴透气薄款隐形乳贴上托硅胶垫婚纱礼服防滑无痕文胸肤色,￥29.90
北极绒乳贴防凸点一次性胸贴女士夏季隐形薄款透气乳头贴吊带舞蹈生专用 30对圆形（60片）,￥29.90
FitonTon3对装胸贴女硅胶提拉胸贴婚纱聚拢女夏隐形乳头贴吊带防凸点乳贴,￥29.90
猫人（MiiOW）2对装女胸贴婚纱乳贴隐形文胸聚拢透气防滑泳衣内衣大小胸防凸点,￥29.90
千梦彤胸贴马拉松乳贴一次性胸贴隐形一次性乳贴隐形防凸点运动婚纱 无纺布乳贴2对肤色+2白色,￥3.17
硅胶提拉胸贴女吊带用聚拢上托乳贴大胸专用薄款婚纱用乳头防下垂 【6.5cm】1对圆型,￥18.00
南极人硅胶胸贴聚拢文胸婚纱隐形内衣女士无肩带内衣蜂巢透气硅胶乳贴性感防滑无痕胸罩2件装 【黑色+肤色】-透气款 B杯,￥29.90
Carey Kay夏季乳贴隐形胸贴女婚纱专用大胸显小防凸点硅胶文胸内衣吊带专用 黑科技无胶款 均码,￥39.00
晴碧琳（Qbily）30对一次性无纺布乳贴秋文胸隐形内衣女胸贴婚纱一次性乳头贴无痕 圆形30对,￥23.00
蜜桃杯胸贴婚纱小胸加厚聚拢硅胶隐形文胸乳贴薄款大夏季 0.5cm超薄A杯 均码,￥69.00
猫人（MiiOW）2对装乳贴女士内衣女胸罩无痕文胸隐形防凸点防走光胸贴婚纱,￥19.90
浪莎胸垫显胸大插片小胸平胸专用加厚文胸垫片内衣垫胸神器假胸4/6CM 6CM分体胸垫一对,￥58.00
RCFCUHT防凸点乳贴夏季薄款隐形大胸小胸防走光硅胶胸贴女婚纱用吊带专用 圆形1对袋装,￥4.60
凌登乳贴防滑防凸点胸贴婚纱女夏季薄大胸防走光乳头贴隐形硅胶文胸贴 1对圆形 均码（独立袋装）,￥9.90
宝娜斯硅胶提拉上托胸贴女防凸点乳贴夏季隐形ABCD杯乳头贴防走光 4对装 【6.5cm】4对圆形【适合AB杯】 均码,￥29.90
RCFCUHT胸贴女婚纱用硅胶隐形吊带礼服专用乳贴大胸薄款小胸加厚聚拢防汗 超薄款(大胸推荐)-D杯送乳贴1对+,￥17.90
原支纱一次性乳贴防凸点蕾丝隐形胸贴女夏季薄款小大胸透气乳头贴防过敏 40片肤色,￥18.12
曲线主义胸贴无痕隐形硅胶乳贴文胸小胸薄款透气防凸点新娘婚纱秋季女 裸感肤色（一对装）,￥59.00
叶兹美背内衣硅胶隐形文胸小胸聚拢婚纱上托防滑胸贴礼服乳贴无痕泳衣,￥39.00
光格一次性男士专用胸贴防凸点乳贴跑步用运动马拉松乳头贴无痕夏季 肤色100贴装,￥10.00
滑翔蚁隐形硅胶胸贴女夏季薄款防滑小胸专用聚拢上托婚纱吊带用乳贴 经典肤色一对 B,￥18.81
有棵树硅胶胸贴女夏季薄款防凸点隐形聚拢吊带婚纱用小胸乳贴 薄款C,￥59.90
南极人硅胶乳贴防凸点隐形胸贴大胸专用女婚纱防下垂夏季薄款2对装 圆型(2对装),￥29.90
浪莎（LangSha）大胸提拉防垂硅胶防水防凸点隐形文胸聚拢花型胸贴乳贴内衣 花型 均码,￥58.00
浪莎胸贴隐形文胸聚拢上托硅胶胸垫婚纱礼服女士小胸乳贴胸罩防滑无痕美背内衣  D罩杯,￥29.90
梦幻花瓣纯棉乳贴乳垫片大胸防走光防凸点隐形舒适亲肤棉质胸贴无粘性胸垫 肤色 6对装,￥18.80
雪茜曼隐形文胸贴聚拢上托硅胶无钢圈乳贴婚纱礼服防滑胸垫 B罩杯,￥28.00
南极人硅胶提拉胸贴夏季婚纱用聚拢上托隐形乳贴防凸点吊带礼服用防下垂 圆型【大号10CM】 花/圆型【大号10CM】,￥19.90
RCFCUHT乳贴防凸点夏季薄款硅胶胸贴防走光透气防滑性感小胸大胸吊带专用 透气款A浅咖色,￥6.90
欧瑾一次性男士专用胸贴防凸点乳贴跑步用运动马拉松乳头贴无痕夏季 肤色100贴装,￥10.00
乳头贴胸贴游泳防水硅胶小乳贴防凸点超薄透气女夏季隐形乳晕贴 圆形,￥10.35
蜜桃杯大码胸贴大胸胖妹妹专用薄款防下垂聚拢上托夏季婚纱吊带用乳贴 白蕾丝（胸贴+清洗液+透明包） B,￥88.00
施贝柔 乳盾乳头保护罩防咬皲裂辅助奶嘴哺乳乳贴喂奶神器 新生儿可用,￥25.80
南极人内衣女胸贴聚拢上托隐形文胸硅胶胸垫提拉式乳贴婚纱用 10CM,￥29.90
南极人胸贴聚拢上托隐形内衣女文胸硅胶乳贴婚纱用无痕晚礼服胸罩黑色A,￥26.90
静夜色乳贴提拉硅胶胸贴婚纱防下垂聚拢前扣透明大胸上托无肩带隐形文胸 【升级版C/D杯】 有扣款,￥36.88
浓宁圆硅胶乳贴 无痕防凸点无纺布乳贴隐形胸贴防走光乳头贴 二代圆形-肤色（贴布） 裸货,￥5.40
温影隐形文胸贴聚拢提拉婚纱用无肩带内衣女防滑透气硅胶乳贴 1件肤色 B杯,￥19.00
小雅象防溢乳垫冬季超薄款透气一次性溢乳垫产后哺乳期防漏乳贴 100片,￥26.90
一次性乳贴防凸点学生防走光胸贴搭配婚纱隐形透气无纺布乳头贴女薄款 圆形 10片,￥9.80
施贝柔乳盾新生儿奶盾大乳头保护罩乳贴喂奶神器吸奶辅助奶嘴三层矫正器,￥29.80
南极人（NanJiren）硅胶提拉胸贴女婚纱吊带用乳贴防下垂小胸聚拢防滑乳头贴夏季隐形 提拉圆形,￥58.00
诗莱寇乳贴防滑防凸点胸贴婚纱女夏季薄大胸防走光无痕硅胶文胸贴 F008黑色10根 #0,￥11.50
桑琴硅胶文胸聚拢前扣式乳贴隐形内衣婚纱无肩带无钢圈上托胸贴提拉防凸点一片式游泳小胸女士防下垂提乳 薄款大扣(裸装)-厚约0.5cm B,￥17.95
有棵树硅胶胸乳贴女婚纱用聚拢胸吊带小胸显大加厚隐形内衣文胸 【圆形】肤色（薄）B杯,￥69.90
猫人（MiiOW）胸贴婚纱聚拢大小胸防滑无痕隐形内衣上托防走光无钢圈胸罩,￥39.00
贝亲（Pigeon）防溢乳垫一次性防溢乳贴溢奶垫防漏乳贴隔乳垫隔奶垫 132片单包装,￥29.90
婧麒（JOYNCLEON）防溢乳垫哺乳期防漏一次性超薄透气隔奶垫溢奶乳贴 jxh11966B,￥29.90
贝莱康(Balic) 防溢乳垫一次性 防漏透气隔奶垫溢奶垫溢乳贴 108+20片装（限量装）,￥58.00
浪莎一次性无纺布乳贴20对装胸隐形透气薄款游泳运动跑步马拉松乳晕贴,￥29.90
佑游 硅胶胸垫乳贴隐形文胸聚拢胸贴可拆卸肩带穿婚纱泳衣用 B罩杯,￥39.90
贝莱康(Balic) 防溢乳垫可洗式8片 产后产妇哺乳期溢乳贴非一次性溢奶垫,￥25.00
美德乐防溢乳垫乳贴溢奶垫隔乳垫一次性奶垫母乳垫超透气超（ 100片装）,￥99.00
浪莎胸贴女婚纱专用隐形夏季薄款小胸聚拢上托性感乳贴拍照  A杯,￥29.90
法国Jerrie Mock聚拢胸贴婚纱专用乳贴小胸上托隐形防走光夏季神器薄款吊带用 法式黑蕾（盒装） B,￥168.00
AWMBEL胸贴女夏季薄款吊带礼服用拍婚纱照聚拢上托硅胶乳贴隐形内衣jm8 肤色（B杯）,￥299.00
女式乳贴乳头防凸点性感胸贴防走光隐形文胸梅花形 肤色 均码,￥4.00
佳韵宝 防溢乳垫一次性乳贴隔奶垫溢奶垫防漏不可洗薄透气产乳垫100片 纤薄亲肤款,￥39.90
昕风华一次性男士专用胸贴防凸点乳贴跑步用运动马拉松乳头贴无痕 肤色10贴(试用装),￥2.64
粉吉胸贴女夏薄透气防汗防凸点防下垂U形蕾丝乳贴一次性提拉文胸贴 A 肤色3对送赠品,￥51.00
"爱心东东	
潞庭胸贴女婚纱用硅胶吊带裙文胸大胸小胸聚拢上托夏季无肩带乳贴内衣 薄款肤色B杯 1个装",￥9.48
晴碧琳（Qbily）内衣女胸贴上托隐形文胸乳贴无钢圈婚纱晚礼服胸罩女士内衣 肤色A,￥21.00
三福 硅胶圆形乳贴两对装 隐形防凸点吊带婚纱用文胸配件476773 肤色 均码,￥29.90
浪莎（LangSha）newbra婚纱用胸贴小胸平胸专用超厚聚拢吊带隐形加厚显胸大女乳贴 加厚5CM  A,￥119.00
HSIA遐 舒适透气棉质乳垫隐形防凸防走光胸贴 乳贴薄乳贴防凸点 肤色,￥15.00
浪莎内衣女胸贴聚拢上托隐形文胸硅胶胸垫无钢圈婚纱无痕乳贴 C罩杯,￥29.90
WaterTime/水川 胸垫泳衣内衣替换胸贴加厚隐形无钢圈乳贴婚纱用无痕晚礼服性感小胸胸垫 M码,￥39.00
莫代尔（Madallo）胸贴绷带聚拢提拉乳贴防汗大小胸部提升带一次性弹力束胸胶布 黑,￥19.90
莫代尔（Madallo）硅胶胸贴婚纱聚拢无痕隐形文胸上托防下垂无肩带内衣 2对装 A,￥55.00
Qbily 乳贴提拉硅胶胸贴隐形文胸婚纱上托前扣防凸点无钢圈乳贴 有扣有圈款【C/D】,￥39.90
"爱心东东	
浪莎乳房切除术后专用义乳假内衣女文胸罩硅胶仿真弥补假胸女乳贴胸垫 右侧螺旋型 200克-配80A/75B",￥119.00
莫贝海（mobeihai）乳贴防凸点乳贴系列性感趣味胸贴防凸点 黑色十字架,￥9.00
叶兹 硅胶文胸无痕内衣隐形无肩带礼服婚纱加厚胸贴聚拢美背乳贴 B杯,￥49.00
全棉时代 一次性防溢乳垫产妇哺乳期月子超薄防漏乳贴 1盒 52片/盒,￥74.90
浪莎加厚运动透气文胸垫文胸胸罩内垫插片内衣水饺垫子海绵垫胸垫乳垫 黑色 均码,￥29.00
十月结晶 防溢乳垫一次性母乳垫孕妇乳贴母乳防漏贴不可洗升级款不可洗 贝壳100片,￥25.90
十月结晶立体护围孖防溢乳垫一次性产后哺乳溢乳贴100片 立体护围孖纺100片,￥37.90
都市丽人女士胸贴聚拢透气乳贴YY1601 肤色B Free,￥39.00
叶兹硅胶隐形文胸无肩带礼服婚纱文胸贴小胸聚拢加厚内衣无痕乳贴 C杯,￥89.00
妙奕嘉胸贴女硅胶胸贴无肩带内衣无痕防凸点乳贴隐形胸贴婚纱聚拢文胸 硅胶乳贴彩盒装【厚度约1cm】 A,￥24.80
夏娃的诱惑纯棉胸贴防走光超薄款文胸可用搭配礼服乳贴 肉色015 均码,￥25.00
奶糖派大杯乳贴大轻芒+防水乳贴10cm聚拢文胸贴透气不闷汗无痕防凸点4码,￥109.00
静夜色硅胶胸贴婚纱聚拢隐形前扣文胸无肩带乳贴女大胸性感加厚透气内衣 强侧收羽翼款 E,￥39.90
猫人（MiiOW）硅胶胸贴婚纱聚拢上托隐形文胸无痕大小胸防走光乳贴,￥48.00
Nubranubra经典杯隐形内衣小胸聚拢胸贴女婚纱礼服乳贴无肩带隐形文胸 肤色 B,￥228.00
猫人（MiiOW）胸贴女薄款婚纱吊带小胸聚拢乳贴隐形文胸贴防凸点防滑无痕防走光,￥59.90
梦邦乳胶胸垫显胸大假胸运动内衣胸罩垫片小胸平胸专用加厚文胸垫插片 加厚3.5cm-按摩款-黑色M码,￥19.00
北极绒（Bejirog）胸贴加厚硅胶隐形文胸贴聚拢内衣女婚纱专用乳贴,￥29.90
HOW DO U DOOLHDUD韩国乳贴防凸点一次性女士胸贴超薄低疼撕脱日常吊带婚纱 6cm / 肤色 / 花形 / 20贴装,￥49.90
好运鲸男士胸贴一次性防凸点隐形乳贴马拉松运动跑步夏天 白色10片装,￥9.90
浪莎 LangSha 乳贴2对装超薄性感乳头贴硅胶胸贴婚纱隐形文胸贴防凸点防滑游泳防走光 圆形心形花型 均码,￥39.00
多情猫（DUOQINGMAO）硅胶胸贴女小胸聚拢显大胸提拉薄款防凸点婚礼婚纱新娘用隐形乳贴 肤（厚1.8cm）A杯,￥49.90
英发（YINGFA）柔软硅胶胸垫游泳衣定型薄款隐形胸垫乳贴专业竞技游泳衣专用胸贴 肌肤色 硅胶胸垫  均码 薄款,￥35.00
猫人（MiiOW）无钢圈聚拢硅胶婚纱美背游泳小胸乳贴防滑夏季薄款透气无痕内衣女,￥39.90
昏镜弹力布提拉透明胸贴布胶带文胸透气可裁剪运动防汗聚拢绷带乳贴 透明 5cm*5m,￥25.00
滑翔蚁硅胶文胸聚拢胸贴乳贴薄款透气芒果杯婚纱礼服用提拉聚拢隐形文胸 肤色 C杯,￥15.18
遐依一次性男士专用胸贴防凸点乳贴跑步用运动马拉松乳头贴无痕夏季 肤色10贴(试用装),￥5.53
斯米莱胸贴防过敏乳贴女夏薄透气硅胶婚纱吊带用隐形防凸乳头贴 5对圆+5对花,￥59.90
十月结晶乳头保护罩哺乳贴辅助喂奶神器乳贴奶嘴套乳盾防咬 乳头保护罩【两只】XL码,￥36.90
浪莎（LangSha）品牌男士专用胸贴防凸点隐形一次性乳贴运动防摩擦乳头贴防尴尬贴 常规款100对(100),￥92.00
"爱心东东	
橦舟渡马拉松乳贴男防磨士胸贴防凸点透气防摩擦运动乳头贴用中央无胶隐 【防汗防水不脱落】 肤色10片装",￥12.00
"爱心东东	
班菲诗义乳硅胶仿真假胸柔软文胸连体假乳房扮女装胸贴聚拢乳贴小胸平胸 5CM特厚前扣款-白色 B",￥55.30
妙奕嘉男士乳贴一次性胸贴游泳跑步马拉松运动专用防凸点乳头贴防漏点 肤色胸贴【100片装】,￥16.90
浪莎内衣女胸贴聚拢上托硅胶胸垫薄款透气隐形乳贴婚纱礼服胸罩防滑无痕游泳内衣 防滑芒果杯肤色  B罩杯,￥29.90
南极人胸垫海绵垫秋冬运动文胸泳衣插片加厚聚拢背心女小胸透气内衣 圆形小号,￥29.90
AWMBEL芒果胸贴女夏婚纱用聚拢上托大胸显小提拉乳贴大码隐形内衣jm9 2023升级款肤色A杯【薄0.5CM】,￥259.00
南极人胸贴无肩带内衣女防走光夏季小胸聚拢上托吊带婚纱礼服专用新娘隐形防凸薄款抹胸前带扣贴硅胶无痕乳贴 NSDYT-【升级隐形薄款1.3cm】 B罩杯,￥29.90
新安怡（AVENT）凝胶乳贴孕妇产后乳头皲裂哺乳疼痛护理羊脂膏贴 凝胶乳贴1盒装（10片）,￥119.00
南极人2件防过敏大轻芒隐形胸贴内衣无痕乳贴防凸点乳头贴婚纱隐形文胸,￥26.90
坤随 男士专用胸贴防凸点隐形一次性乳贴马拉松运动跑步防摩擦乳头贴 3.5cm男士胸贴20对【40枚】,￥9.90
"爱心东东	
南极人（NanJiren）婚纱胸贴隐形内衣露背文胸聚拢透明肩带乳贴夏季透气女薄款大胸 搭扣肤色 C码",￥109.00
FitonTon乳贴隐形内衣文胸贴婚纱乳头贴透气薄款游泳胸贴女防凸点一次性,￥38.90
HOW DO U DOOLHDUD韩国男士胸贴一次性乳贴防凸点跑步马拉松防摩擦 无纺布/100贴盒装（中间无胶）,￥109.00
都市丽人女士哺乳文胸粘纤杯里不透提托女士文胸 LB1CA3 罗勒绿 L,￥48.00
好奇蜜斯胸贴婚纱隐形内衣胸贴女婚纱用小胸专用超薄防滑隐形硅胶乳贴薄款防凸点吊带用 花朵形,￥19.00
斯米莱乳贴隐形夏胸贴女婚纱专用防凸点硅胶内衣吊带用无带文胸防走光 5对圆+5对花,￥59.90
猫人乳贴防凸点一次性无纺布隐形胸贴女士夏季薄款透气乳头贴乳晕贴 肤色圆形精装100对,￥59.90
滑翔蚁抹胸内衣女胸贴婚纱照乳贴美背隐形文胸聚拢上托防走光女士内衣 肤色*1对 B罩杯,￥15.85
北极绒硅胶提拉胸贴女婚纱用聚拢上托乳贴夏季隐形防凸点吊带用 薄（厚度约1.2） A,￥29.90
昏镜硅胶隐形乳贴文胸贴内衣薄款婚纱小胸性感聚拢防滑上托乳贴 肤色 精装 D,￥18.90
猫人（MiiOW）孕妇拍照乳贴专用透气胸贴硅胶婚纱聚拢文胸礼服防溢隐形内衣薄款 肤色D杯【1对】（经典平胶薄款）,"￥59.00
"
浪莎束胸胶带胸贴女士绑带聚拢大胸裹胸弹力隐形一次性乳贴提胸绷带 肤色1件 均码,￥19.90
南极人（Nanjiren）芒果型胸贴女吊带用聚拢上托隐形夏季透气婚纱照专用小胸显大乳贴 常规款芒果杯【肤色-1件装】 B杯【70C/75B/75C/80B/85A】,￥19.90
芬斯狄娜【大胸胸贴】芬斯狄娜强包裹聚拢上托防下垂婚纱吊带专用乳贴 肤色E,￥139.90
胸贴女婚纱聚拢乳贴无肩带隐形内衣女收副乳防走光贴文胸 肤色【单件装】 B,￥19.90
莫代尔（Madallo）硅胶胸贴女士婚纱聚拢隐形提拉乳贴防凸点薄款 圆3+花3,￥39.90
Mickeybobo一次性无纺布乳贴内衣乳贴婚纱防凸点乳头贴隐形无痕透气薄款夏季 圆形5对装,￥5.90
班菲诗一次性男士专用胸贴防凸点乳贴跑步用运动马拉松乳头贴无痕 肤色10贴(试用装),￥2.70
AWMBEL胸贴女婚纱用硅胶隐形夏季薄款透气聚拢乳贴无肩带胸贴jm8 常规薄款 A杯,￥288.00
婉柔晨美背文胸一体背心女内搭带胸垫乳胶内衣固定杯打底吊带外穿 抹茶绿 推荐均码80-125斤,￥28.00
FaSoLa一次性隐形胸贴男士无痕防走光乳头贴衬衣背心乳贴夏季薄款透气贴 1包（20对）,￥29.00
维茵卡隐形无痕小胸聚拢上托夏季薄款乳贴吊带礼服婚纱芒果杯胸贴 透气款A杯,￥49.00
HOW DO U DOOLHDUD韩国男士乳贴轻薄透气一次性胸贴防凸点跑步马拉松 超薄马拉松专用/20贴试用装,￥19.90
谢太太硅胶提拉胸贴女婚纱用聚拢上托乳贴夏季隐形乳头贴防凸点吊带裙用 提拉款一对花型（直径10cm）,￥16.90
静夜色（Jingyee）隐形文胸贴婚纱大胸薄款聚拢上托无肩带胸罩吊带用无痕美背硅胶乳贴防走光内衣 B,￥24.60
蜜桃杯大胸胸贴大码防下垂提拉薄款显小隐形聚拢上托夏季婚纱吊带用乳贴 肤色【单件胸贴】 D,￥98.00
浪莎（LangSha）乳胶胸垫显胸大加厚小胸平胸专用美背运动内衣插片替换文胸罩杯垫 加厚连体肤色二对,￥66.00
奶糖派透气海绵胸垫 大小胸插片内衣文胸垫子上托垫片 肤色L,￥19.90
LIMITLESS GEAR男士胸贴乳贴马拉松跑步防凸点防摩擦防水透气运动日常通用 50贴盒装(992),￥35.00
南极人泳衣胸垫插片加厚聚拢小胸内衬上托运动内衣透气文胸海绵垫 半圆形聚拢款适合小、中码文胸用 均码,￥29.00
胸贴女婚纱用聚拢内衣隐形文胸薄款内衣乳贴前扣无痕文胸 肤色【一对】 D,￥19.90
Nubra乳贴大胸显小隐形内衣前扣聚拢性感女无肩带硅胶文胸无痕钢圈胸贴 肤色 D,￥438.00
"爱心东东	
南极人胸贴女硅胶提拉婚纱用乳贴聚拢上托乳贴夏季乳头贴防凸点吊带用防下垂 【独立装6.5cm】1对花型",￥19.90
RCFCUHT乳贴夏季薄款隐形无痕防凸点乳头贴硅胶胸贴婚纱吊带用大胸防走光 圆形2对+花形2对共4对礼盒装,￥15.90
胸贴女婚纱用聚拢上托隐形文胸薄款透气内衣乳贴前扣无痕文胸 肤色+芒果肤色 C,￥38.00
滑翔蚁硅胶胸贴聚拢上托防凸点防走光吊带婚纱防滑贴可重复使用隐形乳贴 肤色 B罩杯【防走光+可重复使用】,￥24.36
梦邦加厚乳胶胸垫显胸大运动内衣一体式垫胸神器小胸平胸专用文胸插片 加厚3.5cm-按摩款-粉色M码,￥20.00
唐晓笙硅胶胸贴女夏季小胸平胸聚拢显大加厚吊带婚纱用防水薄款内衣 5cm硅胶胸贴肤色A杯肩带,￥51.98
"爱心东东	
拉拉女神无肩带隐形胸贴婚纱聚拢加厚防滑上托乳贴无痕内衣文胸罩 肤色+黑色【优惠装】 B",￥32.00
蜜桃杯胸贴大胸大码防下垂夏季显小薄款婚纱吊带用聚拢上托乳贴隐形内衣 大胸上托 聚拢防下垂【白色】 C,￥98.00
AWMBEL胸贴女夏季薄款隐形内衣文胸聚拢吊带婚纱乳贴胸贴LL8 薄款C,￥198.00
爱慕胸贴乳贴布面文胸防凸点女士女生内衣无肩带礼服文胸胸罩AM99013 肤色 B,￥188.00
浪莎胸贴女婚纱用聚拢上托隐形吊带夏季专用一片式防凸点薄款大胸乳贴 一片式肤色+黑色各1对 C/D/E杯通用(大胸选这个),"￥78.00
"
俞兆林（YUZHAOLIN）乳贴隐形夏胸贴女婚纱专用防走光防凸点硅胶内衣吊带用 轻薄舒适【圆形3对】,￥17.90
雾绡胸贴 聚拢胸贴大胸乳贴 夏季超薄隐形无痕可水洗硅胶婚纱胸贴  vcn有胶2对 吸塑收纳 秒发,￥50.00
浪莎乳贴防滑防凸点四季款胸贴婚纱女大胸防走光可水洗无痕硅胶文胸贴 3对肤色【袋装】 直径8CM,￥29.90
静夜色（Jingyee） 隐形胸贴婚纱女 浅肤色硅胶前扣乳贴聚拢上托防凸点礼服伴娘可用无肩带内衣胸罩 浅肤色（立体B杯）,￥32.90
温听胸贴婚纱波波隐形充气文胸无肩带内衣胸贴女小姐婚纱聚拢 肤色隐形版 75A 34A,￥70.20
怡倩棉质透气乳贴 超薄杯文胸防凸点防走光花型乳垫胸贴1对装 肤色,￥15.00
雾绡乳贴无胶胸贴超薄无痕隐形防水硅胶温感乳头防汗防凸 vcn有胶1对（可用120次）,￥36.00
NuBra美国进口隐形胸贴新娘婚纱用防凸点乳贴防走光乳头贴 NP147H 肤色 均码,￥155.00
俞兆林【2件装】隐形文胸胸贴女婚纱用聚拢小胸乳贴内衣平胸夏季薄款 【2对装】肤色+肤色D杯,￥29.90
硅胶提拉胸贴婚纱去副乳隐形贴透明提拉胸贴胶带背心吊带遮收乳贴消除神器裹胸绷带 黛玲雪 透明绷带1卷(5cm*5米) 隐形,￥35.60
蜜桃杯硅胶胸贴小胸加厚聚拢上托隐形文胸透气乳贴无肩带婚纱专用拍照夏 淡淡肤 聚拢透气-A杯【加厚2cm】,￥78.00
蜜桃杯胸贴孕妇专用拍照大码大胸聚拢上托提拉防下垂薄款隐形无肩带内衣 白色 E F,￥98.00
浪莎（langsha）硅胶文胸乳贴显大隐形乳头贴平小胸聚拢加厚学生防水胸罩婚纱内衣 6CM拉绳肤色 C,￥59.00
猫人（MiiOW）女士内衣女乳胶无痕美背胸罩无钢圈聚拢性感蕾丝舒适透气文胸女 优雅黑  单件装 XXL(130-150斤),￥99.00
RCFCUHT乳贴夏季薄款隐形防凸点胸贴女婚纱用大胸防走光乳头贴吊带礼服用 独立包装圆形1对,￥3.90
猫人（MiiOW）隐形胸贴女婚纱聚拢小胸拍婚纱照专用蕾丝防凸点白色乳贴礼服文胸 肤色 B杯（厚度0.8cm）,￥29.00
雾绡拍婚纱照专用聚拢隐形胸贴一次性防凸点抹胸加厚硅胶大胸提拉乳贴 柏拉鸟胸贴二对装（隐形贴合 ）,￥55.00
南极人3对内衣女士文胸贴乳头贴防滑防凸点隐形硅胶胸贴婚纱游泳防走光 圆形-3对 100%硅胶防滑,￥19.90
雾绡无胶体温自粘款硅胶隐形胸贴女婚纱吊带乳贴防凸点小胸专用 FIZ 有粘胶 (一对装),￥33.00
浪莎2对装硅胶提拉胸贴女夏婚纱用隐形小胸聚拢上托大码防下垂吊带用 【提拉胸贴】花形 大号直径10CM,￥39.90
好奇蜜斯防走光硅胶防凸点小胸聚拢胸贴隐形乳贴女婚纱礼服专用新品 裸肤S,￥59.00
蜜桃杯芒果杯胸贴小胸加厚聚拢上托一片式无痕透气夏季隐形婚纱吊带乳贴 加厚2.5cm【肤色】 A,￥88.00
胸贴小胸文胸加厚聚拢隐形胸贴收副乳小胸新娘拍结婚纱照用的乳贴夏季 浅色 2倍加厚A,￥25.24
美乐菲 不掉性感聚拢硅胶加厚隐形文胸贴内衣婚纱游泳胸罩胸垫乳贴 有带-A 加厚,￥35.00
AWMBEL硅胶提拉胸贴女婚纱用聚拢上托乳贴春夏乳头贴吊带用防凸点jm9 【10cm】2对花形【适合CD杯】,￥209.00
北极绒拉绳蝴蝶款内衣女胸贴聚拢上托隐形文胸硅胶胸垫无钢圈乳贴婚纱用无痕晚礼服胸罩女士内衣 肤色 B罩杯,￥59.90
幸棉（LUCKMEEY）内衣透气超薄乳贴女士吊带婚纱隐形无痕散热防走光硅胶乳贴 浅肤色-透气款,￥49.90
咖秋儿童舞蹈专用胸贴女童舞蹈生拉丁芭蕾艺考级隐形防汗凸点过敏乳贴 圆形2对+花型2对 收纳盒装,￥46.80
KJ品牌胸贴女夏薄小胸吊带婚纱用隐形防凸点提拉防下垂硅胶乳贴 无前扣(A杯),￥608.00
北极绒硅胶胸贴乳贴无痕无肩带内衣女士文胸隐形婚纱小胸晚礼服胸罩 肤色黑科技无胶乳贴 【一对装】均码,￥29.00
范德安（BALNEAIRE）泳衣胸贴防水防滑防走光 小胸比基尼聚拢胸垫硅胶乳贴 BXD001 肤色,￥48.00
猫人（MiiOW）内衣女胸贴聚拢无肩带内衣婚纱乳贴透气文胸防水防走光抹胸胸罩,￥39.90
叶兹 硅胶提胸贴乳贴防凸点防下垂可重复使用隐形提拉薄款 1对装,"￥46.90
"
莫贝海（mobeihai）乳贴防凸点一次性乳贴防凸点夏季隐形薄款透气胸贴女 植物强力胶【花形1片】透气,￥7.00
十月结晶防溢乳垫一次性超薄air夏季哺乳期产后防漏乳贴立体型贝壳 立体款乳垫-30片,￥12.90
浪莎（LangSha）加厚胸垫显胸大外扩内衣替换插片文胸罩内垫聚拢泳衣专用假胸神器 4CM加厚-水滴分体-肤色一对,￥48.00
莫代尔隐形文胸聚拢上托胸贴女薄款乳贴吊带礼服专用硅胶防滑胸垫防凸点 透气款-精装2件【肤色+肤色】 A杯,￥49.00
AWMBEL果冻云乳贴夏季薄款防凸点胸贴女婚纱吊带用小胸聚拢夏季薄款jm9 【基础版】,￥288.00
梦幻花瓣纯棉乳贴防过敏超薄文胸防凸点无胶无粘性胸垫胸贴乳垫片透气 浅肤色 3对装 （直径6.5CM）,￥12.80
柠锦季胸贴胶带女提拉大胸显小胸聚拢防下垂夏胸部绷带弹力布一次性乳贴 5M*5CM肤色一卷+5对花型胸贴,￥24.50
斯米莱胸贴女无纺布面无菌乳贴防凸点性感乳头贴男夏季隐形防走光一次性 20对圆+10对花,￥29.90
有棵树防走光硅胶乳贴女婚纱吊带用胸贴夏季隐形防凸点小胸平胸用 6对圆,￥35.90
乳贴女婚纱情趣防凸点隐形文胸内衣胸贴一次性胸大小胸奶贴诱惑性感无痕透气防走光脱落乳头贴乳晕贴硅胶胸垫 215【一对】玫瑰情人红色乳贴,￥16.00
胸贴 大胸婚纱用礼服乳贴防凸点上托硅胶隐形提拉胸贴游泳薄款大胸显小 L码(提拉聚拢款-适合CDE),￥38.50
蜜璐薇尔男士乳贴防凸点防激凸乳头贴马拉松长跑步运动专用隐形裸感防水超薄透气胸贴 10对装（体验装）,￥29.00
呼世晴2023款硅胶隐形文胸 小胸聚拢婚纱胸贴泳衣乳贴加厚防滑上托无肩 超厚款+收纳盒 A罩杯(胸部偏小),￥33.04
俞兆林（YUZHAOLIN）胸贴女无胶自粘硅胶乳贴隐形防凸点夏季内衣女吊带薄款文胸 黑科技无胶体温自粘【肤色2对】,￥39.90
蜜桃杯充气胸贴女聚拢小胸显大平胸隐形内衣婚纱吊带用防汗无肩带乳贴 充气文胸【肤色】 C【70C/75B/75C/80A/80B/85A,￥108.00
Nubranubra美国聚拢文胸加厚无肩带隐形内衣婚纱用胸贴乳贴硅胶胸垫女 肤色 B,￥438.00
有棵树小胸显大加厚硅胶胸贴女婚纱专用聚拢胸吊带内衣隐形文胸 肤色（薄）B杯,￥69.90
北极绒乳贴夏季薄款胸贴女婚纱礼服专用游泳专用大胸显小防凸点隐形硅胶内衣吊带用 圆形6对装 均码,￥39.90
猫人无痕乳贴防滑防凸点乳头贴防走光硅胶胸贴女婚纱吊带隐形文胸贴,￥59.90
浪莎（LangSha）波波隐形充气文胸无肩带内衣胸贴女小姐婚纱聚拢小.胸显大加厚防 肤色隐形版 70A32A,￥109.00
莫代尔胸贴乳头贴防凸点无胶体温自粘硅胶防走光贴液态固态无胶胸贴 液态无胶8cm 透气款2对,￥49.00
AWMBEL胸贴女吊带用聚拢上托隐形夏季透气拍婚纱用小胸显大薄款乳贴jm8 肤色【适合B杯】2件装【收副乳升级款】,￥299.00
浪莎（LangSha）乳胶内衣女小胸聚拢2023感蕾丝收副乳调整型文胸套装 柔杏[单件]咖色 34/75B,￥59.00
猫人（MiiOW）一片式无痕女士内衣女调整型无钢圈胸罩小胸聚拢上托薄款大码文胸 酒红【套装】 36/80A,￥109.00
南极人硅胶提拉胸贴女婚纱用聚拢上托乳贴夏季隐形乳头贴防凸点吊带用 圆形小1对+花型小1对,￥19.90
有棵树乳贴女夏薄大胸专用防凸点吊带婚纱隐形防走光胸贴薄款蕾丝 3对肤色圆,￥69.90
浪莎200斤胖mm大码胸贴大胸防下垂收副乳聚拢上托隐形文胸贴婚纱礼服 肤色 90E,￥98.00
柠锦季一次性乳贴防凸点乳头贴隐形透气胸贴女吊带用夏季薄款E23 【20对圆形】6CM 无纺布,￥17.00
浪莎（LangSha）大牌文胸超薄胸垫插片防凸点罩杯透气游泳聚拢文胸薄运动内衣垫片 [直径13CM]三角形-白色(1对,￥48.00
Qbily【5对装】乳贴夏季防走光隐形硅胶胸贴婚纱吊带防凸点乳头贴 花盒装【5对】,￥34.00
咖秋隐形胸垫胸贴女婚纱专用小胸平胸加厚聚拢上托显大外扩乳贴 肤色A杯4cm厚加透明后背带,￥34.20
南极人（Nan Ji ren）隐形胸贴女婚纱聚拢小胸拍婚纱照专用蕾丝防凸点白 肤色 A杯(厚度0.8cm),￥29.00
名门新娘胸贴硅胶羽翼文胸贴女隐形聚拢内衣新娘小胸加厚结婚纱用天使之翼乳贴 天使之翼-【肤色一件装】 D大胸,￥34.40
静夜色（Jingyee）硅胶胸贴婚纱乳贴女防凸点上托前扣式隐形文胸新娘礼服游泳聚拢透明无肩带内衣 加厚杯（适合小胸AB） B,￥58.00
奶糖派温感粉底液硅胶乳贴女婚纱吊带用胸贴夏季隐形自然肤 1件,￥69.00
FIZ一次性乳贴胸贴防凸点超薄款乳头贴无纺布女敷贴10对装灭菌级安全 一次性乳贴-10对装,￥29.90
猫人（MiiOW）硅胶隐形胸贴女夏无肩带小胸显大拍婚纱照专用乳贴聚拢上托吊带用 简装无赠品【四倍厚】A杯一对,￥39.90
蜜桃杯硅胶胸贴游泳婚纱专用隐形自然无痕夏季小胸聚拢显大防凸点乳贴女 硅胶B杯 均码,￥89.00
北极绒内衣女文胸聚拢上托隐形无钢圈硅胶胸贴婚纱女士小胸乳贴无痕晚礼服胸罩内衣 粉肤色 B,￥22.90
WaterTime游泳专用硅胶胸贴女聚拢防水防滑防走光泳衣比基尼乳贴 肤色/超薄,￥39.00
Nubra深V露背文胸隐形内衣小胸聚拢无肩带胸贴女婚纱乳贴L398 肤色 A,￥328.00
英发（YINGFA） 防水胸垫 硅胶乳贴 替换海绵杯 专业款游泳衣适用 海绵胸垫XL码（适穿36-38罩杯）,￥22.00
美·雅·挺无痕硅胶胸贴聚拢防滑内衣女隐形防走光乳贴婚纱礼服吊带专用胸垫 小号【直径6.5cm】,￥24.90
涵茳影乳贴防凸点隐形男女游泳装防水款硅胶防漏点胸乳头贴夏季 圆形 一对装,￥1.94
南极人2件装隐形胸贴内衣女无痕乳贴防凸点乳头贴婚纱防走光隐形文胸贴 A杯肤色-2件,￥29.90
名门新娘胸贴胸贴女拍婚纱照专用文胸乳贴硅胶隐形内衣吊带小·胸聚拢大·胸薄款夏 加厚蜂窝透气款 肤色（简装） A胸部偏小选,￥43.83
susanny隐形硅胶胸贴 薄款婚纱小胸聚拢乳贴女防走光防凸点礼服用无痕隐形文胸贴乳晕贴 混合型（3对圆形+3对花型）,￥28.00
浪莎硅胶胸贴女婚纱吊带拍照专用防走光凸点夏季伴娘隐形乳贴  B杯,￥69.00
小白熊一次性防溢乳垫轻薄透气乳贴哺乳防漏奶垫独立包装09165/08672 100片装透气防漏08672,￥29.90
婧麒（JOYNCLEON）防溢乳垫防溢哺乳期一次性薄防漏溢乳垫产后专用乳贴 50片/包,￥19.90
十月结晶十月结晶防溢乳垫超薄一次性透气溢乳贴孕妇奶垫母乳防漏贴溢乳垫 云朵乳垫100片-2包装,￥37.80
雾绡芳维欣胸贴隐形文胸羽翼翅膀手型低胸性感文胸厚杯胸贴天使之翼透 【一对装厚3CM】肤色 B,￥51.00
奢晔（SHEYE）胸贴一次性胸贴绷带提胸一次性乳贴弹力胶布裹胸聚拢提拉身体胶带 肤色2.5cm*5m 1卷,￥8.00
Livex一次性乳贴男士专用游泳跑步马拉松健身运动隐形胸贴防汗防摩擦,￥29.80
佰梦依   义乳专用文胸加厚硅胶隐形胸垫小胸聚拢泳衣插片义乳 常规款C【肤色】-厚1.5厘米,￥16.71
咖秋儿童胸贴女童舞蹈生专用女孩跳舞夏季薄款隐形乳贴发育期少女防凸 圆形4对硅胶自粘款 可重复使用,￥25.20
RCFCUHT一次性乳贴防凸点夏季透气胸贴防走光薄款吊带用防舞蹈生专用 梅花80片装,￥16.90
莫代尔无肩带薄款隐形胸贴无痕聚拢加厚硅胶乳贴婚纱礼服吊带女士内衣 肤色厚精装 B,￥49.90
SINIHUAJI硅胶胸贴隐形文胸无肩带乳贴防露点聚拢婚纱文胸游泳抹胸性感一片式无痕隐形内衣女 肤色 均码,￥19.90
南极人（Nanjiren）抹胸式文胸无肩带内衣女小胸聚拢防滑裹胸贴隐形婚纱礼服用美背夏 充气气垫一对 70A/32A,￥78.00
过也硅胶乳贴凸点上托隐形提拉胸贴薄款大胸专用女婚纱用乳头下垂 提拉+聚拢12cm款【超值2对装】,￥99.00
TINGE贴己防走光硅胶乳贴女吊带胸贴隐形防凸点 肤色,￥43.00
咖秋日本蕾丝乳贴可重复使用胸贴女吊带婚纱用透气乳头贴防凸点 蕾丝黑色10对,￥34.20
颜旭胸贴男士乳贴专用防凸点隐形一次性乳贴 跑步防摩擦马拉松运动 【升级加厚】肤色50片 均码,￥13.80
名门新娘胸贴newbra婚纱用胸贴小x胸平胸专用超厚聚拢吊带隐形加厚显胸大女乳贴 加厚5CM +肩带 A,￥110.19
猫人（MiiOW）胸贴女夏季小胸平胸拍婚纱照专用隐形文胸加厚聚拢礼服上托乳贴 肤色 A杯（厚度5cm）,￥29.90
雾绡secretworld小胸聚拢胸贴女透气隐形防凸点吊带婚纱礼服上托大1胸 肤色 B罩杯1对,￥35.00
爱慕内衣女硅胶文胸胸贴乳贴礼服之下AM939181黄色B,￥139.00
昏镜胸贴硅胶乳贴提拉聚拢透气硅胶隐形文胸 肤色 A,￥19.00
娜贝妍胸贴女婚纱用硅胶隐形大胸夏季薄款透气吊带小胸加厚聚拢防汗乳贴 【1件】光面肤色B杯,￥35.00
浪莎（LangSha）老人纯棉胸罩大码妈妈文胸无钢圈薄款中老年前扣内衣全棉通用蕾丝 肤色+胸垫 36/80(90斤以下),￥88.00
咖秋胸贴女小胸平胸婚纱用聚拢上托吊带专用隐形加厚胸垫显大超厚乳贴 3CM肤色A杯,￥25.20
浪莎（LangSha）婚纱用胸贴小胸平胸专用胸贴超厚显大聚拢吊带胸贴加厚婚纱照 6CM加厚拉绳肤色款 A,￥86.00
浪莎隐形乳贴防滑防凸点婚纱吊带泳衣女士大胸上托防走光无痕硅胶胸贴 四对花形【袋装】 均码-直径7.2CM,￥28.80
咖秋儿童女童舞蹈生专用胸贴隐形乳贴考级防露点防掉防汗学生乳头贴 硅胶乳贴 花形2对,￥17.82
新贝一次性防溢乳垫隔奶溢奶垫防漏乳贴产后专用160片,￥39.00
FitonTon3对透气孔乳贴不闷汗防凸点胸贴婚纱隐形内衣薄款无痕硅胶文胸贴,￥36.90
贝亲（Pigeon） 乳头保护罩两只装 硅胶乳头保护器乳贴 乳盾 贝亲羊脂膏乳头霜 M码（新蝶翼型）-直径约13-16mm,￥42.25
浪莎（LangSha）乳贴女夏季硅胶乳贴防凸点上托隐形提拉胸贴薄款大胸专用女婚纱用 提拉+聚拢12cm款【1对装】,￥39.00
"爱心东东	
潞庭胸贴一次性男士专用防凸点乳贴跑步用运动马拉松乳头贴无痕夏季 白色50贴装",￥8.00
RCFCUHT防凸点乳贴夏季薄款透气乳头贴胸贴女婚纱吊带用内衣防走光礼服用 肤色-1对,￥8.90
南极人（Nanjiren）3对内衣女士文胸贴乳头贴防滑防凸点隐形硅胶胸贴婚纱游泳防走光 圆形-3对 100%硅胶防滑,￥19.90
男士乳贴男士胸贴乳贴乳头贴胸贴女婚纱用薄款大胸硅胶文胸贴男士隐形乳晕贴 【升级肤色-精装收纳盒】6对圆形,￥58.00
莫代尔隐形文胸聚拢硅胶胸贴婚纱礼服女士小胸乳贴防滑防走光防凸点无痕隐形胸贴 肤色 均码,￥29.00
蜜桃杯加厚胸贴平胸专用小胸显大聚拢上托隐形防滑拍婚纱照吊带用夏乳贴 加厚杯【肤色】 A,￥79.00
"爱心东东	
浪莎（LangSha）性感文胸托套装钢圈聚拢收副乳上托小胸情感趣透明蕾 黑白文胸+乳贴 均码",￥105.84
八爪蜘蛛硅胶文胸聚拢隐形胸贴小胸新娘拍结婚纱照乳贴夏季 肤色 A,￥17.80
浪莎提拉胸贴女隐形防下垂婚纱吊带用防凸点性感薄款游泳乳贴聚拢上托 [提拉款6.5cm]肤3对圆形/适合A,￥78.00
浓宁圆聚拢提胸贴胶带隐形乳贴自粘运动绷带弹力布防下垂胸贴 提拉带-粉色小彩盒 5cm*5m,￥3.70
南极人3对无胶温感自粘乳贴防滑防凸点婚纱胸贴女夏季薄无痕硅胶文胸贴,￥29.90
奢晔（SHEYE） 胸贴一次性十字形一次性乳贴女黑色隐形胸贴爱心花形吊带睡衣用 蕾丝黑色 一对装,￥8.00
一次性乳贴V型超薄透气无纺布防凸点美背贴乳头贴小胸平胸女 肤色圆形5对（10贴） 均码,￥9.80
"爱心东东	
猫人（MiiOW）乳胶内衣女冰丝聚拢文胸一片式夏季凉感透气无痕裸感无钢圈胸罩 【冰丝透凉】极简白+裸感肤 M【建议重90-105斤 32/70ABC】",￥199.00
波波小姐波波小姐夏小胸显大聚拢上托隐形文胸贴女拍婚纱照专用无肩带内衣 肤色 A【适合70A/70B/75A】,￥99.90
咖秋儿童舞蹈专用胸贴女童舞蹈生一次性夏季薄款隐形乳贴防汗凸点游泳 圆形20片+花型20片 升级生物胶,￥34.20
南极人提拉胸贴女防下垂聚拢婚纱礼服用吊带夏季大胸薄款隐形硅胶乳贴 E杯【带前扣】,￥79.00
"爱心东东	
莫代尔胸贴女聚拢上托隐形防滑无肩带内衣女魔力贴婚纱专用美背文胸乳贴 肤色 A",￥79.00
宝娜斯硅胶提拉胸贴女婚纱用聚拢上托乳贴春夏季隐形内衣防凸点吊带用 AB杯【提拉6.5cm】2对圆形,￥16.90
英发（YINGFA）花瓣柔软硅胶乳贴专业竞速款泳衣适用连体竞技泳衣硅胶乳贴防凸点 肌肤色 硅胶乳贴 均码 薄款,￥30.00
"爱心东东	
浪莎（LangSha）加厚胸贴平胸专用小胸显大聚拢上托隐形防滑拍婚纱照 加厚杯-聚拢无痕浅肤A杯",￥192.00
XEYC聚拢上托隐形文胸硅胶胸垫无钢圈乳贴大胸胸贴女聚拢上托隐形无肩 肤色(薄杯)B杯,￥50.00
蜜桃杯外扩胸贴平胸漫画胸加厚小胸聚拢上托显大隐形婚纱吊带用乳贴 肤色 AA杯【6cm】,￥78.00
十月结晶防溢乳垫一次性防漏溢乳贴快速透气不闷干爽无荧光剂舒适不紧绷 立体8片*2包,￥8.00
贝莱康 防溢乳垫一次性溢乳贴不可洗防漏溢奶贴奶垫 一次性防溢乳垫12片,￥12.00
子初一次性防溢乳垫柔软透气溢奶垫孕妇乳贴 溢乳贴 防漏奶垫哺乳期 120片,￥34.90
十月结晶防溢乳垫立体护围孖一次性产后哺乳溢乳贴 【立体护围孖】100片,￥37.90
植物主义防溢乳垫超薄溢乳贴一次性溢奶垫喂奶哺乳隔乳垫3D夏季透气 防溢乳垫100片,￥29.00
十月结晶十月结晶防溢乳垫产妇产后哺乳期一次性超薄款夏季乳贴隔奶溢乳垫 贝壳乳垫-100片,￥25.90
爱慕烟雨胸贴女婚纱吊带用大小胸平胸聚拢上托乳贴硅胶隐形文胸春夏季TT8 肤色+肤色 B杯,￥218.00
名门新娘胸贴无菌款乳贴硅胶胸贴文胸小胸加厚聚拢隐形婚纱泳装防走光防水内衣 四倍上薄下厚肤色2.2cm【礼盒装】 无菌款A罩杯胸部偏小选+2个乳贴,￥69.00
橦舟渡肤走胸贴超薄无感皮肤胸贴小胸聚拢上托隐形无肩带婚纱用乳贴 肤色S码【70A70B780A】,￥218.00
涵茳影胸贴大胸200斤胖大码胸贴收副乳聚拢上托隐形文 肤色(上托款)薄0.5cm 105D/46D,￥48.89
橦舟渡肤走胸贴大胸大码防下垂提拉聚拢上托显小女婚纱透气拍照肤走超薄 普通款：肤色D杯（带提拉贴）【,￥46.00
RCFCUHT夏季薄款乳贴硅胶隐形小胸聚拢上托胸贴女拍婚纱照专用吊带礼服用 透气款肤色B杯,￥6.90
NASALIKE胸贴绷带聚拢女提拉乳贴大小胸部提升带胶带防汗一次性弹力布夏季 肤色2卷（7.5cm*5m-模特尺寸）【,￥97.00
坤随 一次性乳贴运动舞蹈专用胸贴防摩擦防凸点超薄隐形无痕乳头贴 6cm无纺布圆形乳贴40片,￥9.90
ABNIKECE无胶体温自粘硅胶胸贴乳贴隐形乳头贴防凸点硅胶胸贴四季用薄款Y1,￥188.00
硅胶隐形文胸垫乳贴聚拢加厚防水游泳无肩带性感无痕美背新娘婚纱内衣 肤色 B罩杯,￥49.00
兰思诺防溢乳垫一次性溢乳贴哺乳期防溢乳垫60片 1盒（60片）,￥29.00
浪莎（LangSha）胸贴女婚纱学生用小胸聚拢显大隐形夏季轻薄内衣乳贴游泳防水专用 [两对]升级透气款肤色2 胸部中等选[B杯],￥60.00
浪莎（LangSha）胸贴聚拢显大婚纱礼服专用上托内衣女乳贴重复使用夏季薄款透气 (2件装)白色 A罩杯[美胸偏小选]2cm厚,￥83.60
沫子兰一次性乳贴防凸点学生防走光胸贴搭配婚纱无纺布乳头贴女薄款 圆型 10片,￥9.90
YRYO金沙同款一片棉芬斯狄娜聚拢胸贴硅胶胸乳贴女婚纱用隐形芒果文胸 S/S2-2肤色[明星同款]厚款A杯,￥89.00
茗维雅胸贴女聚拢上托乳贴婚纱用小胸显大文胸加厚硅胶内衣夏季隐形薄款 精装2对B杯-2倍厚送乳头贴,￥763.00
浪莎（LangSha）胸贴女小胸平胸婚纱用聚拢上托假胸专用隐形内衣加厚胸垫显大乳贴 5CM肤色A杯,￥69.00
NKVN胸贴婚纱硅胶乳贴文胸隐形文胸小胸聚拢婚纱上托加厚防滑内衣胸贴 2倍厚(盒装) A,￥23.00
颂妮萱乳贴夏季无痕隐形硅胶胸贴女婚纱吊带用乳头贴防凸点 2对+收纳盒瓷白肤01,￥1500.00
浪莎胸贴聚拢上托女夏大胸吊带婚纱专用薄款大胸芒果圆杯无痕隐形乳贴 芒果款A杯[1对装](收纳盒),￥78.00
炫泡泡大胸胸贴大码防下垂提拉薄款显小隐形聚拢上托夏季婚纱吊带用乳贴 B杯肤色无痕透气两件,￥1049.00
浪莎（LangSha）胸贴女婚纱用蕾丝乳贴聚拢上托小胸显大加厚文胸薄款内衣夏季隐形 肤色-B杯,￥78.00
仙文坊胸贴婚纱硅胶隐形文胸胸贴女婚纱用聚拢小胸加厚上托乳贴内衣吊带 薄款(祼货) A,￥15.60
贝亲（Pigeon）一次性溢奶垫 孕妇乳贴 母乳防漏贴 产妇哺乳防漏垫新老款随机 防溢乳垫120+12片促销装PL163,￥29.90
浪莎（LangSha）胸贴女聚拢上托婚纱吊带专用小胸显大胸无肩带内衣隐形游泳乳贴夏 黑色蕾丝-C杯[送提拉贴透明肩,￥109.00
海伊朵一次性男士乳贴马拉松运动专用胸贴日常防汗防摩擦防凸点超薄隐形 男士乳贴【30对装】,￥11.60
胸贴硅胶4倍隐形文胸A变C杯聚拢无钢圈美背婚纱游泳装乳贴无痕晚礼服胸罩内衣 有肩带 4倍B杯,￥45.00
叶兹乳贴婚纱用胸贴小胸平胸专用超厚聚拢吊带隐形加厚显大拍照女上托,￥69.00
丰峻蕾丝一次性胸贴女防凸点乳头贴隐形透气乳贴夏季游泳吊带专用 LS花型(60片肤色)+收纳盒,￥148.00
佳韵宝 防溢乳垫一次性乳贴隔奶垫溢奶垫防漏不可洗薄透气产乳垫100片 纤薄亲肤款,￥39.90
天颛男士胸贴防凸点隐形一次性乳贴马拉松运动跑步防摩擦乳头贴夏嗬峯 宽10limi衣服防凸点贴【一卷装】,￥50.00
浪莎（LangSha）游泳泡温泉专用乳贴防凸点胸贴女薄款透气防水贴吊带比基尼乳头贴 一次性丨弹性提拉丨隐私发货 升级款丨20片圆肤色丨隐形防汗,￥69.00
派普达（PPD） 泳衣胸贴乳贴聚拢游泳一片式无肩带 肤色 均码,￥38.80
Aseblarm防溢乳垫一次性溢乳垫超薄哺乳期母婴防漏奶垫乳贴100片Aseblarm 【经典立体型】100片装,￥99.00
温影隐形文胸贴聚拢提拉婚纱用无肩带内衣女防滑透气硅胶乳贴 1件黑色 A杯,￥18.90
硅胶隐形文胸内衣胸贴女泳衣用聚拢加厚防滑上托上提乳贴小胸 2倍D,￥98.00
防溢乳垫一次性溢乳垫超薄哺乳期母婴防漏奶垫乳贴100片Aseblarm 【100片】2盒装,￥129.00
浪莎术后癌专用硅胶义乳假胸假乳房腋下切除内衣女文胸胸罩 螺旋180克【请备注左右】,￥248.00
一次性乳贴女防走光凸点胸贴透气游泳防水隐形乳头晕贴 30对圆形,￥29.00
