﻿Column1,Column2
Column1,Column2
Name,Price
京东京造 智能眼部按摩器 E5s 可视化眼部按摩仪护眼仪 温感热敷眼罩 男生生日礼物女 气囊款,￥189.00
沃乐小米有品筋膜枪按摩器专业级迷你便携式家用健身肌肉放松仪肩经颈椎腿足腰部 生日礼物男送女爸妈,￥299.00
skg颈椎按摩器 按摩披肩 肩颈按摩器斜方肌 腿腰颈部肩膀按摩仪按摩枕头 送男女友实用生日礼物 H5,￥539.00
京东京造 智能迷你砭石按摩器 电动砭石刮痧板刮脸仪器按摩仪热敷颈部腿部 男生生日礼物女实用,￥99.00
荣耀亲选 HUAWEI HiLink颈椎按摩器 颈部按摩仪肩颈脉冲护颈仪生日礼物送男友女友爸妈 企业实用高级礼品G6,￥239.00
skg眼部按摩仪 成人恒温热敷睡眠眼罩 眼睛穴位按摩器 蓝牙护眼仪 送男女友高档生日礼物 K5银镜蓝,￥799.00
小米米家筋膜枪运动健身肌肉深层腰腿颈肩按摩放松器七夕送男友礼物生日礼物,￥469.00
skg颈椎按摩器 护颈仪颈椎脖子揉捏脉冲按摩器热敷肩颈按摩仪G7Pro尊贵款伴手礼送男女友生日礼物礼品,￥1299.00
飞利浦（PHILIPS）颈椎按摩器颈部按摩仪肩颈按摩经络电脉冲护颈仪送礼礼品生日礼物女送爸妈男女友节日礼物3302N,￥229.00
EleksMaker IPS拟辉光管时钟创意复古桌面办公室电脑摆件电竞电子数字科技感钟表男生生日礼物 黑金 | 经典版IPS | 新版小程序系统 官方标配,￥449.00
skg腰部按摩仪 四区揉捏缓解酸累 智能按摩器腰带可拆洗 送男女友高档生日礼物 W7二代豪华款月光金,￥1049.00
奥克斯（aux）加热膝盖按摩器护膝盖按摩仪关节热敷保暖老寒腿送父母节日长辈爸妈生日礼物高档实用男女友 液晶礼盒款【灰色2只装】3档恒温热敷+5...,￥349.00
,
康佳（KONKA）润眼仪蒸气护眼仪补水熏眼仪器干眼症雾化眼部按摩仪器蒸眼热敷仪生日礼物实用高档送女男友 全配款冷敷（带润明液）,￥119.00
倍轻松Scalp3头皮智能按摩梳深空黑 红光护发滋养护头皮头部按摩仪 送男女友生日节日礼物 易烊千玺代言,￥859.00
aizil ly男士生日礼物男生老公男朋友男友爸爸高档实用创意走心黑科技眼部按摩仪护眼仪结婚周年纪念日礼品 黑色款-（两档振动+四挡热敷+蓝牙音乐...,￥238.00
"线下同款	
志高腰部按摩器颈椎按摩仪抱枕肩颈腰背全身按摩垫热敷按摩靠垫枕头办公生日母亲节礼物实用送妈妈男女友 腰背一体按摩 【顶配款：艾草热敷+20头...",￥289.00
北京同仁堂人参鹿鞭玛咖牡蛎片肽男用可搭配補腎壯陽产品使用强身健体 一瓶装,￥128.00
,
skg筋膜枪 颈椎按摩器热敷恒温按摩仪筋膜枪 肩颈腿部肌肉按摩放松器 送男女友高档实用生日礼物 F7,￥889.00
Apple Rabbit生日礼物送男友男生女朋友女友女生男士老公老婆老师便携实用全身按摩贴结婚圣诞节礼物 全身按摩贴-黑色礼盒-急速到货,￥329.00
HOMER ION好玛日本原装进口智能睡眠仪手握辅助睡眠神器失眠送客户爸妈老公婆男女友纪念生日情人节礼物实用 pulse egg（02经典款）,￥428.00
倍呵 g.duck小黄鸭颈椎按摩器富贵包疏通呵护颈仪颈部肩腰椎部颈椎仪垫披肩膀脖子 中秋礼品送长辈父母 生日礼物送女友男士女生朋友情人爸爸妈妈...,￥69.00
成人肛塞迷你小号塞宫铃铛情趣肛塞用品后庭金属扩塞惩罚道具 男女夫妻房事成人情趣性用品玩具 小号肛塞【金铃铛】,￥19.90
"线下同款	
HOMER IONHOMER ION(好玛)日本原装进口手握睡眠仪失眠解压放松助睡眠失眠神器礼物生日礼品送礼父母女男友 pulse egg（02经典款）",￥428.00
北京同仁堂人参鹿鞭玛咖牡蛎片肽男用可搭配補腎壯陽产品使用强身健体 三瓶装,￥256.00
,
EleksMaker WFD拟荧光管时钟桌面复古潮玩摆件男生创意礼物电竞房赛博科技感电子数字拾音钟表 黑金 | WFD荧光管时钟,￥249.00
EleksMaker IPS拟辉光管时钟创意复古桌面办公室电脑摆件电竞电子数字科技感钟表男生生日礼物 黑金 | 限量版IPS PRO|新版小程序系统 官方标配,￥649.00
Cololight coloplay电脑桌面开关一键开机键外置电竞房桌搭摆件台式机科技感男生创意礼物 coloplay,￥588.00
Divoom点音 时光之门任意门辉光管时钟电竞桌面摆件潮玩科技感智能桌搭像素RGB灯板送男生生日礼物 智能桌搭（时光之门）,￥799.00
小天才麦克风智能家居唱吧智能麦克风小天才手表互联话筒无线蓝牙音响女孩男孩玩具礼物 小天才&唱吧C11,￥299.00
北京同仁堂人参鹿鞭玛咖牡蛎片肽男用可搭配補腎壯陽产品使用强身健体 五瓶装,￥384.00
,
成人肛塞迷你小号塞宫铃铛情趣肛塞用品后庭金属扩塞惩罚道具 男女夫妻房事成人情趣性用品玩具 迷你号肛塞【银铃铛】,￥19.90
智能戒指黑科技连蓝牙安卓苹果男女士通用款多功能门禁卡戒指 NFC C智能戒指,￥58.70
礼恩圣诞节礼物送女生男生护颈仪颈部按摩器礼盒生日女年会礼品公司活动伴手礼商务套装退休纪念品奖品,￥109.00
EleksMaker IPS拟辉光管时钟创意复古桌面办公室电脑摆件电竞电子数字科技感钟表男生生日礼物 磨砂透 | IPS PR2新版小程序系统 官方标配,￥449.00
内廷上用北京同仁堂人参鹿鞭玛咖牡蛎片肽男用产品强体健身 补腎壮陽3瓶增强装,￥256.00
过电电自慰棒sm成人情趣性用品脉冲电流刺激乳房酥麻按摩器男女共用高潮笔强震另类玩具调教 放电流棒,￥28.00
负重阴茎环男用阴茎锻炼器久挺耐力训练器非震动成人性用品 三球款,￥39.00
小米（MI）米家通用智能电子小闹钟学生专用桌面时钟儿童起床神器床头男女孩闹铃台钟 标配版/白【送电池】 13.5厘米,￥49.00
EleksMaker WFD拟荧光管时钟桌面复古潮玩摆件男生创意礼物电竞房赛博科技感电子数字拾音钟表 黑金 | UV2电平拾音表,￥199.00
INS低温蜡烛滴蜡sm男女用夫妻另类玩具成人情趣用品变态重口 低温蜡烛香氛型3只装,￥35.00
EleksMaker IPS拟辉光管时钟创意复古桌面办公室电脑摆件电竞电子数字科技感钟表男生生日礼物 白色 | IPS PR1新版小程序系统 官方标配,￥449.00
成人肛塞迷你小号塞宫铃铛情趣肛塞用品后庭金属扩塞惩罚道具 男女夫妻房事成人情趣性用品玩具 小号肛塞【银铃铛】,￥19.90
负重阴茎环男用阴茎锻炼器久挺耐力训练器非震动成人性用品 单球款,￥29.00
物理延长时锁精绳男用阴茎环可调节硅胶锁精环sm高潮久战防射夫妻房事情趣环成人用品,￥14.00
"爱心东东	
怡捷腰部按摩器腰肌劳损车载按摩靠垫背部按摩器滚动捶打按摩仪加热按摩枕家用办公室神器男士女士礼物 优雅黑【车家两用】揉捏+捶打",￥298.00
医绅颈椎按摩器肩颈按摩器热敷加热颈椎家用颈部枕头多功能电动脖子肩颈护颈椎颈托男女通用 标配 通用,￥718.00
情趣用品男性私处另类玩具龟头套延迟套阴茎按摩器自慰器男用飞机杯锻炼龟头敏感度训练器性用品性辅助工具 可搭配降敏低龟头敏感度男用器具男...,￥68.00
马眼棒男用马眼扩张充气尿道塞后庭肛塞自慰情趣另类玩具成人情趣用品 膨胀扩张马眼棒,￥22.90
EleksMaker RGB拟辉光管时钟桌面摆件办公室电脑摆件电竞电子数字科技感钟表男生生日礼物 磨砂透｜IPS PR2｜限定版,￥399.00
情趣用品男性私处另类玩具龟头套延迟套阴茎训练飞机杯自慰器男人私处按摩器龟头敏感训练器性工具大全 可搭配降敏低龟头敏感度男用器具男性性...,￥84.90
南极人颈椎按摩器 呵护颈仪颈部脊椎富贵包疏通垫肩膀脖子肩颈按摩仪 中秋礼品送长辈客户高档实用送礼 生日礼物送男朋友女友男士老婆老公妈妈...,￥69.00
男女用自慰深咙口塞球口枷罩脸调教男另类强制嘴塞张口游戏另类张嘴外出逛街玩具 sm情趣成人用品 罩脸可拆卸-口球款,￥26.00
梵富琳羊鞭鹿鞭牛鞭片可配鹿鞭黄精牡蛎肽鹿血鹿肾丸虫草人参鹿鞭片鹿茸片驴鞭鹿尾梅花鹿鞭膏男用男性产品 一瓶,￥39.00
冠爱腰椎按摩仪腰椎间盘突出治疗仪腰部震动按摩器曲度仪腰间盘牵引器男女腰间盘突出理疗仪 经济适用款+药包三个,￥168.00
【顺丰速发】护腰带腰间盘突出腰椎间盘男女医用腰围腰托固定带腰疼支撑家用保暖发热非腰部治疗仪腰肌劳损 升级款加热理疗动力滑轮护腰带-M码,￥338.00
"爱心东东	
PGG颈椎按摩仪折叠颈部颈椎按摩器低频脉冲护颈仪神器女生生日礼物送女友男友创意礼品三八妇女节女神 折叠款皓月白+精美礼盒包装",￥298.00
"线下同款	
志高颈椎按摩器按摩披肩颈部按摩仪腰背部斜方肌揉捏捶打按摩智能加热热敷充电无线便携送父母男女朋友实用 第三代旗舰款（米色） 充电款",￥468.00
EleksMaker IPS拟辉光管时钟创意复古桌面办公室电脑摆件电竞电子数字科技感钟表男生生日礼物 糖果粉 | 限量版IPS PRO|新版小程序系统 官方标配,￥649.00
SKG颈椎按摩器颈部按摩仪办公室肩颈脉冲便携热敷脖子 感恩节礼物实用送父母领导长辈男女友生日礼品 【全新升级不加价】G1 3代豪华款,￥499.00
带夜光果冻麻花迷你肛塞硅胶混色后庭情趣玩具成人女用扩肛男女房事共用自慰器前列腺按摩器动物狗狗 小号果冻色夜光款,￥25.00
成人男用逼真自慰穿戴硅胶空心假阳具裤狼牙套情趣性用品增加长加粗大狼牙阴茎套中空假阳器GAY男同性恋 SM-弹力穿戴裤,￥24.00
内廷上用北京同仁堂人参鹿鞭玛咖牡蛎片肽男用产品强体健身 补腎壮陽一瓶装,￥128.00
内廷上用北京同仁堂人参鹿鞭玛咖牡蛎片肽男用产品强体健身 补腎壮陽8瓶雄风装,￥576.00
情趣用品男性私处另类玩具龟头套延迟套阴茎按摩器自慰器男用飞机杯锻炼龟头敏感度训练器性用品性辅助工具 男龟头敏感训练器猛男玩具 可搭配阴...,￥68.00
"爱心东东	
怡捷腰部按摩器腰肌劳损车载按摩靠垫背部按摩器滚动捶打按摩仪加热按摩枕家用办公室神器男士女士礼物 雅典绿【车家两用】揉捏+捶打",￥298.00
"爱心东东	
奕佳腰部按摩器捶打车载按摩靠垫腰椎按摩仪男士颈椎背部滚动按摩多功能按摩枕热敷脖子送父母实用礼物 【充电款】车家两用+揉捏敲打",￥238.00
"爱心东东	
奕佳腰部按摩器捶打车载按摩靠垫腰椎按摩仪男士颈椎背部滚动按摩多功能按摩枕热敷脖子送父母实用礼物 【插电款】车家两用+揉捏敲打",￥208.00
"爱心东东	
PGG颈椎按摩仪折叠颈部颈椎按摩器低频脉冲护颈仪神器女生生日礼物送女友男友创意礼品三八妇女节女神 D16尊贵款少女粉+精美礼盒包装",￥238.00
EleksMaker RGB拟辉光管时钟桌面摆件办公室电脑摆件电竞电子数字科技感钟表男生生日礼物 胡椒白｜IPS PR1｜限定版,￥399.00
EleksMaker RGB拟辉光管时钟桌面摆件办公室电脑摆件电竞电子数字科技感钟表男生生日礼物 午夜黑｜IPS PRO｜限定版,￥599.00
EleksMaker RGB拟辉光管时钟桌面摆件办公室电脑摆件电竞电子数字科技感钟表男生生日礼物 经典版｜IPS｜黑色,￥399.00
智能家用健康运动器材套装智能计数跳绳有绳负重内置钢芯智能体脂称健康电子称体重秤男女通用  ITO智能体脂称,￥172.00
小米通用手表男女款运动智能手环青少年防水男中学生数字显示女生电子手表 纯色-极夜黑,￥112.00
EleksMaker IPS拟辉光管时钟创意复古桌面办公室电脑摆件电竞电子数字科技感钟表男生生日礼物 黑金 | IN9辉光管节奏灯 官方标配,￥199.00
小米通用新款通用智能手环男女学生情侣运动防水计步手表闹钟 CF*极夜黑* 基础三代[时间+日历]2%,￥31.00
小米（MI）米家通用智能电子小闹钟学生专用桌面时钟儿童起床神器床头男女孩闹铃台钟 充电触控版/白【送充电线】 13.5厘米,￥89.00
异形动物兽马锁精环空心阳具狼牙套男士穿戴性玩具出精不加长加粗液态硅胶套性玩具成人性用品 红龙色,￥99.00
小米通用新款智能手表男可充电多功能防水黑科技电子表跑步手环运动学生 升级黑[动态彩屏+自定义背景] 标配+充电头+现金红包,￥64.00
儿童画板13英寸 液晶手写板家用早教写字板涂鸦绘画平板男女孩玩具电子黑板达芬奇蒙 13英寸公主粉-大恐龙【彩色笔迹】,￥48.00
小米通用新款智能手表男可充电多功能防水黑科技电子表跑步手环运动学生 C电子表[只能看时间日期+无功 标配+充电头+现金红包,￥32.00
小米（MI）米家通用智能电子小闹钟学生专用桌面时钟儿童起床神器床头男女孩闹铃台钟 标配版/白【电池】 13.5厘米,￥59.00
小米（MI）米家通用智能电子小闹钟学生专用桌面时钟儿童起床神器床头男女孩闹铃台钟 顶配版/墨绿【电池】 13.5厘米,￥75.00
小米通用手环8手表运动计步器6心率电子男女学生多功能7新款 普通版悦活粉(%1人选择购买),￥137.00
小米通用手环8手表运动计步器6心率电子男女学生多功能7新款 顶级悦活粉(%99人选择购买),￥159.00
小米通用智能手环多功能大彩屏男女监测血压心率电子运动手表防水计步器 C2黑色彩屏多功能 标配,￥115.00
小米通用手表男女款运动智能手环青少年防水男中学生数字显示女生电子手表 纯色-藕荷粉,￥112.00
华为智能体脂秤3 Pro电子秤体重称家用双频检测精准 /WiFi蓝牙双连接 /支持安卓iOS男女运动 华为智能体脂称3Pro--日出印象,￥385.00
小米（MI）米家通用闹钟学生专用闹铃儿童男女桌面时钟小电子表台式数字智能起床神器 绿色【智能语音播报*LED大屏幕】充电款超长待机【 14厘米,￥97.00
小米（MI）米家通用闹钟学生专用闹铃儿童男女桌面时钟小电子表台式数字智能起床神器 粉色【智能语音播报*LED大屏幕】充电款超长待机【 14厘米,￥97.00
小米（MI）米家通用闹钟学生专用闹铃儿童男女桌面时钟小电子表台式数字智能起床神器 充电款【语音星期+三组闹钟*夜光】墨黑色【5年质保 14厘米,￥74.00
小米通用新款通用智能手环男女学生情侣运动防水计步手表闹钟 CF*天使白* 智能四代[计步+闹钟]8%,￥59.00
小米通用新款通用智能手环男女学生情侣运动防水计步手表闹钟 CF*池塘藕粉* 顶配六代[新版超强功能高清]7,￥65.00
小米通用新款通用智能手环男女学生情侣运动防水计步手表闹钟 CF*极夜黑* 顶配六代[新版超强功能高清]7,￥65.00
小米通用新款通用智能手环男女学生情侣运动防水计步手表闹钟 DY*暗黑皮卡丘* 顶配六代[新版超强功能高清]7,￥71.00
小米通用新款通用智能手环男女学生情侣运动防水计步手表闹钟 DY*海绵宝宝* 顶配六代[新版超强功能高清]7,￥71.00
小米通用新款通用智能手环男女学生情侣运动防水计步手表闹钟 CF*深海蓝* 顶配六代[新版超强功能高清]7,￥65.00
小米（MI）米家通用智能电子小闹钟学生专用桌面时钟儿童起床神器床头男女孩闹铃台钟 顶配版/粉【送电池】 13.5厘米,￥59.00
小米（MI）米家通用智能电子小闹钟学生专用桌面时钟儿童起床神器床头男女孩闹铃台钟 顶配版/蓝【送电池】 13.5厘米,￥59.00
小米（MI）米家通用智能电子小闹钟学生专用桌面时钟儿童起床神器床头男女孩闹铃台钟 充电顶配版/粉【送充电线】 13.5厘米,￥79.00
小米（MI）米家通用智能电子小闹钟学生专用桌面时钟儿童起床神器床头男女孩闹铃台钟 充电触控版/蓝【送充电线】 13.5厘米,￥89.00
INS低温蜡烛滴蜡sm男女用夫妻另类玩具成人情趣用品变态重口 低温蜡烛铁盒装3只,￥55.00
INS低温蜡烛滴蜡sm男女用夫妻另类玩具成人情趣用品变态重口 低温蜡烛短款3只装,￥18.00
INS低温蜡烛滴蜡sm男女用夫妻另类玩具成人情趣用品变态重口 低温蜡烛长款3个装,￥18.00
成人肛塞迷你小号塞宫铃铛情趣肛塞用品后庭金属扩塞惩罚道具 男女夫妻房事成人情趣性用品玩具 常规号肛塞【金铃铛】,￥19.90
成人肛塞迷你小号塞宫铃铛情趣肛塞用品后庭金属扩塞惩罚道具 男女夫妻房事成人情趣性用品玩具 迷你号肛塞【金铃铛】,￥19.90
冠爱腰椎按摩仪腰椎间盘突出治疗仪腰部震动按摩器曲度仪腰间盘牵引器男女腰间盘突出理疗仪 经济适用款+药包一个,￥128.00
冠爱腰椎按摩仪腰椎间盘突出治疗仪腰部震动按摩器曲度仪腰间盘牵引器男女腰间盘突出理疗仪 经济适用款+药包二个,￥148.00
小米（MI）米家通用智能电子小闹钟学生专用桌面时钟儿童起床神器床头男女孩闹铃台钟 小号低配版/白 13.5厘米,￥49.00
铃铛情趣乳夹玩具金属链乳夹夹另类肛塞乳调教用具惩罚道具 男女夫妻房事成人情趣性用品玩具 乳夹【V夹铃铛】,￥19.00
小米（MI）米家通用智能电子小闹钟学生专用桌面时钟儿童起床神器床头男女孩闹铃台钟 标配版/蓝【电池】 13.5厘米,￥59.00
小米（MI）米家通用智能电子小闹钟学生专用桌面时钟儿童起床神器床头男女孩闹铃台钟 顶配版/白【电池】 13.5厘米,￥75.00
小米（MI）米家通用智能电子小闹钟学生专用桌面时钟儿童起床神器床头男女孩闹铃台钟 顶配版/蓝【电池】 13.5厘米,￥75.00
小米（MI）米家通用智能电子小闹钟学生专用桌面时钟儿童起床神器床头男女孩闹铃台钟 充电顶配版/蓝【充电线】 13.5厘米,￥89.00
小米（MI）米家通用智能电子小闹钟学生专用桌面时钟儿童起床神器床头男女孩闹铃台钟 充电顶配版/粉【充电线】 13.5厘米,￥89.00
小米（MI）米家通用智能电子小闹钟学生专用桌面时钟儿童起床神器床头男女孩闹铃台钟 充电顶配版/白+贴纸 13.5厘米,￥91.00
小米（MI）米家通用智能电子小闹钟学生专用桌面时钟儿童起床神器床头男女孩闹铃台钟 充电顶配版/白+D05贴片贴纸 13.5厘米,￥95.00
小米（MI）米家通用智能电子小闹钟学生专用桌面时钟儿童起床神器床头男女孩闹铃台钟 标配版/粉红【电池】 13.5厘米,￥59.00
小米（MI）米家通用智能电子小闹钟学生专用桌面时钟儿童起床神器床头男女孩闹铃台钟 顶配版/粉【电池】 13.5厘米,￥75.00
小米（MI）米家通用智能电子小闹钟学生专用桌面时钟儿童起床神器床头男女孩闹铃台钟 充电顶配版/粉+贴纸 13.5厘米,￥91.00
小米（MI）米家通用智能电子小闹钟学生专用桌面时钟儿童起床神器床头男女孩闹铃台钟 充电顶配版/粉+D01贴片贴纸 13.5厘米,￥95.00
小米（MI）米家通用智能电子小闹钟学生专用桌面时钟儿童起床神器床头男女孩闹铃台钟 充电顶配版/白+D01贴片贴纸 13.5厘米,￥95.00
华为（HUAWEI）智能体脂秤家用成人精准电子人体秤减肥智能体重测脂肪称女男运动健康蓝牙体重秤 华为智能体脂称3Pro--日出印象,￥385.00
华为（HUAWEI）智能体脂秤家用成人精准电子人体秤减肥智能体重测脂肪称女男运动健康蓝牙体重秤 华为体脂称3代【蓝牙版】凝霜白,￥109.00
华为（HUAWEI）智能体脂秤家用成人精准电子人体秤减肥智能体重测脂肪称女男运动健康蓝牙体重秤 华为体脂称3代【蓝牙版】海岛蓝,￥109.00
小米（MI）米家通用智能电子小闹钟学生专用桌面时钟儿童起床神器床头男女孩闹铃台钟 充电顶配版/墨绿【充电线】 13.5厘米,￥89.00
小米（MI）米家通用智能电子小闹钟学生专用桌面时钟儿童起床神器床头男女孩闹铃台钟 充电顶配【2只装】默认发白色 13.5厘米,￥141.00
通用闹钟学生专用起床神器儿童闹铃强力叫醒桌面男孩小电子表时钟智能 智能夜光【8首铃声+语音报时+3组闹钟+单双休】绿,￥45.00
通用闹钟学生专用起床神器儿童闹铃强力叫醒桌面男孩小电子表时钟智能 智能夜光充电款【8首铃声+语音报时+3组闹钟+单双,￥59.00
通用闹钟学生专用起床神器儿童闹铃强力叫醒桌面男孩小电子表时钟智能 小号电池款【闹钟+温度+计时】配电池1台发货,￥25.00
通用闹钟学生专用起床神器儿童闹铃强力叫醒桌面男孩小电子表时钟智能 智能夜光【温度+贪睡+闹钟】白色 电池+贴纸,￥33.00
通用闹钟学生专用起床神器儿童闹铃强力叫醒桌面男孩小电子表时钟智能 智能夜光【温度+贪睡+闹钟】粉色 电池+贴纸,￥33.00
通用闹钟学生专用起床神器儿童闹铃强力叫醒桌面男孩小电子表时钟智能 智能夜光【8首铃声+语音报时+3组闹钟+单双休】白,￥45.00
通用闹钟学生专用起床神器儿童闹铃强力叫醒桌面男孩小电子表时钟智能 智能夜光【8首铃声+语音报时+3组闹钟+单双休】黑,￥45.00
前列腺按摩器后庭开发自慰器抽拉珠肛塞外出穿戴成人用品sm扩肛器情趣男男同志用品gay男性性玩具插 成人用品男情趣玩具性辅助工具,￥188.00
小米通用手环8手表运动计步器6心率电子男女学生多功能7新款 普通版夜跃黑(%1人选择购买),￥137.00
小米通用手环8手表运动计步器6心率电子男女学生多功能7新款 顶级中国红(%99人选择购买),￥159.00
小米通用手环8手表运动计步器6心率电子男女学生多功能7新款 顶级舒展蓝(%99人选择购买),￥159.00
小米通用手环8手表运动计步器6心率电子男女学生多功能7新款 顶级夜跃黑(%99人选择购买),￥159.00
小米通用手环8手表运动计步器6心率电子男女学生多功能7新款 顶级深海蓝(%99人选择购买),￥159.00
小米通用手环8手表运动计步器6心率电子男女学生多功能7新款 普通版深海蓝(%1人选择购买),￥137.00
小米通用手环8手表运动计步器6心率电子男女学生多功能7新款 普通版中国红(%1人选择购买),￥137.00
智能家用健康运动器材套装智能计数跳绳有绳负重内置钢芯智能体脂称健康电子称体重秤男女通用 KUS T3超燃脂智能计数跳绳,￥148.00
智能家用健康运动器材套装智能计数跳绳有绳负重内置钢芯智能体脂称健康电子称体重秤男女通用 吸顶蓝牙音箱(主音箱),￥685.00
智能家用健康运动器材套装智能计数跳绳有绳负重内置钢芯智能体脂称健康电子称体重秤男女通用 吸顶蓝牙音箱(辅音箱),￥489.00
"爱心东东	
怡捷腰部按摩器腰肌劳损车载按摩靠垫背部按摩器滚动捶打按摩仪加热按摩枕家用办公室神器男士女士礼物 货车款优雅黑【车家两用】揉捏+捶打",￥338.00
小米通用智能手环多功能大彩屏男女监测血压心率电子运动手表防水计步器 C2蓝色彩屏多功能 标配,￥115.00
小米通用智能手环多功能大彩屏男女监测血压心率电子运动手表防水计步器 C5黑色彩屏多功能升级版 标配,￥137.00
小米通用智能手环多功能大彩屏男女监测血压心率电子运动手表防水计步器 M7黑色[动态壁纸/计步/配速] 标配,￥93.00
小米通用智能手环多功能大彩屏男女监测血压心率电子运动手表防水计步器 M7白色[动态壁纸/计步/配速] 标配,￥93.00
小米通用智能手环多功能大彩屏男女监测血压心率电子运动手表防水计步器 升级黑色[血氧/心率/血压/计步 标配,￥104.00
小米通用智能手环多功能大彩屏男女监测血压心率电子运动手表防水计步器 升级白色[血氧/心率/血压/计步 标配,￥104.00
小米通用智能手环多功能大彩屏男女监测血压心率电子运动手表防水计步器 C5蓝色彩屏多功能升级版 标配,￥137.00
小米通用智能手环多功能大彩屏男女监测血压心率电子运动手表防水计步器 C5红色彩屏多功能升级版 标配,￥137.00
小米通用智能手环多功能大彩屏男女监测血压心率电子运动手表防水计步器 M7星黛紫[动态壁纸/计步/配速 标配,￥93.00
小米通用智能手环多功能大彩屏男女监测血压心率电子运动手表防水计步器 M7深海蓝[动态壁纸/计步/配速 标配,￥93.00
小米通用智能手环多功能大彩屏男女监测血压心率电子运动手表防水计步器 升级深海蓝[血氧/心率/血压/计 标配,￥104.00
EleksMaker WFD拟荧光管时钟桌面复古潮玩摆件男生创意礼物电竞房赛博科技感电子数字拾音钟表 银色 | IV18荧光管时钟,￥649.00
狼牙套增加大增加粗刺激型加粗款变态避孕套狼牙棒阴茎套sm男性用品成人用品夫妻房事工具震动套套情趣道具 肤色款-小钢炮加长6.5cm 单产品无组合,￥38.00
狼牙套增加大增加粗刺激型加粗款变态避孕套狼牙棒阴茎套sm男性用品成人用品夫妻房事工具震动套套情趣道具 肤色款-大钢炮加长10cm 单产品无组合,￥38.00
谜姬 国潮四神兽 狼牙套 男用加长加粗套 降敏带刺套 大颗粒成人情趣用品夫妻房事露营刺激型性情趣玩具 毕方：产品尺寸:14.5CM*3.5CM,￥9.50
小米通用手表男女款运动智能手环青少年防水男中学生数字显示女生电子手表 纯色-雾霾蓝,￥112.00
小米通用手表男女款运动智能手环青少年防水男中学生数字显示女生电子手表 纯色-铂钢灰,￥112.00
小米通用手表男女款运动智能手环青少年防水男中学生数字显示女生电子手表 水彩-岚墨色,￥112.00
小米通用手表男女款运动智能手环青少年防水男中学生数字显示女生电子手表 纯色-复古白,￥112.00
小米通用手表男女款运动智能手环青少年防水男中学生数字显示女生电子手表 水彩-紫韵色,￥112.00
小米通用手表男女款运动智能手环青少年防水男中学生数字显示女生电子手表 油画-月下紫峰,￥112.00
小米通用手表男女款运动智能手环青少年防水男中学生数字显示女生电子手表 印花-绿野玫瑰,￥112.00
小米通用手表男女款运动智能手环青少年防水男中学生数字显示女生电子手表 油画-沧笙踏歌,￥112.00
小米通用手表男女款运动智能手环青少年防水男中学生数字显示女生电子手表 平安喜乐兔-本命年,￥112.00
汉王（Hanvon） 61六一儿童节礼物男女孩手写板学生光能涂鸦小黑板绘画板涂鸦护眼电子写字板 液晶画板手写板:8英寸白色,￥39.78
小米（MI）米家通用闹钟学生专用闹铃儿童男女桌面时钟小电子表台式数字智能起床神器 迷你款【温度版】电池款-白色 14厘米,￥31.00
小米（MI）米家通用闹钟学生专用闹铃儿童男女桌面时钟小电子表台式数字智能起床神器 标配【室内温度显示】电池款-白色 14厘米,￥41.00
小米（MI）米家通用闹钟学生专用闹铃儿童男女桌面时钟小电子表台式数字智能起床神器 标配【室内温度显示】电池款-黑色 14厘米,￥41.00
小米通用智能手表彩屏蓝牙运动腕表手环心率血氧血压适用苹果手机 升级版[基础功能]3%人选择 少女粉(男女通杀),￥67.00
小米通用智能手表彩屏蓝牙运动腕表手环心率血氧血压适用苹果手机 顶配版[功能多+续航长]8%人选 少女粉(男女通杀),￥82.00
小米（MI）米家通用闹钟学生专用闹铃儿童男女桌面时钟小电子表台式数字智能起床神器 白色【智能语音播报*LED大屏幕】电池款超长待机【 14厘米,￥51.00
小米（MI）米家通用闹钟学生专用闹铃儿童男女桌面时钟小电子表台式数字智能起床神器 黑色【智能语音播报*LED大屏幕】电池款超长待机【 14厘米,￥51.00
小米（MI）米家通用闹钟学生专用闹铃儿童男女桌面时钟小电子表台式数字智能起床神器 蓝色【智能语音播报*LED大屏幕】电池款超长待机【 14厘米,￥51.00
小米通用新款通用智能手环男女学生情侣运动防水计步手表闹钟 DY*白色太空人* 基础三代[时间+日历]2%,￥42.00
小米通用新款通用智能手环男女学生情侣运动防水计步手表闹钟 DY*白色KAWS* 基础三代[时间+日历]2%,￥42.00
小米通用新款通用智能手环男女学生情侣运动防水计步手表闹钟 CF*极夜黑* 智能四代[计步+闹钟]8%,￥59.00
小米通用新款通用智能手环男女学生情侣运动防水计步手表闹钟 CF*深海蓝* 升级五代[多功能彩屏]20%,￥62.00
小米通用新款通用智能手环男女学生情侣运动防水计步手表闹钟 CF*天使白* 基础三代[时间+日历]2%,￥31.00
小米通用新款通用智能手环男女学生情侣运动防水计步手表闹钟 DY*黑色太空人* 智能四代[计步+闹钟]8%,￥66.00
小米通用新款通用智能手环男女学生情侣运动防水计步手表闹钟 CF*深海蓝* 智能四代[计步+闹钟]8%,￥59.00
小米通用新款通用智能手环男女学生情侣运动防水计步手表闹钟 DY*潮流皮卡丘* 基础三代[时间+日历]2%,￥42.00
小米通用新款通用智能手环男女学生情侣运动防水计步手表闹钟 DY*暗黑皮卡丘* 基础三代[时间+日历]2%,￥42.00
小米通用新款通用智能手环男女学生情侣运动防水计步手表闹钟 DY*黄色小柴犬* 基础三代[时间+日历]2%,￥42.00
小米通用新款通用智能手环男女学生情侣运动防水计步手表闹钟 DY*海绵宝宝* 升级五代[多功能彩屏]20%,￥69.00
小米通用新款通用智能手环男女学生情侣运动防水计步手表闹钟 DY*海绵宝宝* 基础三代[时间+日历]2%,￥42.00
小米通用新款通用智能手环男女学生情侣运动防水计步手表闹钟 DY*黄色皮卡丘* 基础三代[时间+日历]2%,￥42.00
小米通用新款通用智能手环男女学生情侣运动防水计步手表闹钟 DY*黑色太空人* 基础三代[时间+日历]2%,￥42.00
小米通用新款通用智能手环男女学生情侣运动防水计步手表闹钟 DY*黑色暴力熊* 基础三代[时间+日历]2%,￥42.00
小米通用新款通用智能手环男女学生情侣运动防水计步手表闹钟 CF*天使白* 升级五代[多功能彩屏]20%,￥62.00
小米通用新款通用智能手环男女学生情侣运动防水计步手表闹钟 CF*中国红* 智能四代[计步+闹钟]8%,￥59.00
小米通用新款通用智能手环男女学生情侣运动防水计步手表闹钟 CF*中国红* 基础三代[时间+日历]2%,￥31.00
小米通用新款通用智能手环男女学生情侣运动防水计步手表闹钟 DY*黄色小柴犬* 顶配六代[新版超强功能高清]7,￥71.00
小米通用新款通用智能手环男女学生情侣运动防水计步手表闹钟 DY*三只小萌怪物* 顶配六代[新版超强功能高清]7,￥71.00
小米通用新款通用智能手环男女学生情侣运动防水计步手表闹钟 DY*三只小萌怪物* 智能四代[计步+闹钟]8%,￥66.00
小米通用新款通用智能手环男女学生情侣运动防水计步手表闹钟 CF*天使白* 顶配六代[新版超强功能高清]7,￥65.00
小米通用新款通用智能手环男女学生情侣运动防水计步手表闹钟 CF*天空蓝* 顶配六代[新版超强功能高清]7,￥65.00
小米通用新款通用智能手环男女学生情侣运动防水计步手表闹钟 CF*中国红* 顶配六代[新版超强功能高清]7,￥65.00
小米通用新款通用智能手环男女学生情侣运动防水计步手表闹钟 DY*潮流皮卡丘* 顶配六代[新版超强功能高清]7,￥71.00
小米通用新款通用智能手环男女学生情侣运动防水计步手表闹钟 DY*潮流皮卡丘* 升级五代[多功能彩屏]20%,￥69.00
小米通用新款通用智能手环男女学生情侣运动防水计步手表闹钟 DY*暗黑皮卡丘* 升级五代[多功能彩屏]20%,￥69.00
小米通用新款通用智能手环男女学生情侣运动防水计步手表闹钟 DY*三只小萌怪物* 升级五代[多功能彩屏]20%,￥69.00
小米通用新款通用智能手环男女学生情侣运动防水计步手表闹钟 DY*黄色皮卡丘* 顶配六代[新版超强功能高清]7,￥71.00
小米通用新款通用智能手环男女学生情侣运动防水计步手表闹钟 DY*白色太空人* 顶配六代[新版超强功能高清]7,￥71.00
小米通用新款通用智能手环男女学生情侣运动防水计步手表闹钟 DY*白色哆啦a梦* 基础三代[时间+日历]2%,￥42.00
小米通用新款通用智能手环男女学生情侣运动防水计步手表闹钟 DY*白色KAWS* 顶配六代[新版超强功能高清]7,￥71.00
梵富琳蛹虫草人参搭玛咖牡蛎鹿鞭大根片男士玛咖牡蛎淫羊藿产品 1瓶,￥69.90
后庭肛塞狐狸尾巴兔子尾巴男女用肛栓扩张自慰金属扩肛器SM另类激情刺激情趣成人性用品惩罚道具夫妻 后庭肛塞-兔子尾巴 小号 白色,￥9.90
后庭肛塞狐狸尾巴兔子尾巴男女用肛栓扩张自慰金属扩肛器SM另类激情刺激情趣成人性用品惩罚道具夫妻 后庭肛塞 狐狸尾巴 大号 白色,￥26.90
后庭肛塞狐狸尾巴兔子尾巴男女用肛栓扩张自慰金属扩肛器SM另类激情刺激情趣成人性用品惩罚道具夫妻 后庭肛塞-狐狸尾巴 中号 蓝黑色,￥19.90
冠爱（GUANAI）腰部按摩器腰肌劳损按摩仪腰椎理疗仪腰椎牵引器热敷振动按摩缓解酸痛男女护腰按摩器 旗舰款（自动升降+3个药包）,￥198.00
欧太能杜仲雄花玛咖牡蛎肽可撘虫草人参鹿鞭片鹿茸片驴鞭鹿尾梅花鹿鞭膏男用男性产品 一盒装,￥59.00
欧太能杜仲雄花玛咖牡蛎肽可撘虫草人参鹿鞭片鹿茸片驴鞭鹿尾梅花鹿鞭膏男用男性产品 三瓶装，下单实发五瓶,￥177.00
欧太能杜仲雄花玛咖牡蛎肽可撘虫草人参鹿鞭片鹿茸片驴鞭鹿尾梅花鹿鞭膏男用男性产品 两瓶装，下单实发三瓶,￥118.00
EM｜RGB拟辉光管时钟桌面摆件男友礼物命运石之门｜EleksTube IPS 复古拟辉光管IN9电子管音乐频谱仪,￥199.00
后庭自慰器前列腺透明肛条肛塞光滑仿真阳具sm男女后庭用品成人情趣性用品 透明S,￥9.90
梵富琳蛹虫草人参片搭男性滋鹿鞭肾玛咖枸杞杜仲雄花牡蛎产品 1瓶装,￥68.00
梵富琳鹿鞭羊鞭牛鞭精片可撘虫草人参鹿鞭片鹿茸片驴鞭鹿尾梅花鹿鞭膏男用男性产品一起使用 一瓶装,￥49.00
小米（MI）米家通用智能电子小闹钟学生专用桌面时钟儿童起床神器床头男女孩闹铃台钟 小号低配版/粉 13.5厘米,￥39.00
小米（MI）米家通用智能电子小闹钟学生专用桌面时钟儿童起床神器床头男女孩闹铃台钟 标配版/蓝【送电池】 13.5厘米,￥49.00
小米（MI）米家通用智能电子小闹钟学生专用桌面时钟儿童起床神器床头男女孩闹铃台钟 顶配版/墨绿【送电池】 13.5厘米,￥59.00
小米（MI）米家通用智能电子小闹钟学生专用桌面时钟儿童起床神器床头男女孩闹铃台钟 顶配版/白【送电池】 13.5厘米,￥59.00
小米（MI）米家通用智能电子小闹钟学生专用桌面时钟儿童起床神器床头男女孩闹铃台钟 标配版/粉红【送电池】 13.5厘米,￥49.00
小米（MI）米家通用智能电子小闹钟学生专用桌面时钟儿童起床神器床头男女孩闹铃台钟 充电顶配版/白【送充电线】 13.5厘米,￥79.00
小米（MI）米家通用智能电子小闹钟学生专用桌面时钟儿童起床神器床头男女孩闹铃台钟 充电顶配版/蓝【送充电线】 13.5厘米,￥79.00
小米（MI）米家通用智能电子小闹钟学生专用桌面时钟儿童起床神器床头男女孩闹铃台钟 充电顶配版/墨绿【送充电线】 13.5厘米,￥79.00
小米（MI）米家通用智能电子小闹钟学生专用桌面时钟儿童起床神器床头男女孩闹铃台钟 充电触控版/墨绿【送充电线】 13.5厘米,￥89.00
"爱心东东	
奕佳腰部按摩器捶打车载按摩靠垫腰椎按摩仪男士颈椎背部滚动按摩多功能按摩枕热敷脖子送父母实用礼物 【刺绣款】车家两用+揉捏敲打",￥238.00
叁禾源牡蛎玛咖压片可撘虫草人参鹿鞭片鹿茸片驴鞭鹿尾梅花鹿鞭成人口服鹿鞭膏鹿肾鹿血滋补营养膳食产品使用 一瓶装,￥39.90
小米通用通用智能手环运动计步震动闹钟男女学生初高中生情侣手表 [双人行]全透明 电池+时间日期+LED夜光+防水,￥40.00
小米通用通用智能手环运动计步震动闹钟男女学生初高中生情侣手表 [双人行]酷炫黑 电池+时间日期+LED夜光+防水,￥30.00
小米通用通用智能手环运动计步震动闹钟男女学生初高中生情侣手表 [双人行]黑色KAWS 电池+时间日期+LED夜光+防水,￥40.00
小米通用通用智能手环运动计步震动闹钟男女学生初高中生情侣手表 [双人行]中国红 电池+时间日期+LED夜光+防水,￥30.00
小米通用通用智能手环运动计步震动闹钟男女学生初高中生情侣手表 [双人行]黑色太空人 电池+时间日期+LED夜光+防水,￥40.00
小米通用通用智能手环运动计步震动闹钟男女学生初高中生情侣手表 [双人行]透明光变红 智能充电+多功能+消息+音乐控制,￥66.00
小米通用通用智能手环运动计步震动闹钟男女学生初高中生情侣手表 [双人行]透明光变蓝 电池+时间日期+LED夜光+防水,￥40.00
小米通用通用智能手环运动计步震动闹钟男女学生初高中生情侣手表 [双人行]酷炫黑 智能充电+多功能+消息+音乐控制,￥62.00
小米通用通用智能手环运动计步震动闹钟男女学生初高中生情侣手表 [双人行]全透明 智能充电+多功能+消息+音乐控制,￥66.00
小米通用通用智能手环运动计步震动闹钟男女学生初高中生情侣手表 [双人行]黄色皮卡丘 电池+时间日期+LED夜光+防水,￥40.00
小米通用通用智能手环运动计步震动闹钟男女学生初高中生情侣手表 [双人行]美少女粉 电池+时间日期+LED夜光+防水,￥30.00
PGG u型按摩枕护颈仪颈椎按摩器脖子颈部按摩仪生日礼物送老婆女友男友闺蜜母亲节员工实用礼品创意 阳光橙,￥499.00
PGG u型按摩枕护颈仪颈椎按摩器脖子颈部按摩仪生日礼物送老婆女友男友闺蜜母亲节员工实用礼品创意 智能版冰霜白,￥399.00
小米（MI）米家通用卡通闹钟学生用起床神器床头桌面儿童女孩男孩专用小电子时钟 NZ278圆形蓝色 13厘米,￥35.00
小米（MI）米家通用卡通闹钟学生用起床神器床头桌面儿童女孩男孩专用小电子时钟 NZ280圆形蓝色 13厘米,￥35.00
小米（MI）米家通用卡通闹钟学生用起床神器床头桌面儿童女孩男孩专用小电子时钟 NZ281圆形蓝色 13厘米,￥35.00
小米（MI）米家通用卡通闹钟学生用起床神器床头桌面儿童女孩男孩专用小电子时钟 NZ318方形黑色 13厘米,￥39.00
小米（MI）米家通用卡通闹钟学生用起床神器床头桌面儿童女孩男孩专用小电子时钟 NZ277圆形白色 13厘米,￥35.00
小米（MI）米家通用卡通闹钟学生用起床神器床头桌面儿童女孩男孩专用小电子时钟 NZ278圆形黑色 13厘米,￥35.00
小米（MI）米家通用卡通闹钟学生用起床神器床头桌面儿童女孩男孩专用小电子时钟 NZ314圆形蓝色 13厘米,￥35.00
小米（MI）米家通用卡通闹钟学生用起床神器床头桌面儿童女孩男孩专用小电子时钟 NZ315圆形白色 13厘米,￥35.00
小米（MI）米家通用卡通闹钟学生用起床神器床头桌面儿童女孩男孩专用小电子时钟 NZ316圆形粉色 13厘米,￥35.00
小米（MI）米家通用卡通闹钟学生用起床神器床头桌面儿童女孩男孩专用小电子时钟 NZ317圆形黑色 13厘米,￥35.00
小米（MI）米家通用卡通闹钟学生用起床神器床头桌面儿童女孩男孩专用小电子时钟 NZ318圆形黑色 13厘米,￥35.00
小米（MI）米家通用卡通闹钟学生用起床神器床头桌面儿童女孩男孩专用小电子时钟 NZ277方形白色 13厘米,￥39.00
小米（MI）米家通用卡通闹钟学生用起床神器床头桌面儿童女孩男孩专用小电子时钟 NZ278方形黑色 13厘米,￥39.00
小米（MI）米家通用卡通闹钟学生用起床神器床头桌面儿童女孩男孩专用小电子时钟 NZ278方形蓝色 13厘米,￥39.00
小米（MI）米家通用卡通闹钟学生用起床神器床头桌面儿童女孩男孩专用小电子时钟 NZ316方形粉色 13厘米,￥39.00
小米（MI）米家通用卡通闹钟学生用起床神器床头桌面儿童女孩男孩专用小电子时钟 NZ317方形黑色 13厘米,￥39.00
倍达康腰部经络按摩器护腰带热敷腰间盘腰椎仪家用突出男女腰疼老人电灸理疗神器充电加热低频电脉冲理疗仪 白色,￥499.00
INS硅胶马眼棒新手实心外出跳蛋拉珠塞男士前列腺按摩器SM尿道男用自慰器具扩张刺激另类情趣玩具用品 5号（直径7mm）,￥13.80
INS硅胶马眼棒新手实心外出跳蛋拉珠塞男士前列腺按摩器SM尿道男用自慰器具扩张刺激另类情趣玩具用品 3号（直径5mm）,￥9.90
"爱心东东	
PGG颈椎按摩仪折叠颈部颈椎按摩器低频脉冲护颈仪神器女生生日礼物送女友男友创意礼品三八妇女节女神 折叠款深空灰+精美礼盒包装",￥298.00
盈趣鹿鞭海参牛骨肽可搭人参玛咖黄精牡蛎肽口服滋补男性玛咖牡蛎鹿鞭鹿肾黄精桑葚枸杞雄花片产品使用 一瓶装,￥50.80
盈趣鹿鞭海参牛骨肽可搭人参玛咖黄精牡蛎肽口服滋补男性玛咖牡蛎鹿鞭鹿肾黄精桑葚枸杞雄花片产品使用 共三瓶,￥101.60
小米通用新款智能手表男可充电多功能防水黑科技电子表跑步手环运动学生 升级黑[动态彩屏+自定义背景] 标配+现金红包,￥64.00
小米通用新款智能手表男可充电多功能防水黑科技电子表跑步手环运动学生 升级蓝色[动态彩屏+自定义背景 标配+现金红包,￥64.00
小米通用新款智能手表男可充电多功能防水黑科技电子表跑步手环运动学生 升级红色[动态彩屏+自定义背景 标配+现金红包,￥64.00
小米通用新款智能手表男可充电多功能防水黑科技电子表跑步手环运动学生 藕粉[智能推送+自定义背景+中 标配+充电头+现金红包,￥106.00
小米通用新款智能手表男可充电多功能防水黑科技电子表跑步手环运动学生 升级藕粉[动态彩屏+自定义背景 标配+充电头+现金红包,￥64.00
小米通用新款智能手表男可充电多功能防水黑科技电子表跑步手环运动学生 升级蓝色[动态彩屏+自定义背景 标配+充电头+现金红包,￥64.00
贞锁洁男用阴茎套操锁精环sm激情调教道具CB带锁鸟笼子防出轨成人情趣性用品玩具惩罚道具 男女夫妻房事 塑料短款 黑色,￥36.90
贞锁洁男用阴茎套操锁精环sm激情调教道具CB带锁鸟笼子防出轨成人情趣性用品玩具惩罚道具 男女夫妻房事 硅胶短款 黑色,￥51.90
章鱼足仿真假阳具 后庭肛塞大中小后庭拉珠肛塞 成人情趣性用品 男女生通用刺激欲仙自慰卫器 透明L,￥38.00
章鱼足仿真假阳具 后庭肛塞大中小后庭拉珠肛塞 成人情趣性用品 男女生通用刺激欲仙自慰卫器 黑色L,￥36.00
小米通用2023新款通用智能手环男女学生情侣运动防水计步闹钟手表 # 黑色 [初级]仅时间日期,￥33.00
小米通用2023新款通用智能手环男女学生情侣运动防水计步闹钟手表 # 透明色 [初级]仅时间日期,￥40.00
小米通用2023新款通用智能手环男女学生情侣运动防水计步闹钟手表 # 藕粉色 [初级]仅时间日期,￥33.00
小米通用2023新款通用智能手环男女学生情侣运动防水计步闹钟手表 # 黑色 [中级]基础功能+闹钟,￥64.00
小米通用2023新款通用智能手环男女学生情侣运动防水计步闹钟手表 # 透明色 [中级]基础功能+闹钟,￥68.00
小米通用2023新款通用智能手环男女学生情侣运动防水计步闹钟手表 # 白色 [初级]仅时间日期,￥33.00
小米通用2023新款通用智能手环男女学生情侣运动防水计步闹钟手表 # 天蓝色 [初级]仅时间日期,￥33.00
小米通用2023新款通用智能手环男女学生情侣运动防水计步闹钟手表 # 深蓝色 [中级]基础功能+闹钟,￥64.00
小米通用2023新款通用智能手环男女学生情侣运动防水计步闹钟手表 # 深蓝色 [初级]仅时间日期,￥33.00
小米通用2023新款通用智能手环男女学生情侣运动防水计步闹钟手表 # 红色 [初级]仅时间日期,￥33.00
小米通用2023新款通用智能手环男女学生情侣运动防水计步闹钟手表 # 光变红 [中级]基础功能+闹钟,￥68.00
小米通用2023新款通用智能手环男女学生情侣运动防水计步闹钟手表 # 黑色 [高级]多功能+自定义+消息推,￥69.00
小米通用2023新款通用智能手环男女学生情侣运动防水计步闹钟手表 # 光变黑 [高级]多功能+自定义+消息推,￥73.00
小米通用2023新款通用智能手环男女学生情侣运动防水计步闹钟手表 # 光变黄 [高级]多功能+自定义+消息推,￥73.00
小米通用2023新款通用智能手环男女学生情侣运动防水计步闹钟手表 # 透明色 [高级]多功能+自定义+消息推,￥73.00
小米通用2023新款通用智能手环男女学生情侣运动防水计步闹钟手表 # 光变紫 [高级]多功能+自定义+消息推,￥73.00
小米通用2023新款通用智能手环男女学生情侣运动防水计步闹钟手表 # 光变红 [高级]多功能+自定义+消息推,￥73.00
小米通用智能手环多功能运动计步闹钟蓝牙手表情侣男女学生苹果安卓通用 [樱语粉]# 普通版[时间日期+遥控拍照],￥39.00
小米通用智能手环多功能运动计步闹钟蓝牙手表情侣男女学生苹果安卓通用 [曜石黑]# 普通版[时间日期+遥控拍照],￥49.00
小米通用智能手环多功能运动计步闹钟蓝牙手表情侣男女学生苹果安卓通用 [曜石黑]# 豪华版[多种运动+自定义表盘],￥58.00
小米通用智能手环多功能运动计步闹钟蓝牙手表情侣男女学生苹果安卓通用 [曜石黑]# 旗舰版[消息提醒+多功能增强],￥65.00
取悦情趣男女同用性用品后庭肛塞便携柔软光滑随意弯曲果冻饱满扩张按摩扩肛器肛用具拉珠易清洗 果冻后庭棒②+润滑*3,￥19.90
取悦情趣男女同用性用品后庭肛塞便携柔软光滑随意弯曲果冻饱满扩张按摩扩肛器肛用具拉珠易清洗 果冻后庭棒⑤+润滑*3,￥19.90
取悦情趣男女同用性用品后庭肛塞便携柔软光滑随意弯曲果冻饱满扩张按摩扩肛器肛用具拉珠易清洗 果冻后庭棒④+润滑*3,￥24.90
取悦情趣男女同用性用品后庭肛塞便携柔软光滑随意弯曲果冻饱满扩张按摩扩肛器肛用具拉珠易清洗 果冻后庭棒①+润滑*3,￥24.90
小米通用2023新款通用智能手环男女学生情侣运动防水计步闹钟手表 [纯]#天使白 至尊6代[新版超强功能]70%选,￥66.00
小米通用2023新款通用智能手环男女学生情侣运动防水计步闹钟手表 [纯]#炫酷黑 至尊6代[新版超强功能]70%选,￥66.00
小米通用2023新款通用智能手环男女学生情侣运动防水计步闹钟手表 [纯]#炫酷黑 高清5代[多功能+自定义]20%选,￥63.00
小米通用2023新款通用智能手环男女学生情侣运动防水计步闹钟手表 [纯]#炫酷黑 升级4代[高清彩屏+自定义]8%,￥60.00
小米通用2023新款通用智能手环男女学生情侣运动防水计步闹钟手表 [纯]#时尚粉 至尊6代[新版超强功能]70%选,￥66.00
小米通用2023新款通用智能手环男女学生情侣运动防水计步闹钟手表 [潮流印花]#黑色太空人 至尊6代[新版超强功能]70%选,￥70.00
小米通用2023新款通用智能手环男女学生情侣运动防水计步闹钟手表 [潮流印花]#海绵宝宝 至尊6代[新版超强功能]70%选,￥70.00
充气肛塞私处灌肠清洗器扩肛器男女用调教道具后庭拉珠肛塞 成人sm高潮另类 充气肛塞-配2个连接头,￥69.00
智能戒指黑科技连蓝牙安卓苹果男女士通用款多功能门禁卡万能戒指 NFC智能戒指,￥56.00
智能手环多功能大彩屏男女监测血压心率电子运动手表防水. C2黑色彩屏多功能,￥128.00
夜店酒吧后庭肛塞 SM情趣道具 男女用多色发光扩肛器遥控变色炫彩后庭塞扩张用品情趣用品 小号,￥28.00
夜店酒吧后庭肛塞 SM情趣道具 男女用多色发光扩肛器遥控变色炫彩后庭塞扩张用品情趣用品 中号,￥32.00
夜店酒吧后庭肛塞 SM情趣道具 男女用多色发光扩肛器遥控变色炫彩后庭塞扩张用品情趣用品 (大中小)一套,￥79.00
华为原装体脂秤3智能精准家用电子体重称成人健康健身称重测脂肪男女士蓝牙wifi人体质秤 【蓝牙版】体脂称3凝霜白+测量皮尺,￥109.00
华为原装体脂秤3智能精准家用电子体重称成人健康健身称重测脂肪男女士蓝牙wifi人体质秤 【蓝牙版】体脂称3海岛蓝+测量皮尺,￥109.00
INS男用女用自慰器电动拉珠肛塞情趣成人用品性自由变形款后庭振动器柔软SM玩具,￥36.00
柔珠球入珠锁精环透气房事男士sm成人男性情趣性用品高潮刺激延长时环男用隐形按摩夫妻房事  四珠环一个,￥9.90
柔珠球入珠锁精环透气房事男士sm成人男性情趣性用品高潮刺激延长时环男用隐形按摩夫妻房事  八珠环一个,￥9.90
柔珠球入珠锁精环透气房事男士sm成人男性情趣性用品高潮刺激延长时环男用隐形按摩夫妻房事  四珠(3个一盒装),￥19.90
柔珠球入珠锁精环透气房事男士sm成人男性情趣性用品高潮刺激延长时环男用隐形按摩夫妻房事  十二珠(3个一盒装),￥24.90
硅胶马眼棒新手 拉珠尿道棒尿道塞 男士前列腺按摩器SM男用自慰器具扩张刺激另类情趣玩具成人用品 M中粗【直径6MM】,￥9.90
硅胶马眼棒新手 拉珠尿道棒尿道塞 男士前列腺按摩器SM男用自慰器具扩张刺激另类情趣玩具成人用品 L粗【直径8MM】,￥10.90
成人玩具sm情趣乳夹道具惩罚夫妻房趣sp调教蒂夹惩罚道具 男女夫妻房事情趣性用品玩具 毛球乳夹【黑夹】+黑铃铛,￥25.00
情趣用品男性私处另类玩具龟头套延迟套阴茎训练飞机杯自慰器男人私处按摩器龟头敏感训练器性工具大全 可搭配降敏低龟头敏感度男用器具男性性...,￥138.00
多锐体脂秤专用体重秤家用智能精准男女秤健康脂肪秤小型 黑色充电款,￥119.00
多锐体脂秤专用体重秤家用智能精准男女秤健康脂肪秤小型 黑色电池款,￥99.00
多锐体脂秤专用体重秤家用智能精准男女秤健康脂肪秤小型 粉色电池款,￥99.00
多锐体脂秤专用体重秤家用智能精准男女秤健康脂肪秤小型 粉色充电款,￥119.00
多锐体脂秤专用体重秤家用智能精准男女秤健康脂肪秤小型 白色电池款,￥99.00
多锐体脂秤专用体重秤家用智能精准男女秤健康脂肪秤小型 白色充电款,￥119.00
多锐体脂秤专用体重秤家用智能精准男女秤健康脂肪秤小型 蓝色电池款,￥99.00
多锐体脂秤专用体重秤家用智能精准男女秤健康脂肪秤小型 蓝色充电款,￥119.00
小米（MI）米家通用早教儿童小闹钟女孩自律男孩智能起床神器钟表学生用专用学习时钟 彩虹款早教闹钟-打铃款,￥95.00
小米（MI）米家通用早教儿童小闹钟女孩自律男孩智能起床神器钟表学生用专用学习时钟 【充电款】彩虹早教闹钟,￥87.00
INS男女用硅胶后庭充气自慰器扩肛器另类玩具情趣性用品两性游戏互动玩具扩张 究极后庭,￥39.00
铃铛蝴蝶结束缚捆绑挑逗调教铃铛肛塞金属风铃惩罚道具 男女夫妻房事成人情趣性用品玩具 蝴蝶结小号肛塞+润滑油,￥24.00
INS真空螺旋情调乳吸器2只装夫妻私密用品玩具sm情趣用品另类诱惑男女用器具 大号二只装【外径5.2CM】,￥16.90
INS真空螺旋情调乳吸器2只装夫妻私密用品玩具sm情趣用品另类诱惑男女用器具 中号二只装【外径4.2CM】,￥18.90
男用马眼棒长条情趣两用马眼尿道扩张刺激超长空心导尿棒尿道堵手动式自慰器 黑色6mm,￥19.00
男用马眼棒长条情趣两用马眼尿道扩张刺激超长空心导尿棒尿道堵手动式自慰器 黑色8.5mm,￥19.00
男用马眼棒长条情趣两用马眼尿道扩张刺激超长空心导尿棒尿道堵手动式自慰器 白色6mm,￥19.00
男用马眼棒长条情趣两用马眼尿道扩张刺激超长空心导尿棒尿道堵手动式自慰器 白色8.5mm,￥19.00
情趣用品男性私处另类玩具龟头套延迟套阴茎训练飞机杯自慰器男人私处按摩器龟头敏感训练器性工具大全 可搭配降低龟头敏感度脱敏训练器产品-紧...,￥49.00
情趣用品男性私处另类玩具龟头套延迟套阴茎训练飞机杯自慰器男人私处按摩器龟头敏感训练器性工具大全 可搭配降低龟头敏感度脱敏训练器产品-刺...,￥49.00
情趣用品男性私处另类玩具龟头套延迟套阴茎训练飞机杯自慰器男人私处按摩器龟头敏感训练器性工具大全 可搭配降低龟头敏感度脱敏训练器产品-爆...,￥49.00
情趣用品男性私处另类玩具龟头套延迟套阴茎训练飞机杯自慰器男人私处按摩器龟头敏感训练器性工具大全 可搭配降低龟头敏感度脱敏训练器产品-新...,￥49.00
INS震动马眼棒sm另类玩具前列腺按摩器男用自慰器具尿道棒刺激振动防水成人情趣用品 空心马眼棒(长20cm直径6mm)【外出可佩戴】,￥29.00
情趣用品男性私处另类玩具龟头套延迟套阴茎按摩器自慰器男用飞机杯锻炼龟头敏感度训练器性用品性辅助工具 可搭配降i低龟头敏感度男用器具男性...,￥75.66
情趣用品男性私处另类玩具龟头套延迟套阴茎按摩器自慰器男用飞机杯锻炼龟头敏感度训练器性用品性辅助工具 可搭配降i低龟头敏感度男用器具男性...,￥78.00
,
智能蓝牙音箱闹钟小音响一体带床头小夜灯台灯情人节送男生日礼物ABDT 收藏加购 官方标配,￥316.00
智能蓝牙音箱闹钟小音响一体带床头小夜灯台灯情人节送男生日礼物ABDT 标准七彩款刻字+迷你小型音 官方标配,￥256.00
智能蓝牙音箱闹钟小音响一体带床头小夜灯台灯情人节送男生日礼物ABDT 升级七彩遥控助眠款刻字+女 官方标配,￥336.00
智能蓝牙音箱闹钟小音响一体带床头小夜灯台灯情人节送男生日礼物ABDT 标准七彩款刻字+男神豪华礼 官方标配,￥296.00
SM坐脸凳情趣调教黄金圣水羞辱椅马桶奴重口味男奴舔食下体凳成人大型家具道具 坐便椅+不锈钢漏斗,￥769.00
智能戒指多功能ICid门禁卡小鹏问界原创设计钛钢饰品男 黑色 IC/CUID6号,￥536.00
透明肛塞扩肛器光滑肛条外出佩戴前列腺按摩器男女用自慰器后庭自慰器sm高潮成人情趣性用品 XS,￥15.00
透明肛塞扩肛器光滑肛条外出佩戴前列腺按摩器男女用自慰器后庭自慰器sm高潮成人情趣性用品 M,￥36.00
透明肛塞扩肛器光滑肛条外出佩戴前列腺按摩器男女用自慰器后庭自慰器sm高潮成人情趣性用品 XL,￥75.00
成人男用逼真自慰穿戴硅胶空心假阳具裤狼牙套情趣性用品增加长加粗大狼牙阴茎套中空假阳器GAY男同性恋 软了还能用-小号(无穿戴裤),￥49.00
成人男用逼真自慰穿戴硅胶空心假阳具裤狼牙套情趣性用品增加长加粗大狼牙阴茎套中空假阳器GAY男同性恋 软了还能用-大号(无穿戴裤),￥59.00
成人男用逼真自慰穿戴硅胶空心假阳具裤狼牙套情趣性用品增加长加粗大狼牙阴茎套中空假阳器GAY男同性恋 软了还能用-小号+SM-弹力穿戴裤,￥68.00
成人男用逼真自慰穿戴硅胶空心假阳具裤狼牙套情趣性用品增加长加粗大狼牙阴茎套中空假阳器GAY男同性恋 软了还能用-大号+SM-弹力穿戴裤,￥69.00
梵富琳鹿鞭人参玛咖牡蛎肽可撘虫草人参鹿鞭片鹿茸片驴鞭鹿尾梅花鹿鞭膏男用男性产品一起使用 一瓶装,￥59.00
梵富琳鹿鞭人参玛咖牡蛎肽可撘虫草人参鹿鞭片鹿茸片驴鞭鹿尾梅花鹿鞭膏男用男性产品一起使用 买二 送 一 共三瓶 【周期装】,￥118.00
梵富琳鹿鞭人参玛咖牡蛎肽可撘虫草人参鹿鞭片鹿茸片驴鞭鹿尾梅花鹿鞭膏男用男性产品一起使用 买三 送 二 共五瓶 【疗程装】,￥177.00
情趣用品男性私处另类玩具龟头套延迟套阴茎按摩器自慰器男用飞机杯锻炼龟头敏感度训练器性用品性辅助工具 真空负压助勃器产品使用,￥149.00
情趣用品男性私处另类玩具龟头套延迟套阴茎训练飞机杯自慰器男人私处按摩器龟头敏感训练器性工具大全 可搭配降低龟头敏感度脱敏训练器产品使...,￥69.00
情趣用品男性私处另类玩具龟头套延迟套阴茎训练飞机杯自慰器男人私处按摩器龟头敏感训练器性工具大全 可搭配降低龟头敏感度脱敏训练器产品使...,￥59.00
INS震动马眼棒前列腺按摩器男用自慰器具成人情趣性高潮用品sm另类玩具尿道刺激多频振动充电防水静音 觅蕾马眼震动棒充电款,￥38.00
仿真阴茎套男用空心液态硅胶狼牙套加长加粗夫妻辅助成人阴茎刺激型夫妻房事sm锁精环持久玩具情趣用品 锁精加长G款,￥55.00
情趣用品男性私处另类玩具龟头套延迟套阴茎训练飞机杯自慰器男人私处按摩器龟头敏感训练器性工具大全 男性自卫慰器具性用品-两震 可搭配降低...,￥69.00
情趣用品男性私处另类玩具龟头套延迟套阴茎训练飞机杯自慰器男人私处按摩器龟头敏感训练器性工具大全 男性自卫慰器具性用品-五震 可搭配降低...,￥79.00
后庭透明玻璃肛塞女用扩肛器小号扩肛塞外出穿戴后庭扩张男用gay同志高潮情趣用品 粉色10频震动,￥13.00
后庭透明玻璃肛塞女用扩肛器小号扩肛塞外出穿戴后庭扩张男用gay同志高潮情趣用品 小+中+大+10频,￥51.00
INS后庭冲洗清洁器SM便秘自慰清洗器部男用前列腺按摩女用肛塞成人情趣性用品 肛,￥29.00
带夜光果冻麻花迷你肛塞硅胶混色后庭情趣玩具成人女用扩肛男女房事共用自慰器前列腺按摩器动物狗狗 中号果冻夜光款,￥49.00
带夜光果冻麻花迷你肛塞硅胶混色后庭情趣玩具成人女用扩肛男女房事共用自慰器前列腺按摩器动物狗狗 大号果冻夜光款,￥69.00
带夜光果冻麻花迷你肛塞硅胶混色后庭情趣玩具成人女用扩肛男女房事共用自慰器前列腺按摩器动物狗狗 小号粉蓝夜光款,￥26.00
带夜光果冻麻花迷你肛塞硅胶混色后庭情趣玩具成人女用扩肛男女房事共用自慰器前列腺按摩器动物狗狗 小号紫蓝色【非夜光款】,￥26.00
情趣用品男性私处另类玩具龟头套延迟套阴茎训练飞机杯自慰器男人私处按摩器龟头敏感训练器性工具大全 可搭配降低龟头敏感度脱敏训练器产品使...,￥78.00
情趣用品男性私处另类玩具龟头套延迟套阴茎按摩器自慰器男用飞机杯锻炼龟头敏感度训练器性用品性辅助工具 真空负压助勃器产品使用,￥95.00
情趣用品男性私处另类玩具龟头套延迟套阴茎训练飞机杯自慰器男人私处按摩器龟头敏感训练器性工具大全 可搭配降低龟头敏感度脱敏训练器产品使...,￥39.00
情趣用品男性私处另类玩具龟头套延迟套阴茎训练飞机杯自慰器男人私处按摩器龟头敏感训练器性工具大全 可搭配降低龟头敏感度脱敏训练器产品使...,￥49.00
小米通用多功能大彩屏防水电子智能手环男女监测血压心率运动手表计步通用 曜夜黑[直面屏+运动计步],￥62.00
智能手环多功能大彩屏男女监测血压心率电子运动手表防水. C2红色彩屏多功能,￥128.00
智能手环多功能大彩屏男女监测血压心率电子运动手表防水. C5黑色彩屏多功能升级版,￥148.00
智能手环多功能大彩屏男女监测血压心率电子运动手表防水. M7黑色[动态壁纸/计步/配速],￥98.00
智能手环多功能大彩屏男女监测血压心率电子运动手表防水. 升级黑色[血氧/心率/血压/计步,￥108.00
智能手环多功能大彩屏男女监测血压心率电子运动手表防水. 升级藕粉[血氧/心率/血压/计步,￥108.00
智能手环多功能大彩屏男女监测血压心率电子运动手表防水. 升级星黛紫[血氧/心率/血压/计,￥108.00
智能手环多功能大彩屏男女监测血压心率电子运动手表防水. 升级红色[血氧/心率/血压/计步,￥108.00
男女情趣阴茎套加长加粗套男用液态硅胶狼牙套阳具套女性快感夫妻玩具假阳套套加厚成人情趣性用品 霸王套-基础款,￥48.00
男女情趣阴茎套加长加粗套男用液态硅胶狼牙套阳具套女性快感夫妻玩具假阳套套加厚成人情趣性用品 霸王套-出精款,￥49.00
能看小说的老年机阅读器mp4随身听看电子书mp3音乐播放器mp5蓝牙 2寸按键款【蓝牙5.3】 8G【下好300多本男生小说】,￥179.00
能看小说的老年机阅读器mp4随身听看电子书mp3音乐播放器mp5蓝牙 2寸触摸款【蓝牙5.3】 8G【下好300多本男生小说】,￥245.00
能看小说的老年机阅读器mp4随身听看电子书mp3音乐播放器mp5蓝牙 3寸触摸款【蓝牙5.3】 8G【下好300多本男生小说】,￥311.00
能看小说的老年机阅读器mp4随身听看电子书mp3音乐播放器mp5蓝牙 2寸按键款【蓝牙5.3】 128G【下好9000本男/女小说】,￥597.00
能看小说的老年机阅读器mp4随身听看电子书mp3音乐播放器mp5蓝牙 2寸按键款【蓝牙5.3】 8G【下好600多本男/女小说】,￥179.00
能看小说的老年机阅读器mp4随身听看电子书mp3音乐播放器mp5蓝牙 2寸按键款【蓝牙5.3】 16G【下好600多本男生小说】,￥223.00
能看小说的老年机阅读器mp4随身听看电子书mp3音乐播放器mp5蓝牙 2寸按键款【蓝牙5.3】 16G【下好1200多本男/女小说】,￥223.00
能看小说的老年机阅读器mp4随身听看电子书mp3音乐播放器mp5蓝牙 2寸按键款【蓝牙5.3】 32G【下好1000多本男生小说】,￥267.00
能看小说的老年机阅读器mp4随身听看电子书mp3音乐播放器mp5蓝牙 2寸按键款【蓝牙5.3】 32G【下好2000多本男/女小说】,￥267.00
能看小说的老年机阅读器mp4随身听看电子书mp3音乐播放器mp5蓝牙 2寸按键长续航款【蓝牙5.3】 8G【下好300多本男生小说】,￥201.00
能看小说的老年机阅读器mp4随身听看电子书mp3音乐播放器mp5蓝牙 2寸按键长续航款【蓝牙5.3】 8G【下好600多本男/女小说】,￥201.00
能看小说的老年机阅读器mp4随身听看电子书mp3音乐播放器mp5蓝牙 2寸按键长续航款【蓝牙5.3】 16G【下好1200多本男/女小说】,￥245.00
能看小说的老年机阅读器mp4随身听看电子书mp3音乐播放器mp5蓝牙 2寸按键长续航款【蓝牙5.3】 32G【下好1000多本男生小说】,￥289.00
能看小说的老年机阅读器mp4随身听看电子书mp3音乐播放器mp5蓝牙 2寸按键长续航款【配蓝牙耳机】 8G【下好300多本男生小说】,￥245.00
能看小说的老年机阅读器mp4随身听看电子书mp3音乐播放器mp5蓝牙 2寸触摸款【蓝牙5.3】 16G【下好1200多本男/女小说】,￥289.00
能看小说的老年机阅读器mp4随身听看电子书mp3音乐播放器mp5蓝牙 2寸触摸款【蓝牙5.3】 64G【下好5000多本男/女小说】,￥443.00
能看小说的老年机阅读器mp4随身听看电子书mp3音乐播放器mp5蓝牙 2寸触摸长续航款【蓝牙5.3】 8G【下好600多本男/女小说】,￥267.00
能看小说的老年机阅读器mp4随身听看电子书mp3音乐播放器mp5蓝牙 2寸触摸长续航款【蓝牙5.3】 128G【下好9000本男/女小说】,￥685.00
能看小说的老年机阅读器mp4随身听看电子书mp3音乐播放器mp5蓝牙 2寸触摸长续航款【配蓝牙耳机】 8G【下好300多本男生小说】,￥311.00
能看小说的老年机阅读器mp4随身听看电子书mp3音乐播放器mp5蓝牙 3寸触摸款【蓝牙5.3】 128G【下好9000本男/女小说】,￥729.00
能看小说的老年机阅读器mp4随身听看电子书mp3音乐播放器mp5蓝牙 3寸触摸长续航款【蓝牙5.3】 8G【下好600多本男/女小说】,￥333.00
能看小说的老年机阅读器mp4随身听看电子书mp3音乐播放器mp5蓝牙 3寸触摸长续航款【蓝牙5.3】 16G【下好1200多本男/女小说】,￥377.00
能看小说的老年机阅读器mp4随身听看电子书mp3音乐播放器mp5蓝牙 3寸触摸长续航款【配蓝牙耳机】 8G【下好300多本男生小说】,￥377.00
能看小说的老年机阅读器mp4随身听看电子书mp3音乐播放器mp5蓝牙 2寸触摸长续航款【配蓝牙耳机】 128G【下好9000本男/女小说】,￥729.00
能看小说的老年机阅读器mp4随身听看电子书mp3音乐播放器mp5蓝牙 2寸按键长续航款【配蓝牙耳机】 32G【下好1000多本男生小说】,￥333.00
能看小说的老年机阅读器mp4随身听看电子书mp3音乐播放器mp5蓝牙 2寸按键长续航款【配蓝牙耳机】 64G【下好5000多本男/女小说】,￥443.00
能看小说的老年机阅读器mp4随身听看电子书mp3音乐播放器mp5蓝牙 3寸触摸长续航款【配蓝牙耳机】 8G【下好600多本男/女小说】,￥377.00
能看小说的老年机阅读器mp4随身听看电子书mp3音乐播放器mp5蓝牙 3寸触摸长续航款【配蓝牙耳机】 16G【下好600多本男生小说】,￥421.00
能看小说的老年机阅读器mp4随身听看电子书mp3音乐播放器mp5蓝牙 3寸触摸长续航款【配蓝牙耳机】 32G【下好1000多本男生小说】,￥465.00
能看小说的老年机阅读器mp4随身听看电子书mp3音乐播放器mp5蓝牙 3寸触摸长续航款【配蓝牙耳机】 32G【下好2000多本男/女小说】,￥465.00
能看小说的老年机阅读器mp4随身听看电子书mp3音乐播放器mp5蓝牙 3寸触摸长续航款【配蓝牙耳机】 128G【下好9000本男/女小说】,￥795.00
C2多功能大彩屏防水电子智能手环男女监测血压心率运动手表 C2黑色彩屏多功能,￥128.00
C2多功能大彩屏防水电子智能手环男女监测血压心率运动手表 全屏触摸游泳防水UM60粉色,￥238.00
C2多功能大彩屏防水电子智能手环男女监测血压心率运动手表 全屏触摸游泳防水UM60黑色,￥238.00
智能电话手·表男插卡5G/4G通wifi上网可下载APP回复微信成人扫码支付录像拍照 智能时尚手表【男版】,￥1299.00
液态硅胶阴茎套动物空心柔软阳具套男用加长加粗带刺狼牙套阴茎刺激型夫妻房事sm锁精环持久成人情趣 FRRK303孔雀蓝,￥136.00
液态硅胶阴茎套动物空心柔软阳具套男用加长加粗带刺狼牙套阴茎刺激型夫妻房事sm锁精环持久成人情趣 FRRK304孔雀蓝,￥139.00
入珠球避孕套柔珠情趣男用品夫妻性加长SM高潮增大粗硬 震动带刺球3个套套配套产品,￥28.60
手环8手表运动计步器6心率电子男女学生多功能7新款. 顶级夜跃黑(%99人选择购买),￥168.00
手环8手表运动计步器6心率电子男女学生多功能7新款. 顶级舒展蓝(%99人选择购买),￥168.00
手环8手表运动计步器6心率电子男女学生多功能7新款. 普通版夜跃黑(%1人选择购买),￥148.00
手环8手表运动计步器6心率电子男女学生多功能7新款. 普通版中国红(%1人选择购买),￥148.00
声控LED发光肛塞金属肛塞扩肛不锈钢后庭拉珠性辅助工具男女夫妻房事外出逛街夜店成人情趣性用品玩具sm 小号,￥49.00
声控LED发光肛塞金属肛塞扩肛不锈钢后庭拉珠性辅助工具男女夫妻房事外出逛街夜店成人情趣性用品玩具sm 大号,￥58.00
【院线同款】哑铃女性致产后用产品器具 聪明球大集合+三代男用神油+两只,￥87.00
华为（HUAWEI）体脂秤家用成人精准电子人体秤智能体重测脂肪称女男运动健康蓝牙wifi连接 华为智能体脂称3Pro--日出印象,￥385.00
华为（HUAWEI）体脂秤家用成人精准电子人体秤智能体重测脂肪称女男运动健康蓝牙wifi连接 华为体脂称3代【蓝牙版】凝霜白,￥109.00
华为（HUAWEI）体脂秤家用成人精准电子人体秤智能体重测脂肪称女男运动健康蓝牙wifi连接 华为体脂称3代【蓝牙版】海岛蓝,￥109.00
INS特大后庭肛塞特长拉珠棒男用女用自慰器肛塞超长仿真阳具款男女成人情趣用品 中号后庭塞【总长40cm】送3赠品,￥58.00
小米通用多功能彩屏智能手环生活防水男女通用测心率记跑步数血压运动手表 C2黑色彩屏多功能 套餐+现金惊喜红包,￥115.00
小米通用多功能彩屏智能手环生活防水男女通用测心率记跑步数血压运动手表 C5黑色彩屏多功能升级版 套餐+现金惊喜红包,￥137.00
超长吸盘马眼棒男用尿道扩张自慰器棒前列腺按摩尿道堵SM情趣道具刺激高潮另类用品 吸盘马眼棒-绿色,￥22.00
超长吸盘马眼棒男用尿道扩张自慰器棒前列腺按摩尿道堵SM情趣道具刺激高潮另类用品 吸盘马眼棒-白色,￥22.00
超长吸盘马眼棒男用尿道扩张自慰器棒前列腺按摩尿道堵SM情趣道具刺激高潮另类用品 吸盘马眼棒-紫色,￥22.00
混彩液态硅胶男用狼牙套加长加粗情趣套套锁精异形套动物狼狗角色伴演SM空心阳具套情趣性用品 FK301黑色,￥79.00
混彩液态硅胶男用狼牙套加长加粗情趣套套锁精异形套动物狼狗角色伴演SM空心阳具套情趣性用品 FK301狱火色,￥79.00
后庭塞肛塞自慰器超长柔软男女共用拉珠吸盘扩肛成人情趣用品插入式特大号肛条透明硅胶重型玩具 黑色小号,￥19.00
小米通用多功能大彩屏防水电子智能手环男女监测血压心率运动手表计步通用 藕粉[直面屏+运动计步],￥62.00
小米通用多功能大彩屏防水电子智能手环男女监测血压心率运动手表计步通用 尊贵红[高清曲面屏+运动计步],￥87.00
小米通用多功能大彩屏防水电子智能手环男女监测血压心率运动手表计步通用 曜夜黑[高清曲面屏+运动计步],￥87.00
小米通用多功能大彩屏防水电子智能手环男女监测血压心率运动手表计步通用 深海蓝[高清曲面屏+运动计步],￥87.00
小米通用多功能大彩屏防水电子智能手环男女监测血压心率运动手表计步通用 深海蓝[直面屏+运动计步],￥62.00
小米通用多功能大彩屏防水电子智能手环男女监测血压心率运动手表计步通用 中国红[直面屏+运动计步],￥62.00
无线遥控发光震动肛塞十频十色可外出佩戴调教后庭拉珠sm道具男女用成人逛街夜店JK制服 发光震动肛塞-月亮款,￥69.00
无线遥控发光震动肛塞十频十色可外出佩戴调教后庭拉珠sm道具男女用成人逛街夜店JK制服 发光震动肛塞-鹿角款,￥69.00
小米通用新款智能手表男可充电多功能防水黑科技电子表跑步手环运 C电子表[只能看时间日期+无功 标配+现金红包,￥31.00
小米通用新款智能手表男可充电多功能防水黑科技电子表跑步手环运 C电子表[只能看时间日期+无功 标配+充电头+现金红包,￥32.00
小米通用新款智能手表男可充电多功能防水黑科技电子表跑步手环运 升级红色[动态彩屏+自定义背景 标配+充电头+现金红包,￥64.00
小米通用新款智能手表男可充电多功能防水黑科技电子表跑步手环运 黑色[智能推送+自定义背景+中 标配+现金红包,￥98.00
小米通用新款智能手表男可充电多功能防水黑科技电子表跑步手环运 黑色[智能推送+自定义背景+中 标配+充电头+现金红包,￥106.00
小米通用新款智能手表男可充电多功能防水黑科技电子表跑步手环运 红色[智能推送+自定义背景+中 标配+现金红包,￥98.00
小米通用新款智能手表男可充电多功能防水黑科技电子表跑步手环运 红色[智能推送+自定义背景+中 标配+充电头+现金红包,￥106.00
小米通用新款智能手表男可充电多功能防水黑科技电子表跑步手环运 升级黑[动态彩屏+自定义背景] 标配+充电头+现金红包,￥64.00
小米通用新款智能手表男可充电多功能防水黑科技电子表跑步手环运 升级蓝色[动态彩屏+自定义背景 标配+现金红包,￥64.00
小米通用新款智能手表男可充电多功能防水黑科技电子表跑步手环运 升级红色[动态彩屏+自定义背景 标配+现金红包,￥64.00
电击按摩仪颈部女生送男友男士肩颈颈椎充电款贴片式便携电疗脖子 单花纹白贴片-【带加热功能】,￥60.00
盈趣鹿鞭海参片可撘虫草人参鹿鞭片鹿茸片驴鞭鹿尾梅花鹿鞭膏男用男性产品一起使用 一瓶装,￥50.80
盈趣鹿鞭海参片可撘虫草人参鹿鞭片鹿茸片驴鞭鹿尾梅花鹿鞭膏男用男性产品一起使用 2瓶【实发3瓶】,￥101.60
盈趣鹿鞭海参片可撘虫草人参鹿鞭片鹿茸片驴鞭鹿尾梅花鹿鞭膏男用男性产品一起使用 3瓶【实发5瓶】,￥152.40
辅助人参五宝茶八宝枸杞养生茶可搭配补品男人男性男士茶熬夜产品使用清源汇生辅助 经典升级款-30罐{添加肉苁蓉 锁阳 淫羊藿},￥362.00
通用便捷新款无线蓝牙耳机降噪入耳式男女款运动苹果vivoOPPO 星耀黑 标配版 高清音质+标准续航,￥68.60
小米通用【游泳防水】智能手表手环男女学生运动计步多功能心率闹钟 麒麟4000[日常防水]黑色,￥157.00
智能家居用品送男生礼物实用的高黑科技生活宿舍好物电子产品创意 远山白可定时+白马礼盒,￥494.36
智能家居用品送男生礼物实用的高黑科技生活宿舍好物电子产品创意 紫罗兰可定时+白马礼盒,￥494.36
智能家居用品送男生礼物实用的高黑科技生活宿舍好物电子产品创意 紫罗兰可定时+情景音箱,￥1580.04
智能家居用品送男生礼物实用的高黑科技生活宿舍好物电子产品创意 远山白可定时+情景音箱,￥1580.04
智能家居用品送男生礼物实用的高黑科技生活宿舍好物电子产品创意 向物  伸缩烘鞋器  紫罗兰可定,￥329.36
智能家居用品送男生礼物实用的高黑科技生活宿舍好物电子产品创意 远山白可定时+颈部按摩器白色,￥986.04
智能家居用品送男生礼物实用的高黑科技生活宿舍好物电子产品创意 远山白可定时+古姿蒸脸仪  粉色,￥1250.04
智能家居用品送男生礼物实用的高黑科技生活宿舍好物电子产品创意 向物  伸缩烘鞋器 紫罗兰无定时,￥299.64
智能家居用品送男生礼物实用的高黑科技生活宿舍好物电子产品创意 向物伸缩烘鞋器远山白无定时创,￥286.44
智能家居用品送男生礼物实用的高黑科技生活宿舍好物电子产品创意 远山白可定时+超音波清洗机白色,￥883.76
智能家居用品送男生礼物实用的高黑科技生活宿舍好物电子产品创意 紫罗兰可定时+超音波清洗机绿色,￥883.76
小米通用大彩屏智能手表手环男女学生潮流防水运动计步电子表闹钟充电手环 潮流涂鸦-升级 标配+保护充头,￥170.00
小米通用大彩屏智能手表手环男女学生潮流防水运动计步电子表闹钟充电手环 简约黑 标配[手表+充电线+说明书],￥75.00
小米通用大彩屏智能手表手环男女学生潮流防水运动计步电子表闹钟充电手环 潮流涂鸦-升级 标配[手表+充电线+说明书],￥159.00
小米通用大彩屏智能手表手环男女学生潮流防水运动计步电子表闹钟充电手环 时尚星空黑 标配[手表+充电线+说明书],￥126.00
阳具狼牙套助射刺激型小号带刺阴茎套经套增加长增加大增加粗款套避孕套狼牙棒男人用房事情趣成人性用品玩具 蛮龙【液体硅胶闭口款】,￥48.00
智能颈椎按摩器颈部肩颈护颈仪脖子热敷腰部背部生日礼物送男生实 [款]樱花粉2021新款礼,￥238.08
智能颈椎按摩器颈部肩颈护颈仪脖子热敷腰部背部生日礼物送男生实 [款]珍珠白2021新款礼,￥238.08
石墨烯电加热护腰带腰椎间盘按摩器发热敷突出理疗仪男女 远红外电热+艾灸热敷*6(1年用量) M,￥568.00
