﻿Column1,Column2
Name,Price
雷柏（Rapoo） X260S 键鼠套装 无线键鼠套装 办公键盘鼠标套装 电脑键盘 笔记本键盘 粉色,￥89.00
罗技（Logitech）K380 键盘 蓝牙办公键盘 女友 便携超薄键盘 笔记本键盘 茱萸粉,￥169.00
前行者真机械手感蒸汽朋克键盘鼠标耳机三件套装台式电脑办公笔记本外接有线游戏网吧吃鸡薄膜静音键鼠外设 粉色白光(复古版)单键盘,￥89.00
倍思（Baseus）无线蓝牙iPad键盘 超薄三模连接便携办公键盘轻音 台式笔记本平板游戏键盘男女生通用 粉色,￥119.00
航世（BOW）HW256 无线键盘鼠标套装 办公键鼠套装 超薄便携 防泼溅 电脑键盘 笔记本键盘 粉色,￥79.00
银雕V8升级版 机械手感104键发光朋克键盘有线USB台式笔记本电脑通用粉色白光,￥53.00
达尔优（dareu）EK815机械合金版 机械键盘 有线键盘 游戏键盘 108键EK815单光 男生女生 电脑键盘 粉色 红轴,￥139.00
机械革命 耀·K330机械键盘 有线键盘 游戏键盘 金属面板104键混彩背光键盘 全键无冲 电脑键盘 白粉色 青轴,￥139.00
GEEZER Hello bear 无线复古朋克键鼠套装 可爱办公键鼠套装 鼠标 电脑键盘 笔记本键盘 粉色,￥89.00
航世（BOW）HW256C 无线键盘 超薄便携巧克力键盘 防泼溅 笔记本台式办公通用键盘 外接USB数字键盘 粉色,￥59.00
惠普（HP）朋克机械键盘 游戏键盘 104键背光键盘 有线键盘 笔记本办公家用电脑键盘 粉色白光 青轴,￥139.00
MageGee 机械风暴套装 真机械键盘鼠标套装 女生键鼠套装 背光游戏台式电脑笔记本键鼠套装 粉色白光 青轴,￥159.00
摩天手(Mofii) sweet无线复古朋克键鼠套装 办公键鼠套装 鼠标 电脑键盘 笔记本键盘  白粉色,￥89.00
本手机械键盘女生粉色有线键盘无线蓝牙三模高颜值Gasket软弹结构台式笔记本平板电脑游戏打字办公键盘 郁金香白粉（青轴-混光）有线版+Gasket结构,￥149.00
航世（BOW）HW098SC 无线键盘 超薄便携键盘 复古圆帽 笔记本电脑家用办公通用小键盘  粉色,￥59.00
惠普（HP）GK400Y真机械键盘蒸汽朋克女生办公游戏电竞专用有线 【粉色白光】104键无冲+茶轴 单键盘,￥159.00
摩天手(Mofii) sweet无线复古朋克键鼠套装 办公键鼠套装 鼠标 电脑键盘 笔记本键盘 粉色混彩,￥129.00
镭拓（Rantopad）RF200 蓝牙键盘ipad平板专用无线女生办公专用圆点外接可连手机键盘套装 粉色,￥119.00
樱桃（CHERRY）KC200机械键盘 办公游戏两用键盘 电脑键盘机械 粉色拼色客制化键盘  PBT键帽 有线键盘 红轴,￥459.00
航世（BOW）MK610 无线键盘鼠标套装 复古巧克力按键 笔记本电脑办公通用键鼠套装 粉色,￥69.00
惠普（HP）朋克机械键盘 游戏键盘 104键背光键盘 有线键盘 笔记本办公家用电脑键盘 粉色白光 红轴,￥139.00
雷柏（Rapoo） ralemo Pre 5 无线蓝牙机械键盘 办公键盘 充电键盘 Mac电脑键盘 女性键盘 粉色 红轴,￥179.00
倍思（Baseus）无线ipad蓝牙键盘超薄三模连接自带卡槽可充电 适用台式电脑平板ipadpro/air/mini手机通用 粉,￥149.00
罗技（Logitech） K845机械键盘 有线键盘 办公全尺寸键盘  电竞游戏发光键盘 吃鸡键盘 K845樱花粉色-红轴（手感轻 声音小）,￥279.00
本手 AK98客制化键盘 三模机械键盘热插拔游戏办公无线蓝牙有线gasket结构 台式笔记本平板键盘 奶茶红【茶轴】粉色光 三模机械键盘,￥199.00
惠普（HP） GK400Y惠普朋克机械键盘游戏键盘104键背光有线键盘鼠标耳机可爱女生电脑粉色白光 【淘气粉】真机械轴+炫酷灯效+全键无冲 青轴,￥139.00
樱桃（CHERRY）MX3.0S TKL 键盘机械 G80-3876HYAEU-9 游戏键盘 有线电脑键盘 樱桃键盘 粉色 红轴,￥499.00
黑峡谷（Hyeku）GK715 104键有线机械键盘 电竞游戏键盘 可插拔 白色背光 凯华BOX轴 白粉 白轴,￥209.00
樱桃（CHERRY）MX8.2无线键盘 键盘机械 87键盘TKL 蓝牙键盘 三模机械键盘 RGB合金 电竞游戏键盘 粉色红轴,￥1699.00
本手机械键盘女生粉色有线键盘无线蓝牙三模高颜值Gasket软弹结构台式笔记本平板电脑游戏打字办公键盘 郁金香白粉（红轴-混光）有线版+Gasket结构,￥149.00
惠普（HP）K231键盘 蓝牙键盘 办公键盘 无线蓝牙双模可充电键盘 便携 超薄键盘 笔记本键盘 粉色,￥139.00
罗技（Logitech） K845机械键盘有线电竞游戏办公朋克复古口红国潮键盘外设电脑笔记本节日礼物 K845(红轴) +经典朋克键帽-粉,￥369.00
GEEZER Candy Pro无线蓝牙双模复古朋克 平板 办公键鼠套装 鼠标 电脑键盘 笔记本键盘 粉色混彩,￥169.00
摩天手(Mofii)666 无线键盘鼠标套装 超薄圆形可爱 家用办公无线打字 少女心笔记本外接键盘 粉色混彩,￥99.00
罗技无线键盘鼠标K580无线薄膜键盘带手机支架可跨屏+M221无线鼠标静音鼠标USB接口 粉色,￥258.00
华为【HUAWEI】适用蓝色无线键盘鼠标套装笔记本电脑台式办公打字专用巧克力键鼠 粉色/无线单键盘 巧克力按键,￥108.00
MageGee MK-STAR 电竞游戏键盘 女生可爱背光键盘 87键小型机械键盘 台式笔记本电脑有线键盘 粉色白光 青轴,￥109.00
GEEZER 喵萌无线键鼠套装 可爱办公键盘鼠标 萌系猫耳复古圆形键帽 粉色混彩,￥188.00
银雕ZK4召唤师电竞游戏机械键盘 青轴朋克键盘 热插拔 可换轴键帽 粉色,￥109.90
ONIKUMA机械手感键盘鼠标套装 女生粉色键鼠套装耳机三件套台式电脑办公笔记本外接有线游戏吃鸡键盘 粉色键盘+粉色鼠标,￥109.00
罗技（Logitech）K865机械键盘 无线键盘 104键全尺寸键盘 商务办公游戏电竞键盘 键鼠套装 粉色 【K865+M650】,￥729.00
ONIKUMA 白粉色机械键盘鼠标套装有线 女生吃鸡游戏键鼠套装耳机电竞三件套台式笔记本电脑办公外设 粉色（青轴）键盘+粉色鼠标+猫耳耳机（圆孔版）,￥319.00
樱桃（CHERRY）MX3.0S TKL 键盘机械 G80-3876HXAEU-9 游戏键盘 有线电脑键盘 樱桃键盘 粉色 茶轴,￥499.00
惠普（HP） GK400Y惠普朋克机械键盘游戏键盘104键背光有线键盘鼠标耳机可爱女生电脑粉色白光 【淘气粉】真机械轴+炫酷灯效+全键无冲 红轴体,￥139.00
摩天手(Mofii)Candy BT无线蓝牙键盘 办公键盘 女性圆形朋克 安卓苹果iPad笔记本电脑键盘 粉色混彩,￥179.00
航世（BOW）HW098SDL-2 无线键盘鼠标套装 充电键鼠套装 超薄便携 笔记本台式电脑办公键盘鼠标 粉色,￥109.00
AKKO 3108V2富士山樱花粉机械键盘 键盘女生 樱花键盘 粉色打字办公游戏电竞87键108键 3108东京樱花-AKKO V3奶黄轴,￥279.00
航世（BOW）HW098AS-2 办公有线键盘 超薄便携复古圆帽键盘 笔记本台式电脑USB游戏键盘 粉色,￥59.00
樱桃（CHERRY）KC200机械键盘 办公游戏两用键盘 电脑键盘机械 粉色拼色客制化键盘  PBT键帽 有线键盘 玉轴,￥529.00
GEEZER青轴机械键盘发光无线蓝牙有线三模连接适用于苹果华为平板 芭比粉混彩,￥398.00
摩天手(Mofii) i豆无线复古朋克键鼠套装 可爱便携办公键鼠套装 鼠标 电脑键盘 笔记本键盘 粉色混彩,￥99.00
Dear Mean所有台式电脑笔记本通用无线键盘鼠标套装静轻音办公键鼠套装便携复古笔记本台式电脑通用 粉色-电池款键鼠套装【收藏送膜】,￥198.00
罗技（Logitech）MX Keys Mini 简约无线蓝牙 高端办公键盘 背光时尚 超薄便携 玫瑰粉,￥599.00
银雕(YINDIAO) K500键盘彩包升级版 机械手感 游戏背光电竞办公 USB外接键盘 全尺寸 粉色白光有线键盘,￥37.90
达尔优EK829《春山樱雪》主题可爱粉色有线无线87/104机械键盘女生礼物办公打字电脑电竞游戏通用 春山樱雪【104】键三模版 青轴,￥259.00
航世（BOW）HB098S-2 多设备三蓝牙无线键盘 轻巧便携手机平板ipad无线蓝牙键盘 时尚男女蓝牙键盘 粉色,￥109.00
前行者X7S无线键盘鼠标套装真机械手感键盘可充电静音台式笔记本电脑电竞游戏办公打字通用蓝牙键鼠外设  粉色【白光】无线版,￥109.00
惠普（HP）朋克机械键盘 游戏键盘 104键背光键盘 有线键盘 笔记本办公家用电脑键盘 粉色白光 黑轴,￥139.00
自由狼K2 高颜值87键机械键盘青轴女生可爱笔记本电脑外接打字电竞游戏有线无数字键小型短款键盘 粉色青轴（真机械 87键）,￥79.00
樱桃（CHERRY）MX3.0S无线键盘 机械键盘 游戏键盘 办公电脑键盘 蓝牙有线三模 RGB灯效 铝合金外壳 粉色茶轴,￥999.00
樱桃（CHERRY）MX8.2 Xaga曜石 无线键盘 蓝牙三模机械键盘 三透PBT键帽 客制化键盘 定制主题光效 粉色银轴,￥1799.00
前行者（EWEADN） TK950无线蓝牙朋克机械键盘鼠标套装有线三模办公游戏电脑笔记本青轴复古外设 粉色白光,￥299.00
斗鱼（DOUYU.COM）DKM150 机械键盘 游戏键盘 办公电竞 电脑笔记本 可拆卸上盖 104键有线白光 少女粉 红轴,￥129.00
镭拓（Rantopad）RF68 蓝牙无线键盘鼠标套装 办公键鼠套装 双模便携 仿古圆点键盘  粉色,￥139.00
航世（BOW）K-610 无线键盘 炫彩复古键盘 笔记本电脑家用办公通用女生可爱小键盘 元气粉,￥49.00
机械革命 耀·K330机械键盘 有线键盘 游戏键盘 金属面板104键混彩背光键盘 全键无冲 电脑键盘 白粉色 红轴,￥139.00
摩天手(Mofii)candy 无线键盘鼠标套装 圆形可爱粉色 家用办公无线打字 少女心笔记本外接键盘 粉色混彩,￥159.00
达尔优EK829《春山樱雪》主题可爱粉色有线无线87/104机械键盘女生礼物办公打字电脑电竞游戏通用 春山樱雪【87】键有线版 茶轴,￥169.00
AKKO 3108V2富士山樱花粉机械键盘 键盘女生 樱花键盘 粉色打字办公游戏电竞87键108键 5108S东京樱花-自润橙轴【RGB灯光】,￥349.00
魔极客M1W客制化三模机械键盘铝坨坨Gasket结构75配列全键无冲热插拔电竞有线键盘 M1W粉色渐变三模机械键盘 套件【无轴无键帽】,￥399.00
ONIKUMA机械手感键盘鼠标套装 女生粉色键鼠套装耳机三件套台式电脑办公笔记本外接有线游戏吃鸡键盘 粉色键盘（单键盘）,￥79.00
雷柏（Rapoo） ralemo Pre 5 无线蓝牙机械键盘 乐萌女生键盘 充电键盘 Mac电脑键盘 办公键盘 粉色 黑轴,￥179.00
雷迪凯  机械手感键盘可爱女生 键盘鼠标有线套装 台式笔记本电脑办公键鼠套装 USB复古朋克键盘 K19单键盘-少女粉色,￥39.00
MIPOW MPC-006MF 无线键盘鼠标套装 复古朋克笔记本键盘 办公键鼠套装 鼠标 电脑键盘 粉色+键鼠垫套装,￥198.00
MageGee TS92 无线mini便携键盘 女生可爱背光迷你小键盘 61键机械手感办公键盘 台式笔记本电脑键盘 粉色,￥109.00
罗技（Logitech）K580键盘无线蓝牙超薄静音键盘 办公键盘电脑手机Mac平板 ipad键盘 键鼠套装【K580+M650鼠标】 粉,￥509.00
GEEZER 喵萌 PLUS 无线键鼠套装 可爱办公键盘鼠标 萌系猫耳复古圆形键帽 粉色混彩,￥228.00
达尔优 樱花未央主题108键机械键盘EK815粉色少女有线发光游戏办公台式笔记本电脑CF吃鸡LOL EK815-108键粉色键盘 茶轴,￥179.00
樱桃（CHERRY）MX3.0S 机械键盘 游戏键盘 电竞键盘 办公电脑键盘 RGB混光键盘 合金外壳 无钢结构 粉色红轴,￥849.00
雷蛇 Razer 猎魂光蛛V2竞技版线性光轴 游戏机械键盘 87键 RGB灯效 带腕托 粉晶,￥1099.00
前行者（EWEADN）有线无线键盘鼠标套装静音机械手感电脑笔记本游戏办公通用男女便携蓝牙双模薄膜键鼠 粉色-白光【无线键鼠套装】,￥119.00
航世（BOW）HW098SD 无线键盘鼠标套装 超薄便携键盘鼠标 笔记本电脑家用办公通用键鼠套装 粉色,￥79.00
前行者912蒸汽朋克机械键盘鼠标套装有线无线女生粉色复古办公键鼠套装游戏电竞笔记本台式电脑专用外设 少女粉【白光-青轴】有线朋克版,￥159.00
银雕ZK4召唤师电竞游戏机械键盘 青轴朋克键盘 热插拔 可换轴键帽 白粉色,￥109.90
狼途L1 有线机械手感键盘DSP环境降噪耐磨防水发光电竞游戏家用办公台式笔记本电脑一体机适用 L1【低音】有线粉色白光+G1PRO鼠标 单光,￥89.90
达尔优 EK829桃野漫漫有线无线布丁机械键盘PBT键帽宿舍办公家用电竞游戏设计可爱女生粉色电脑通用 桃野漫漫【104键】有线版 茶轴,￥199.00
达尔优 樱花未央主题108键机械键盘EK815粉色少女有线发光游戏办公台式笔记本电脑CF吃鸡LOL EK815-108键粉色键盘 青轴,￥179.00
AKKO 3108V2富士山樱花粉机械键盘 键盘女生 樱花键盘 粉色打字办公游戏电竞87键108键 3096东京樱花-Akko橙轴,￥249.00
GEEZER Zero无线复古朋克键鼠套装 办公键鼠套装 鼠标 电脑键盘 笔记本键盘 粉色混彩,￥129.00
MageGee MK-STAR 女生可爱背光键盘 87键小型机械键盘 电竞游戏键盘 台式笔记本电脑有线键盘 粉色白光 红轴,￥109.00
现代翼蛇 K380无线蓝牙键盘 轻音办公娱乐键盘 手机平板电脑通用 轻薄便携78键 粉色,￥45.90
航世（BOW）HB159 蓝牙数字小键盘 迷你键盘 复古圆帽 笔记本台式通用键盘 可充电蓝牙键盘 粉色,￥89.00
樱桃（CHERRY）MX-LP 6.1 无线键盘 三模蓝牙机械键盘 办公 笔记本便携键盘 拼色客制化键盘 合金外壳 粉色,￥1099.00
达尔优EK829《甜品屋》主题可爱粉色有线无线87/104键机械键盘女生礼物办公打字电脑电竞游戏通用 莓莓甜品屋【87】键有线版 红轴,￥169.00
CoolKiller 洛可可机械键盘无线蓝牙三模粉色女生可爱笔记本电脑平板客制化键盘 洛可可 CK98(插画彩盒) RGB,￥1149.00
华为【HUAWEI】适用蓝色无线键盘鼠标套装笔记本电脑台式办公打字专用巧克力键鼠 粉色/无线键鼠套装 巧克力按键,￥148.00
樱桃（CHERRY）MX3.0S无线键盘 机械键盘 游戏键盘 办公电脑键盘 蓝牙有线三模 RGB灯效 铝合金外壳 粉色红轴,￥999.00
黑爵（AJAZZ）守望者Ⅱ pro键鼠套装 有线键鼠套装 机械键鼠套装 104键混光 电竞游戏套装 粉色 青轴,￥149.00
航世（BOW）HB066键盘 无线蓝牙键盘 办公键盘 折叠便携 64键 手机平板ipad键盘 超薄巧克力按键 粉色,￥169.00
AKKO 3108V2富士山樱花粉机械键盘 键盘女生 樱花键盘 粉色打字办公游戏电竞87键108键 3108东京樱花-TTC月光白轴,￥299.00
罗技MK470无线键鼠套装薄膜键盘12个快捷按键10米覆盖办公设计师无限键盘鼠标套装台式笔记本电脑 【MK470】 萌宠乐园礼盒 粉色,￥249.00
本手 AK98客制化键盘 三模机械键盘热插拔游戏办公无线蓝牙有线gasket结构 台式笔记本平板键盘 奶茶红【红轴】粉色光 三模机械键盘,￥199.00
摩天手(Mofii) i豆无线复古朋克键鼠套装 可爱便携办公键鼠套装 鼠标 电脑键盘 笔记本键盘 白粉,￥88.00
"京品数码	
罗技（Logitech）K835机械键盘 有线键盘 游戏办公键盘 84键 茱萸粉 TTC轴 红轴",￥249.00
惠普（HP） GK400Y惠普朋克机械键盘游戏键盘104键背光有线键盘鼠标耳机可爱女生电脑粉色白光 【游戏两件套】淘气键盘+游戏鼠标 青轴,￥179.00
艾石头 IR104 三模无线连接矮轴纤薄机身全尺寸机械键盘办公游戏键盘 粉色 茶轴,￥229.00
罗技K580无线蓝牙键盘带手机支架可跨屏切换轻音按键无限薄膜键盘笔记本电脑手机ipad平板键鼠套装 【K580+M650】无线键鼠套装 粉色,￥389.00
艾酷（A） AKKO 3108游戏机械键盘电竞办公 打字笔记本USB侧刻PBT  艾酷 108键粉色侧刻-AKKO橙轴,￥199.00
航世（BOW）HB321 充电无线蓝牙智能触控键盘 时尚超薄便携手机平板ipad电脑苹果小米华为办公通用键盘 粉色,￥99.00
机械革命 耀·K330机械键盘 有线键盘 游戏键盘 金属面板104键混彩背光键盘 全键无冲 电脑键盘 白粉色 茶轴,￥139.00
MageGee GK980 女生舒适办公键盘 RGB多彩灯效可爱键盘 98键有线连接键盘 电竞游戏电脑键盘 粉色RGB,￥79.00
达尔优EK829《甜品屋》主题可爱粉色有线无线87/104键机械键盘女生礼物办公打字电脑电竞游戏通用 莓莓甜品屋【104】键有线版 茶轴,￥199.00
蓝牙无线键盘鼠标套装可充电静音超薄办公笔记本台式电脑手机平板IPAD 安卓MAC通用 键鼠套装【粉色-混彩】,￥89.90
MageGee MK-STAR套装 电竞吃鸡键盘鼠标套装 87键女生迷你便携机械键盘 有线背光机械键鼠套装 粉色白光 青轴,￥149.00
银雕双拼有线键盘机械手感炫光电竞游戏办公高颜值女生可爱usb笔记本台式电脑通用 K500粉色【白光】 单键盘,￥49.00
达尔优 樱花未央主题108键机械键盘EK815粉色少女有线发光游戏办公台式笔记本电脑CF吃鸡LOL EK810-104键双模粉色键盘 红轴,￥209.00
樱桃（CHERRY）KC200机械键盘 办公游戏两用键盘 电脑键盘机械 粉色拼色客制化键盘  PBT键帽 有线键盘 茶轴,￥459.00
罗技（Logitech） K845机械键盘有线电竞游戏办公朋克复古口红国潮键盘外设电脑笔记本节日礼物 K845(茶轴) +经典朋克键帽-粉,￥369.00
黑爵（AJAZZ）守望者Ⅱ pro键鼠套装 有线键鼠套装 机械键鼠套装 104键混光 电竞游戏套装 粉色 红轴,￥149.00
前行者真机械手感蒸汽朋克键盘鼠标耳机三件套装台式电脑办公笔记本外接有线游戏网吧吃鸡薄膜静音键鼠外设 粉色白光(复古版)键盘+粉鼠标,￥109.00
罗技（Logitech） K845机械键盘 有线键盘 办公全尺寸键盘  电竞游戏发光键盘 吃鸡键盘 K845樱花粉色-青轴（声清脆 手感强 ）,￥279.00
达尔优 EK829桃野漫漫有线无线布丁机械键盘PBT键帽宿舍办公家用电竞游戏设计可爱女生粉色电脑通用 桃野漫漫【104键】三模版 茶轴,￥259.00
前行者（EWEADN）912朋克机械键鼠耳机三件套高颜值粉色青轴游戏键盘鼠标笔记本办公复古外设带旋钮 蓝白双拼,￥279.00
樱桃（CHERRY）MX3.0S 机械键盘 游戏键盘 电竞键盘 办公电脑键盘 RGB混光键盘 合金外壳 无钢结构 粉色茶轴,￥849.00
罗技MK470无线键鼠套装薄膜键盘12个快捷按键10米覆盖办公设计师无限键盘鼠标套装台式笔记本电脑 【MK470】 粉色,￥249.00
罗技K580无线蓝牙键盘带手机支架可跨屏切换轻音按键无限薄膜键盘笔记本电脑手机ipad平板键鼠套装 【K580】无线键盘 粉色,￥199.00
爱国者巧克力无线键盘鼠标套装 无线办公台式机笔记本电脑USB键鼠 无线套装 粉色,￥44.90
MageGee 机械风暴 电竞游戏LOL电竞机械键盘 女生有线办公商务键盘 台式笔记本电脑机械键盘 粉色白光 红轴,￥119.00
MageGee 机械风暴 真轴真机械键盘 电竞女生可爱机械键盘 有线背光游戏台式电脑笔记本键盘 粉色白光 青轴,￥119.00
惠普（HP） GK400Y惠普朋克机械键盘游戏键盘104键背光有线键盘鼠标耳机可爱女生电脑粉色白光 【电竞三件套】淘气键盘+电竞鼠标+猫耳耳机 青轴,￥319.00
罗技（Logitech）K865机械键盘 无线键盘 104键全尺寸键盘 商务办公游戏电竞键盘 茱萸 粉,￥429.00
罗技（Logitech） K845机械键盘 有线键盘 办公全尺寸键盘  电竞游戏发光键盘 吃鸡键盘 K845樱花粉色-茶轴（双兼顾 更柔和）,￥279.00
摩天手(Mofii) SWEET DM  无线双模复古朋克键鼠套装 办公键鼠套装 鼠标 电脑键盘 笔记本键盘 粉色混彩,￥179.00
达尔优EK829《猫咪》有线无线机械键盘87键/104键盘PBT布丁热升华办公家用电竞游戏男女礼物 粉色猫咪【104】键三模版 茶轴,￥259.00
斗鱼（DOUYU.COM）DKM150 机械键盘 DIY涂鸦面盖 有线游戏电竞宏编程 女生静音办公 淡雅白光 白粉拼色 红轴,￥199.00
斗鱼（DOUYU.COM）DKM150 机械键盘 游戏键盘 办公电竞 电脑笔记本 可拆卸上盖 104键有线白光 少女粉 青轴,￥129.00
前行者X7无线蓝牙键盘机械手感超薄静音键鼠套装可充电机械游戏女生办公商务打字适用于台式电脑笔记本 粉色白光【无线】静音升级版按键,￥99.00
雷迪凯  机械手感键盘可爱女生 键盘鼠标有线套装 台式笔记本电脑办公键鼠套装 USB复古朋克键盘 1900套装-少女粉色,￥59.00
黑爵（AJAZZ）AK35I机械键盘 有线游戏键盘 PBT键帽 纯净白光 游戏 电脑 笔记本 吃鸡键盘 白粉色 红轴,￥159.00
AKKO 3108V2富士山樱花粉机械键盘 键盘女生 樱花键盘 粉色打字办公游戏电竞87键108键 3096东京樱花-TTC月白轴,￥299.00
达尔优EK829三模侧刻主题可爱粉色有线无线104键机械键盘男女生礼物办公打字电脑电竞游戏通用 樱花侧刻【104】键青轴 有线-蓝牙-2.4G,￥289.00
达尔优EK829《甜品屋》主题可爱粉色有线无线87/104键机械键盘女生礼物办公打字电脑电竞游戏通用 莓莓甜品屋【104】键有线版 红轴,￥199.00
惠普（HP） GK400Y惠普朋克机械键盘游戏键盘104键背光有线键盘鼠标耳机可爱女生电脑粉色白光 【电竞两件套】淘气键盘+电竞鼠标 青轴,￥229.00
罗技K580无线蓝牙键盘带手机支架可跨屏切换轻音按键无限薄膜键盘笔记本电脑手机ipad平板键鼠套装 【K580+Pebble】无线键鼠套装 粉色,￥289.00
本手机械键盘女生粉色有线键盘无线蓝牙三模高颜值Gasket软弹结构台式笔记本平板电脑游戏打字办公键盘 郁金香粉白（茶轴-混光）三模版+Gasket结构,￥199.00
前行者X7无线蓝牙键盘机械手感超薄静音键鼠套装可充电机械游戏女生办公商务打字适用于台式电脑笔记本 粉色白光【无线键鼠套装】静音升级版-键...,￥139.00
达尔优 EK815粉色双拼机械键盘108键游戏台式电脑笔记本键盘办公有线主题 萌猫粉【有线单光】108键红轴 官方标配,￥154.23
前行者真机械手感蒸汽朋克键盘鼠标耳机三件套装台式电脑办公笔记本外接有线游戏网吧吃鸡薄膜静音键鼠外设 粉色白光(复古版)键盘+粉鼠标+耳机,￥139.00
CoolKiller 洛可可机械键盘无线蓝牙三模粉色女生可爱笔记本电脑平板客制化键盘 洛可可 CK75(插画彩盒) RGB,￥1049.00
罗技（Logitech） G502SG 游戏鼠标电竞RGB灯光 K845机械键盘 星之守护者限定版 K845茶轴【粉色恋人】+G502SG【阿狸】,￥659.00
赛技 无线蓝牙朋克键盘 笔记本办公家用电脑键盘 简洁轻薄 轻音耐用键盘 手机平板 安卓MAC通用键盘 粉色,￥89.00
AKKO 3108V2富士山樱花粉机械键盘 键盘女生 樱花键盘 粉色打字办公游戏电竞87键108键 3108东京樱花-Akko V3奶蓝轴,￥279.00
GEEZER Honey S 无线 菱形键鼠套装 女生办公键鼠套装 鼠标 电脑键盘 笔记本键盘 粉色混彩,￥99.00
双飞燕（A4TECH） 血手幽灵bloody B770粉军樱花粉色少女心机械键盘光轴电竞游戏少女馆,￥299.00
魔蛋（magicforce）数字小键盘 有线键盘机械键盘电脑办公外接小键盘茶轴  21键 晶粉色,￥139.00
MageGee 机械风暴 朋克圆键帽机械键盘 可爱女生背光键盘 104键有线游戏键盘 笔记本电脑键盘 粉色白光 青轴,￥169.00
MageGee 机械风暴 有线背光键鼠套装 104键圆形键帽键盘 朋克机械键盘鼠标套装 电脑笔记本键鼠 粉色白光红轴,￥199.00
联想（Lenovo）异能者无线键鼠套装 键盘鼠标套装 办公笔记本电脑无线鼠标 全尺寸键盘套装 KN300s 粉色,￥99.00
黑爵（AJAZZ）AK35I机械键盘 有线游戏键盘 PBT键帽 纯净白光 游戏 电脑 笔记本 吃鸡键盘 白粉色 青轴,￥159.00
樱桃（CHERRY）MX3.0S 机械键盘 游戏键盘 电竞键盘 办公电脑键盘 RGB混光键盘 合金外壳 无钢结构 粉色青轴,￥849.00
前行者（EWEADN）有线无线键盘鼠标套装静音机械手感电脑笔记本游戏办公通用男女便携蓝牙双模薄膜键鼠 粉色-白光【无线单键盘】,￥89.00
维咖（weikav）机械键盘渐变键帽ABS透光OEM高度侧刻渐变二色浸染工艺个性键帽121颗小全套 粉色渐变-【盒装】,￥89.00
摩天手(MofiiHoney S 无线 菱形键鼠套装 女生办公键鼠套装 鼠标 电脑键盘 笔记本键盘 粉色混彩,￥99.00
MIPOW折叠键盘 无线蓝牙静音键盘磁吸折合笔记本平板办公超薄iPad小键盘 粉色,￥169.00
AKKO 5108S 美乐蒂IP联名款有线机械键盘 RGB灯光 热插拔 可爱粉色女生游戏 3108美乐蒂-樱花轴(无RGB),￥279.00
宏碁(acer) 键盘 无线蓝牙键盘 双模办公键盘 女性 便携 超薄键盘 平板手机键盘 笔记本键盘 少女粉LK-818H,￥79.00
狼蛛（AULA） F3087粉色主题机械键盘87键有线台式电脑电竞游戏家用少女生办公笔记本便携键盘 白粉蓝光 青轴,￥139.00
黑爵（AJAZZ）AK687机械键盘 少女心樱花粉有线键盘 104键背光键盘 可爱台式笔记本键盘 粉色青轴,￥129.00
摩天手(Mofii) i豆MAX 无线复古朋克键鼠套装 可爱便携办公数字键盘套装 鼠标笔记本键盘 粉色混彩,￥188.00
罗技（Logitech） K855 无线机械键盘 蓝牙键盘 游戏办公键盘 84键TTC轴 带接收器 【K855】粉色 无线机械键盘,￥409.00
斗鱼（DOUYU.COM）DKM180 机械键盘 热插拔 可拆卸上盖 有线游戏键盘 104键办公电竞 淡雅白光 白粉拼色 红轴,￥139.00
MIIIW双模无线蓝牙键盘 适配Mac笔记本iPad thinkpad平板电脑便携办公女生键盘85键 粉色,￥129.00
罗技（Logitech）K855无线机械键盘 无线键盘 蓝牙键盘 游戏办公键盘 84键 粉色 TTC红轴 带Logit Bolt接收器,￥499.00
魔蛋（magicforce）数字小键盘 有线键盘 机械键盘 电脑办公外接小键盘 红轴 21键 晶粉色,￥139.00
狼蛛（AULA）F2088 机械键盘有线游戏办公108键盘电脑外设键鼠套装全家桶八件套 【键鼠耳机八装】白粉色-红轴,￥229.90
浪翔 无线蓝牙键盘鼠标套装便携 办公键盘鼠标套装 可充电式超薄安卓 ipad平板电脑手机通用 粉色【10寸蓝牙键盘+蓝牙鼠标】充电套装,￥43.80
AKKO 3108V2富士山樱花粉机械键盘 键盘女生 樱花键盘 粉色打字办公游戏电竞87键108键 3087东京樱花-Akko V2蓝轴,￥229.00
魔蛋（magicforce）数字小键盘 机械键盘有线键盘电脑办公外接小键盘 21键 青轴 晶粉色,￥139.00
艾石头 IR104 三模无线连接矮轴纤薄机身全尺寸机械键盘办公游戏键盘 粉色 红轴,￥229.00
双飞燕（A4TECH） F1010 飞时代键鼠套装有线键盘鼠标防水时尚樱花粉色少女馆可爱网红版,￥79.00
惠普（HP） GK400Y惠普朋克机械键盘游戏键盘104键背光有线键盘鼠标耳机可爱女生电脑粉色白光 【游戏两件套】淘气键盘+游戏鼠标 茶轴体,￥179.00
惠普（HP） GK400Y惠普朋克机械键盘游戏键盘104键背光有线键盘鼠标耳机可爱女生电脑粉色白光 【我全都要】淘气键盘+电竞鼠标+双音响+猫耳耳机 青轴,￥369.00
达尔优EK829《春山樱雪》主题可爱粉色有线无线87/104机械键盘女生礼物办公打字电脑电竞游戏通用 春山樱雪【104】键有线版 茶轴,￥199.00
ikbc C200 机械键盘 有线键盘 游戏键盘 87键 cherry轴 樱桃轴 吃鸡神器 笔记本键盘 粉色 红轴,￥259.00
罗技K835真机械键盘铝制外壳机械轴体手感出色有线键盘84键电竞游戏12个快捷按键台式外接笔记本电脑 【K835】 粉色 红轴 露营之夜 限定款,￥349.00
达尔优EK829《猫咪》有线无线机械键盘87键/104键盘PBT布丁热升华办公家用电竞游戏男女礼物 粉色猫咪【104】键三模版 红轴,￥259.00
AKKO 3108V2富士山樱花粉机械键盘 键盘女生 樱花键盘 粉色打字办公游戏电竞87键108键 3087东京樱花-AKKO V3奶蓝轴,￥229.00
前行者912蒸汽朋克机械键盘鼠标套装有线无线女生粉色复古办公键鼠套装游戏电竞笔记本台式电脑专用外设 少女粉【白光-青轴】有线朋克版+粉色有...,￥189.00
航世（BOW）HD098SL-2 无线键盘 蓝牙键盘 三模便携办公键盘 手机平板ipad笔记本电脑充电键盘 粉色,￥169.00
达尔优EK829《甜品屋》主题可爱粉色有线无线87/104键机械键盘女生礼物办公打字电脑电竞游戏通用 莓莓甜品屋【104】键三模版 茶轴,￥259.00
前行者912蒸汽朋克机械键盘鼠标套装有线无线女生粉色复古办公键鼠套装游戏电竞笔记本台式电脑专用外设 少女粉【白光-黑轴】有线朋克版+粉色有...,￥189.00
MageGee 机械风暴键盘 有线机械游戏键盘 电竞女生粉色可爱少女心USB背光电脑办公104键键盘 白粉混搭 青轴,￥139.00
罗技（Logitech） K580 多设备键盘 无线蓝牙全尺寸办公键盘 ipad手机平板电脑键盘 粉色,￥199.00
惠普（HP） GK400Y惠普朋克机械键盘游戏键盘104键背光有线键盘鼠标耳机可爱女生电脑粉色白光 【淘气粉】真机械轴+炫酷灯效+全键无冲 黑轴,￥139.00
前行者（EWEADN） TK950所有台式电脑笔记本通用无线蓝牙机械键盘鼠标套装朋克复古圆键女生办公 粉色白光-青轴【蓝牙+2.4G+有线】三模单键盘,￥259.00
小米便携双模键盘 微曲面柔声按键 分体式支架 多彩撞色 时尚办公键盘 小米便携双模键盘 粉色,￥129.00
斗鱼（DOUYU.COM） 机械键盘有线电竞游戏全键无冲台式电脑笔记本LOL吃鸡cf绝地求生白光打字 DKM150粉色白光 青轴(清脆手感),￥129.00
魔极客M1W客制化三模机械键盘铝坨坨Gasket结构75配列全键无冲热插拔电竞有线键盘 M1W粉色渐变三模机械键盘 冰淇淋粉轴,￥499.00
爱国者（aigo）键盘鼠标有线键鼠套装打字台式机笔记本电脑外接USB办公游戏商务家用防水简约 粉色【巧克力键帽】 有线,￥29.90
达尔优 樱花未央主题108键机械键盘EK815粉色少女有线发光游戏办公台式笔记本电脑CF吃鸡LOL EK815-108键粉色键盘 红轴,￥179.00
狼蛛（AULA） F3087粉色主题机械键盘87键有线台式电脑电竞游戏家用少女生办公笔记本便携键盘 粉色蓝光 青轴,￥119.00
MageGee V630 无线办公键盘鼠标套装 USB连接便携键鼠 薄膜键盘键鼠带旋钮 笔记本台式电脑通用键盘 白粉色,￥79.00
蓝牙无线键盘鼠标套装可充电静音超薄办公笔记本台式电脑手机平板IPAD 安卓MAC通用 单键盘【粉色-混彩】,￥79.00
达尔优EK829《春山樱雪》主题可爱粉色有线无线87/104机械键盘女生礼物办公打字电脑电竞游戏通用 春山樱雪【104】键三模版 红轴,￥259.00
黑峡谷（Hyeku）GK715 104键有线机械键盘 电竞游戏键盘 可插拔 白色背光 凯华BOX轴 白粉 红轴,￥209.00
前行者X7S无线键盘鼠标套装真机械手感键盘可充电静音台式笔记本电脑电竞游戏办公打字通用蓝牙键鼠外设  粉色【白光】无线套装,￥139.00
科普斯机械手感有线USB静音键盘鼠标套装笔记本电脑办公家用可爱女生 白粉色朋克键盘,￥36.90
【2023年新上市】无线键盘鼠标套装笔记本电脑台式机外接办公打字键鼠 粉色/无线单键盘 巧克力按键,￥108.00
惠普（HP）GK400Y真机械键盘蒸汽朋克女生办公游戏电竞专用有线 【粉色白光】104键无冲+青轴 单键盘,￥159.00
黑峡谷（Hyeku）GK715 104键有线机械键盘 电竞游戏键盘 可插拔 白色背光 凯华BOX轴 白粉 茶轴,￥209.00
惠普（HP）朋克机械键盘 游戏键盘 104键背光键盘 有线键盘 笔记本办公家用电脑键盘 粉色白光 茶轴,￥139.00
AKKO 3108V2富士山樱花粉机械键盘 键盘女生 樱花键盘 粉色打字办公游戏电竞87键108键 3087东京樱花-自润橙轴,￥229.00
CoolKiller 洛可可机械键盘无线蓝牙三模粉色女生可爱笔记本电脑平板客制化键盘 洛可可 CK68(插画彩盒) RGB,￥919.00
倍思（Baseus）键鼠套装三模无线蓝牙办公键鼠套装带2.4G接收器 台式电脑笔记本平板安卓手机通用 粉色,￥178.00
Double Shell 静音无线蓝牙有线三模机械键盘办公深海樱桃静音红轴WIN/Mac/ipad M108粉色+cherry静音红轴- 无光 静音红轴,￥568.00
狼蛛（AULA） F3087机械键盘87键拼色键盘小型便携式键线分离 游戏电竞办公电脑笔记本外设 粉色- 冰蓝光 青轴 -,￥109.00
AKKO 3108V2富士山樱花粉机械键盘 键盘女生 樱花键盘 粉色打字办公游戏电竞87键108键 3108东京樱花-自润橙轴,￥279.00
狼蛛（AULA） F3287起司猫主题无线蓝牙机械键盘三模有线笔记本电脑办公游戏粉色男女生小巧便携 樱花粉蓝光【蓝牙+有线+2.4G】 青轴,￥149.00
倍思（Baseus）ipad双蓝牙键鼠套装三模无线办公键盘可充电 台式电脑笔记本平板安卓手机通用 粉色,￥208.00
雷柏（Rapoo） E9350G 无线蓝牙键盘 办公键盘 超薄便携键盘 充电键盘 99键 电脑键盘 平板ipad键盘 粉色,￥199.00
黑峡谷（Hyeku）GK715s 104键有线机械键盘 电竞游戏吃鸡键盘 PBT键帽 全键无冲 白粉色凯华插拔红轴,￥259.00
摩天手(Mofii) Sweet plus 无线机械套装红轴复古朋克键鼠 办公套装  电脑键盘 笔记本键盘 粉色混彩,￥199.00
阿斯盾HOLA111机械键盘 无线2.4G游戏电竞家用办公键盘台式笔记本电脑100%布局多键无冲 黑粉色,￥209.00
罗技(Logitech）K865无线蓝牙机械键盘 104键全尺寸键盘 商务办公游戏电竞键盘 【时尚无线蓝牙款】K865-粉色,￥429.00
摩天手(Mofii) X910 无线笔记本数字小键盘 USB无线键盘 迷你财务会计键盘 银行键盘  粉色混彩 自营,￥79.90
前行者912蒸汽朋克机械键盘鼠标套装有线无线女生粉色复古办公键鼠套装游戏电竞笔记本台式电脑专用外设  少女粉【白光-青轴】无线/蓝牙三模朋克版,￥279.00
罗技（Logitech）K580键盘无线蓝牙超薄静音键盘 办公键盘电脑手机Mac平板 ipad键盘 K580【玫瑰粉】+ M221【粉色】,￥279.00
Dear Mean所有台式电脑笔记本通用无线键盘鼠标套装静轻音办公键鼠套装便携复古笔记本台式电脑通用 粉色-充电款键鼠套装【收藏送膜】,￥258.00
狼蛛（AULA） F3087粉色主题机械键盘87键有线台式电脑电竞游戏家用少女生办公笔记本便携键盘 白蓝蓝光 青轴,￥139.00
斗鱼（DOUYU.COM） 游戏键盘有线USB机械手感键盘鼠标套装背光台式电脑笔记本家用办公打字 粉色-白光【单键盘】,￥69.00
达尔优 EK815粉色双拼机械键盘108键游戏台式电脑笔记本键盘办公有线主题 萌猫粉【有线单光】108键青轴 官方标配,￥154.23
达尔优EK829《春山樱雪》主题可爱粉色有线无线87/104机械键盘女生礼物办公打字电脑电竞游戏通用 春山樱雪【87】键有线版 黑轴,￥169.00
前行者（EWEADN） TK950所有台式电脑笔记本通用无线蓝牙机械键盘鼠标套装朋克复古圆键女生办公 粉色白光青轴【蓝牙+2.4G+有线】+蓝牙双模鼠标,￥299.00
航世（BOW）HB251 充电无线蓝牙键盘 手机平板ipad电脑苹果小米华为办公通用键盘 时尚超薄便携键盘 粉色,￥79.00
【2023年新上市】无线键盘鼠标套装笔记本电脑台式机外接办公打字键鼠 粉色/无线键鼠套装 巧克力按键,￥148.00
罗技K380蓝牙键盘网红女生可爱办公笔记本电脑手机ipad平板MAC薄膜键盘 蓝牙键鼠套装 【K380+Pebble】 粉色,￥239.00
狼蛛（AULA） F3287有线无线2.4G蓝牙三模机械键盘 游戏办公无线键盘 背光 87键电脑键盘 【三模】粉色萌猪- 冰蓝光 青轴 -,￥179.00
达尔优 EK815粉色双拼机械键盘108键游戏台式电脑笔记本键盘办公有线主题 萌猫粉【三模单光】104键黑轴 官方标配,￥229.00
惠普（HP） GK400Y惠普朋克机械键盘游戏键盘104键背光有线键盘鼠标耳机可爱女生电脑粉色白光 【游戏两件套】淘气键盘+游戏鼠标 红轴体,￥179.00
黑爵（AJAZZ） 电竞游戏机械键盘无线有线双模104键高颜值男女生电脑笔记本外接办公发光机械 粉色青轴白光版,￥199.00
达尔优EK829三模侧刻主题可爱粉色有线无线104键机械键盘男女生礼物办公打字电脑电竞游戏通用 樱花侧刻【104】键红轴 有线-蓝牙-2.4G,￥289.00
航世（BOW）HB0982SL 多设备三蓝牙键盘 轻巧便携 iPad平板手机安卓苹果无线键盘 时尚蓝牙充电键盘 粉色,￥119.00
前行者912蒸汽朋克机械键盘鼠标套装有线无线女生粉色复古办公键鼠套装游戏电竞笔记本台式电脑专用外设  少女粉【白光-青轴】三模朋克版+无线蓝...,￥319.00
ONIKUMA机械手感键盘鼠标套装 女生粉色键鼠套装耳机三件套台式电脑办公笔记本外接有线游戏吃鸡键盘 粉色键盘+粉色鼠标+猫耳朵耳机（圆孔版）,￥249.00
狼蛛（AULA） F3087机械键盘87键拼色键盘小型便携式键线分离 游戏电竞办公电脑笔记本外设 粉色- 冰蓝光 茶轴 -,￥109.00
罗技（Logitech） K845机械键盘有线电竞游戏办公朋克复古口红国潮键盘外设电脑笔记本节日礼物 K845(青轴) +经典朋克键帽-粉,￥329.00
RK 836 PINK无线蓝牙樱花粉机械键盘71键迷你可爱女生少女心粉色定制热升华键帽 RK836樱花粉红轴三模_热插拔,￥319.00
达尔优EK829《猫咪》有线无线机械键盘87键/104键盘PBT布丁热升华办公家用电竞游戏男女礼物 粉色猫咪【104】键有线版 青轴,￥199.00
黑爵键帽机械键盘通用 ABS PBT双色透光键帽二色成型耐磨十字轴键帽彩色个性DIY粉蓝白蓝双拼 粉色-104键ABS-透光,￥12.90
前行者真机械手感蒸汽朋克键盘鼠标耳机三件套装台式电脑办公笔记本外接有线游戏网吧吃鸡薄膜静音键鼠外设 粉色白光(复古版)键盘+粉鼠标+萌猫手...,￥139.00
航世（BOW）HB252 充电无线蓝牙智能触控键盘 时尚超薄便携手机平板ipad电脑苹果小米华为办公通用键盘 粉色,￥99.00
AKKO 3108V2富士山樱花粉机械键盘 键盘女生 樱花键盘 粉色打字办公游戏电竞87键108键 ACR Pro59东京樱花-果冻粉轴【RGB灯】,￥499.00
前行者912蒸汽朋克机械键盘鼠标套装有线无线女生粉色复古办公键鼠套装游戏电竞笔记本台式电脑专用外设  少女粉【白光-黑轴】有线朋克版,￥159.00
"京品数码	
罗技（Logitech）POP KEYS 泡泡无线机械键盘 办公键盘 蓝牙键盘 游戏键盘 85键TTC轴  自定义表情包按键-粉",￥439.00
黑爵（AJAZZ）守望者Ⅱ pro键鼠套装 有线键鼠套装 机械键鼠套装 104键混光 电竞游戏套装 粉色 茶轴,￥149.00
狼蛛（AULA） F3087机械键盘87键拼色键盘小型便携式键线分离 游戏电竞办公电脑笔记本外设 粉色- 冰蓝光 黑轴 -,￥109.00
前行者912蒸汽朋克机械键盘鼠标套装有线无线女生粉色复古办公键鼠套装游戏电竞笔记本台式电脑专用外设 少女粉【白光-青轴】有线朋克版+有线电...,￥219.00
斗鱼（DOUYU.COM）DKM150 机械键盘 有线104键游戏电竞宏编程 可拆卸上盖 安静办公 淡雅白光 白粉拼色 红轴,￥139.00
罗技无线蓝牙键盘K380多设备轻薄蓝牙办公鹅卵石鼠标键盘便携小巧手机平板通用商务键鼠套装 【多设备便携蓝牙】K380 粉,￥139.00
蓝牙无线键盘鼠标套装可充电静音超薄办公笔记本台式电脑手机平板IPAD 安卓MAC通用 键鼠套装【粉色混彩-配防尘膜+鼠标垫】,￥99.00
达尔优 樱花未央主题108键机械键盘EK815粉色少女有线发光游戏办公台式笔记本电脑CF吃鸡LOL EK810-104键双模粉色键盘 茶轴,￥209.00
MageGee V650 无线键盘鼠标套装 女生可爱拼装键盘鼠标 办公商务专用键鼠 USB连接笔记本台式电脑 白粉色拼装,￥69.00
航世（BOW）HB032-Y 键盘 无线三蓝牙键盘 办公键盘 超薄便携 78键 手机平板ipad键盘 巧克力按键 粉色,￥79.00
狼蛛（AULA） F3087粉色主题机械键盘87键有线台式电脑电竞游戏家用少女生办公笔记本便携键盘 白粉蓝光 茶轴,￥139.00
狼蛛（AULA）F2088 机械键盘有线游戏办公108键盘电脑外设键鼠套装全家桶八件套 【键鼠耳机八套装】白粉色-青轴,￥229.90
本手 AK98客制化键盘 三模机械键盘热插拔游戏办公无线蓝牙有线gasket结构 台式笔记本平板键盘 童趣主题【茶轴】粉色光 三模机械键盘,￥299.00
惠普（HP） GK400Y惠普朋克机械键盘游戏键盘104键背光有线键盘鼠标耳机可爱女生电脑粉色白光 【淘气粉】真机械轴+炫酷灯效+全键无冲 茶轴体,￥139.00
黑峡谷（Hyeku）GK715s 104键有线机械键盘 电竞游戏吃鸡键盘 PBT键帽 全键无冲 白粉色凯华插拔茶轴,￥259.00
狼蛛（AULA） F3087粉色主题机械键盘87键有线台式电脑电竞游戏家用少女生办公笔记本便携键盘 粉白蓝光 青轴,￥139.00
斐尔可（FILCO）FKBC87M/EP2「87双模圣手二代」蓝牙无线键盘 cherry樱桃机械键盘 粉色 茶轴 有线游戏键盘,￥1499.00
CoolKiller 透明粉色机械键盘CK75淘气三模客制化蓝牙无线游戏电竞 桃气满满 线性喵喵轴【触发35g触底45g】,￥799.00
超薄蒸汽朋克复古背光键盘鼠标套装可爱粉色发光家用办公有线无线打字少女心笔记本台式电脑通用键鼠 淡雅粉白光-有线款(女生圆形按键键鼠套装),￥76.00
魔极客M1W 75配列有线无线蓝牙三模客制化机械键盘侧刻铝坨坨Gasket结构全键无冲热插拔电竞键盘 M1W侧刻-粉色渐变三模机械键盘 V3 Pro钢琴轴,￥529.00
牧马人 K100粉色少女机械键盘鼠标套装有线外接笔记本台式电脑电竞游戏键鼠耳机三件套外设 K100粉色【白光-青轴】+M1静音鼠标,￥239.00
牧马人 有线USB拼色布丁机械键盘PBT键帽宿舍办公家用电竞游戏设计可爱女生礼物粉色电脑笔记本台式机 K104【桃野漫漫】 茶轴,￥209.00
达尔优EK829《甜品屋》主题可爱粉色有线无线87/104键机械键盘女生礼物办公打字电脑电竞游戏通用 莓莓甜品屋【87】键有线版 茶轴,￥169.00
惠普（HP） GK400Y惠普朋克机械键盘游戏键盘104键背光有线键盘鼠标耳机可爱女生电脑粉色白光 【游戏三件套】淘气键盘+游戏鼠标+双音响 青轴,￥229.00
狼蛛（AULA） F3087粉色主题机械键盘87键有线台式电脑电竞游戏家用少女生办公笔记本便携键盘 粉色蓝光 茶轴,￥119.00
罗技K580无线蓝牙键盘带手机支架可跨屏切换轻音按键+M240无线蓝牙鼠标 静音家用商务办公键鼠套装 【K580+M240】粉色,￥298.00
本手 AK98客制化键盘 三模机械键盘热插拔游戏办公无线蓝牙有线gasket结构 台式笔记本平板键盘 童趣主题【红轴】粉色光 三模机械键盘,￥299.00
本手机械键盘女生粉色有线键盘无线蓝牙三模高颜值Gasket软弹结构台式笔记本平板电脑游戏打字办公键盘 《巧克力派对》主题（红轴-混光）有线版,￥249.00
狼蛛（AULA）F2088 机械键盘有线游戏办公108键盘电脑外设键鼠套装全家桶八件套 【键鼠耳机八套装】白粉色-黑轴,￥229.90
Double Shell 静音无线蓝牙有线三模机械键盘办公深海樱桃静音红轴WIN/Mac/ipad M69粉色+cherry静音红轴- 无光 静音红轴,￥438.00
ONIKUMA 白粉色机械键盘鼠标套装有线 女生吃鸡游戏键鼠套装耳机电竞三件套台式笔记本电脑办公外设 粉色（青轴）键盘+粉色鼠标+猫耳耳机USB版,￥349.00
达尔优EK829《甜品屋》主题可爱粉色有线无线87/104键机械键盘女生礼物办公打字电脑电竞游戏通用 莓莓甜品屋【104】键三模版 青轴,￥259.00
黑爵（AJAZZ）AK33机械键盘 游戏键盘 办公键盘 混光82键 小巧便携 电竞游戏 全粉 青轴,￥109.00
狼蛛（AULA） F2088草莓熊主题机械键盘鼠标耳机三件套游戏电竞专用电脑有线粉色少女生可爱办公 樱花粉混光【键盘+鼠标+耳机】 茶轴,￥209.00
惠普（HP） GK400Y惠普朋克机械键盘游戏键盘104键背光有线键盘鼠标耳机可爱女生电脑粉色白光 【游戏三件套】淘气键盘+游戏鼠标+猫耳耳机 青轴,￥269.00
AKKO 机械键盘 有线键盘 游戏键盘 87键 原厂cherry轴 樱桃轴 笔记本键盘 3108粉色侧刻-cherry茶轴,￥199.00
前行者Z108樱桃cherry轴机械键盘无线蓝牙三模客制RGB灯效游戏电竞办公有线台式电脑笔记本外接 粉色87键【RGB-无线蓝牙三模】 樱桃cherry MX RGB【青轴-热...,￥299.00
达尔优 EK829桃野漫漫有线无线布丁机械键盘PBT键帽宿舍办公家用电竞游戏设计可爱女生粉色电脑通用 桃野漫漫【87键】有线版 茶轴,￥169.00
前行者Z108樱桃cherry轴机械键盘无线蓝牙三模客制RGB灯效游戏电竞办公有线台式电脑笔记本外接 粉色87键【白光-有线版】 樱桃cherry MX RGB【红轴-热插拔...,￥249.00
达尔优 EK815粉色双拼机械键盘108键游戏台式电脑笔记本键盘办公有线主题 萌猫粉【有线单光】108键红轴 套装一,￥189.00
斐尔可 （FILCO）104键圣手二代机械键盘 有线cherry樱桃轴游戏键盘彩色限量版 粉色 青轴,￥1499.00
狼蛛（AULA） F2088机械键盘鼠标套装104键有线游戏吃鸡外设办公打字电脑键鼠耳机电竞三件套 电竞版：粉色混光茶轴+游戏宏鼠标,￥149.00
前行者真机械手感蒸汽朋克键盘鼠标耳机三件套装台式电脑办公笔记本外接有线游戏网吧吃鸡薄膜静音键鼠外设 粉色白光(复古版)单键盘+萌猫手托,￥109.00
戴.尔（DELL）适用2023新款 K500 键盘鼠标套装 静音有线电脑游戏办公机械手感电竞外设 K500粉色 【单键盘】,￥78.00
狼蛛（AULA）有线机械键盘鼠标套装 游戏办公键鼠套装 真机械手感键盘 多功能旋钮背光键盘 S2022粉色键鼠套装【青轴】,￥119.00
MageGee V510 无线连接薄膜键盘 RGB背光灯效键盘 真机械手感键盘 女生舒适办公键盘 电脑笔记本外设 白粉色,￥109.00
黑爵AK515 机械键盘 有线电竞键盘 type-c键盘 笔记本台式电脑外接键盘 DIY磁吸换上盖 粉白白光-青轴【粉色舞主题】,￥219.00
达尔优 EK815粉色双拼机械键盘108键游戏台式电脑笔记本键盘办公有线主题 萌猫粉【有线单光】108键黑轴 官方标配,￥159.00
达尔优EK829《春山樱雪》主题可爱粉色有线无线87/104机械键盘女生礼物办公打字电脑电竞游戏通用 春山樱雪【87】键有线版 青轴,￥169.00
黑峡谷（Hyeku）GK715s 104键有线机械键盘 电竞游戏吃鸡键盘 PBT键帽 全键无冲 白粉色凯华插拔白轴,￥259.00
GEEZER Zero无线复古朋克键鼠套装 办公键鼠套装 鼠标 电脑键盘 笔记本键盘 粉色混彩 无线 104,￥129.00
达尔优 EK815机械合金版机械键盘108键游戏有线电竞吃鸡粉色台式电脑笔记本办公外接打字网红专用 黑白拼色蓝光-108键 青轴,￥139.00
狼蛛（AULA）F2088粉色主题机械键盘鼠标耳机三件套装有线游戏电竞专用电脑粉色少女生可爱办公键鼠 草莓熊粉色混光【单键盘】 红轴,￥159.00
ACTTO 无线蓝牙键盘 平板用笔记本电脑手机多设备连接适用ipad华为IOS安卓MAC系统便携迷你 复古打字机 86键【粉色】,￥299.00
狼蛛（AULA） F2088草莓熊主题机械键盘鼠标耳机三件套游戏电竞专用电脑有线粉色少女生可爱办公 樱花粉混光【单键盘】 茶轴,￥139.00
联想（lenovo）通用无线键盘鼠标外接mac笔记本电脑家用办公打字专用静音键鼠套装女生可爱粉色机械 樱花粉〖键盘鼠标套装〗,￥229.00
惠简笔记本电脑外接小型轻薄便携有线键盘静音降噪圆形按键USB台式电脑办公鼠标套装男女生通用可爱 K380粉色-有线键盘,￥29.90
本手机械键盘女生粉色有线键盘无线蓝牙三模高颜值Gasket软弹结构台式笔记本平板电脑游戏打字办公键盘 《巧克力派对》主题（青轴-混光）有线版,￥249.00
银雕（YINDIAO） 键盘鼠标套装有线USB游戏办公家用商务男女生笔记本台式电脑背光机械手感键鼠 粉色白光-水晶面板,￥79.00
狼蛛（AULA） F3087粉色主题机械键盘87键有线台式电脑电竞游戏家用少女生办公笔记本便携键盘 粉白蓝光 红轴,￥139.00
摩天手zero无线键盘鼠标套装女生办公可爱猫咪无限打字机械手感键盘复古圆键帽适用台式笔记本电脑 Candy Pro 粉色【蓝牙+2.4G双模连接】,￥169.00
蓝牙键盘适用iPad手机平板电脑无线磁吸妙控键盘鼠标充电套装跨境 10寸键盘+双模可充电鼠标 粉色,￥35.00
蓝牙键盘适用iPad手机平板电脑无线磁吸妙控键盘鼠标充电套装跨境 10寸蓝牙键盘 粉色,￥22.00
MIPOW 米菲联名无线键盘三区鼠标套装电脑笔记本静音办公便携台式卡通复古可爱圆键数字键家用生日礼物 粉色,￥239.00
樱桃（CHERRY）MX3.0S 机械键盘 游戏键盘 电竞键盘 办公电脑键盘 RGB混光键盘 合金外壳 无钢结构 粉色黑轴,￥849.00
森松尼（sunsonny）机械键盘鼠标套装游戏发光电竞有线双色笔记本台式外设可编程宏自定外接104键 J9pro粉色单色白光【红轴】+机械蛇粉色,￥159.00
斗鱼（DOUYU.COM） 游戏键盘有线USB机械手感键盘鼠标套装背光台式电脑笔记本家用办公打字 键盘+鼠标+桌垫【粉色3件套】,￥169.00
牧马人 K100粉色少女机械键盘鼠标套装有线外接笔记本台式电脑电竞游戏键鼠耳机三件套外设 K100粉色【白光-青轴】+M1鼠标+耳机,￥299.00
惠普（HP）GK400Y真机械键盘蒸汽朋克女生办公游戏电竞专用有线 【粉色白光】104键无冲+红轴 单键盘,￥159.00
达尔优EK829三模侧刻主题可爱粉色有线无线104键机械键盘男女生礼物办公打字电脑电竞游戏通用 樱花侧刻【104】键黑轴 有线-蓝牙-2.4G,￥289.00
GIAUSA 104键可爱粉色有线无线蓝牙三模机械键盘高颜值超好看女生办公打字电竞游戏送女朋友礼物 寿司拼盘三模版-104键  黑轴,￥8807.90
bejoy  游戏有线键盘拼色发光机械手感台式电脑配件 粉色-白光,￥34.35
朋克机械键盘家用电竞办公GK400Y游戏键盘鼠标套装104键高颜值背光全键无冲炫酷灯效 粉色朋克白光+电竞鼠标+大桌垫 红轴（降噪无段落感 办公打字）...,￥179.00
狼蛛（AULA） F3087粉色主题机械键盘87键有线台式电脑电竞游戏家用少女生办公笔记本便携键盘 蓝白蓝光 青轴,￥139.00
狼蛛F98Pro马里奥高达机械键盘客制化F99热插拔麻将音RGG背光电竞游戏办公学生情侣礼物a98 99键粉色透明 冰晶轴,￥329.00
牧马人 有线USB拼色布丁机械键盘PBT键帽宿舍办公家用电竞游戏设计可爱女生礼物粉色电脑笔记本台式机 K104【粉色猫咪】 茶轴,￥209.00
罗技（Logitech） K580 无线蓝牙键盘 办公键盘 多设备便携超薄键盘 USB台式笔记本键盘 K580 粉色,￥239.00
狼蛛（AULA） F2088草莓熊主题机械键盘鼠标耳机三件套游戏电竞专用电脑有线粉色少女生可爱办公 樱花粉混光【单键盘】 青轴,￥139.00
3108V2世界巡回系列Tokyo 二代轴 富士山樱花粉机械键盘女生粉色打字办公游戏电竞87 108键V2 【V3奶蓝轴】,￥309.00
狼蛛（AULA） F2088拼色机械键盘108键多功能旋钮有线游戏电竞专用台式电脑笔记本外接 经典版：粉色混光 黑轴,￥129.00
罗技K855无线机械键盘 无线键盘 蓝牙键盘 电竞游戏办公键盘 84按键TTC红轴台式外接笔记本电脑 【K855】粉色 无线机械键盘,￥489.00
罗技（G）G412 TKL 84键背光有线键盘机械键盘 电竞游戏键盘 粉色键盘星之守护者系列限量款 罗技G412 84键粉色联名款,￥499.00
少女心可爱网红真机械键盘鼠标蒸汽朋克复古粉色女生专用电竞游戏笔记本台式通用发光网吧网咖有线 经典版-粉色白光青轴+鼠标+耳机,￥219.00
本手机械键盘女生粉色有线键盘无线蓝牙三模高颜值Gasket软弹结构台式笔记本平板电脑游戏打字办公键盘 《巧克力派对》主题（茶轴-混光）三模版,￥299.00
前行者（EWEADN） K620机械手感键盘鼠标耳机三件套装蒸汽朋克复古水晶电脑游戏电竞专用键鼠四件 粉色白光【复古朋克/水晶面板】+宏鼠标+耳机,￥149.00
RK 860粉色机械键盘鼠标套装双模键鼠套装96配列100键可爱少女心游戏办公台式笔记本 粉色白光青轴套装（有线＋无线双模版）,￥229.00
狼蛛（AULA） F2088拼色机械键盘108键多功能旋钮有线游戏电竞专用台式电脑笔记本外接 经典版：粉色混光 青轴,￥129.00
无线蓝牙机械键盘有线键盘87键粉色女生台式笔记本电脑平板用键盘电竞游戏办公通用便携无线键盘发光 猫糖【蓝白-RGB光】87键 蓝牙三模机械键盘 茶...,￥189.00
狼蛛（AULA） F2088草莓熊主题机械键盘鼠标耳机三件套游戏电竞专用电脑有线粉色少女生可爱办公 白粉混光【单键盘】 青轴,￥159.00
达尔优 EK815牧马人机械键盘有线usb粉色少女心女生台式电脑笔记本电竞游戏吃鸡cf全键无冲背光 粉白马卡龙108键 青轴,￥139.00
银雕双拼有线键盘机械手感炫光电竞游戏办公高颜值女生可爱usb笔记本台式电脑通用 K500粉色【白光】 键盘+G5鼠标,￥69.00
迈可派克 MiCROPACK 无线键盘鼠标套装女生粉色蓝牙静音办公双模剪刀脚ipad平板键盘鼠标套装 【单键盘】粉,￥229.00
惠普（HP） GK400Y惠普朋克机械键盘游戏键盘104键背光有线键盘鼠标耳机可爱女生电脑粉色白光 【电竞三件套】淘气键盘+电竞鼠标+猫耳耳机 茶轴体,￥319.00
达尔优 EK815机械合金版机械键盘108键游戏有线电竞吃鸡粉色台式电脑笔记本办公外接打字网红专用 白黑拼色蓝光-108键 青轴,￥139.00
摩天手（Mofii） sweet无线复古朋克键鼠套装 办公键鼠套装鼠标 USB电脑键盘笔记本键盘 SWEET 白粉色【普通版】,￥79.00
AKKO 3087 机械键盘 有线键盘 游戏键盘 87键 原厂cherry轴 樱桃轴 笔记本键盘 3108粉色侧刻-cherry茶轴,￥199.00
狼蛛（AULA） F2088拼色机械键盘108键多功能旋钮有线游戏电竞专用台式电脑笔记本外接 草莓熊：粉色混光 茶轴,￥139.00
狼蛛（AULA） F3087粉色主题机械键盘87键有线台式电脑电竞游戏家用少女生办公笔记本便携键盘 白粉蓝光 红轴,￥139.00
摩天手（Mofii） 喵萌PLUS无线键盘鼠标套装可爱女生巧克力电脑kitty猫咪猫耳朵礼物  粉色混彩PLUS版,￥199.00
"亿金哒有线USB键盘女生可爱风台式电脑办公超薄膜静音笔记本外接游戏高颜值卡通粉色 莓有烦恼（含同款图案大鼠标垫） 套餐一,无",￥79.90
罗技（Logitech） G502SG 游戏鼠标电竞RGB灯光 K845机械键盘 星之守护者限定版 K845红轴【粉色恋人】+G502SG【阿狸】,￥659.00
狼蛛（AULA） F2088草莓熊主题机械键盘鼠标耳机三件套游戏电竞专用电脑有线粉色少女生可爱办公 草莓熊混光【键盘+鼠标】 茶轴,￥189.00
狼蛛（AULA） F2088草莓熊主题机械键盘鼠标耳机三件套游戏电竞专用电脑有线粉色少女生可爱办公 草莓熊粉白混光【键盘+鼠标】 青轴,￥209.00
狼蛛（AULA） F2088草莓熊主题机械键盘鼠标耳机三件套游戏电竞专用电脑有线粉色少女生可爱办公 草莓熊白粉混光【键盘+鼠标+耳机】 茶轴,￥249.00
狼蛛（AULA） F3087粉色主题机械键盘87键有线台式电脑电竞游戏家用少女生办公笔记本便携键盘 白蓝蓝光 茶轴,￥139.00
狼蛛（AULA） F3087粉色主题机械键盘87键有线台式电脑电竞游戏家用少女生办公笔记本便携键盘 蓝白蓝光 红轴,￥139.00
狼蛛（AULA） F3087粉色主题机械键盘87键有线台式电脑电竞游戏家用少女生办公笔记本便携键盘 银黑蓝光 青轴,￥99.00
前行者912蒸汽朋克机械键盘鼠标套装有线无线女生粉色复古办公键鼠套装游戏电竞笔记本台式电脑专用外设 魅力银【白光-青轴】有线朋克版+有线鼠标,￥189.00
前行者X7S无线键盘鼠标套装真机械手感键盘可充电静音台式笔记本电脑电竞游戏办公打字通用蓝牙键鼠外设  粉色【白光】无线套装+蓝牙耳机,￥219.00
罗技（Logitech） K380 无线键盘鼠标套装 超薄办公键盘 MAC轻薄多设备连接 K380+M172 粉色,￥229.00
罗技（Logitech）K580无线键盘 蓝牙键盘 静音键盘 多设备办公笔记本平板ipad手机键盘 K580-粉色,￥195.00
达尔优 EK829桃野漫漫有线无线布丁机械键盘PBT键帽宿舍办公家用电竞游戏设计可爱女生粉色电脑通用 桃野漫漫【104键】有线版 红轴,￥199.00
达尔优 EK829桃野漫漫有线无线布丁机械键盘PBT键帽宿舍办公家用电竞游戏设计可爱女生粉色电脑通用 桃野漫漫【104键】三模版 青轴,￥259.00
CoolKiller 洛可可机械键盘无线蓝牙三模粉色女生可爱笔记本电脑平板客制化键盘 洛可可pad(数字小键盘) RGB,￥399.00
前行者X7无线蓝牙键盘机械手感超薄静音键鼠套装可充电机械游戏女生办公商务打字适用于台式电脑笔记本 粉色白光【无线键鼠三件套】静音升级版,￥189.00
狼蛛（AULA） F2088机械键盘108键游戏电竞专用个性拼色台式电脑笔记本办公有线通用生化版 经典版：粉色混光 茶轴,￥139.00
密探侧刻透光键帽OEM高度小全套渐变侵染PBT材质个性机械键盘键帽 粉色侧刻-130+小全套-盒装,￥59.90
新盟 无线蓝牙机械键盘三模87键手机平板笔记本台式电脑办公游戏通用便携悬浮迷你金属面板可充电 87-粉色电镀-青轴-三模（蓝牙/2.4G/有线）,￥199.00
牧马人 K100粉色少女机械键盘鼠标套装有线外接笔记本台式电脑电竞游戏键鼠耳机三件套外设 K100萌猫粉-【混光-茶轴】+M1游戏鼠标,￥269.00
牧马人 K100粉色少女机械键盘鼠标套装有线外接笔记本台式电脑电竞游戏键鼠耳机三件套外设 K100萌猫粉-【混光-青轴】+M5电竞鼠标,￥289.00
樱桃（Cherry）键帽更换ABS原厂透光适用机械键盘MX8.0 MX3.0S 2.0S 1.0 8键【粉色】【配拔帽器】,￥22.90
狼蛛（AULA） F3287起司猫主题无线蓝牙机械键盘三模有线笔记本电脑办公游戏粉色男女生小巧便携 草莓熊蓝光【蓝牙+有线+2.4G】 青轴,￥179.00
前行者Z108樱桃cherry轴机械键盘无线蓝牙三模客制RGB灯效游戏电竞办公有线台式电脑笔记本外接 粉色108键【白光-有线版】 樱桃cherry MX RGB【红轴-热插...,￥279.00
前行者Z108樱桃cherry轴机械键盘无线蓝牙三模客制RGB灯效游戏电竞办公有线台式电脑笔记本外接 粉色108键【RGB-无线蓝牙三模】 樱桃cherry MX RGB【青轴-...,￥349.00
前行者Z108樱桃cherry轴机械键盘无线蓝牙三模客制RGB灯效游戏电竞办公有线台式电脑笔记本外接 粉色87键【RGB-无线蓝牙三模】 樱桃cherry MX RGB【红轴-热...,￥299.00
罗技（Logitech） K380 无线蓝牙键盘 多设备切换 办公键盘 超薄设计 平板键盘 便携 k380-粉色,￥139.00
狼蛛（AULA） F3287机械键盘无线2.4G/有线/蓝牙三模87键小巧便携电脑游戏键盘笔记本办公 粉色青轴【三模】,￥159.00
达尔优 樱花未央主题108键机械键盘EK815粉色少女有线发光游戏办公台式笔记本电脑CF吃鸡LOL EK815-108键粉色键盘 黑轴,￥179.00
狼蛛（AULA） F2088草莓熊主题机械键盘鼠标耳机三件套游戏电竞专用电脑有线粉色少女生可爱办公 樱花粉混光【键盘+鼠标】 青轴,￥169.00
"亿金哒有线USB键盘女生可爱风台式电脑办公超薄膜静音笔记本外接游戏高颜值卡通粉色 星空小王子（含同款图案大鼠标垫） 套餐一,无",￥79.90
牧马人 K100粉色少女机械键盘鼠标套装有线外接笔记本台式电脑电竞游戏键鼠耳机三件套外设 K100萌猫粉-【混光-茶轴】+M1鼠标+耳机,￥329.00
无线蓝牙机械键盘有线键盘87键粉色女生台式笔记本电脑平板用键盘电竞游戏办公通用便携无线键盘发光 猫糖【蓝白-冰蓝光】87键 蓝牙三模机械键盘 ...,￥159.00
爱国者 键盘鼠标套装有线外接USB打字办公家用台式电脑笔记本超薄巧克力按键粉色男女生通用键盘 粉色-键鼠套装,￥59.90
前行者 静音可充电无线键盘鼠标套装办公机械手感电竞游戏台式电脑笔记本家用办公键鼠套装 X7S粉色白光【无线键盘可充电】,￥99.00
新盟（TECHNOLOGY） 悬浮式真机械手感游戏键盘 (绝地求生吃鸡键鼠套装 LOLCF游戏 ) 粉色白光(复古版)键盘,￥79.00
ONIKUMA机械手感键盘鼠标套装 女生粉色键鼠套装耳机三件套台式电脑办公笔记本外接有线游戏吃鸡键盘 粉色键盘+粉色鼠标+猫耳朵耳机（USB版）,￥279.00
CHERRY 樱桃MX3.0S樱花粉色机械键盘合金无线有线三模2.4g蓝牙RGB彩光背光办公打字游戏 樱花 粉色无光【有线】88键 CHERRY红轴,￥599.00
Double Shell 静音无线蓝牙有线三模机械键盘办公深海樱桃静音红轴WIN/Mac/ipad M96粉色+cherry静音红轴 无光 静音红轴,￥538.00
前行者蒸汽机械键盘有线女生可爱复古粉色少女心办公游戏专用键鼠套装 打字外设笔记本鼠标套装电脑网红女神 少女粉【白光-黑轴】有线经典版,￥129.00
AKKO 机械键盘 有线键盘 游戏键盘 87键 原厂cherry轴 樱桃轴 笔记本键盘 3087粉色侧刻-cherry茶轴,￥169.00
达尔优 EK815机械合金版机械键盘108键游戏有线电竞吃鸡粉色台式电脑笔记本办公外接打字网红专用 夏威夷果绿-87键 青轴,￥139.00
前行者TK950无线机械键盘复古朋克键鼠套装有线蓝牙三模青轴游戏电竞办公笔记本台式电脑手机平板外设 粉色白光-青轴【无线蓝牙三模版】,￥259.00
罗技（Logitech） G502SG 游戏鼠标电竞RGB灯光 K845机械键盘 星之守护者限定版 K845青轴【粉色恋人】+G502SG【阿狸】,￥659.00
TOGAR T20S客制化热插拔2.4G蓝牙套件TTC轴RGB背光机械键盘 T20S粉色104键RGB彩光套件（无线三模） 客制化套件(无轴无键帽),￥309.00
达尔优EK829《春山樱雪》主题可爱粉色有线无线87/104机械键盘女生礼物办公打字电脑电竞游戏通用 春山樱雪【104】键三模版 茶轴,￥259.00
红龙K208机械键盘 吃鸡有线键盘104键混光电脑游戏机械键盘鼠标套装有线 电竞键盘游戏 K208 粉色茶轴键盘,￥89.00
科普斯机械手感有线USB静音键盘鼠标套装笔记本电脑办公家用可爱女生 白粉色朋克键盘+鼠标,￥46.90
摩天手（Mofii） 喵萌无线键盘鼠标套装女生可爱静音巧克力办公USB台式机笔记本键盘便携84键 喵萌 粉色,￥199.00
AKKO 5108S 美乐蒂IP联名款有线机械键盘 RGB灯光 热插拔 可爱粉色女生游戏 3087美乐蒂-樱花轴(无RGB),￥229.00
小米便携双模键盘 Xiaomi无线键盘 无线2.4G蓝牙双模便携超薄轻音家用mac笔记本台式机 粉色,￥129.00
亿金哒USB有线键盘女生办公游戏高颜值油画风笔记本电脑键盘静音粉色可爱简约 油画天空（含同款大鼠标垫）,￥79.90
亿金哒USB有线键盘女生办公游戏高颜值油画风笔记本电脑键盘静音粉色可爱简约 夏日黄昏（含同款大鼠标垫）,￥79.90
狼途L1有线机械薄膜手感键盘+鼠标套装 电竞游戏家用办公台式笔记本电脑无线静音防水 粉色白光+【T4鼠标】 单光,￥79.00
达尔优EK829《春山樱雪》主题可爱粉色有线无线87/104机械键盘女生礼物办公打字电脑电竞游戏通用 春山樱雪【104】键有线版 青轴,￥199.00
狼蛛（AULA） F3087粉色主题机械键盘87键有线台式电脑电竞游戏家用少女生办公笔记本便携键盘 粉色蓝光 红轴,￥119.00
朋克机械键盘家用电竞办公GK400Y游戏键盘鼠标套装104键高颜值背光全键无冲炫酷灯效 粉色朋克白光+电竞鼠标+大桌垫 青轴（较强段落感 游戏办公兼容...,￥179.00
朋克机械键盘家用电竞办公GK400Y游戏键盘鼠标套装104键高颜值背光全键无冲炫酷灯效 粉色朋克白光+大桌垫 青轴（较强段落感 游戏办公兼容） 104,￥149.00
惠普hp 朋克机械键盘家用电竞办公GK400Y游戏键盘鼠标套装104键高颜值背光全键无冲炫酷灯效 粉色朋克白光+大桌垫 红轴（降噪无段落感 办公打字） 104,￥149.00
达尔优 EK829桃野漫漫有线无线布丁机械键盘PBT键帽宿舍办公家用电竞游戏设计可爱女生粉色电脑通用 桃野漫漫【104键】三模版 红轴,￥259.00
斐尔可 （FILCO）104键圣手二代机械键盘 有线cherry樱桃轴游戏键盘彩色限量版 粉色 茶轴,￥1499.00
RK836 PINK无线蓝牙有线三模樱花粉机械键盘四轴可选71键迷你可爱女生少女心粉色定制热升华键帽 樱花粉(RGB)-茶轴 官方标配,￥399.00
惠简笔记本电脑外接小型轻薄便携有线键盘静音降噪圆形按键USB台式电脑办公鼠标套装男女生通用可爱 K380粉色-有线键鼠套装,￥36.90
达尔优 樱花未央主题108键机械键盘EK815粉色少女有线发光游戏办公台式笔记本电脑CF吃鸡LOL EK810-104键双模粉色键盘 黑轴,￥209.00
黑爵（AJAZZ） 蒸汽朋克可爱女生粉色牧马人真机械键盘樱花少女口红复古电竞笔记本圆键打字游戏有无线 璀璨闪耀定制版-茶轴-无线/有线双模,￥319.00
黑爵蒸汽朋克可爱女生粉色牧马人真机械键盘鼠标耳机套装 樱花少女口红复古电竞笔记本圆键打字网红游戏有线 全粉色键盘鼠标套装 黑轴,￥279.00
黑爵（AJAZZ） 电竞游戏机械键盘无线有线双模104键高颜值男女生电脑笔记本外接办公发光机械 白粉色青轴冰蓝版,￥219.00
狼蛛（AULA） F2088草莓熊主题机械键盘鼠标耳机三件套游戏电竞专用电脑有线粉色少女生可爱办公 粉白混光【键盘+鼠标】 青轴,￥189.00
狼蛛（AULA） F2088草莓熊主题机械键盘鼠标耳机三件套游戏电竞专用电脑有线粉色少女生可爱办公 粉白混光【单键盘】 茶轴,￥159.00
狼蛛（AULA） F2088草莓熊主题机械键盘鼠标耳机三件套游戏电竞专用电脑有线粉色少女生可爱办公 草莓熊白粉混光【键盘+鼠标】 黑轴,￥209.00
狼蛛（AULA） F2088草莓熊主题机械键盘鼠标耳机三件套游戏电竞专用电脑有线粉色少女生可爱办公 樱花粉混光【单键盘】 红轴,￥139.00
狼蛛（AULA） F2088草莓熊主题机械键盘鼠标耳机三件套游戏电竞专用电脑有线粉色少女生可爱办公 草莓熊白粉混光【单键盘】 茶轴,￥179.00
狼蛛（AULA） F2088草莓熊主题机械键盘鼠标耳机三件套游戏电竞专用电脑有线粉色少女生可爱办公 草莓熊粉白混光【单键盘】 红轴,￥179.00
狼蛛（AULA） F2088草莓熊主题机械键盘鼠标耳机三件套游戏电竞专用电脑有线粉色少女生可爱办公 草莓熊混光【键盘+鼠标】 青轴,￥189.00
狼蛛（AULA） F2088草莓熊主题机械键盘鼠标耳机三件套游戏电竞专用电脑有线粉色少女生可爱办公 樱花粉混光【键盘+鼠标+耳机】 黑轴,￥209.00
狼蛛（AULA） F2088草莓熊主题机械键盘鼠标耳机三件套游戏电竞专用电脑有线粉色少女生可爱办公 草莓熊混光【单键盘】 茶轴,￥159.00
狼蛛（AULA） F2088草莓熊主题机械键盘鼠标耳机三件套游戏电竞专用电脑有线粉色少女生可爱办公 草莓熊混光【键盘+鼠标+耳机】 青轴,￥229.00
斗鱼（DOUYU.COM） 机械键盘有线电竞游戏全键无冲台式电脑笔记本LOL吃鸡cf绝地求生白光打字 DKM150粉色白光+DMG110粉色鼠标+粉色垫 青轴(清脆手感),￥229.00
狼蛛（AULA） F3087粉色主题机械键盘87键有线台式电脑电竞游戏家用少女生办公笔记本便携键盘 粉白蓝光 黑轴,￥139.00
狼蛛（AULA） F3087粉色主题机械键盘87键有线台式电脑电竞游戏家用少女生办公笔记本便携键盘 蓝白蓝光【远山轻舟】 黑轴,￥159.00
狼蛛（AULA） F3087粉色主题机械键盘87键有线台式电脑电竞游戏家用少女生办公笔记本便携键盘 白蓝蓝光【远山轻舟】 茶轴,￥159.00
狼蛛（AULA） F3087粉色主题机械键盘87键有线台式电脑电竞游戏家用少女生办公笔记本便携键盘 白蓝蓝光【远山轻舟】 青轴,￥159.00
狼蛛（AULA） F3087粉色主题机械键盘87键有线台式电脑电竞游戏家用少女生办公笔记本便携键盘 白蓝蓝光 红轴,￥139.00
冰雷 牧马人风格蒸汽朋克复古机械键盘拔插轴背光机械键盘电脑键鼠笔记本有线外接电竞游戏吃鸡外设背光 粉色电镀版白光升级版+鼠标 青轴,￥169.00
朋克机械键盘家用电竞办公GK400Y游戏键盘鼠标套装104键高颜值背光全键无冲炫酷灯效 粉色朋克白光+大桌垫 黑轴（直上直下无段落感 职业游戏玩家） ...,￥149.00
狼蛛（AULA） F3087粉色主题机械键盘87键有线台式电脑电竞游戏家用少女生办公笔记本便携键盘 银黑蓝光 黑轴,￥99.00
罗技MK470无线键鼠套装薄膜键盘12个快捷按键10米覆盖办公设计师无限键盘鼠标套装台式笔记本电脑 【MK470】熊猫礼盒 粉色,￥249.00
前行者912蒸汽朋克机械键盘鼠标套装有线无线女生粉色复古办公键鼠套装游戏电竞笔记本台式电脑专用外设 少女粉【白光-黑轴】有线朋克版+有线电...,￥219.00
摩天手zero无线键盘鼠标套装女生办公可爱猫咪无限打字机械手感键盘复古圆键帽适用台式笔记本电脑 摩天手Zero 粉色混彩,￥129.00
前行者912蒸汽朋克机械键盘鼠标套装有线无线女生粉色复古办公键鼠套装游戏电竞笔记本台式电脑专用外设 魅力银【黄光-青轴】有线朋克版+有线鼠标,￥189.00
达尔优 EK815牧马人机械键盘有线usb粉色少女心女生台式电脑笔记本电竞游戏吃鸡cf全键无冲背光 粉白马卡龙108键 红轴,￥139.00
达尔优 EK815粉色双拼机械键盘108键游戏台式电脑笔记本键盘办公有线主题 萌猫粉【双模单光】104键青轴 官方标配,￥209.00
达尔优 EK815粉色双拼机械键盘108键游戏台式电脑笔记本键盘办公有线主题 萌猫粉【有线单光】108键茶轴 官方标配,￥159.00
达尔优 EK815粉色双拼机械键盘108键游戏台式电脑笔记本键盘办公有线主题 萌猫粉【有线单光】108键茶轴 套装一,￥189.00
达尔优 EK815粉色双拼机械键盘108键游戏台式电脑笔记本键盘办公有线主题 萌猫粉【双模单光】104键青轴 套装一,￥239.00
惠普（HP） GK400机械键盘 朋克蒸汽复古有线游戏专用吃鸡台式笔记本电脑办公游戏键鼠套装 粉色白光（茶轴）,￥139.00
品怡 蓝牙键盘 手机平板外接无线键盘 彩色妙控磁吸ipad air键盘鼠标套 10寸 粉色键盘,￥34.22
摩天手（Mofii） x910无线数字小键盘女生笔记本外接会计财务专用九键密码外接键盘便携可爱 粉色混彩,￥68.90
品怡 蓝牙键盘 手机平板外接无线键盘 彩色妙控磁吸ipad air键盘鼠标套 10寸粉色键盘+电池款鼠标,￥48.84
罗技（Logitech） MX Keys S无线键盘套装智能背光全尺寸键盘多设备切换优联办公键鼠套装 MX Keys S+Anywhere3 粉色,￥1089.00
罗技MK470无线键鼠套装薄膜键盘12个快捷按键10米覆盖办公设计师无限键盘鼠标套装 台式笔记本电脑 萌宠乐园礼盒 粉色,￥249.00
罗技MK470无线键鼠套装薄膜键盘12个快捷按键10米覆盖办公设计师无限键盘鼠标套装 台式笔记本电脑 熊猫礼盒 粉色,￥249.00
达尔优 EK829桃野漫漫有线无线布丁机械键盘PBT键帽宿舍办公家用电竞游戏设计可爱女生粉色电脑通用 桃野漫漫【87键】有线版 黑轴,￥169.00
前行者蒸汽机械键盘有线女生可爱复古粉色少女心办公游戏专用键鼠套装 打字外设笔记本鼠标套装电脑网红女神 少女粉【白光-青轴】有线经典版+有...,￥169.00
达尔优 EK829桃野漫漫有线无线布丁机械键盘PBT键帽宿舍办公家用电竞游戏设计可爱女生粉色电脑通用 桃野漫漫【104键】有线版 青轴,￥199.00
前行者蒸汽机械键盘有线女生可爱复古粉色少女心办公游戏专用键鼠套装 打字外设笔记本鼠标套装电脑网红女神 少女粉【白光-青轴】有线经典版+有...,￥149.00
前行者（EWEADN） K620机械手感键盘鼠标耳机三件套装蒸汽朋克复古水晶电脑游戏电竞专用键鼠四件 粉色白光【复古朋克/水晶面板】+宏编程鼠标,￥109.00
前行者（EWEADN） K620机械手感键盘鼠标耳机三件套装蒸汽朋克复古水晶电脑游戏电竞专用键鼠四件 粉色白光【复古朋克/水晶面板】有线款,￥89.00
达尔优 EK810樱花粉无线2.4G牧马人机械键盘鼠标套装蓝牙双模三模女生笔记本电脑办公商务家用 樱花粉白无线三模版104键+EM905粉色双模 青轴,￥319.00
罗技K380蓝牙键盘网红女生可爱办公笔记本电脑手机ipad平板MAC薄膜键盘 蓝牙键鼠套装 【K380】蓝牙键盘 粉色,￥149.00
前行者少女心网红蒸汽朋克复古真机械键盘鼠标套装女生游戏笔记本台式电脑外接有线耳机电竞外设三件套 朋克旗舰版-樱花粉白光青轴-键鼠套装+粉...,￥259.00
CoolKiller  洛可可数字小键盘机械键盘无线蓝牙三模粉色女生可爱笔记本电脑平板客制化键盘 洛可可pad RGB,￥369.00
达尔优EK829《春山樱雪》主题可爱粉色有线无线87/104机械键盘女生礼物办公打字电脑电竞游戏通用 春山樱雪【87】键有线版 红轴,￥169.00
达尔优EK829《春山樱雪》主题可爱粉色有线无线87/104机械键盘女生礼物办公打字电脑电竞游戏通用 春山樱雪【104】键有线版 黑轴,￥199.00
达尔优EK829《春山樱雪》主题可爱粉色有线无线87/104机械键盘女生礼物办公打字电脑电竞游戏通用 春山樱雪【104】键有线版 红轴,￥199.00
黑爵（AJAZZ） 蒸汽朋克机械键盘圆形电镀键帽ABS方形键帽PBT圆形多色可爱透光字符OEM键帽 全粉色圆形电镀朋克键帽,￥49.00
达尔优EK829《春山樱雪》主题可爱粉色有线无线87/104机械键盘女生礼物办公打字电脑电竞游戏通用 春山樱雪【104】键三模版 黑轴,￥259.00
惠普（HP） GK400Y惠普朋克机械键盘游戏键盘104键背光有线键盘鼠标耳机可爱女生电脑粉色白光 【电竞两件套】淘气键盘+电竞鼠标 红轴体,￥229.00
黑爵 樱花粉色机械键盘游戏电竞电脑三件套女生可爱笔记本背光打字办公专用少女心全粉键盘鼠标耳机套装 元气版-粉色红轴（白光版）,￥129.00
GK400Y惠普朋克机械键盘游戏键盘104键背光有线键盘鼠标耳机可爱女生电脑粉色白光 【我全都要】淘气键盘+电竞鼠标+双音响+猫耳耳机 红轴体,￥369.00
前行者机械键盘无线蓝牙客制化樱桃cherry轴RGB游戏电竞台式电脑笔记本办公通用热拔插外设 粉色108键-RGB【无线蓝牙三模】 德国樱桃 MX RGB【青轴】,￥349.00
Dear Mean所有台式电脑笔记本通用无线键盘鼠标套装充电静轻音超薄办公蓝牙键盘平板笔记本电脑通用 粉色-充电款键鼠套装【无线单模】HS 官方标配,￥258.00
RK836 PINK无线蓝牙有线三模樱花粉机械键盘四轴可选71键迷你可爱女生少女心粉色定制热升华键帽 RK860樱花粉 茶轴(白光)-热升华三模 插拔轴 官方标配,￥399.00
RK836 PINK无线蓝牙有线三模樱花粉机械键盘四轴可选71键迷你可爱女生少女心粉色定制热升华键帽 樱花粉(白光)-cherry青轴 官方标配,￥449.00
RK836 PINK无线蓝牙有线三模樱花粉机械键盘四轴可选71键迷你可爱女生少女心粉色定制热升华键帽 RK860樱花粉 红轴(白光)-热升华三模 插拔轴 官方标配,￥399.00
达尔优 EK815机械合金版机械键盘108键游戏有线电竞吃鸡粉色台式电脑笔记本办公外接打字网红专用 樱花粉-108键 黑轴,￥139.00
达尔优 EK815机械合金版机械键盘108键游戏有线电竞吃鸡粉色台式电脑笔记本办公外接打字网红专用 樱花粉-108键 红轴,￥139.00
达尔优 EK815机械合金版机械键盘108键游戏有线电竞吃鸡粉色台式电脑笔记本办公外接打字网红专用 夏威夷果绿-108键 青轴,￥159.00
达尔优 EK815机械合金版机械键盘108键游戏有线电竞吃鸡粉色台式电脑笔记本办公外接打字网红专用 夏威夷果绿-108键 红轴,￥159.00
RK 836 PINK无线蓝牙樱花粉机械键盘71键迷你可爱女生少女心粉色定制热升华键帽 RK960樱花粉茶轴【白光】三模_热插拔,￥429.00
AKKO 3087 机械键盘 有线键盘 游戏键盘 87键 原厂cherry轴 樱桃轴 笔记本键盘 3087粉色侧刻-cherry红轴,￥169.00
狼蛛（AULA） 粉色机械键盘鼠标耳机三件套装少女心电竞游戏有线USB口电脑台式笔记本办公用 樱花粉草莓熊混光【手托版】 青轴,￥159.00
前行者TK950无线蓝牙机械键盘鼠标套装朋克透明有线三模游戏办公电脑笔记本外设手机平板iPad通用 粉色白光青轴三模键盘+无线蓝牙双模鼠标,￥299.00
牧马人 K100粉色少女机械键盘鼠标套装有线外接笔记本台式电脑电竞游戏键鼠耳机三件套外设 K100萌猫粉-【混光-茶轴】+M5电竞鼠标,￥289.00
牧马人 有线USB拼色布丁机械键盘PBT键帽宿舍办公家用电竞游戏设计可爱女生礼物粉色电脑笔记本台式机 K87【粉色猫咪】 茶轴,￥179.00
超薄蒸汽朋克复古背光键盘鼠标套装可爱粉色发光家用办公有线无线打字少女心笔记本台式电脑通用键鼠 简约粉-无线蓝牙双模款(女生圆形按键键鼠...,￥96.00
超薄蒸汽朋克复古背光键盘鼠标套装可爱粉色发光家用办公有线无线打字少女心笔记本台式电脑通用键鼠 淡雅粉-无线款(女生圆形按键键鼠套装),￥76.00
狼蛛（AULA） F3287起司猫主题无线蓝牙机械键盘三模有线笔记本电脑办公游戏粉色男女生小巧便携 鲸梦蓝光【蓝牙+有线+2.4G】 青轴,￥179.00
狼蛛（AULA） F3287起司猫主题无线蓝牙机械键盘三模有线笔记本电脑办公游戏粉色男女生小巧便携 白粉蓝光【蓝牙+有线+2.4G】 红轴,￥179.00
狼蛛（AULA） F3087草莓熊主题机械键盘87键有线台式电脑电竞游戏家用粉色少女生办公笔记本键盘 87键-樱花粉蓝光 黑轴,￥99.00
富德2.4G无线静音键鼠套装 卡通时尚商务办公轻音无线套装 智能电视 电脑无线键盘鼠标套装 1501无线套装粉红色,￥139.00
狼蛛（AULA） F3287起司猫主题无线蓝牙机械键盘三模有线笔记本电脑办公游戏粉色男女生小巧便携 樱花粉蓝光【蓝牙+有线+2.4G】 红轴,￥149.00
黑爵（AJAZZ） 蒸汽朋克可爱女生粉色牧马人真机械键盘樱花少女口红复古电竞笔记本圆键打字游戏有无线 璀璨闪耀定制版-青轴-无线/有线双模,￥319.00
黑爵（AJAZZ） 蒸汽朋克可爱女生粉色牧马人真机械键盘樱花少女口红复古电竞笔记本圆键打字游戏有无线 璀璨闪耀定制版-青轴-有线,￥269.00
黑爵（AJAZZ） 蒸汽朋克可爱女生粉色牧马人真机械键盘樱花少女口红复古电竞笔记本圆键打字游戏有无线 全蓝电镀朋克版-茶轴-无线/有线双模,￥249.00
惠普（HP）GK400Y真机械键盘蒸汽朋克女生办公游戏电竞专用有线 【粉色白光】104键无冲+黑轴 单键盘,￥159.00
前行者Z108樱桃cherry轴机械键盘无线蓝牙三模客制RGB灯效游戏电竞办公有线台式电脑笔记本外接 粉色87键【白光-有线版】 樱桃cherry MX RGB【茶轴-热插拔...,￥249.00
前行者Z108樱桃cherry轴机械键盘无线蓝牙三模客制RGB灯效游戏电竞办公有线台式电脑笔记本外接 粉色108键【白光-有线版】 樱桃cherry MX RGB【黑轴-热插...,￥279.00
