﻿Column1,Column2
Name,Price
京东京造 5A级抗菌毛巾 115g加厚云柔吸水男女洗脸洗澡大面巾 2条 白+蓝,￥21.90
洁丽雅（Grace）抗菌加厚毛巾2条A类雪花绒吸水男女洗脸洗澡干发大面巾 水蓝+玫粉,￥26.90
洁丽雅（Grace）抗菌毛巾2条装家用洗脸男女成人速干发珊瑚绒洗澡情侣 深蓝+贝粉,￥22.90
斜月三星（XIEYUESANXING） 斜月三星珊瑚绒毛巾 柔软吸水速干洗宝宝成人通用洗脸巾 3条装毛巾30*60cm(密封袋),￥9.90
洁丽雅毛巾4条洗脸家速干洗澡擦头干发男女士珊瑚绒面巾3D立体条绒,￥29.90
洁丽雅毛巾A类吸水不掉毛洗澡家用吸水男女同款洗脸巾珊瑚绒大面巾 颜色随机1条装,￥6.80
竹之锦毛巾 珊瑚绒双色加厚洗脸洗澡毛巾 擦头发速干吸水毛巾 2条装130g,￥19.90
洁丽雅（Grace）珊瑚绒A类抗菌浴巾三件套装柔软吸水毛浴巾婴幼儿 毛巾*2+浴巾*1,￥49.90
新亚毛巾珊瑚绒干发巾4条加厚吸水洗脸毛巾成人速干洗澡手巾 35*75cm,￥39.90
洁丽雅 5A级抗菌毛巾2条装强吸水柔软不易掉毛洗脸洗澡大面巾75*35cm83G,￥25.90
洁丽雅（Grace） 面巾 珊瑚绒家用洗脸男女情侣成人干发洗澡条纹毛巾 70*35cm 灰色一条（一等品）,￥8.50
天气不错 超细纤维珊瑚绒双层无痕大小组合毛巾30*60+30*30加厚4条装,￥25.70
三利加厚毛巾男洗脸洗澡家用吸水速干女加大面巾2条装 35*75cm 灰色+咖色,￥12.90
名创优品（MINISO）My Melody珊瑚绒柔软吸水毛巾 80*30cm 90克/条,￥15.00
洁丽雅条纹毛巾洗脸珊瑚绒柔软彩条干发毛巾速干吸水不掉毛带挂绳 颜色随机发（1条）,￥6.90
名创优品（MINISO）A类抗菌加厚大毛巾2条装 洗脸家用吸水不掉毛面巾干发浅蓝+果绿,￥19.90
洁玉运动巾A类珊瑚绒大毛巾抗菌速干巾浴巾70*140CM  舒畅蓝,￥25.90
梵臣洗车毛巾擦车布车用抹布双面加厚珊瑚绒吸水毛巾汽车用品内饰清洁 30*60cm1条+30*30cm1条【共2条】,￥12.00
洁丽雅（grace）毛巾女洗脸洗澡男士家用珊瑚绒吸水速干发巾情侣面巾不易掉毛 【4条】组合款,￥24.90
Ez more易魔洗车毛巾麂皮珊瑚绒双面擦车布汽车擦玻璃布30*30加厚2条装,￥14.90
洁丽雅（Grace）A类珊瑚绒浴巾吸水纤维擦澡巾情侣速干裹巾加大加厚毛巾浅绿色,￥36.90
鸿赞 洗车毛巾擦车巾无痕大号汽车毛巾超吸水不留痕双面加厚珊瑚绒黄色30*60cm*2条车家两用,￥17.90
三利速干毛巾3条装 带挂绳洗脸面巾柔软吸水不易掉毛  蓝*1 咖*1 灰*1,￥19.90
亿色（ESR）洗车毛巾汽车抹布擦车吸水无痕不掉毛双层细纤维珊瑚绒大号60*160,￥36.30
乐扣乐扣（LOCK&LOCK）A类毛巾3条吸水不易掉毛洗脸洗澡干发珊瑚绒毛巾74*34cm 78g,￥23.90
三利毛巾男士家用柔软比纯棉全棉吸水洗脸巾洗澡不掉毛珊瑚绒面巾,￥18.90
柯博文（K-BOW）洗车毛巾擦汽车专用加大加厚超细纤维吸水珊瑚绒抹布麂皮玻璃清洁,￥5.90
妙然10条装珊瑚绒抹布厨房洗碗布百洁布擦手巾毛巾家务清洁易清洗抹布,￥12.50
京惠思创 JH9105 大号可挂珊瑚绒擦手巾去油污吸水抹布厨房不沾油家务清洁巾不掉毛洗碗布洗碗抹布加厚抹布,￥11.90
三利加大款毛巾浴巾2件套装A类男夏季速干吸水洗澡不掉毛大成人女裹巾,￥49.90
DISNEY儿童毛巾抗菌童巾 精梳棉洗脸巾珊瑚绒卡通可爱宝宝吸水小毛巾 10条装【勤换洗 囤货必备】,￥109.90
洁丽雅（grace） A类毛巾珊瑚绒超细纤维款柔软毛巾洗脸洗澡吸水加厚毛巾 70*32cm 毛巾3条装（兰色+灰色+红色）,￥29.90
绿之源洗车毛巾珊瑚绒擦车抹布吸水不掉毛加厚双面3条装,￥24.80
三利毛巾洗脸家用比纯棉吸水速干珊瑚绒可爱洗澡擦头干发男女童巾 本白,￥9.90
洁丽雅儿童毛巾洗脸速干吸水A类抗菌家用柔软卡通童巾宝宝洗澡巾面巾 粉色+灰色+蓝色,￥16.80
裕骅X京东PLUS会员联名款 洗车毛巾擦车抹布专用加厚吸水 不掉毛珊瑚绒汽车用品玻璃清洁布4条装 YHMJ1303,￥21.70
洁丽雅（grace）毛巾洗脸家用比纯棉吸水不易掉毛男士洗澡珊瑚绒擦头情侣款 灰色【加厚30% A类标准】,￥10.35
DREAMCAR 2米大号洗车毛巾双面珊瑚绒汽车擦车布刷车不伤车漆加厚毛巾吸水 【双面超厚30*60cm】【2条装】,￥19.80
逸畅珊瑚绒毛巾礼盒熊小伴手礼2条装套礼 物回品造型吸水绣字随机logo 情侣熊2条毛巾+礼盒 35x75cm,￥10.00
沐凡 浴巾男士成人可穿浴巾珊瑚绒浴袍毛巾浴巾套装家用速干大浴巾,￥59.90
三利浴巾成人家用吸水速干毛巾男女士干发帽加厚洗澡裹巾三件套装 灰色【单浴巾】,￥29.90
洁丽雅（grace）雪尼尔擦手巾挂式厨房强吸水速干卡通珊瑚绒擦手毛巾抹布清洁巾 雪尼尔擦手巾-棕猫,￥12.90
金号 毛巾家纺 A类纯棉无捻提缎割绒洗脸面巾 两条装 棕/灰  66*34cm,￥26.90
洁丽雅（grace） 珊瑚绒浴巾家用麦穗纹理加厚强吸水速干裹巾男女通用洗澡大毛巾 米白色,￥21.90
优勤洗碗布不沾油厨房专用鱼鳞抹布吸水不掉毛擦桌清洁毛巾家用易清洗 锁边珊瑚绒抹布-五条装,￥9.90
御镖局 珊瑚绒擦车布洗车毛巾双色擦车毛巾加厚吸水双面汽车毛巾 正面蓝色/反面灰色 【约400g/㎡】25*25cm,￥1.99
卡莱饰洗车毛巾吸水珊瑚绒小号擦车专用毛巾车载无痕玻璃清洁抹布2条装,￥19.90
洁丽雅（grace）A类毛巾珊瑚绒超细纤维款柔软吸水舒适毛巾 70*32cm 毛巾3条装（兰色+灰色+红色）,￥29.90
贝乐凯洗车毛巾麂皮珊瑚绒30*40cm-2条擦车神器双面加厚不掉毛不留痕,￥25.00
五竹珊瑚绒毛巾素色洗脸面巾柔软吸水礼品家用不易退色男女儿童通用 深绿 35*75cm,￥4.90
猫人毛巾5A抗菌洗脸家用男士女士珊瑚绒干发巾吸水不易掉毛洗澡巾洗脸 颜色随机3条（5A抗菌款）,￥22.90
"爱心东东	
艺彩蝶小杨哥毛巾三件套 珊瑚绒吸水浴巾毛巾男女批发不掉毛洗澡速干 灰色 35/75【只有毛巾】",￥13.20
卡莱饰洗车毛巾吸水珊瑚绒大号擦车专用毛巾车载无痕玻璃清洁抹布3条装,￥39.90
洁丽雅（grace）2023新款珊瑚绒浴巾女夏季吸水速干可爱洗澡巾大毛巾两件套 珊瑚绒小号毛巾*粉蜜桃 35*75cm,￥24.00
Astree珊瑚绒AB面双层洗车毛巾 擦车毛巾 吸水毛巾 擦车布无痕 汽车用品 加厚款打蜡毛巾打蜡毛巾擦车布,￥15.00
依明洁3条装高密珊瑚绒毛巾柔软洗脸洗澡家用男女儿童吸水速干干发巾 3条装中巾-素色A,￥19.90
新亚擦手巾珊瑚绒厨房毛巾3条吸水速干挂式擦手小方巾手巾手帕28x35cm,￥21.90
洁丽雅（grace）毛巾珊瑚绒吸水不易掉毛擦手巾厨房抹布彩色清洁布小方巾清洁巾 彩色清洁布5条装,￥6.00
百菲浴袍女吸水速干浴衣冬加厚长款男情侣可穿可裹浴巾珊瑚绒毛巾睡袍 太空人灰色 男款L码适合身高165-185cm,￥90.00
京东京造 冷热敷毛巾 冷敷面膜热敷脸巾珊瑚绒敷脸巾柔软肤补水脸部毛巾,￥17.90
浪漫符号6条儿童珊瑚绒毛巾女比吸水洗脸家用小方巾正方形擦手巾 【5条粉】25*25cm 25x25cm,￥25.22
十弦珊瑚绒毛巾柔软吸水结婚回礼喜字婚庆红毛巾伴手礼喜铺毛巾礼品 豆沙粉色 35*75cm,￥4.90
薇安卡浴巾家用【全棉吸水速干】珊瑚绒不易掉毛巾男女夏情侣款加大裹巾 月亮兔粉170x90cm,￥638.00
舒炫珊瑚绒儿童毛巾比纯棉吸水洗脸家用婴儿小巾口水巾正方形擦 [5条粉]25*25cm 25x25cm,￥29.00
沐凡（mufan） 沐凡 浴巾 加厚儿童男女成人家用 学生洗澡套巾柔软吸水毛巾伴侣 珊瑚绒浴巾 水果浴巾绿,￥36.00
逸畅珊瑚绒吸水毛巾小熊造型ins风节日婚庆伴手公司开业团建回礼礼品 封腰毛巾 35x75cm,￥2.80
"爱心东东	
加厚挂式珊瑚绒洗脸毛巾小方巾清洁擦手帕子非吸水家用k11 3条装紫绿粉《纯色》 30x30cm",￥23.00
沐凡（mufan） 加厚大浴巾儿童男女成人家用 比纯棉柔软吸水毛巾伴侣 珊瑚绒浴巾 小鸭子 紫,￥24.90
派奇士洗车毛巾汽车专用擦车巾内饰吸水珊瑚绒车载玻璃清洁布大号3条装,￥39.90
洗车布擦车布超强吸水 洗车毛巾洗车店专用加大加厚吸水擦车布不掉毛珊瑚绒抹布 蓝色 加厚【3条】30X70厘米,￥19.00
全力 柔软吸水毛巾家用洗脸巾速干男女儿童加厚毛巾比纯棉还吸水毛巾劳保福利毛巾运动毛巾 高密珊瑚绒咖色 35*75,￥4.90
KOOLIFE 洗车毛巾擦车布 汽车专用仿鹿鸡麂皮抹布纤维珊瑚绒双面车载大号吸水擦玻璃无痕不掉毛内饰毛巾4条装,￥44.80
南暖 家居纺织品短毛珊瑚绒毛巾浴巾盖巾套巾男女百搭型缎条 简约-灰素 毛巾34*74cm,￥12.00
洁丽雅（grace）抗菌毛巾珊瑚绒超细纤维款柔软毛巾洗脸洗澡吸水加厚毛巾 70*32cm 3条装（兰色+粉色+灰色）,￥45.90
ESIKIN抹布10片装清洁洗碗布厨房抹布 家务珊瑚绒百洁布擦手巾毛巾,￥12.90
狼盒洗车毛巾擦车专用汽车内饰毛巾不掉毛吸水麂皮绒珊瑚绒毛巾无痕,￥29.80
JGCABRASIVE珊瑚绒加厚毛巾专用巾吸水不掉毛大号毛巾细纤 【30x60cm】1条,￥9.90
欧恩蒂可挂式珊瑚绒擦手巾厨房清洁巾不掉毛吸水抹布洗碗布清洁布 米色,￥2.30
洁丽雅（grace） 【品牌精选】 珊瑚绒A类浴巾三件套组合装 成人男女柔软吸水毛巾浴巾婴幼儿可用 毛巾*2+浴巾*1 红色,￥49.90
法兰格慕 四件套浴巾干发帽抹胸女可穿可裹珊瑚绒浴裙家用吸水柔软毛巾浴 小兔 套巾3（毛巾+干发帽+浴巾+浴裙）,￥78.80
御镖局1条装 加厚吸水珊瑚绒擦车巾 双色双面高密车用清洁 洗车毛巾 薄款 黄灰色 25*25cm 约25克,￥1.99
爱米粒的家 吸水抹布不掉毛 拖地毛巾 擦地布 家具 木地板 超细纤维 珊瑚绒 5条装 35*35cm,￥29.40
"爱心东东	
一次性纸碗 家政保洁毛巾加厚吸水抹布不掉毛搞卫生擦玻璃家具厨房地板务清洁 20*30珊瑚绒灰蓝色",￥5.00
洁丽雅珊瑚绒毛巾洗脸巾家用吸水不易掉毛男士洗澡巾擦头情侣款 浅蓝色【加厚30% A类标准】,￥10.90
迪士尼儿童浴袍可穿带帽浴巾强吸水速干婴儿洗澡巾珊瑚绒中大童小孩斗篷 蓝色小兔 【4-15岁适用】80X150cm,￥119.90
逸畅珊瑚绒毛巾素色洗脸面巾柔软吸水礼品家用不易退色干发巾理发店 400深卡其 35*75cm,￥4.90
昙蓓漫结婚毛巾一对婚庆红色毛巾情侣纯棉洗脸巾乔迁之喜婚礼喜庆伴手礼 红色毛巾【2条装】绑喜卡 菠萝格珊瑚绒【35cm*75cm】,￥19.80
车仆洗车毛巾擦车抹布专用洗车毛巾双层无痕不掉毛大中小号吸水珊瑚绒毛巾汽车用品清洁抹玻璃 30X30CM加厚小毛巾1条,￥9.90
酷斯特（KUST）双层加厚珊瑚绒擦车布不掉毛柔软强吸水擦车抹布汽车用品洗车毛巾 30X30cm【双面加厚】1条装,￥3.00
遇上佳人 浴袍女可穿式大浴巾珊瑚绒浴裙套装成人三件套装抹胸洗澡裹巾 浴裙套装【毛巾+浴裙+干发帽】,￥39.90
炫咔奔驰可用珊瑚绒毛巾GLC /GLB /GLE /GLA /S级车内饰用品毛巾洗车抹布ZP 奔驰可用珊瑚绒毛巾【灰色】两条装,￥139.00
三利4条装擦手巾可挂式柔软吸水速干加厚厨房卫生间四方巾洗脸小毛巾 浅咖色+天空灰+淡绿色+梦幻蓝,￥19.90
山头林村高密度双面超厚珊瑚绒擦车洗车毛巾抹布清洁巾多色神器专用不掉毛 30x30灰黄5条600/m 双面加,￥31.57
蕊丝坊（RIOUS）珊瑚绒厨房卫生间擦手挂式可爱毛巾抹布可吸水家用手帕擦手巾 ±30*40cm 单条装混色随机发货,￥8.00
FantasticXml汽车洗车毛巾擦车布专用吸水汽车内饰车内麂皮抹布不掉毛双面加厚 麂皮绒灰色加厚款 30*30,￥6.96
3W汽车用品洗车毛巾双面加厚吸水擦车巾大小号不掉绒抹布 大小毛巾各一条,￥28.90
绳池 洗车毛巾 擦车专用布套装大号汽车内饰收水抹布超细纤维绒不掉毛 M码丨30x40cm丨橙灰色 【常规车用】洗车/内饰清洁毛巾,￥9.90
洁丽雅（grace） 珊瑚绒毛巾亲肤抗菌A类吸水不易掉毛男女通用洗脸洗澡家用干发帽 干发帽粉,￥15.90
洗车毛巾擦车布专用巾吸水汽车用品内饰鹿皮抹布麂皮绒不易掉毛 麂皮绒+珊瑚绒（30*40CM）1条,￥9.80
爱尔思干发帽女吸水速干不掉毛擦头发毛巾干发巾成人洗澡包头巾可爱毛巾 珊瑚红小蜜蜂【加厚吸水不掉毛】,￥19.90
允和美双层加厚珊瑚绒擦车布不掉毛强吸水擦车抹布汽车用品洗车 高密30*30CM,￥2.70
HOYO刺绣浴巾成人 家用柔软吸水速干大毛巾裹巾 浅灰色 70*140cm,￥89.00
SP SAUCE日本擦手巾挂式厨房加厚吸水速干卫生间卡通可爱儿童珊瑚绒抹布 一条,￥18.24
三利三利浴巾女家用2023新款非纯棉吸水速干情侣男款珊瑚绒裹巾大毛巾 贝壳粉[70*140cm Air款],￥19.90
迪芮（Dirui）汽车洗车毛巾双面擦车巾珊瑚绒无痕吸水加厚不掉毛擦车布KYMJ03 麂皮珊瑚绒车用毛巾 30*30cm1条装,￥9.90
沐凡（mufan）浴巾 A类柔软吸水裹身男女成人儿童家用洗澡巾素色大毛巾三件套装 软绒粉色（浴巾）,￥22.90
五福金牛洗车毛巾 不掉毛吸水纤维绒擦车巾车载无痕抹布清洁用品擦车专用 两条,￥5.90
梅派毛巾女洗脸洗澡男士家用珊瑚绒比纯棉比全棉吸水速干情侣LL8 樱花粉+浅灰色,￥169.00
陆优洗车毛巾擦车布专用汽车用品大全吸水加厚大号不掉毛鹿皮抹布工具 30*40CM【厘米】加厚款 2条装【双面珊瑚绒】双面款优品,￥5.00
兼彩毛巾浴巾男女速干加厚大浴巾 A类柔软强吸水裹身巾带挂绳洗澡巾 软绒驼色（浴巾）,￥22.90
三利浴巾男士2023新款家用比纯棉全棉吸水速干情侣女裹巾大人毛巾 天蝎座（10.24~11.22）） 蓝色【浴巾+毛巾】,￥36.90
洁丽雅（grace）浴巾男女通用A类柔软吸水速干珊瑚绒洗澡裹巾刺绣熊猫大毛巾 毛巾-米色,￥12.90
金铂喜韩国抹布家政保洁专用抹布加厚珊瑚绒毛巾百洁布擦碗布吸水不掉毛 珊瑚绒混色包边加厚5条装30*40cm,￥38.00
艾美雅珊瑚绒吸水抹布细纤维毛巾擦地板家具清洁布不掉毛拖把布 30*60加厚6条装（咖啡色）,￥53.90
苏力达珊瑚绒洗碗抹布加大加厚厨房专用毛巾不掉毛沾油麻布擦车30*40cm,￥16.90
洁丽雅（grace）毛巾珊瑚绒月份刺绣洗脸巾亲肤不易掉毛吸水速干擦手情侣洗澡巾 粉色8月,￥13.90
薇安卡浴巾【甄选珊瑚绒面料】轻奢柔软吸水不掉毛加大加厚大毛巾W0544 170*90cm米黄浴巾 加大加厚850g,￥888.00
狼盒（WOLFBOX）丰田适用洗车毛巾珊瑚绒清洁内饰抹布擦强吸水【30*60两条装】,￥45.80
乐往30*30无痕洗车毛巾2条装汽车抹布车用吸水毛巾加厚珊瑚绒擦车毛巾,￥24.40
Ez more易魔洗车毛巾麂皮珊瑚绒双面擦车布汽车擦玻璃布30*30加厚2条装,￥19.90
淘车艺 洗车毛巾擦车毛巾双面加厚珊瑚绒吸水毛巾擦车布套装 30*60cm1条+30*30cm1条【共2条】,￥15.90
OCE超柔珊瑚绒条纹家用超大加厚速干吸水大人加大加厚毛巾 浴巾浅紫,￥49.90
灵宠优品洗车毛巾擦车布双面加厚珊瑚绒不掉屑吸水毛巾30*30咖色,￥12.00
爵士猫适用于宝马汽车擦车巾车载洗车毛巾布玻璃吸水加厚珊瑚绒巾抹布 时尚灰/单条价,￥28.00
洁丽雅（grace）吸水毛巾超柔强吸水A类珊瑚绒包头巾便携可爱擦头发浴帽速干毛巾 条纹红色,￥9.90
卢寇干发帽速干洗头擦头巾吸水可爱毛巾包头发女2023新款加厚浴帽 升级珊瑚绒小兔兔,￥46.00
Astree双层双面加厚珊瑚绒毛巾洗车毛巾 擦车巾 打蜡毛巾 镀膜毛巾 30*60cm,￥9.90
乐酷帝猫咪擦手巾珊瑚绒洗手巾挂式儿童可爱毛巾手帕厨房擦手布 【猫咪擦手毛巾-灰色】2个装,￥69.00
爱车安全之家洗车毛巾擦车布车用内饰抹布擦桌子不易掉毛无痕无水印家政保洁布 （珊瑚绒)1条30X30,￥3.80
HOOTI比亚迪汉dmi/ev专用擦车布毛巾装饰汽车内饰用品洗车抹布改装配件 麂皮绒毛巾【摩卡棕-2件套】 比亚迪汉,￥42.00
固特异（Goodyear）洗车毛巾汽车专用毛巾不掉毛吸水纤维绒擦车巾大号抹布擦汽车玻璃 40*30cm 加厚3条装,￥39.90
洁丽雅（grace）儿童浴巾浴袍可穿式男童连帽浴袍珊瑚绒吸水速干游泳洗澡毛巾 恐龙蓝色 70*140cm (建议3-10岁可穿),￥108.00
3M汽车擦车布专用巾麂皮绒瑚绒吸水不掉毛车用内饰洗车毛巾不留水印 【2条装】麂皮绒+珊瑚绒(30cm*60cm),￥116.00
蓝速电鹿皮擦车巾汽车洗车毛巾珊瑚绒双面擦车布吸水擦玻璃内饰清洁用品 麂皮珊瑚绒【月岩灰30*40cm】,￥19.90
【组合装】洗车毛巾 擦车毛巾 双面超厚珊瑚绒纳米纤维毛巾布套装 汽车用品清洁巾 【超大号】60*160（1条）,￥32.90
多兰诗（Duolanshi）珊瑚绒毛巾 柔软强吸水毛巾家用纯色素色洗澡巾套件 浅蓝色 毛巾35*75cm【单条装】,￥12.90
悦车 擦车巾洗车毛巾汽车用超强吸水加厚不掉毛玻璃不留痕特大号抹布双面珊瑚绒 30X30cm(两条装),￥12.80
苓磐敷脸毛巾热敷毛巾洗脸巾面膜补水保湿冰冷珊瑚绒韩国皮肤管理美容 加厚三孔【绑带款，可拆卸】,￥9.90
逸畅可挂式珊瑚绒擦手巾厨房清洁巾不掉毛吸水抹布幼儿园擦手小毛巾 擦手巾1条（小号）,￥1.50
钰伶儿童毛巾洗脸家用珊瑚绒小男童女童擦脸柔软幼儿园宝宝小孩专用夏 活泼鸭毛巾3条：黄+粉+蓝,￥59.00
亿色(ESR)洗车毛巾 擦车毛巾汽车内饰清洁毛巾擦玻璃双层加厚细纤维珊瑚绒 汽车抹布洗车专用毛巾多选 三条装,￥29.90
惠寻 A类珊瑚绒毛巾 柔软速吸亲肤不易掉毛带挂绳洗脸面巾3条装,￥14.61
洁丽雅（grace）珊瑚绒浴巾女可穿可裹吸水速干裹巾浴裙浴袍夏洗澡大三件套 毛巾+浴裙,￥78.00
洁丽雅干发帽超柔强吸水包头巾条纹珊瑚绒擦头发浴帽速干毛巾 紫色,￥11.50
大卫珊瑚绒大吸力抹布洗碗布厨房擦玻璃专用吸水不掉毛不沾油毛巾家用 1包装（共两条）大吸水力,￥19.90
今品 洗车毛巾 擦车布专用巾双层不留痕 不掉毛小号吸水珊瑚绒 汽车用品清洁抹玻璃毛巾 30*30cm 加厚双层【2条装】,￥15.00
亿饰 洗车毛巾吸水擦车巾专用双面加厚超细纤珊瑚绒玻璃内饰清洁大号抹布汽车用品大全 30*60cm1条+30*30cm1条【2条】,￥11.80
丝洛丹珊瑚绒加厚洗车毛巾抹布擦车布专用巾吸水不掉毛细纤维 【30x30cm】2条,￥9.90
琴帛（PIANOBROC）刺绣月亮兔珊瑚绒加厚男女学生情侣柔软吸水家用毛巾浴巾洁面巾 米色 34*76（带粘钩）,￥16.80
洁丽雅（Grace）珊瑚绒干发帽女吸水速干免吹家用洗澡擦头发包头巾不掉毛新款浴帽 1条装【蓝粉】 双层双色干发帽,￥11.90
洁丽雅（grace）毛巾洗脸家用成人男女比纯棉全棉柔软吸水速干不掉毛加厚大面巾 天蓝+浅灰(珊瑚绒35*75cm)毛巾2,￥19.00
洁丽雅（Grace）珊瑚绒方巾A类强吸水比纯棉还柔软 洗手间厨房擦手巾 明绿色1条,￥10.00
艾兰黛卡通珊瑚绒毛巾浴巾干发帽三件套不掉毛速干柔软吸水洗澡沐浴套装 奶酪米白毛巾+浴巾+干发帽三件套 均码尺寸,￥27.00
家小优高品质卡通加厚宝宝浴巾秋冬珊瑚绒毛巾两件套夏季小盖被柔软吸水 紫色库洛米 毛巾,￥27.00
洁丽雅毛巾洗脸比纯棉吸水情侣家用男女洗澡加厚速干珊瑚绒大面巾 粉色,￥12.90
逸畅珊瑚绒方巾幼儿园宝宝洗脸小毛巾四方柔软吸水25*25厨房抹布 混色10条 25*25,￥5.90
法兰格慕新款A类雪花绒毛巾高密珊瑚绒柔软吸水不掉毛儿童成人家用大浴巾 浅蓝色 140*70CM,￥26.00
熊和他的小伙伴双层加厚珊瑚绒擦车布不掉毛强吸水擦车抹布汽车用品洗车毛 高密60*30CM,￥5.84
那卡超细纤维毛巾方巾汽车美容巾洗车毛巾洗车巾擦车巾手帕吸水加厚不留痕多色 30*30黄灰40g双面绒,￥1.38
HELLOLEIBOO徕本 洗车毛巾擦车布用吸水汽车内饰车内麂皮抹布不掉毛双面加厚 【超大号】 60x180cm XXL码1条,￥49.80
盛夏时光 结婚喜字毛巾礼盒装珊瑚绒红色喜庆毛巾婚庆回礼伴手礼礼盒装毛巾 双条毛巾方喜礼盒装 礼盒装,￥12.00
欣伊（xinyi）珊瑚绒毛巾卡通擦手巾儿童宝宝婴儿成人洗脸方巾吸水柔软面巾方巾 随机样式颜色,￥10.80
洁丽雅洁丽雅敷脸加厚热敷毛巾脸部美容冷敷软珊瑚绒单孔热敷巾单片装 新款三孔面膜（带松紧绳）米色,￥16.90
洁丽雅（grace） 宝可梦联名款干发帽刺绣珊瑚绒柔软吸水洗头擦头巾 【束发带】黄色-皮卡丘,￥10.90
洁丽雅（grace）玉桂狗浴巾女家用吸水速干儿童可爱不掉毛冬季珊瑚绒纯棉毛巾裹巾 蓝色玉桂狗浴巾 肤柔软/强吸水 70x140cm,￥68.00
爱喜达浴巾男士可穿戴浴巾成人珊瑚绒可裹浴袍浴裙吸水速干泡温泉大毛巾 【绅士灰】男士可穿戴浴巾套装 【75*150cm大浴巾+35*75cm毛巾】,￥49.80
柯博文（K-BOW）洗车毛巾擦车专用毛巾擦车巾布麂皮绒超细纤维鹿 【特厚】纤维款-蓝30*60+咖30*60 细腻短绒·结实耐用·强力吸水,￥28.90
逸畅美容院床头趴巾带洞按摩床头洞巾毛巾皮肤管理专用推拿定制印logo 清新绿（40*80）,￥10.00
法兰格慕浴巾女浴裙可穿可裹珊瑚绒三件套家用大号毛巾可爱吸水速干洗澡巾 搞怪小丑鱼-浴巾,￥34.35
车巾洗车毛巾擦车毛巾汽车毛巾 车用珊瑚绒毛巾加厚吸水不掉色 毛巾一条,￥5.00
洗车毛巾擦车毛巾双面加厚珊瑚绒吸水毛巾擦车布套装 黄灰双面加厚款【4条】,￥42.00
幻若琳专用于小鹏P7/P5/G3i/G9洗车毛巾吸水擦玻璃车巾麂皮抹布内饰用品 麂皮珊瑚绒【小鹏】小号,￥21.89
奇瑞定制洗车毛巾擦车专用汽车内饰毛巾不掉毛吸水珊瑚绒擦车巾 40*80cm,￥13.80
擦车抹布专用巾汽车清洁工具用品珊瑚绒加厚不留水痕洗车毛巾吸水擦车巾 星空灰30X30厘米-2条,￥18.00
沃霆汽车洗车毛巾擦车布双面加厚吸水不留痕清洁抹玻璃珊瑚绒清洁用品 双面加厚60*30cm【1条装18.8】,￥18.80
仟居佳 擦车专用毛巾洗车毛巾珊瑚绒汽车毛巾擦车布用品车用吸水抹布 【超值加厚2条装】中号1+大号1,￥15.90
爵士猫擦车毛巾鹿皮珊瑚绒强吸水不伤车漆擦车布双面加厚不掉毛洗车毛巾 双层加厚非鹿皮款【30*30cm】,￥18.00
kinbata日本可挂式珊瑚绒抹布擦手巾厨房洗碗布清洁巾不易掉毛擦玻璃布 加厚款10条装,￥21.75
可挂式珊瑚绒擦手巾厨房清洁巾不掉毛吸水抹布洗碗布清洁布 粉色,￥4.00
法兰格慕云朵绒浴巾大毛巾干发帽三件套女士吸水浴裙不掉毛可穿可裹浴袍 婴儿蓝浴巾（尺寸：85 150cm）,￥38.70
毛毛雨  毛巾比纯棉吸水不掉毛珊瑚绒干发巾家用大号擦头发洗脸洗澡家用 【加厚款两条装】毛巾钴蓝+粉,￥39.90
洁丽雅儿童毛巾刺绣吸水洗脸巾家用速干珊瑚绒可爱洗澡擦头干发男女面巾 粉小兔+蓝小猫 25*50cm,￥13.90
洁丽雅（Grace）敷脸加厚毛巾脸部美容热敷冷敷软珊瑚绒敷脸巾 24x24cm 米白色单孔加厚*1片,￥29.90
沐凡 浴巾 加厚儿童男女成人家用 柔软吸水毛巾伴侣 珊瑚绒浴巾 人物刺绣蓝（浴巾）,￥39.90
十弦 洗澡毛巾浴巾女珊瑚绒加厚吸水速干大浴巾家用非纯棉卡通沙滩巾浴巾绣月亮兔 米色 34*76毛巾,￥10.00
洁丽雅浴巾珊瑚绒吸水速干加厚加大男女裹巾情侣洗澡大毛巾 450g浅花灰(80*150cm)-加厚款,￥35.90
嘉枝鹿风浴巾女可穿可裹成人吸水速干长款浴裙干发帽二三件套高颜值 三件套:白云朵+粉毛巾+粉浴帽 珊瑚绒,￥41.00
洁丽雅（grace）婴儿超柔专用超软珊瑚绒毛巾新生儿洗脸小方巾儿童宝宝洗澡口水巾 狮子头+一只熊2条装 30*30cm,￥38.00
初儒 双面颜色随机/30*30cm 清洁洗车毛巾鹿皮珊瑚绒擦拭抹布SH-C0314,￥15.00
KooWispo A类珊瑚绒奥力给浴巾单条装 纯色绣花亲肤柔软加大吸水浴巾大毛巾 蓝色 60*120cm,￥48.00
沐凡 可穿浴巾女士成人浴袍套装浴裙抹胸浴巾可爱家用吸水裹巾速干大毛巾浴巾浴帽干发帽束发带 橘粉/珊瑚绒四件套,￥66.00
津乐毛巾吸水加厚毛巾家用柔软吸水不易掉毛儿童洗脸巾珊瑚绒大成人男 浅粉细条纹 35x75cm,￥8.00
逸畅冷热敷毛巾面膜巾保湿保温珊瑚绒面罩敷脸巾快抖商超礼品美容 单孔无绑带,￥2.80
贞嘻七夕情人节礼物珊瑚绒热敷毛巾面膜罩脸部热敷面膜毛巾美容院水疗灌肤面膜人脸型湿敷毛巾面部热敷巾加厚 热敷毛巾,￥15.80
骆易家（Lorica）棉麻茶巾吸水茶道高档茶布茶桌茶台养壶巾禅意垫布席毛巾茶具 【16cm*28cm】鹿皮绒+珊瑚绒 加厚长款茶巾-玉兰图卷,￥26.00
可穿浴巾女士成人浴袍套装浴裙抹胸浴巾可爱家用吸水裹巾速干大毛巾浴巾浴帽干发帽束发带送女友礼物 橘粉/珊瑚绒四件套,￥66.00
绅牌适用于特斯拉麂皮巾4S店定制Model3/Y/X/S汽车内饰清洁布擦车毛巾 【马鞍棕】2条装 Tesla-麂皮珊瑚绒毛巾,￥50.00
VVU浴巾成人 A类浴巾毛巾套装 柔软吸水速干大浴巾家用男女洗澡裹巾 浅咖（浴巾单条装）,￥69.00
葵老板双层加厚珊瑚绒擦车布不掉毛强吸水擦车抹布汽车用品洗车毛 高密40*30CM,￥4.00
铭汇通热敷毛巾面膜敷脸蒸脸024热敷毛巾面膜巾美容院加厚珊瑚绒敷脸巾 25*25-三孔+绑带,￥10.00
毛毛雨 毛巾全棉洗脸纯棉家用速干珊瑚绒吸水不掉毛游泳女男洗澡情侣 【全棉款毛巾】紫+红,￥36.90
简居简洁珊瑚绒毛巾比柔软吸水不掉毛男女家用洗脸擦头发速干发巾 浅蓝色一条 35-75厘米洗脸擦头,￥10.20
蝶舒恋卡通三丽鸥洗澡毛巾可爱ins风吸水速干珊瑚绒情侣学生家用洗脸巾 呆萌毛巾 Kitty猫,￥16.00
京东京造 冷热敷毛巾 冷敷面膜热敷脸巾珊瑚绒敷脸巾柔软肤补水脸部毛巾,￥10.00
早洁毛巾儿童珊瑚绒吸水口水巾卡通刺绣幼儿园宝宝洗脸手帕柔软不掉毛 粉+黄+绿/3条萌萌鸭,￥39.90
斜月三星 珊瑚绒毛巾+浴巾组合套装 柔软舒适 情侣家用款 米黄珊瑚绒【2毛巾+1浴巾】,￥69.90
祈星 加厚珊瑚绒双层干发帽不掉毛无异味色家用洗漱头发理强吸水 限莳抢购：买一+一【共2条】混色 【双层加厚】瞬吸三秒#洗头不着,￥38.00
洁彩菲 珊瑚绒洗脸巾细腻柔软超强吸水加厚速干可爱小雏菊学生成人毛巾 【颜色随机】1条装（35*75cm),￥11.90
美丽雅（MARYYA）美丽雅抹布厨房专用洗碗布家用吸水不掉毛不易沾油珊瑚绒清洁毛巾 1包（3张装）,￥12.90
"爱心东东	
艺彩蝶小杨哥推荐斜月三星珊瑚绒毛巾加厚毛巾大浴巾三件套柔软吸水不掉 灰 【三件套】一条浴巾+两条毛巾",￥39.00
合雨浴巾A类儿童家用宝宝洗澡巾珊瑚绒吸水加厚干发大毛巾学生沐浴巾 蓝灰色 45cmX90cm-加厚加密(重130克),￥12.90
流颜 加厚珊瑚绒干发帽成人速干帽超强吸水不伤发速干毛巾浴帽包头巾 单层干发帽-蓝松鼠,￥16.90
Soft Kiss毛巾比纯棉全棉吸水速干家用洗脸珊瑚绒头发不掉毛女干发洗澡面巾 【五条装】搭配1,￥64.90
运锋抹布厨房洗碗布家用吸水不易沾油擦桌子珊瑚绒清洁毛巾LL8 加厚锁边款（12条） 25*25cm,￥149.00
softkiss毛巾珊瑚绒比全棉纯棉吸水不掉毛洗脸速干家用男大毛巾干发巾 【两条装】海洋蓝+姜黄,￥22.89
"爱心东东	
绘域 擦手巾卡通可爱珊瑚绒儿童吸水方巾幼儿园小毛巾加厚厨房挂巾洗碗抹手布 【1条装】海军鸭 45x45cm",￥17.90
欧恩蒂家政保洁抹布吸水不掉毛加厚毛巾擦玻璃布擦地擦桌布家务清洁厨房 加厚珊瑚绒抹布25*25（十条装）,￥9.50
家政保洁专用毛巾清洁七色地板抹布吸水不掉毛双层珊瑚绒清洁毛巾 25*35加厚【褐色】,￥5.80
"爱心东东	
艺彩蝶小杨哥毛巾三件套 珊瑚绒加厚毛巾浴巾吸水速干男女情侣竹炭绣字 绿宝石 35*75（只有毛巾）",￥14.00
毛毛雨儿童小毛巾吸水洗脸比纯棉柔软家用长方形珊瑚绒宝宝面巾A类婴童标准 3条装套装1,￥25.90
三利海绵宝宝抗菌毛巾洗脸成人吸水速干不易掉毛儿童洗澡家用男女士柔软帕子珊瑚绒面巾 金黄蟹堡,￥19.90
洁丽雅（grace）少女心放映室 吸水浴巾毛巾两件套 加厚珊瑚绒速干女学生宿舍家用 咖啡色（浴巾+毛巾） 140x70cm,￥48.00
礼仪屋教师节礼物女老师实用毛巾礼盒浴巾套装洗脸巾三件套伴手礼纪念品 珊瑚绒毛巾三件套【蓝色】蓝色礼盒,￥39.00
洁丽雅（grace）可爱浴巾毛巾干发帽两三件套女可裹珊瑚绒家用吸水速干洗澡大裹巾 蓝色云朵熊浴巾 【70×140cm】,￥48.00
南极人浴巾家用一巾多用纯棉吸水速干洗脸巾不掉毛大款超大珊瑚绒洗澡毛巾可水洗机洗裹巾男女通用 全棉素锦毛巾-T茶绿色【尺寸75*35cm】 单只装,￥29.00
南极人加厚款毛巾吸水不掉毛洗头干发巾女擦头发速干洗脸洗澡家用亲肤超大珊瑚绒裹巾四季通用男 军舰兰毛巾【48x80cm】,￥19.00
浪莎 珊瑚绒浴巾 加大加厚成人家用柔软吸水亲肤素色男女通用毛巾单条装 140*70cm 320g 木马绣花浴巾单条-粉色 140*70,￥29.90
沐凡 浴巾女 家用成人大浴巾少女学生宿舍可爱卡通洗澡巾吸水速干加大毛巾防走光家用裹巾 大耳兔 粉色 珊瑚绒动物套巾（毛巾+浴巾）,￥46.00
斜月三星（XIEYUESANXING）  珊瑚绒【1毛巾+1浴巾】套装 家用柔软吸水毛巾浴巾两件套 花边珊瑚绒（粉红） 1毛巾+1浴巾,￥22.90
家政清洁毛巾竹纤维珊瑚绒清洁毛巾七色保洁布抹布分区使用加厚超吸水擦桌布不易掉毛打扫搞卫生摸布擦玻璃 七色保洁布抹布,￥58.90
玉桂狗毛巾 学生儿童加厚绒盒装库洛米玉桂狗5条擦脸毛巾洗脸巾珊瑚绒吸水巾 库洛米家族盒装毛巾套装 50x25cm,￥60.00
洁丽雅（Grace）高档珊瑚绒浴巾加宽加厚纯棉毛巾不掉毛成人洗澡速干吸水家用男女 珊瑚灰[不掉毛/加大/加厚英文 [加大加厚 180X90 厘米],￥76.00
俪之影 毛巾 儿童洗脸小方巾珊瑚绒加厚吸水可挂式可爱擦手巾婴儿小包宝宝面巾不掉毛超细纤维洗手巾 珊瑚绒卡通方巾（三条装） 30*30cm,￥19.90
艾维乐 简约现代珊瑚绒方巾 卡通可爱吸水速干挂式擦手巾 加厚创意厨房手帕擦手布洗手巾毛巾 小牛擦手巾四件组合 规格：长35X宽35cm,￥49.90
沐凡毛巾浴巾 加厚大浴巾A类婴儿童男女成人家用柔软吸水游泳洗澡巾 软绒灰色（浴巾） 婴幼儿A级,"￥26.90

￥25.50"
欧恩蒂可挂式珊瑚绒擦手巾厨房清洁巾不掉毛吸水抹布洗碗布 绿色（五块装）,￥9.90
三利高档毛巾浴巾套装家用比纯棉吸水男女学生洗澡巾【A类 加厚加大】 棕色/浴巾+2毛巾,￥45.00
洁丽雅（grace）毛巾A类柔软洗脸洗澡速干发 家用吸水雪花绒男女情侣刺绣面巾 贝壳粉 40*80cm,￥11.90
恒源祥家纺 珊瑚绒毛浴巾 柔软吸水包头巾简约纯色浴巾洗澡巾 多功能洗浴用品 蓝色 毛巾34*74cm*1+浴巾70*140cm*1,￥37.90
贞喜气擦手巾可挂式卡通可爱方巾儿童擦手布吸水厨房卫生间清洁珊瑚绒布 擦手巾2条【米色+粉色】,￥11.90
念彩珊瑚绒浴裙四季款浴巾浴帽干发套装韩版女抹胸柔软吸水不掉毛 四季款紫色 浴裙4件套【浴裙发带发帽毛巾】,￥51.60
麦希尔（Myhill）运动巾纯棉健身房加长跑步瑜伽擦汗巾柔软毛巾吸水速干洗澡巾定制 绅士灰】100%纯棉割绒运动巾,￥34.70
珲穗汽车擦车毛布吸水无痕不掉毛车用洗车毛巾不留水印大号加厚抹布 40_40 磨绒加厚 蓝色 大众帕萨特途观L途昂X辉昂威然,￥25.00
法格威2023新款擦车毛巾不掉毛无水渍洗车毛巾擦车车载车内加厚吸水麂皮 麂皮绒珊瑚绒【40*40cm】,￥29.96
鹿凌青 可爱擦手巾珊瑚绒厨房卫生间浴室挂式毛巾吸水抹布儿童小毛巾卡通擦手帕 太阳花4条装,￥26.00
三利毛巾 三利珊瑚绒浴巾,￥69.90
奕清良品 双面抹布5条装 厨房去油洗碗布吸水百洁布加厚不掉毛清洁毛巾,￥14.90
斜月三星 珊瑚绒家用柔软吸水毛巾浴巾 浅绿花边珊瑚绒（浴巾）,￥19.90
三利 毛巾礼盒3条 珊瑚绒花想容毛巾套装 柔软吸水洗脸面巾 35*70cm 组合,￥69.00
"爱心东东	
狮奥利兴浴巾卡通库洛米 立体Kuromi珊瑚绒柔软舒适吸水洗脸家用軛閼 库洛米毛巾",￥33.00
欧马仕高密加厚珊瑚绒毛巾吸水不掉毛毛巾可定制 米色 35*75,￥13.80
三利 吸水柔软不掉毛大毛巾 同尘珊瑚绒面巾一条,￥55.00
钰伶新款珊瑚绒毛巾浴巾洗澡毛巾浴巾套装 毛巾33*75白色,￥19.00
漂傲珊瑚绒毛巾浴巾三件套专属比好用家用 珊瑚绒2毛巾+1浴巾(粉色) 70*140,￥46.50
5条厨房擦手巾可爱挂式可爱吸水珊瑚绒加厚擦手布卫生间毛巾抹布 5条装,￥19.00
朵忆姿柔软吸水挂式毛巾 珊瑚绒19号擦手巾卡通带挂钩 浅咖小狗 参见商品详情,￥35.00
啦卡 纤维毛巾酒店毛巾双面成人毛巾珊瑚绒面巾34*38吸水毛巾 2条装 蓝色,￥6.00
三利 毛巾家纺 颜蕴竖条纹珊瑚绒面巾单条,￥35.90
OCE家品卫浴轻柔珊瑚绒毛巾面巾亲肤 米白 35x70cm,￥16.90
哎小巾4条擦车毛巾珊瑚绒加大加厚干毛巾布多用处款式随机发 1条擦车毛巾 30*30,￥9.01
全力5条装bao邮 挂式擦手巾珊瑚绒吸水擦手布毛巾加厚卫生间吸水毛巾 颜色随机2条,￥9.90
三利 三利浴巾毛巾女家用柔软洗脸男珊瑚绒速干加厚洗澡裹巾 绿色,￥24.90
三利 浴巾女家用可爱珊瑚绒吸水速干柔软男洗澡毛浴巾三件套 暖棕（浴巾+毛巾）,￥34.90
倩挥加厚珊瑚绒双面吸水美容巾汽车清洁毛巾抹布细纤维不掉毛X 1条装 普通款30×30,￥5.01
洁丽雅毛巾洗脸吸水男女同款不掉毛A类简约珊瑚绒儿童擦脸巾洗澡巾面巾 红色,￥11.90
聆耵（LINGDING）卡通企鹅擦手巾厨房卫生间可挂式珊瑚绒可爱吸水擦手巾毛巾 米色,￥10.00
"爱心东东	
擦手毛巾可挂式 3条装擦手巾挂式比棉软珊瑚绒厨房家用卡通可爱 4条装(粉咖灰绿)",￥36.50
十弦男女通用珊瑚绒吸水毛巾浴巾加厚加大儿童成人家用洗澡巾 米色 70*140,￥9.90
仟居佳高密洗车毛巾珊瑚绒双面加厚擦车巾吸水擦玻璃清洁巾 方形30*30cm-特厚1条装,￥9.90
洁丽雅（grace）毛巾比纯棉吸水洗脸家用成人儿童男女珊瑚绒面巾速干不掉毛 深海蓝+贝壳粉[2条],￥77.00
智汇洗车毛巾家车两用汽车内饰车用毛巾不掉毛吸水珊瑚绒擦车巾 毛巾1,￥5.00
三利毛巾系列 海绵宝宝抗菌加大珊瑚绒浴巾,￥69.00
笑途适用于特斯拉model3/y珊瑚绒双面擦车毛巾汽车清洁定制洗车毛巾 灰色,￥35.80
洗车毛巾加厚吸水珊瑚绒双层双色擦车布 【30*30cm】1条装,￥19.80
法兰格慕 刺绣珊瑚绒毛巾浴巾套装宝宝加厚吸水伴手礼 快乐兔 套巾(毛巾+浴巾),￥64.00
点缤 洗车毛巾 细纤维珊瑚绒吸水擦车毛巾加厚款 灰黄珊瑚绒 加厚一条装(30cm*60cm),￥9.90
洁丽雅（grace）云朵格毛巾珊瑚绒撸猫式超柔软面巾 【5条】各色一条,￥36.90
法兰格慕可爱珊瑚绒浴巾女家用吸水速干不掉毛裹巾可穿大毛巾 蓝色条纹浴巾+毛巾,￥24.80
星舵毛巾棉吸水洗脸家用速干珊瑚绒帕可爱洗澡擦头干发男女面巾LL8 浅咖+格绿,￥168.00
洁丽雅珊瑚绒毛巾卡通刺绣珊瑚绒强吸水速干毛巾洗澡巾擦头巾干发帽 干发帽-灰色,￥17.90
洁彩菲 珊瑚绒小雏菊毛巾高密细腻柔软超强吸水洗脸巾 【超值5条装】（35*75cm),￥28.90
哎小巾6条擦车毛巾珊瑚绒加大加厚干毛巾布多用处款式随机发 灰黄1条 切边 30*30,￥14.90
依明洁毛巾浴巾家用成人男女士洗澡珊瑚绒比纯棉柔软吸水速干裹巾 浅粉色-60*120,￥19.90
三利毛毯夏季毛巾被成人午休办公室盖毯单人珊瑚绒婴儿儿童小毯子 淡绿色 100*150cm,￥39.90
洁丽雅（grace）毛巾A类吸水不掉毛洗澡家用吸水男女同款洗脸巾珊瑚绒大面巾 黄色,￥11.50
法兰格慕浴巾女可穿可裹裕袍浴裙裹胸可爱大人珊瑚绒吸水速干三件套 小狗毛巾,￥11.90
艾维乐 浴巾家用女可裹巾珊瑚绒吸水速干不掉毛巾学生宿舍浴裙两件套 淡绿色-独角兽 均码(85*150CM),￥85.00
布欧格浴巾女浴裙可穿的美容院套装珊瑚绒抹胸浴袍家用可裹吸水速干 浴裙+毛巾+三角帽 均码,￥44.70
布欧格宝宝浴巾儿童斗篷珊瑚绒浴袍带帽柔软吸水婴儿洗澡毛巾四季可穿式 【斗篷长耳猴】浅蓝 70*140cm,￥23.00
法兰格慕珊瑚绒卡通猫咪不掉毛干发帽浴巾毛巾浴裙裹巾可穿可裹吸水速干女 猫咪毛巾,￥15.80
法兰格慕 ins可爱满屏小熊浴巾女家用柔软珊瑚绒浴袍可穿可裹学生吸水毛巾 满屏熊毛巾,￥15.00
俏蕊新生婴儿浴巾洗澡珊瑚绒婴儿披风斗篷儿童带帽比吸水柔软浴袍 【加厚款】粉色毛巾35*75cm,￥10.00
洁丽雅（grace）爱心情侣洗脸毛巾珊瑚绒一对家用吸水小清新新款柔软面巾洗手间 白色爱心 75x35cm,￥38.00
五古艾超吸水洗车毛巾加厚高密珊瑚绒双色双面不掉毛擦车清洁抹布 3条颜色备注（30*40）每条约60,￥12.80
沐凡（mufan） 毛巾洗脸成人男女家用非纯棉珊瑚绒加厚情侣创意吸水柔软洁面巾组合装 花朵2条装（蓝+粉）,￥19.90
绣景 卡通鸭尾巴兔耳朵珊瑚绒毛巾家用洗脸擦手干发巾 吸水柔软不掉毛 黄鸭尾 35*75cm 一条,￥33.90
沐凡 浴巾 加厚婴儿童男女成人家用 比纯棉柔软吸水毛巾伴侣珊瑚绒浴巾 人物刺绣蓝（浴巾）,￥29.00
声筑毛巾洗脸比棉吸水家用珊瑚绒不掉毛擦头发柔软手巾干发棉洗澡LL8 青野绿+罗曼黄,￥199.00
VALOR MAN【毛巾+浴巾】珊瑚绒星座毛巾浴巾速干吸水男女洗澡柔软情侣套巾 白羊座 深灰毛巾,￥10.00
车太太汽车专用擦车毛巾鹿麂皮绒内饰清洗车珊瑚绒布吸水不掉毛无痕加厚 无标30cm 一条,￥16.00
嘉枝鹿毛巾女ins高颜值太阳花吸水毛巾不掉毛珊瑚绒柔软洗脸巾学生面巾 蓝色小鸭毛巾,￥12.00
艾维乐珊瑚绒大浴巾家用非纯棉吸水男女冬季大人毛巾被2024新款裹巾毯子 【浴巾】爱心兔（珊瑚绒）,￥49.00
三利三利珊瑚绒毛巾洗脸洗澡家用比纯棉吸水速干不易掉毛女干发面巾男 雨滴灰+牛奶咖+杏花纷,￥26.90
洁丽雅（grace）洗澡浴巾女家用珊瑚绒吸水速干2023新款男款大人毛巾浴巾三件套 条纹款浅灰色1浴巾+1毛巾,￥64.00
洁丽雅（grace） 浴巾马卡龙撞色珊瑚绒洗澡吸水速干不易掉毛裹巾男女同款大毛巾 浴巾-粉色,￥35.00
汽车擦车毛巾吸水专用巾加厚抹布双层大号吸水珊瑚绒毛巾超细纤维清洁抹玻璃 棕色,￥19.00
洁丽雅（grace） 浴巾男成人家用速干吸水珊瑚绒大毛巾洗澡巾抗菌A类婴幼儿裹巾 粉色,￥39.90
娴卡 ins风珊瑚绒浴巾女家用吸水速干不掉毛裹巾大人可爱大毛巾三件套 珊瑚绒大号浴巾*粉蜜桃 70*140cm,￥67.60
合雨浴巾加厚加大90×180家用珊瑚绒吸水速干不掉毛成人女男洗澡大毛巾 蓝灰色 80cmX150cm-重380克,￥36.80
浩宝大号擦车巾洗车毛巾吸水双面珊瑚绒毛巾洗车套装组合擦车洗车毛巾 擦车洗车毛巾套装（3条装）,￥39.00
沐凡 浴巾 加厚儿童男女成人家用 比纯棉柔软吸水毛巾伴侣珊瑚绒浴巾 卡通刺绣款黄（浴巾）,￥29.90
泓茂（hongmao）洗车毛巾 双面速干擦车巾加厚大号珊瑚绒吸水擦车巾洗车巾可LOGO 30*60cm1条+60*160cm1条,￥41.80
斜月三星珊瑚绒毛巾浴巾三件套A类密封包装柔软吸水套装 字母哥哥深蓝【2毛巾+1浴巾】,￥59.90
森林传说（Grovrumo）香港轻奢品牌浴巾成人珊瑚绒浴巾家用毛巾情侣比纯棉全棉吸水夏季 粉色浴巾 140x70cm,￥4159.00
丝洛丹（Slerdan）珊瑚绒加厚洗车毛巾擦车布专用巾吸水不掉毛大号毛巾细纤维E 【30x60cm】2条,￥13.90
沐凡 浴巾 加厚儿童男女成人家用 学生洗澡套巾柔软吸水毛巾伴侣 珊瑚绒浴巾 水果浴巾蓝,￥36.00
洁丽雅（grace）抗菌毛巾吸水加厚家用洗脸巾男女速干头发巾珊瑚绒不易掉毛面巾 深海蓝,￥9.90
艺彩蝶斜月三星珊瑚绒毛巾浴巾三件套小杨哥专属比好用成人家用 珊瑚绒2毛巾+1浴巾(灰色) 70*140,￥35.00
逸畅珊瑚绒毛巾超细纤维包边毛巾加厚吸水成人洗脸毛巾礼品绣logo 珊瑚绒早安白色1条袋装 34*74,￥5.90
嘉枝鹿礼盒装婚庆纯棉浴巾三件套吸水不掉色结婚套装四件套情侣礼品毛巾 珊瑚绒绣喜四件套,￥93.00
沐凡 浴巾 加厚儿童男女成人家用 比纯棉柔软吸水毛巾伴侣珊瑚绒浴巾 卡通刺绣浴巾橙,￥29.00
HAPPY LIFE韩国happy life小兔小熊毛巾伴手礼珊瑚绒造型可爱礼盒定制韩国 小熊毛巾粉色 40*80cm,￥39.00
倩挥珊瑚绒浴巾吸水不掉毛彩色毛巾浴巾2件套吸水加大加厚毛绒大浴巾 两件套【浴巾+毛巾】 白色,￥15.80
"爱心东东	
CHEZHIHUI汽车洗车毛巾车载高密珊瑚绒擦车巾车用加厚双面印字清洁工具抹布 30*30CM数量1",￥8.88
E路驰加厚吸水擦车布专用巾车用大号擦玻洗车毛巾汽车用品 H-01蓝色35*45CM珊瑚绒毛巾,￥12.00
嘉枝鹿风菠萝格浴巾柔软吸水珊瑚绒毛巾三件套吸水洗澡巾浴巾不掉毛 樱花粉浴巾 70+140[吸水速干],￥22.00
氏修定制新款双层麂皮绒擦车巾强吸水不掉毛不掉色珊瑚绒洗车专用毛巾 30*30cm 毛巾9212,￥9.00
丝洛丹（Slerdan）珊瑚绒加厚洗车毛巾擦车布专用巾吸水不掉毛大号毛巾细纤维E 【30x30cm】1条,￥9.90
浪莎 珊瑚绒浴巾加大加厚成人家用毛巾柔软吸水亲肤素色男女通用单条装 140*70cm 375g 星空灰浴巾-单条 140*70,￥36.80
北欧时刻儿童成人干发巾 柔软舒适加厚吸水 珊瑚绒毛巾快速吸水毛巾 菠萝格 干发巾35*37CM（藕粉）,￥19.90
浩宝 擦车毛巾双面珊瑚绒加厚洗车毛巾吸水擦车巾打蜡抛光新能源适用 灰黄30*60+30*30cm超厚800g/㎡,￥14.90
毛毛雨 毛巾比纯棉吸水不掉毛珊瑚绒干发巾家用大号擦头发洗脸洗澡家用 【四季款两条装】毛巾灰+驼,￥36.90
沐凡 干发帽 柔软强吸水 条纹干发帽 珊瑚绒速干毛巾包头巾成人加厚柔软干发巾送女友 干发帽条纹桔色,￥15.90
创汇通 擦车布洗车毛巾车用清洁擦车毛巾珊瑚绒无痕擦车巾汽车抹布 30*60【2条装】冲量价,￥18.00
沐凡 浴巾 加厚儿童男女成人家用 比纯棉柔软吸水毛巾伴侣珊瑚绒浴巾 卡通刺绣款黄（浴巾）,￥29.00
"爱心东东	
大浴巾 成人180*120 大毛巾加长款2021新款可爱珊瑚绒浴巾女夏薄款家用吸水速干大人裹巾洗澡大 浴巾 70*140",￥36.00
浴巾女比纯棉吸水情侣款一对新款全棉速干家用珊瑚绒洗澡毛巾件套 【浴巾单条】青野菠萝70*140,￥88.00
亓元挂钩小毛巾珊瑚绒挂巾加厚方巾擦手巾抹布深色耐脏； 大红3条装包边复合特厚 30x25,￥19.00
洁丽雅（grace） 珊瑚绒浴巾男撞色拼接吸水大浴巾家用速干不易掉毛洗澡大毛巾裹巾 黄色,￥29.90
沐凡 浴巾 男女加厚儿童成人情侣家用 比纯棉柔软吸水毛巾伴侣珊瑚绒浴巾  军舰蓝 浴巾1条,￥29.90
丝洛丹（Slerdan）加厚珊瑚绒双面吸水美容巾汽车清洁毛巾抹布细纤维不掉毛V 黄色1条 普通款30×30,￥9.90
洁丽雅珊瑚绒浴巾毛巾洗头浴帽干发帽女三件套擦头吸水速干儿童免吹可爱 白色 干发帽奶白色,￥26.00
洁丽雅浴巾毛巾干发帽三件套宿舍可爱少女珊瑚绒儿童洗澡学生吸水大裹巾 小兔-毛巾 现货发,￥23.00
洁丽雅（grace） 【品牌精选】 珊瑚绒A类浴巾三件套组合装 成人男女柔软吸水 粉色 毛巾*2+浴巾*1,￥49.90
享太太珊瑚绒毛巾加厚2023新款强吸水速干男女家用成人高级不掉毛洗脸巾 4件：2绅士灰条纹款+2满天星灰色,￥49.80
车管家洗车毛巾麂皮珊瑚绒双面擦车内饰不掉毛强吸水无痕擦玻璃清洁抹布 小号（30*30cm）,￥19.80
吉娟欣浴巾纯棉抗菌家用珊瑚绒加厚吸水不掉毛情侣沙滩巾抽条大毛巾浴巾 抽条天空灰 35*75,￥10.00
妙普乐新款绣花高端浴巾 浴巾女珊瑚绒加厚吸水家用非纯棉沙滩巾浴巾绣 （70*140浴巾+毛巾）月亮兔米色,￥38.17
三利（SANLI） 三利珊瑚绒挂式擦手巾不易掉毛强水浴室厨房居家多用途毛巾 2条装-蓝色/粉色,￥48.00
维谊家新款可爱珊瑚绒浴巾女夏天薄款家用吸水速干大人裹巾洗澡大毛巾 斑马咖色浴巾,￥47.00
极惠家阿里郎毛巾毛巾阿里郎珊瑚绒超吸水性强长绒柔软大毛巾干 长毛紫色40*80CM单价 珊 80x40cm,￥30.00
kinbata雪尼尔擦手球厨房速干毛巾不易掉毛抹布吸水日式擦手巾加厚清洁 珊瑚绒抹布10条(颜色随机),￥25.90
沐凡 干发帽快速吸水速干 珊瑚绒毛巾包头巾成人加厚柔软干发巾送女友 干发帽 浅粉,￥12.90
逸畅珊瑚绒毛巾公司小礼品定制伴手礼员工可选绣字定制礼盒比纯棉吸水 青春派毛巾1条 35*75cm,￥4.90
"爱心东东	
帕子 10条装珊瑚绒小毛巾正方形小号纤维吸水速干便宜方巾清洁擦手 颜色混搭10条装25*25cm",￥20.30
沐凡 干发帽 柔软强吸水 条纹干发帽 珊瑚绒速干毛巾包头巾成人加厚柔软干发巾送女友 干发帽条纹桔色,￥15.90
JGCABRASIVE珊瑚绒加厚洗车毛巾擦车布专用巾吸水不掉毛大号毛巾细纤维E 【30x30cm】1条,￥9.90
SP SAUCE日本SP SAUCE 擦手巾挂式厨房卫生间加厚擦手小毛巾珊瑚绒吸水速 北极熊擦手巾,￥19.90
OGE洗车毛巾麂皮擦车巾抹布珊瑚绒双面强吸水汽车内饰玻璃清洁用品 珊瑚绒小号2条装 30*40cm,￥9.90
恒源祥 珊瑚绒毛巾浴巾套装家用吸水柔软男女浴巾擦脸毛巾套装三件套 蓝色 浴巾60*120cm,￥19.00
沤迈宝 双面不掉毛吸水抹布洗碗巾加厚珊瑚绒擦手巾厨房洗碗布家用清洁巾 颜色随机,￥1.20
大号珊瑚绒洗碗巾去油污吸水抹布不沾油家务清洁巾厨房用品不易掉毛擦手巾吸水毛巾 3条装【加大加厚30*40cm】,￥19.90
斜月三星5条装珊瑚绒擦手巾小挂巾 擦手布清洁厨房挂式卡通吸水巾 5条装珊瑚绒挂巾,￥29.90
新厨仕（Necooks） 网红擦手巾卡通挂式可爱洗手巾厨房卫生间擦手帕加厚吸水速干擦手布 1个粉色小兔子款【珊瑚绒擦手巾】,￥18.52
苏力达抹布厨房洗碗布不沾油不易掉毛易清洗懒人擦手巾珊瑚绒加厚百洁布 5条装【珊瑚绒】标准款加厚,￥12.90
沐凡 毛巾 柔软强吸水成人家用男女情侣毛巾 加大加厚带挂绳洗脸面巾 软绒-蓝,￥12.90
苏摩斯水波纹阳离子抹布厨房竹炭鱼鳞抹布双面珊瑚绒洗碗布随机色5条,￥9.80
三利毛巾 柔软吸水洗脸面巾干发巾 精梳棉纱布网织方巾 33*33,￥19.90
南极人加大加厚高密珊瑚绒浴巾男女儿童四季可用不掉毛不掉色比纯棉吸水 加厚豆青色 145*85cm 加大浴巾:毛巾,￥48.00
厨房擦手巾挂式可爱超强吸水加厚洗手间浴室珊瑚绒速干儿童小方巾 40*40cm三条装,￥38.80
美容院铺床巾按摩床单美容院专用毛巾皮肤管理铺床大浴·巾包头巾柔软吸水不掉毛定制logo 1条枕巾湖蓝35*75cm,￥10.00
毛毛雨珊瑚绒双层加厚干发帽包头巾擦头发浴帽柔软吸水不易掉毛成人女生 双层方格灰色 25*65cm,￥16.90
丝洛丹（Slerdan）加厚珊瑚绒双面吸水美容巾汽车清洁毛巾抹布细纤维不掉毛X 黄色 普通款30×30,￥9.90
法兰格慕擦手巾挂式可爱吸水纯棉厨房儿童插手毛巾抹手布珊瑚绒 【灰色+粉色】-2条装,￥28.00
逸畅珊瑚绒毛巾柔软吸水结婚回礼情侣喜字婚庆毛巾伴手礼洗脸毛巾礼品 红色单条毛巾1条 35*75cm,￥4.90
洁丽雅毛巾家用洗脸巾男女通用加厚吸水速干发珊瑚绒洗澡大面巾 晴空蓝+薄暮灰,￥16.90
SP SAUCE日式擦手巾挂式厨房卫生间加厚擦手小毛巾珊瑚绒吸水速干擦手巾 白色,￥19.15
佳帮手擦手巾珊瑚绒卡通挂式擦手巾浴室厨房居家多用途抹手毛巾 珊瑚绒擦手巾-1条装,￥10.00
三利毛巾礼盒套装情侣款伴手礼高端礼物定制A类刺绣浴巾三件套 天空蓝（1+浴+2毛）,￥59.90
AIOSC毛巾吸水不掉毛珊瑚绒干发巾擦头发速干大号洗脸洗澡家用柔软加厚 灰1条装,￥24.65
菠萝格抹布厨房清洁洗碗布不掉毛吸水小方巾可挂式珊瑚绒擦手巾 25*25CM小号3条装,￥10.00
美丽雅（MARYYA）美丽雅洗碗布家用吸水不掉毛不易沾油擦桌子珊瑚绒厨房用清洁毛巾 1包（共4张装）,￥8.90
魅若丝可爱帕恰狗毛巾女ins情侣洗脸巾家用珊瑚绒吸水速干学生面巾柔软 帽子小狗毛巾白色粉色,￥39.90
洁丽雅（grace）毛巾家用洗脸男比全棉吸水洗澡加厚珊瑚绒不掉毛大号擦头发女 钴蓝  纯/全 35x75cm  纯/全,￥19.00
合雨浴巾毛巾三件套装女士男加厚加大号礼品珊瑚绒吸水成人洗澡沐浴巾 蓝灰色 浴巾三件套-(加厚加密),￥49.90
擦汗小方巾温迪儿童擦汗方巾洗脸巾珊瑚绒宝宝柔软小毛巾口水巾比纯棉更吸水 方巾15条装,￥29.00
SP SAUCE 日本北极熊小毛巾 可挂式儿童可爱珊瑚绒手帕巾 厨房吸水擦手巾 北极熊擦手巾【一个装】,￥13.90
艺彩蝶洗脸毛巾100%纯棉不掉毛大人用家用洗澡男女帕通用干侣面巾儿 珊瑚绒毛巾（1条装）粉白,￥14.00
嘉枝鹿2022新款加厚珊瑚绒浴巾男女比纯棉全棉更吸水速干不掉毛可裹可穿 中绿色珊瑚王子浴巾+毛巾(2条装,￥32.00
北极绒高密珊瑚绒方巾儿童洗脸巾吸水毛巾幼儿园小朋友擦手巾面巾30*30 高密.粉色5条装 30x30cm,￥18.00
百菲百菲珊瑚绒兔年洗脸巾吸水全棉家用成人不掉毛儿童男女士面巾 毛巾大吉兔 75x35cm,￥19.80
NIANJIE加厚毛巾家用柔软吸水不掉毛儿童洗脸巾珊瑚绒大男女洗澡速干 【五条装】五个色各1条 35x75cm,￥35.00
南极人店毛巾男女洗脸洗澡家用珊瑚绒比全棉纯棉吸水速干擦头发大号不掉 浅灰+奶咖_(加厚吸水不掉毛),￥68.00
"爱心东东	
Imakara日本珊瑚绒毛巾擦手巾吸水不掉毛速干儿童洗脸男士洗澡运动小方巾 擦手巾（星星兔）",￥19.90
洁丽雅毛巾比纯棉吸水家用洗脸洗澡男女成人速干发珊瑚绒洗澡情侣 贝壳粉＋水蓝色＋暖黄色【加大加,￥79.00
零诺擦手巾挂式可爱吸水厨房厚擦手巾小毛巾卡通手帕珊瑚绒卫生间 【卡通动物头擦手巾】颜色随机 1条装,￥6.38
康童加厚毛巾家用柔软吸水不掉毛儿童洗脸巾珊瑚绒大男女洗澡速干 五条装五个色各1条 35x75cm,￥32.22
洁丽雅（grace）家纺 毛巾10条洗脸家用柔软比纯棉吸水男女加厚大面巾批发 【12条装】加厚珊瑚绒款组合三,￥184.80
悠云鸟厨房擦手巾挂式可爱毛巾抹布可吸水家用卫生间加厚手布手帕珊瑚绒 升级款-海星【1条装】+挂钩 330x5x210mm,￥42.70
津乐厨房加厚加大不易沾油不易掉毛吸水抹布家务可挂珊瑚绒清洁布擦手 紫色,￥8.00
SP SAUCE日式珊瑚绒擦手巾可挂式厨房卫生间加厚吸水速干抹布清洁布手帕布 1条装【常规款】,￥16.90
柳宿静禾三件套浴巾干发帽珊瑚绒儿童洗澡毛巾卡通柔软吸水不掉毛情侣浴袍 浴巾毛巾套装-灰色考拉,￥47.80
冰星梦可挂式珊瑚绒双面抹布 厨房菠萝格不掉毛吸水擦手巾素色洗碗布 肉粉色25*25cm(10条装),￥14.90
富居FOOJO韩式兔耳朵珊瑚绒干发帽吸水速干加厚浴帽裸装粉色,￥16.90
卟橡加厚珊瑚绒浴巾毛巾三件套礼盒装公司礼品伴手礼毛巾套装团购logo 浅粉、加厚毛巾两条盒装,￥16.00
迷愿新生婴儿浴巾洗澡珊瑚绒婴儿披风斗篷儿童带帽比吸水柔软浴袍 【加厚款】粉色毛巾35*75cm,￥10.00
百菲浴巾男女家用比吸水速干珊瑚绒儿童学生宿舍大人可裹浴巾毛巾套装 【单条装毛巾】乳香白 无规格,￥11.80
北极绒（Beijirong）玉桂狗浴巾女夏天可穿可裹情侣款一对家用洗澡大毛巾吸水速干裹巾 玉桂狗珊瑚绒*奶白色+奶篮色 毛,￥89.00
玖纹豹A类浴巾三件套珊瑚绒比棉质吸水速干男女家用加厚加大不掉毛 蔚蓝2件套【浴巾+毛巾】 90x170cm,￥145.00
珈瑶可穿浴巾吸水不掉毛成人家用洗澡珊瑚绒浴袍加大比纯棉柔软小 (藕粉色) 浴裙+干发帽+发带+毛巾【四件套,￥49.00
简娜（JIANNA）浴巾男女家用比吸水速干珊瑚绒儿童学生宿舍大人可裹浴巾毛巾套装 【单条装毛巾】乳香白 无规格,￥11.80
栀晚鸢男士浴巾超大家用情侣可穿裹巾棉吸水速干不易掉毛大毛巾男生专用 藏青+深灰【2条装/珊瑚绒毛巾】,￥97.00
艺彩蝶kuffuk浴巾 珊瑚绒成人ins大浴巾两三件套吸水加厚洗澡柔软速干可 驼色 浴巾+毛巾+干发帽,￥40.00
康童浴巾加厚吸水速干家用毛巾宿舍学生不掉毛珊瑚绒浴帽三件套 白色-玉桂狗毛巾,￥29.40
悠梦嘉居 珊瑚绒超柔浴室套装 浴巾70*140cm 毛巾34*74*1 主图色,￥128.00
超大浴巾纯色家用可穿裹巾吸水速干不掉毛大毛巾男 浅灰+藏青【珊瑚绒2条装】,￥180.00
青染浴巾可穿戴浴巾女夏家用大人吸水速干可爱洗澡大毛巾 草莓浴巾 珊瑚绒,￥29.33
温迪 向峰珊瑚绒浴巾柔软吸水不掉毛 毛巾浴巾两条装（下单备注颜色）,￥54.00
"菩本家浴巾女比吸水速干洗澡家用珊瑚绒毛巾草莓情侣款 草莓-姜黄色70X140CM""",￥139.00
洁丽雅（Grace）卡通粉色狐狸珊瑚绒浴巾浴裙干发帽套装柔软吸水不掉毛家用 琳娜贝尔 毛巾+浴裙,￥101.00
萌依儿浴巾男士超大家用情侣可穿裹比纯棉吸水速干不易掉毛大毛巾男专的 珊瑚灰+深海蓝【珊瑚绒毛巾,￥87.00
睿爸男士浴巾超大家用情侣可穿裹巾棉吸水速干不易掉毛大毛巾男生专用 藏青+深灰【2条装/珊瑚绒毛巾】,￥97.00
芙洛西亚（Flaocia）浴巾【强力吸水】加大加厚珊瑚绒棉质家用大人毛巾情侣款裹巾 军舰蓝：四季加厚款,￥588.00
繁悦珊瑚绒浴巾女夏季家用可爱速干不掉毛洗澡柔软毛巾可穿可裹两件套 珊瑚绒大号浴巾*灰斑马纹,￥58.00
擦手巾小毛巾吸水不掉毛珊瑚绒小方巾可挂式可爱儿童家用厨房手帕 方巾虎头虎脑（粉色）,￥16.80
kinbata日本厨房擦手巾挂式可爱毛巾抹布可吸水卫生间加厚手布手帕珊瑚绒 粉色,￥25.80
雷匠 40*40cm/灰色2条装 洗车毛巾抹布吸水珊瑚绒清洁布【企业专属】,￥21.00
Imakara日本珊瑚绒毛巾擦手巾吸水不掉毛速干儿童洗脸男士洗澡运动小方巾 擦手巾(星星兔),￥19.90
洁丽雅（grace）毛巾珊瑚绒速干强吸水不易掉毛擦手巾厨房抹布彩色清洁布小方巾 彩色清洁布10条装  纯/全,￥39.80
洁丽来珊瑚绒吸水抹布不掉毛厨房用加厚洗车擦手清洁百洁布毛巾 小号3条装（30*30cm)）,￥19.80
ins创意卡通立体毛巾用珊瑚绒柔软舒适洗脸巾学生情侣吸水面巾 立体毛巾 小熊,￥32.00
饰嘉华浴巾女夏家用大号吸水薄款不掉毛超大可穿裹巾夏季大码毛巾男 珊瑚灰【170*90cm】【珊瑚绒毛巾*1】,￥53.80
欧丹特 冬季浴巾女干发帽三件套洗澡裹巾可爱可穿可裹珊瑚绒吸水大毛巾 卡通小兔(浴巾+干发帽) 两件套,￥61.00
新亚 SEASIA 热敷毛巾 美容院家用敷脸巾 加厚珊瑚绒柔软冷热两用毛巾面罩 单条装,￥19.90
婕茵桐珊瑚绒浴巾毛巾柔软吸水加厚男女学生成人洗澡擦头擦脸 粉色 [浴巾+毛巾]加厚两件套简装,￥23.00
洁丽雅（grace）浴巾女比棉吸水速干加厚珊瑚绒男裹巾情侣款裹巾大毛巾冬 卡其色【140*70cm/290g】,￥59.00
洁丽雅(Grace)毛巾女洗脸洗澡男家用珊瑚绒比纯棉吸水速干情侣款不掉毛 单条云朵格毛巾-粉色,￥9.90
SP SAUCE日本擦手巾可挂式超吸水毛巾儿童洗手珊瑚绒宝宝擦手布 两条,￥39.80
潮度珀珊瑚绒云朵格浴巾四件套吸水柔软洗澡素色毛巾浴巾浴室浴帽 樱桃粉 浴帽65*25 (90g),￥19.00
友创德国进口品质三件套浴巾干发帽珊瑚绒儿童洗澡毛巾卡通柔软水不掉 浴巾毛巾套装-灰色考拉,￥89.00
莫代尔热敷毛巾面膜巾美容院珊瑚绒吸水保湿补水冷敷亲肤脸部护理敷脸巾 白色-3孔(2条装) 24*24cm(2条装),￥19.90
法兰格慕珊瑚绒浴巾可穿可裹家用吸水速干情侣大人毛巾三件套宿舍浴裙 牛奶白浴巾+毛巾,￥51.80
洁丽雅（grace）毛巾女洗脸洗澡男士家用珊瑚绒比纯棉比全棉吸水速干发巾情侣面巾 粉色,￥9.90
IGIFTFIRE可爱卡通擦手巾挂式厨房擦手速干抹布三层加厚吸水珊瑚绒毛巾手帕 奶酪蛋糕【黄色】,￥18.00
尤克达帝超吸水毛巾浴巾珊瑚绒男女家用洗脸洗澡裹胸亲肤舒适全家适用 粉色浴巾[60*120cm]珊瑚绒包,￥23.00
欧薇娜 珊瑚绒浴巾 毛巾纯棉洗脸家用珊瑚绒不掉毛吸水洗澡少女情侣一对 【两条装毛巾】绿色+黄色,￥48.00
冬季浴巾女干发帽三件套洗澡裹巾可爱可穿可裹珊瑚绒吸水大毛巾 卡通小兔(干发帽),￥35.80
千惠侬ins抖音同款少女心放映室 吸水速干毛巾女学生宿舍家用珊瑚绒加厚不掉毛 嫣红色 140x70cm,￥49.10
芍萌斜月三星珊瑚绒毛巾浴巾三件套小杨哥专属比好用家用 珊瑚绒2毛巾 珊瑚绒2毛巾+1浴巾(粉色),￥33.00
洁丽雅（grace）浴巾三件套可穿 可爱浴巾女家用珊瑚绒吸水速干可穿裹巾ins浴裙大 郁金香*毛巾,￥19.00
"爱心东东	
浴巾女大浴巾 纯棉浴巾浴巾成人女夏季大人薄款可穿式可裹家用珊瑚绒吸水速干毛巾四件套 单条玫红 80x135cm",￥54.00
洁丽雅（grace）小杨哥珊瑚绒加厚浴巾毛巾套装柔软吸水不掉毛家用三件套男女 高级灰-柔软吸水 小杨哥[1+1],￥58.00
洁丽雅（grace）ins风浴巾女可穿可裹成人吸水速干长款浴裙干发帽二三件套高颜值 两件套:奶酪+白毛巾 珊瑚绒,￥39.71
菲典森珊瑚绒浴巾三件套礼盒装吸水加厚公司礼品节日结婚伴手礼 礼盒三件套天空蓝浴巾+2毛巾,￥26.80
"爱心东东
毛巾浴巾 三件套 ins风浴巾 新款珊瑚绒浴巾吸水不掉毛浴巾裹巾女 成人柔软速干 雾霾蓝浴巾 70x140cm 柔软吸水",￥39.20
欣茵丽 超大号浴巾家用比纯棉吸水速干不易掉毛女情侣可穿可裹2022夏新款 珊瑚灰【170*90cm】+【珊瑚绒毛巾*1】,￥53.00
洁丽雅（grace）大号浴巾毛巾干发帽三件套女比纯棉柔软吸水不掉毛珊瑚绒速干 北欧蓝 浴巾[送]干发帽+毛巾(三件装),￥58.00
"爱心东东	
艺彩蝶小杨哥推荐珊瑚绒浴巾三件套吸水性强加厚毛巾大柔软不掉毛家用男 灰、【加大加厚】一条浴巾/70*14",￥43.00
家减尘除浴巾女2023新款家用加厚面料吸水速干不易掉毛冬季珊瑚绒毛巾裹巾 超强吸水粉色 超强吸水吸水速干,￥37.90
澳颜莱擦桌布 家政保洁毛巾加厚吸水抹布搞卫生擦玻璃家具厨房地板务 30*40珊瑚绒蓝色,￥8.00
"爱心东东	
宝家洁（BAOJIAJIE）适用擦桌布 吸水抹布加厚不沾油纤维厨房家用清洁洗碗毛巾洗碗布 米白色 可挂式珊瑚绒米白",￥3.00
洁丽雅（grace）4条装毛巾珊瑚绒比纯棉吸水不掉毛加厚洗脸A类成人学生男女家用 粉色/灰色【2条】自用备用组合 短绒A类-超细纤维【强吸水】,￥56.18
洁丽雅（grace）毛巾礼盒浴巾毛巾礼盒套装珊瑚绒强吸水裹巾女伴手礼三件套定制lo 纯色加厚400g珊瑚绒粉/浴巾+毛巾,￥161.00
逸畅 毛巾礼盒公司小礼品定制礼盒装伴手礼员工活动生日礼物可选绣字 1条毛巾+礼盒手提袋,￥6.50
莫代尔双层珊瑚绒干发帽女超细纤维吸水速干包头巾干发巾 烟粉浅灰 25*65,￥18.90
沤迈宝珊瑚绒加厚抹布可挂式擦手巾擦桌擦碗洗碗家务吸水不易粘油不掉毛 淡绿色,￥2.00
优悦居蝴蝶结公主帽柔软吸水速干不掉毛加厚包头擦头巾珊瑚绒浴帽干发帽 宝石蓝 27*26,￥16.80
杉贝洗车毛巾擦车毛巾双面加厚珊瑚绒吸水毛巾擦车布套装 双面加厚60*160cm大毛巾【1条】,￥20.80
KOOLIFE洗车毛巾擦车布 汽车大号无痕吸收水抹布内饰纤维珊瑚绒4条装 双面加厚超大1.6m珊瑚绒毛巾,￥64.00
七抒超吸水洗车毛巾加厚高密珊瑚绒双色双面不掉毛擦车清洁抹布 5条颜色备注（30*30）每条约45,￥22.20
绿之源汽车清洁毛巾双面珊瑚绒鹿皮洗车毛巾双层麂皮绒擦车 30*30cm三条,￥22.50
捷频德国进口品质汽车珊瑚绒清洁毛巾双面洗车毛巾双层麂皮绒擦车巾不 麂皮绒3030小号2条＋清洁软胶,￥78.00
匠廷柯洗车毛巾擦车擦窗布珊瑚绒加厚吸水擦玻璃毛巾清洁抹布 30*30cm  1条装 珊瑚绒洗车毛巾,￥5.20
车侦探珊瑚绒抹布厨房百洁布强吸水不掉毛家务清洁毛巾不起球擦桌擦地巾 加厚大号30*40[灰色2条装],￥22.00
朵拉芙洗车擦车毛巾双面 珊瑚绒  30x30CM,￥9.90
享惠油奔驰擦车布级级车内饰用品毛巾洗车抹布 奔驰专用鹿皮珊瑚绒毛巾灰色单条,￥90.00
3M汽车载洗车毛巾擦车布吸水不易掉毛内饰专用大号抹布用品 1条珊瑚绒毛巾30_30,￥18.00
洁丽雅（grace）毛巾男女洗脸洗澡家用珊瑚绒比全棉纯棉吸水速干擦头发大号不掉毛 奶白 35x75cm,￥58.00
酷斯特（KUST）麂皮珊瑚绒洗车毛巾吸水不留痕双层加厚不伤车不掉毛絮清洗工具 大码麂皮珊瑚绒毛巾（30×60） 清洗神器,￥19.80
豪宏鑫 适用于洗车毛巾 擦车布专用加厚双面珊瑚绒超吸水大小号不伤漆掉毛玻璃纤维抹布汽车用品 【30×30】2条装+【30×60】2条装-共4条,￥35.00
N.Arctic擦手巾挂式厨房强吸水速干卡通珊瑚绒擦手毛巾抹布清洁巾擦手巾 奶酪蛋糕,￥12.80
洁丽雅（grace）菠萝格毛巾洗脸比纯棉吸水情侣家用男女洗澡加厚速干珊瑚绒大面巾 同系列蓝色加大浴巾【90*170cm】,￥60.00
洁丽雅毛巾洗脸家用比纯棉吸水速干洗澡擦头干发男女士珊瑚绒面巾 咖色+绿色+粉色,￥26.90
SUPILERS抹布可挂式珊瑚绒擦手巾厨房清洁巾不掉毛吸水萝卜格洗碗布清洁布 可挂式25*25CM【1条装】,￥2.99
斜月三星 珊瑚绒毛巾浴 巾套装组合三件套柔软舒适超吸水男女通用 单条装米白色珊瑚绒毛巾 30*60cm,￥12.00
南极人品牌高档家纺珊瑚绒毛毯ins午睡盖毯办公室夏季午休空调被盖腿披肩毛巾小被子 粉色水蜜桃 1×1.5m,￥78.00
洁丽雅洁丽雅毛巾洗脸家用比纯棉吸水不易掉毛男士洗澡珊瑚绒擦头情侣款 浅蓝色【加厚30% A类标准】,￥10.90
洁丽雅宝可梦联名款毛巾珊瑚绒强吸水柔软家用不掉毛情侣儿童面巾 皮卡丘+可达鸭【宝可梦联名款毛,￥75.00
洁丽雅（grace）儿童家用可挂式奥特曼不掉毛擦手巾可爱轻柔软吸水毛巾珊瑚绒抹布 乳白色 动感光波 25x15cm,￥39.00
AIOSC卡通玉桂狗毛巾ins风可爱少女心家用珊瑚绒吸水速干洗脸面巾吸水 大耳朵狗,￥33.15
洁丽雅（grace）毛巾洗脸家用面巾柔软吸水不易掉毛男士洗澡干发珊瑚绒擦头擦脸巾 【2条装】深蓝+浅蓝,￥17.90
洁丽雅（grace）毛巾女洗脸洗澡男士家用珊瑚绒吸水速干发巾情侣面巾不易掉毛 蓝色,￥9.90
洁丽雅珊瑚绒毛巾 吸水擦头干发巾速干吸水比纯棉家用洗澡 条纹粉色 34x76cm,￥28.00
洁丽雅（grace）毛巾比纯棉吸水家用洗脸男女成人速干发珊瑚绒洗澡情侣 深海蓝+夜微蓝(加厚款),￥49.00
炫丰珊瑚绒毛巾 加厚毛巾家用柔软吸水不掉毛儿童洗脸巾珊瑚绒 蓝色【1条装.】 35x75cm,￥11.00
百菲家用毛巾柔软吸水不掉毛儿童洗脸巾珊瑚绒成人男女情侣干发巾通用 花朵毛巾：3条装(粉+黄+蓝),￥24.80
AIOSC卡通莓熊挂式擦手巾可爱吸水速干厨房毛巾柔软珊瑚绒儿童洗手巾 加厚材质克重50g莓熊 单条,￥24.65
优悦居蝴蝶结干发帽珊瑚绒吸水不易掉毛擦头巾成人儿童可用浴帽包头发巾 粉色,￥19.80
洁丽雅（grace）毛巾女洗脸洗澡男士家用珊瑚绒比纯棉比全棉吸水速干情侣 天空蓝+浅米色+樱花粉+草绿色【4,￥60.00
艺彩蝶小杨哥毛巾珊瑚绒加厚毛巾男大浴巾家用套装二件套吸水不掉毛速干 【灰色】吸水不掉毛 三条毛巾-【35*75】,￥33.00
