﻿Column1,Column2
Name,Price
妫反澶瓟鏈笣鐞村彾闃茶劚鍙戞帶娌规礂鍙戞按鍥哄彂闇茶摤鏉捐埌鏃楁鏂瑰搧瀹樼敺濂抽€氱敤 1鐩掕,锟?68.00
ABC绉佹姢鍗敓鎶ょ悊娑插コ鎬х粡鏈熷崼鐢熸礂娑叉俯鍜屾姂鑿屾鐥掔寮傚懗娓呮磥娲侀槾 钃濊壊澶х摱200ml*2鐡?锟?9.90,
妞嶇墿鑰€绱犮€愬畼鏂广€戞鐗╄€€绱犵钁″叞妞嶇墿鑰€绱犲嚌鑳堕湁鑿屾€х値濂虫€х澶勬姢鐞嗕繚鍏?10瑁?鎷嗚,锟?68.00
鑺欒开鑴辨瘺鑶忓柗闆炬厱鏂敺濂虫俯鍜屽幓绉佸鑵嬩笅鑵嬫瘺鑵挎瘺鍘诲攪姣涘鐢熷厷鍏ㄨ韩鍙敤  鍠烽浘*3+淇姘?銆愬鎴风殑閫夋嫨銆?锟?38.00,
涓濇礇涓癸紙Slerdan锛夐潰閮ㄥ惛娌圭焊100鐗囦究鎼烘娊鍙栧紡棣欐皼鍚告补闈㈢焊鍚告补绾歌劯濂抽儴褰╁鍖栧 100鐗?1鐩?锟?.90,
钂傝姳涔嬬娌愭荡涔?.8kg娴极棣欐按棣欐荡涔虫ⅵ骞婚姘涙矏娴撮湶鐢峰コ钖拌。鑽夌帿鐟伴娴翠钩 钖拌。鑽夌簿鍗?锟?9.90,
澶忓＋鑾叉矏娴撮湶鐢峰＋濂冲＋娌愭荡涔抽姘涙煍鑲や簩鍚堜竴鎸佷箙鐣欓瀹跺涵瑁?600g*1鐡躲€愬叞鑺遍銆?锟?.90,
鐟炵爺澹捀姹界溂缃╂棤棣欏懗鍨嬬敺濂冲＋鍎跨瀛︾敓涓€娆℃€х溂缃╃ぜ鍝佺潯鐪犻伄鍏夌溂閮ㄤ繚鍋?钖拌。鑽夌簿娌硅捀姹界溂缃?0鐗?鐩?锟?9.90,
濡囩値娲佹礂娑茬澶勬姢鐞嗘恫濂虫€х瀵嗗姝㈢棐鎶戣弻娲楁恫 鐩婄敓鑿屾姢鐞嗘恫锛堢粡鏈熷瀷锛?00ml,锟?4.90
瑗垮凹锛圫YNIA锛夈€愬叓浠撶洿鍙戙€戝コ鎬х澶勬姢鐞嗘恫绉佸瘑澶勬礂娑叉竻娲楁恫寮遍吀鎬ф棤鍒烘縺鍘诲紓鍛?濂冲＋鑳跺師铔嬬櫧鎶ょ悊娑?25ml,锟?6.90
濡囩値娲佺瀵嗗鎶ょ悊娑叉礂娑插コ鎬ф竻娲佹礂娑茶嫤鍙傚コ澹姂鑿屽急閰稿啿娲楁恫 鏈崏绮惧崕鎶戣弻娲楁恫200ml*1鐡?锟?9.90,
涓滃崐鐞僑OD铚滅敺濂冲＋闈㈤湝琛ユ按淇濇箍涔虫恫娑﹁偆闇滅鍐槻骞查槻瑁?SOD铚?鐡?锟?.90,
鎽╃憺杩箍鐥掕啅姝㈢棐澶ц吙鍐呬晶鐢峰コ绉佸韬笂淇姝㈢棐鑶?涓€鐡惰,锟?29.00
涓滃崐鐞僑OD铚滅敺濂冲＋闈㈤湝琛ユ按淇濇箍涔虫恫娑﹁偆闇滅鍐槻骞查槻瑁?SO D铚?鐡?锟?.00,
鑼佺編缁磂姗勬鎶よ偆鐢樻补鑰佺墝绾繚婀块槻瑁傛鼎鑲よˉ姘村共娌硅韩浣撲钩濂虫姢鎵嬮湝 澶у閲忓搴500ml,锟?2.80
鑻楀厛閿嬫姂鑿屼钩鑶忎簯鍗楁湰鑽夋柇1鐥旇啅鐢峰コ鐢ㄨ崏鏈粊宄板爞 鍙戣揣3鐩?锟?4.00,
鑰佷節鍫傚崕浣楅€忛鑶忎钩鑶?5g鐢峰コ涓€佸勾閫氱敤娑傛姽鑶?棰堟鍏宠妭鑶濈洊鑵拌吙妞?涓夌洅瑁?锟?2.00,
缇庡崥鑾辫祫绉佸鑴辨瘺鑶忓コ澹幓闃撮儴姣涗笓鐢ㄥ鐢熺瀵嗗姣斿熀灏煎叏韬惁姘镐箙瑜瘺鑶?鑴辨瘺鑶?00g,锟?6.80
浼椾箰搴峰仴鑻﹀弬娲楁恫濡囩绉佸娲楁恫榛勬煆娲楁恫鐦欑棐鎶戣弻鎶ょ悊娑插コ绉佸瘑澶勯槾 鑻﹀弬娲楁恫,锟?8.80
鑹捐瘲锛圗nchanteur锛夎壘璇楁矏娴撮湶涓ゅぇ鐡跺搴澶у閲忕帿鐟拌姳棣欐寔涔呯暀棣欐粙娑︿繚婀块姘涙矏娴?浼橀泤娌愭荡闇?20ml*2鐡?锟?7.20,
鍔涘＋锛圠UX锛夋矏娴撮湶 骞借幉榄呰偆棣欏懗鎸佷箙鐣欓鐢峰コ閫氱敤娌愭荡娑蹭钩350g渚挎惡瑁?鎭ｆ儏鑺欒搲1kg*鐡?锟?4.90,
濡囩値娲佺澶勬姢鐞嗘礂娑插コ鎬х儫閰拌兒鎱曟柉娓╁拰鎶戣弻娓呮磥澶栭槾寮傚懗闃撮儴鐦欑棐鏉€鑿?銆愬崌绾ф銆戠儫閰拌兒鎱曟柉娲楁恫1鐡惰,锟?9.00
濡囩値娲佺澶勬姢鐞嗗绉戞姂鑿屽嚌鑳剁瀵嗛潪绱ц垝鑷撮槾閬撳瀷濂虫€т骇鍚庝繚鍏绘粙鍏绘竻娲?涓夌洅瑁?閲嶅洖灏戝コ绱?,锟?96.00
鑰佷節鍫傚崕浣楅€忛鑶忎钩鑶?5g鐢峰コ涓€佸勾閫氱敤娑傛姽鑶?棰堟鍏宠妭鑶濈洊鑵拌吙妞?涓€鐩掕,锟?0.00
"鐖卞績涓滀笢	
杩彶濞滆嚮閲戞矏娴撮湶鐣欓淇濇箍琛ユ按缇庤倢瀚╂粦婊嬫鼎娣卞眰娓呮磥鐢峰コ棣欐按娌愭荡闇?杩彶濞滆嚮閲戞矏娴撮湶680mL鑰佸寘瑁?,锟?5.00
鐖卞績涓滀笢	",
,
"渚濋渚濋鐜诲翱閰告鼎鑲や钩韬綋涔崇淮鐢熺礌e淇濇箍婊嬫鼎琛ユ按闈㈤湝绱ц嚧鍏夋粦鐢峰コ鐢?250ml""",锟?1.00
濯涘悗韬綋涔虫鼎鑲や钩濂宠ˉ姘翠繚婀挎粙娑﹁倢鑲や钩闇滃幓鐨偆鐤欑槱韬綋娑﹁偆闇茬敺濂?缁寸敓绱燛娑﹁偆涔?鐡?锟?.90,
ABC绉佹姢鍗敓鎶ょ悊娑插コ鎬х粡鏈熷崼鐢熸礂娑叉俯鍜屾姂鑿屾鐥掔寮傚懗娓呮磥娲侀槾 绮夎壊/钃濊壊/缁胯壊澶х摱200ml鍚?鐡?锟?6.90,
濡囩値娲佹箍绾稿肪鎴愪汉鏉€鑿屾秷姣掑崼鐢熺敺濂崇澶勫ぇ鍖呮箍宸炬竻娲佹€х敤鏃呰 10鍖?40鎶絒瓒呭€艰],锟?3.80
COCOSILIYACOCO娌愭荡闇?棣欐按娌愭荡闇? 鐢峰コ閫氱敤 棣欏鍛?瀹樻柟鍝佺墝澶у閲?銆?鐡惰銆戦姘涙矏娴撮湶*2鐡?  棣欐皼瀹跺涵瑁? 800ml/鐡?锟?8.00,
閬囪棣欒姮锛圕OCOESSENCE锛?閬囪棣欒姮姘存潹閰告皑鍩洪吀娌愭荡闇茬殏鐣欓鑳岄儴 姘ㄥ熀閰告矏娴撮湶355ml 1鐡?锟?5.00,
鑺欓『鍫傛恫浣撻季鍣ㄩ槻鎵撳懠鍣滃柗鍓傞樆榧惧櫒鎵撳懠鍣滅鍣ㄧ敺濂抽€氱敤瀹樻柟 鍙戜竴鐩?锟?6.00,
,
娴村皻鑹句笁浼忓ぉ娉¤剼鍖呯婀胯壘鑽夊彾鍘诲瘨鍔╁コ澹笓鐢ㄧ湢 30鍖?琚?2锛堝叡60灏忓寘锛?锟?9.00,
EIBAOGE鍑″攪鑶?娑﹀攪鑶忚ˉ姘翠繚婀块槻骞茶婊嬫鼎鍞囪啅 鐢峰コ澹姢鑲ゅ搧 3g/l 鐧借壊娑﹀攪鑶?锟?8.99,
.yASS闆呮皬韬綋涔宠ˉ姘村鑲ゆ鼎鑲ら槻骞茶淇姢淇濇箍鐣欓娑﹁偆涔崇敺濂抽鍛虫鼎鑲ら湶 500ML+鎶ゆ墜闇?0ML,锟?9.90
钂傝姳涔嬬锛圖IFASO锛夊搴娌愭荡闇茶拏鑺变箣绉€1L1000ML杩疯凯棣欐矏娴翠钩娑?50g鐢峰コ鑺遍姘涚帿鐟?杩疯凯棣欏瀷 1L,锟?5.80
璧勭敓鍫傛棩鏈師瑁呰繘鍙ｆ儬娑︽矏娴撮湶淇濇箍婊嬫鼎鎸佺画鐣欓琛ユ按鐢峰コ閫氱敤姘村娌愭荡涔?娣￠泤鏋滃懗棣?50mL,锟?8.00
闃块亾澶?800ml榄呭姏缁忓吀娌愭荡闇?鎸佷箙鐣欓鐢峰コ閫氱敤鐜懓绮炬补棣欐按娌愭荡娑?榄呭姏缁忓吀娌愭荡闇蹭竴鐡?800g,锟?5.00
鎯犳鼎锛圫UPER MiLD锛?鎯犳鼎鏋滃懗鏌戞娌愭荡闇?50ml鍘熻杩涘彛鐢峰コ閫氱敤姘村娑︽辰娌愭荡涔?鏋滃懗+鏌戞,锟?9.80
鎯犳鼎锛圫UPER MiLD锛?鎯犳鼎鏋滃懗鏌戞娌愭荡闇?50ml鍘熻杩涘彛鐢峰コ閫氱敤姘村娑︽辰娌愭荡涔?鏌戞棣?锟?9.90,
璇楁湕娉曞浗杩疯澏棣欐按娌愭荡闇茬敺濂虫矏娴存恫鐣欓鑺﹁崯鍐扮埥娑﹁偆瀹跺涵瑁呮穻娴撮湶 鐧捐姳娌愭荡闇?008ML,锟?2.80
璧勭敓鍫傚彲鎮犵劧缇庤倢娌愭荡闇叉粙娑︿繚婀挎寔缁暀棣欑敺濂虫矏娴翠钩 鏃ユ湰杩涘彛550ML 缇庤倢娌愭荡闇诧紙鑺辨季涔嬫亱锛?50mL,锟?2.90
M+CHUN琛€姗欑儫閰拌兒娌愭荡闇茬敺濂冲＋缃戠孩琛ユ按淇濇箍娌愭荡娑查姘存矏娴撮湶涔?琛€姗欐矏娴撮湶*2鐡?锟?9.90,
鐧捐禌鐏点€愬畼鏂广€戠櫨璧涚伒璐村濂充腑鑰佸勾鍜冲椊鎵撳柗鍤忛仐灏胯创鍎跨鑰佷汉鍘嬪姏鎬уけ绂?1鐩掞紙浣撻獙瑁咃級,锟?5.00
涔愮悊銆愬畼鏂广€戜箰鐞嗐€愬畼鏂广€戜箰鐞嗗皬缁跨伅绁涚棙绮惧崕鍑濊兌闈掑皯骞寸敺濂虫按鏉ㄩ吀蹇?3g,锟?9.00
娆у槈鑾卞凹锛圓OGALIANI锛夊康棣欐矏娴撮湶娑蹭钩鏃ユ湰鏅氭ū棣欐皼棣欏懗鎸佷箙鐢峰コ澹€氱敤娲楀彂姘存矏娴撮湶濂楄 娌愭荡闇?50ml銆愮浜岀摱绔嬪噺10銆?锟?6.00,
涓濅篃娴锋磱棣欐皼娌愭荡闇?2灏忔椂鎸佷箙鐣欓鐢峰コ澹粙娑︽粙娑︿繚婀夸笉鍋囨粦鍚庤儗绉嬪啲 娴锋磱棣欐皼娌愭荡闇?鐡?锟?9.00,
澶忓＋鑾叉矏娴撮湶鐢峰＋濂冲＋娌愭荡涔抽姘涙煍鑲や簩鍚堜竴鎸佷箙鐣欓瀹跺涵瑁?1kg*2鐡躲€愬叞鑺遍銆?锟?5.90,
铏庨晼閲庢﹦姒勬鼎鑲ょ敇娌?骞茬嚗琛ユ按淇濇箍 鐨偆鎶ょ悊鐢峰コ閫氱敤 1鐡惰,锟?5.00
鍑″＋鏋楋紙Vaseline锛夎韩浣撲钩濂崇儫閰拌兒淇姢棣欎綋鍏ㄨ韩琛ユ按绮惧崕娑﹁偆淇濇箍婊嬫鼎浜?鐑鐑熼叞鑳鸿韩浣撲钩400ml/瀚╃櫧婊?锟?9.00,
缇庡浗forever姘告亽鑺﹁崯娑﹀攪鑶忔粙娑︿慨澶嶅噺娣″攪绾逛繚婀块槻骞茶鐢峰コ,锟?5.00
,
闆呯編鑲よ妸鑺疯崏鏈櫨鑽夐湝姝㈢棐鑶忔箍鐥掕啅鎴愪汉鐢峰コ绉佸澶栫敤闃寸槞鐥掓鐥掓姂鑿岃啅澶寸値榫熷ぇ鑵垮唴渚х毊鑲ら〗鍥轰綋韬墜瓒宠剼鑴辩毊 鑽夋湰姝㈢棐浣撹偂澶ц吙鍐呬晶鐦欑棐姝㈢棐鑶?...,锟?9.00
绁栭儙涓～纾鸿蒋鑶?0%娴撳害鐤?鐤粨鑺傜枼铻ㄨ櫕闃村泭鐤欑槱婀跨棁鐤圭毊鑲ょ槞鐥掓鐢峰コ 30g3鐡?鍚噺20%),锟?8.00
閲戝Ξ闆咃紙KNIYEA锛夌淮鐢熺礌e涔崇敺濂冲＋娑﹁偆琛ユ按淇濇箍婊嬪吇骞茬嚗鑲岃偆缁嗙汗鍏ㄨ韩鍙敤涔虫恫闈㈤湝 缁寸敓绱燛涔?00gx1,锟?.90
蹇冭烦鑺傛媿娌愭荡闇茬帿鐟版厱鏂ザ鐩栨场娉￠姘涙矏娴翠钩濂抽浣撶暀棣欐矏娴存恫 鐜懓濂剁洊350ml,锟?9.00
COCOSILIYA棣欐按鍛虫矏娴撮湶棣欏懗鎸佷箙鐣欓娌愭荡娑茬敺濂抽€氱敤鍏ㄨ韩棣欎綋绾?2灏忔椂瀹跺涵瑁?coco棣欐按娌愭荡闇层€?00ml銆?锟?9.00,
鍚嶆瓕娴极娌愭荡闇插ぇ瀹归噺瀹跺涵鐗堥姘涙寔涔呯暀棣欑敺濂抽€氱敤鑸掔紦鑲岃偆 1300ml鍚嶆瓕棣欐皼缇庤倢娌愭荡闇诧紙娴极棣欐皼锛?锟?9.80,
鎯犳鼎锛圫UPER MiLD锛?鎯犳鼎鏋滃懗鏌戞娌愭荡闇?50ml鍘熻杩涘彛鐢峰コ閫氱敤姘村娑︽辰娌愭荡涔?鏌戞*2+鏋滃懗*1,锟?18.00
鍑€鐢烘矏娴撮湶娓呮柊婊嬪吇瀚╄偆娓╁拰鐢峰コ閫氱敤鐧借尪娓呯埥姝㈢棐娌愭荡娑?鐢滄墎妗冨€嶆鼎淇濇箍娌愭荡闇?00ml,锟?9.00
coco棣欐按娌愭荡闇查鍛虫寔涔呯暀棣欐矏娴存恫鐢峰コ澹粙娑︿繚婀垮ぇ鐡跺搴 娌愭荡闇?00ml+娲楀彂姘?00ml,锟?2.00
LVK闄よ灗娌愭荡闇茬敺濂冲＋娌愭荡娑蹭钩娲楀彂姘村瑁呴櫎铻ㄨ櫕韬綋鎶ょ悊 鍚?鐡禰娌愭荡闇?娲楀彂姘碷,锟?4.00
鑸掕偆浣宠渹铚滈婊嬫鼎鍛垫姢娌愭荡闇?20ml澶х摱瀹跺涵瑁呯敺濂抽€氱敤 闈掔摐720ml,锟?4.80
娌愬敮浼婃悡娉ュ疂鍏ㄨ韩鍘昏璐ㄥ幓姝荤毊鐢峰コ閫氱敤婢″爞鎼撶伆绁炲櫒鎼撴尽娉?00ml 钖拌。鑽?锟?8.00,
鍚嶆瓕娌愭荡闇叉寔涔呯暀棣欎紭闆呴姘涙氮婕糠浜洪姘存矏娴撮湶瀛︾敓鐢峰コ閫氱敤 2000ml鍚嶆瓕棣欐皼绮炬补娌愭荡闇诧紙榄呭姏缁忓吀锛?锟?9.80,
鑸掕偆浣虫矏娴撮湶娓╁拰娓呮磥闀挎晥淇濇姢鐢峰コ閫氱敤婊嬫鼎娌愭荡涔冲ぇ鐡跺搴娌愭荡娑茬暀棣?绾櫧娓呴720g,锟?8.90
鑼冩吵杈帮紙fanyongchen锛夋捣鐩愰櫎铻ㄦ矏娴撮湶姘ㄥ熀閰告寔涔呯暀棣欐帶娌规鐥掔敺濂冲＋娌愭荡涔虫礂鍙戞按浜屽悎涓€ 銆愪拱1-閫?銆戞捣鐩愭矏娴撮湶+娲楀彂姘?銆愭硶鍥借繘鍙ｆ捣鐩愩€戦櫎铻ㄧ巼99.9%,锟?7.90
鑼冩吵杈板北鑼惰姳娌愭荡闇叉寔涔呯暀棣欐帶娌规粙娑﹂櫎铻ㄧ敺濂冲＋涔虫恫娲楀彂姘翠簩鍚堜竴濂楄 灞辫尪鑺辨矏娴撮湶850ML+娴寸悆,锟?6.80
鑸掕偆浣虫帓娴婃矏娴撮湶灞辫尪鑺辨竻娲佹瘺瀛旀煍鎶ら姘涚暀棣欏コ娉℃搏鍟柋瀹跺涵瑁呮矏娴翠钩娑?娣卞眰鎺掓祳楂樼棣欑殏100鍏?锟?0.90,
鍏嬫礇鎬濊湝锛圕LOSEKISS锛塩k娌愭荡闇插痉鍥介姘存矏娴撮湶鐣欓鐢峰コ澹幓灞戞鐥掓帶娌?钖拌。鑽変繚婀挎矏娴撮湶750mL,锟?7.60
妯遍洩妯遍洩娌愭荡闇?姘ㄥ熀閰哥幓灏块吀娣卞眰婊嬪吇娌愭荡涔抽摱鏉?娣卞眰婊嬪吇1000ml,锟?8.90
鐬冲尰妫?鐬冲尰妫溂缃?钂告苯鐪肩僵 鐜诲翱閰稿彂鐑溂缃╅€傛惌鎴愪汉鐢峰コ澹共鐪间笓鐢?3鐩掕/15鐗囥€愰挏鎯犺銆?锟?9.00,
寮虹敓濠村効鐖借韩绮夊疂瀹濆洓瀛ｉ€氱敤鐢峰コ鎴愪汉鍚告睏姝㈢棐鐖借偆鍘诲紓鍛?0g琚嬭,锟?9.00
鑲ゆ眹搴枫€愬畼鏂广€戠毊鑲ら湝鐦欑棐姝㈢棐妞嶇墿钀冨彇鐢峰コ鑰佸皯鍧囧彲浣跨敤鐨偆澶栫敤涔宠啅  1鐩?锟?28.00,
琚嬮紶濡堝锛圞angaroo Mommy锛変簩瑁傞叺姣嶅叚浠跺鎶よ偆鍝佸瑁呭コ琛ユ按淇濇箍鎻愪寒鑲よ壊姘翠钩鍖栧鍝?[绀肩洅]浜岃閰垫瘝6浠跺,锟?9.00
榧庡尰鐢熸姂鑿屼钩鑶?5g韬綋鎶ょ悊澶栫敤鎶戣弻鑶忕敺濂冲＋铓婅櫕鍙挰鍙秱鎶规姂鑿岃蒋鑶?15g/鐩掋€?鐩掕銆?锟?0.00,
鑺欓『鍫傛恫浣撻季鍣ㄩ槻鎵撳懠鍣滃柗鍓傞樆榧惧櫒鎵撳懠鍣滅鍣ㄧ敺濂抽€氱敤瀹樻柟 鍙戜笁鐩?锟?09.00,
,
鎳胯姍缈庣唺鑳嗗鏄庣溂淇濆仴鑶忔姂鑿岃啅鐢峰コ瀛︾敓宸ヤ綔鍏氱唺鑳嗙溂鑶忔祦娉溂鐫涚柌鍔虫鐗?锟?9.90,
"鐖卞績涓滀笢	
宸存媺鐟炪€愬畼鏂广€戝反鎷夌憺绉佸鎶ょ悊娑插幓寮傚懗娲楁姢娑睟ALL绉佹姢娑插コ鎬ф竻娲楁恫 涓€鐡朵綋楠岃",锟?10.00
缇庡浗鍙よ瘲濂ucciolo鎶ゆ墜闇滃コ婊嬫鼎淇濇箍澶忓涓嶆补鑵昏ˉ姘寸櫧缇庡鑲ゆ墜闇?绾㈢煶姒?2g,锟?2.00
,
鑼佺編缁磂姗勬鎶よ偆鐢樻补鑰佺墝绾繚婀块槻瑁傛鼎鑲よˉ姘村共娌硅韩浣撲钩濂虫姢鎵嬮湝 120ml渚挎惡瑁?锟?2.76,
鑼佺編缁磂姗勬鎶よ偆鐢樻补鑰佺墝绾繚婀块槻瑁傛鼎鑲よˉ姘村共娌硅韩浣撲钩濂虫姢鎵嬮湝 240ml,锟?6.80
妞嶇墿鑰€绱犮€愬畼鏂广€戞鐗╄€€绱犵钁″叞妞嶇墿鑰€绱犲嚌鑳堕湁鑿屾€х値濂虫€х澶勬姢鐞嗕繚鍏?2鏀,锟?8.00
妞嶇墿鑰€绱犮€愬畼鏂广€戞鐗╄€€绱犵钁″叞妞嶇墿鑰€绱犲嚌鑳堕湁鑿屾€х値濂虫€х澶勬姢鐞嗕繚鍏?4鏀,锟?75.00
妞嶇墿鑰€绱犮€愬畼鏂广€戞鐗╄€€绱犵钁″叞妞嶇墿鑰€绱犲嚌鑳堕湁鑿屾€х値濂虫€х澶勬姢鐞嗕繚鍏?绉佸娲楁恫200ml,锟?15.00
閲戠敓鍫傜棻瀛愮矇绉佸 鐖借韩绮夊紓鍛冲洓瀛ｉ€氱敤鐑棻绮夋竻鍑夌埥鑲ゅ瀷鐢峰コ 鐖借韩绮?鐡?绮夋墤,锟?2.21
绁栭儙涓ぉ鐒剁～纾鸿蒋鑶忕～纾轰钩鑶忕毊鑲ょ槞鐥掓疆婀挎姂鑿岃垝鐖芥鐗╄崏鏈簿鍗庣敺濂崇敤 30鍏?鐡躲€愮枟绋嬭銆?锟?8.00,
绁栭儙涓ぉ鐒剁～纾鸿蒋鑶忕～纾轰钩鑶忕毊鑲ょ槞鐥掓疆婀挎姂鑿岃垝鐖芥鐗╄崏鏈簿鍗庣敺濂崇敤 30鍏?鐡躲€愬ぇ浼楅€夋嫨瑁呫€?锟?8.00,
娌愬彂搴锋恫浣撴暦鏂欏ご鐨惀鍏绘礂鍙戞按娲楀墏B鍨?30ml 浼樿川鍙?涓€鐡?锟?5.00,
Cucciolo缇庡浗鍙よ瘲濂UCCIO鎶ゆ墜闇滃コ婊嬫鼎淇濇箍澶忓涓嶆补鑵昏ˉ姘寸櫧缇庡 鐗涘ザ铚滅硸42g,锟?5.00
,
姘翠箣钄荤敺澹劚姣涜啅120g濂宠厠涓嬪叏韬澶勬瘮鍩哄凹绾胯吙姣涙墜鑷傚攪閮ㄦ睏姣涘洓鑲㈤櫎姣?170g锛嬩慨鎶や钩+鍒澘,锟?56.00
钑炬槀鑾憋紙LEXONLY锛夐娓┈绁栭緳棣欐按娌愭荡闇查鍛虫寔涔呯暀棣欏皬鏃剁敺濂抽€氱敤娓呯埥瀹跺涵瑁呭ぇ鐡?娌愭荡闇?00mL*2鐡?锟?15.20,
钑炬槀鑾憋紙LEXONLY锛夐娓┈绁栭緳棣欐按娌愭荡闇查鍛虫寔涔呯暀棣欏皬鏃剁敺濂抽€氱敤娓呯埥瀹跺涵瑁呭ぇ鐡?娲楀彂姘?00mL,锟?1.20
鑰佺敯鍧婂鐖藉噣鎶戣弻涔宠啅15g鐢峰コ澶栫敤闃寸澶勮蒋鑶?15g/鐩掋€?鐩掕銆?锟?0.00,
浣虫湕 瀹跺涵瑁呭ぇ鐡舵矏娴撮湶涔虫恫鍙ら緳鎸佷箙鐣欓鍐扮埥娓呭噳钖拌。鑽夌敺濂崇敤濂楄 鐜懓棣欐皼2L,锟?8.00
鍔涘＋娌愭荡闇叉俯鍜屾粙鍏绘竻娲佹鼎鑲ゆ粙娑﹀懙鎶よˉ姘翠繚婀挎矏娴撮湶鐢峰コ澹?20g 鍔涘＋娌愭荡鎭掍箙瀚╄偆980g,锟?1.99
瀹夊疂绗涢煩鍥借繘鍙G ON棣欐按韬綋涔充繚婀挎粙娑?棣欎綋鐢峰コ澹鼎鑲や钩娓呯埥鍏ㄨ韩 涓夌摱瑁咃紙绱壊+绮夎壊+榛勮壊锛?锟?39.00,
銆愬搴ぇ鐡惰銆戦煩濠靛搴鐗涘ザ娌愭荡闇?00ml 琛ユ按淇濇箍婊嬪吇鑲岃偆鐢峰コ 鎺ㄨ崘锛?.6鏂ゅ搴800ml,锟?9.80
,
"鐖卞績涓滀笢	
寰＄伒鑺辩櫧椴滆啅鐧芥枒榛戣壊绱犵槞鐥掕啅澶栫敤鐢峰コ閫氱敤 1鐩掕 /30g",锟?9.00
,
闊╀鸡缇庣窘鐑熼叞鑳虹墮鑶忔贰鍖栭粍鍘绘笉鑷竻鏂扮墮鑶忕敺濂抽€氱敤 銆愬畼鏂广€戝叏鏂版璇曠敤娆?锟?9.90,
,
鑼冩吵杈帮紙fanyongchen锛夋捣鐩愰櫎铻ㄦ矏娴撮湶姘ㄥ熀閰告寔涔呯暀棣欐帶娌规鐥掔敺濂冲＋娌愭荡涔虫礂鍙戞按浜屽悎涓€ 銆愪拱1-閫?銆戞捣鐩愭矏娴撮湶2000瀹归噺 銆愭硶鍥借繘鍙ｆ捣鐩愩€戦櫎铻ㄧ巼99.9%,锟?7.90
鑼冩吵杈帮紙fanyongchen锛夋捣鐩愰櫎铻ㄦ矏娴撮湶姘ㄥ熀閰告寔涔呯暀棣欐帶娌规鐥掔敺濂冲＋娌愭荡涔虫礂鍙戞按浜屽悎涓€ 銆愬崟鐡惰銆戞捣鐩愭矏娴撮湶1000瀹归噺 銆愭硶鍥借繘鍙ｆ捣鐩愩€戦櫎铻ㄧ巼99.9%,锟?4.90
闊╀鸡缇庣窘鐑熼叞鑳虹墮鑶忔贰鍖栭粍鍘绘笉鑷竻鏂扮墮鑶忕敺濂抽€氱敤 銆愬畼鏂广€戝叏鏂板崌绾т笁鏀疄鎯犺,锟?9.90
,
鍚嶆瓕娴极娌愭荡闇插ぇ瀹归噺瀹跺涵鐗堥姘涙寔涔呯暀棣欑敺濂抽€氱敤鑸掔紦鑲岃偆 800ml鍚嶆瓕棣欐皼缇庤倢娌愭荡闇诧紙娴极棣欐皼锛?锟?6.80,
鐜夊叞娌癸紙OLAY)B3鐑熼叞鑳洪姘涜姳婕炬矏娴撮湶550ml娌愭荡涔虫矏娴存恫灏忚姳鐡剁敺濂冲＋閫氱敤 闆ㄥ悗鑼夎帀(涓滄柟鐧借寜鑾?缁胯尪棣欐皼),锟?5.90
鍔涘＋娌愭荡闇?骞借幉榄呰偆娌愭荡娑蹭钩鎸佷箙鐣欓鐢峰コ澹€氱敤澶у閲忓搴 骞借幉榄呰偆350g*1銆愪綋楠岃銆?锟?0.90,
鍔涘＋娌愭荡闇?骞借幉榄呰偆娌愭荡娑蹭钩鎸佷箙鐣欓鐢峰コ澹€氱敤澶у閲忓搴 骞借幉榄呰偆1kg*1鐡?锟?2.90,
鍔涘＋娌愭荡闇?骞借幉榄呰偆娌愭荡娑蹭钩鎸佷箙鐣欓鐢峰コ澹€氱敤澶у閲忓搴 骞借幉榄呰偆1kg*1+350g*1,锟?5.50
coco娌愭荡闇查姘村懗鎸佷箙鐣欓鐢峰コ澹繚婀挎粙娑﹂浣撳搴澶у閲忔矏娴存恫 鍘诲睉鎺ф补娲楀彂姘?00ml+娌愭荡闇?00ml,锟?4.00
鏃剁弽涓栧閲戠郴鍒楀畼缃戜笓鏌滄椂鐝嶄笘瀹舵瘺鐐庡畞娑插か瀵嗙爜鎶戣弻娑茬敺濂抽€氱敤 銆愪拱2+1銆?鐡跺懆鏈熻姣涚値瀹佹恫,锟?38.00
鑹插濞滃紩姘寸帇浜鎮﹀コ鎬т笓鐢ㄥ偓鍧桮鎰烶鍠峰厤娲楀彲I鑸擨濂崇敤绉両澶勬浘I寮篒鏁廔鎰?[澶氶噸鍧楁劅鏇惧己]鍚稿す鐜嬬儹鏁㈤珮鏈?锟?20.00,
鑸掕暰鐗涘ザ姘村娑︽粦娌愭荡闇叉礂婢℃棤鐨傚熀鐣欓娓呯埥鍨嬬敺澹コ澹€氱敤瀛︾敓瀹跺涵瑁?1000ml脳2鐡?锟?2.50,
闊╁┑鐗涘ザ娌愭荡闇查姘翠箙鎸佺暀棣欏搴澶у閲忕敺濂抽姘涙粙娑︿繚婀挎矏娴翠钩 娌愭荡闇?00ml+娲楅潰濂?00g,锟?9.00
,
闊╁┑鐗涘ザ娌愭荡闇查姘翠箙鎸佺暀棣欏搴澶у閲忕敺濂抽姘涙粙娑︿繚婀挎矏娴翠钩 1鐡舵矏娴撮湶(涓嶈禒閫?,锟?7.00
,
杩彶濞滈鑽夌簿娌规矏娴撮湶淇濇箍娑﹀吇婊嬪吇琛ユ按淇濇箍琛ユ按鐣欓姘寸敺濂冲＋涔虫恫瀹跺涵瑁?棣欒崏绮炬补娑﹀吇娌愭荡闇?00ml,锟?5.00
闊╁┑鐗涘ザ娌愭荡闇查姘翠箙鎸佺暀棣欏搴澶у閲忕敺濂抽姘涙粙娑︿繚婀挎矏娴翠钩 娲楀彂闇?00ml+娌愭荡闇?00ml,锟?9.00
,
浣版潫娓呮磥闇滄繁灞傛竻娲佹瘺瀛旀寜鎽╄啅 闈㈤儴娓呮磥鑶忚垝娑﹀钩琛℃磥鑲や钩闇滅敺濂冲＋ 鑸掓鼎骞宠　鎸夋懇鑶?0g*5鐩?锟?9.90,
绁栭儙涓～纾鸿蒋鑶?0%娴撳害鐤?鐤粨鑺傜枼铻ㄨ櫕闃村泭鐤欑槱婀跨棁鐤圭毊鑲ょ槞鐥掓鐢峰コ 20g3鐡?鍚噺20%),锟?5.00
鑹句簯杩€愰姘寸増鐣欓銆戞矏娴撮湶鐢峰コ閫氱敤淇濇箍琛ユ按瀛︾敓娲楀彂姘村瑁呮矏娴存恫娓呯埥 銆愭礂鎶ゃ€戞粙娑︽礂鍙戞按+鎶ゅ彂绱?500ml,锟?8.90
"鐖卞績涓滀笢	
閬囪棣欒姮 姘存潹閰告皑鍩洪吀娌愭荡闇茬殏鐣欓鑳岄儴鍑€鐥橀姘村瀷鐢峰コ閫氱敤 姘存潹閰告€ф矏娴撮湶355ml 2鐡?,锟?08.00
娼橀洩鐟炲＋鐧捐姳棣欒柊娌愭荡闇叉寔涔呯暀棣欑敺濂抽€氱敤澶х摱瀹跺涵瑁?娴极鎯呮€€娌愭荡闇?00ML,锟?5.80
娣樼背姘村瑁呮矏娴撮湶娓呯埥绔嬬編涓濈敺濂抽€氱敤 銆愪紭鎯犺銆戞礂鍙戞按+娌愭荡闇?鎶ゅ彂绱? 娣樼背棣?800ml/鐡?锟?9.00
鑸掕偆浣?绁涚棙娌愭荡闇叉按鏉ㄩ吀娓呯埥鍘绘补娓╁拰鐢峰コ娲楁尽鍚庤儗绁涚棙娌愭荡涔?绉洩鑽?60ml*2鐡?锟?3.00
鑸掕偆浣?绁涚棙娌愭荡闇叉按鏉ㄩ吀娓呯埥鍘绘补娓╁拰鐢峰コ娲楁尽鍚庤儗绁涚棙娌愭荡涔?绉洩鑽?60ml*3鐡?锟?18.00
鑸掕偆浣?绁涚棙娌愭荡闇叉按鏉ㄩ吀娓呯埥鍘绘补娓╁拰鐢峰コ娲楁尽鍚庤儗绁涚棙娌愭荡涔?绉洩鑽?60ml+绁涚棙鐨?08g,锟?7.00
鑸掕偆浣?绁涚棙娌愭荡闇叉按鏉ㄩ吀娓呯埥鍘绘补娓╁拰鐢峰コ娲楁尽鍚庤儗绁涚棙娌愭荡涔?绉洩鑽?60ml+绾㈢煶姒寸殏,锟?3.00
鑸掕偆浣?绁涚棙娌愭荡闇叉按鏉ㄩ吀娓呯埥鍘绘补娓╁拰鐢峰コ娲楁尽鍚庤儗绁涚棙娌愭荡涔?绉洩鑽?60ml+灞辫尪鑺?40g,锟?9.00
娣樼背姘村瑁呮矏娴撮湶娓呯埥绔嬬編涓濈敺濂抽€氱敤 銆愪紭鎯犺銆戞礂鍙戞按+娌愭荡闇? 娣樼背棣?800ml/鐡?锟?9.00
COCOSILIYAcoco娌愭荡闇叉寔涔呯暀棣欏皬鏃剁敺濂抽€氱敤棣欎綋娑﹁偆棣欐按娌愭荡闇插瑁?娌愭荡闇?00ml銆愰厤娴寸悆銆?锟?0.00
涓囧崈缇庣帿鐟扮函闇查姘磋姳鐡ｆ矏娴撮湶娓呯埥鎺ф补濞囧涓濇粦鎸佷箙鐣欓缇庤倢鐢峰コ娌愭荡闇?濞囪晩瀵嗘鼎鑺辩摚娌愭荡闇?1000ml,锟?09.00
涓囧崈缇庣帿鐟扮函闇查姘磋姳鐡ｆ矏娴撮湶娓呯埥鎺ф补濞囧涓濇粦鎸佷箙鐣欓缇庤倢鐢峰コ娌愭荡闇?娆㈡瞾姘存鼎鑺辩摚娌愭荡闇?1000ml,锟?09.00
涓囧崈缇庣帿鐟扮函闇查姘磋姳鐡ｆ矏娴撮湶娓呯埥鎺ф补濞囧涓濇粦鎸佷箙鐣欓缇庤倢鐢峰コ娌愭荡闇?鎭潤鑸掔紦鑺辩摚娌愭荡闇?1000ml,锟?09.00
鐖卞績涓滀笢	",
,
"婢充笣锛圓USSIE锛夌敺濂虫€ф寜鎽╃簿娌规儏渚ｅ厤娲楁鼎婊戜汉浣撴鼎鑲ゆ补绉佸瘑spa韬綋涔?440ml""",锟?5.41
"鐖卞績涓滀笢	
婢充笣锛圓USSIE锛夌敺濂虫€ф寜鎽╃簿娌规儏渚ｅ厤娲楁鼎婊戜汉浣撴鼎鑲ゆ补绉佸瘑spa韬綋涔?220ml",锟?0.21
鐧捐禌鐏点€愬畼鏂广€戠櫨璧涚伒璐村濂充腑鑰佸勾鍜冲椊鎵撳柗鍤忛仐灏胯创鍎跨鑰佷汉鍘嬪姏鎬уけ绂?3鐩?锟?16.00,
闃块亾澶?鎱曟柉娌愭荡闇?00g 棣欐按娉℃搏鎸佷箙鐣欓鐢峰コ閫氱敤 闃块亾澶厱鏂矏娴撮湶*2,锟?0.00
闃块亾澶?鎱曟柉娌愭荡闇?00g 棣欐按娉℃搏鎸佷箙鐣欓鐢峰コ閫氱敤 闃块亾澶姢鍙戠礌260鍏嬶紙鐒楁补瀹濓級,锟?6.00
璇虹壒姘ㄥ熀閰稿噣鐖戒繚婀挎矏娴翠钩瀹跺涵瑁呭ぇ瀹归噺娓╁拰鐢峰コ澹矏娴撮湶 杩彶濞滆鐗规皑鍩洪吀鍑€鐖芥矏娴撮湶600ml,锟?9.00
鎷夎姵 lovefun 鑺遍娑﹁偆娌愭荡闇茶惀鍏诲婊戝搴娌愭荡涔崇敺濂抽€氱敤鑺遍娌愭荡闇茬帿鐟拌柊琛ｈ崏棣欐按鑽疯姳绮惧崕 鍐板噳鑸掔埥 900g,锟?9.80
鎷夎姵 lovefun 鑺遍娑﹁偆娌愭荡闇茶惀鍏诲婊戝搴娌愭荡涔崇敺濂抽€氱敤鑺遍娌愭荡闇茬帿鐟拌柊琛ｈ崏棣欐按鑽疯姳绮惧崕 钀ュ吇瀚╂粦 2kg,锟?6.80
鎷夎姵 lovefun 鑺遍娑﹁偆娌愭荡闇茶惀鍏诲婊戝搴娌愭荡涔崇敺濂抽€氱敤鑺遍娌愭荡闇茬帿鐟拌柊琛ｈ崏棣欐按鑽疯姳绮惧崕 姘存鼎淇濇箍 900g,锟?9.80
鑸掕偆浣虫矏娴撮湶钖拌。鑽夎垝缂撳懙鎶ゅ瀷鐣欓韬綋娓呮磥娌愭荡涔虫柟渚挎惡甯﹀ぇ鐡剁敺濂抽€氱敤 720g,锟?1.90
FA鑺辩墝姝㈡睏闇瞝璧扮彔棣欐按鍠烽浘鐢峰コ閫氱敤鍑鸿 鐜附鑺辫150g 鐜附鑺辫150g(鍠烽浘) 2鐡?锟?0.00,
FA鑺辩墝姝㈡睏闇瞝璧扮彔棣欐按鍠烽浘鐢峰コ閫氱敤鍑鸿 鐜附鑺辫150g 鑷劧娓呴€?50(鍠烽浘) 1鐡?锟?0.00,
FA鑺辩墝姝㈡睏闇瞝璧扮彔棣欐按鍠烽浘鐢峰コ閫氱敤鍑鸿 鐜附鑺辫150g 娣￠泤缁胯尪150g(鍠烽浘) 1鐡?锟?0.00,
FA鑺辩墝姝㈡睏闇瞝璧扮彔棣欐按鍠烽浘鐢峰コ閫氱敤鍑鸿 鐜附鑺辫150g 娣￠泤缁胯尪150g(鍠烽浘) 3鐡?锟?28.00,
FA鑺辩墝姝㈡睏闇瞝璧扮彔棣欐按鍠烽浘鐢峰コ閫氱敤鍑鸿 鐜附鑺辫150g 娓呴浜氶夯150[鍠烽浘] 1鐡?锟?0.00,
AFSA銆愬畼鏂广€慉FSA杞啅绁涚棙鍗板嚌鑳朵慨鎶よ剛婧㈡€х棙鍗伴粦绾㈢棙鍗伴潚鏄ョ棙鍗扮敺濂?1鏀,锟?12.10
AFSA銆愬畼鏂广€慉FSA杞啅绁涚棙鍗板嚌鑳朵慨鎶よ剛婧㈡€х棙鍗伴粦绾㈢棙鍗伴潚鏄ョ棙鍗扮敺濂?2鏀,锟?29.00
coco棣欐按娌愭荡闇叉礂鎶ゆ矏濂楄鐢峰コ閫氱敤鐣欓鍏ㄨ韩棣欎綋瀹跺涵瑁呭ぇ瀹归噺 娲楀彂姘?鎶ゅ彂绱?800ml,锟?8.00
銆愮簿閫変紭鍝併€戠櫧鐪夋瘺鏌撻粦闃叉按澶氳壊銆傜櫧鐪夋瘺鏌撻粦鍓傜湁姣涙煋鑶忔煋鐪夎啅鐢峰コ鏌撶湁姣涚殑鏌撹壊鍓?妫曡壊 銆愭祦琛岃壊銆?10ml,锟?2.06
闅嗗姏濂囩墰濂舵矏娴撮湶鎸佷箙鐣欓婊嬫鼎淇濇箍琛ユ按娌愭荡涔虫恫鐢峰コ澹€氱敤瀹跺涵瑁?鐗涘ザ娌愭荡闇?1鐡?娴寸悆,锟?9.90
鑸掕偆浣宠タ鏌氭竻鐖芥矏娴撮湶鐣欓澶х摱瀹跺涵瑁呯敺濂抽€氱敤婊嬫鼎娌愭荡涔抽暱鏁堜繚鎶ゆ矏娴存恫 鐨?00g,锟?.90
涓夊浗绁炲尰鎶戣弻涔宠啅鑽夋湰鐨偆澶栫敤鎴愪汉鐢峰コ杞啅 鎵嬭剼澶ц吙鍐呬晶鑴辩毊韬綋婀跨槞鐥?涓€鐩掕,锟?0.50
闅嗗姏濂囩墰濂舵矏娴撮湶鎸佷箙鐣欓婊嬫鼎淇濇箍琛ユ按娌愭荡涔虫恫鐢峰コ澹€氱敤瀹跺涵瑁?娓呭噳娌愭荡闇?1鐡?娴寸悆,锟?9.90
鏍煎皵鍗″凹5鍙稢OCO棣欐按娌愭荡闇?2灏忔椂鎸佷箙鐣欓娓呯埥淇濇箍婊嬫鼎鐢峰コ澹浣撴矏娴翠钩 棣欐皼娑﹁偆娌愭荡闇?00ML,锟?8.00
绉﹁叮鐨偆澶栫敤澶栭槾绉佸闃村泭鑲涢棬濂崇敺澹?椤借姍瀹?锟?19.00,
鐙埍閲戠矇璐规礇钂欓姘寸簿瑁呯増 鐢风敤濂崇敤棣欐按 鐙埍妗冪矇濂冲＋棣欐按29.5l,锟?6.15
,
闃垮師锛圷UAN锛夎壘鑽夌殏鎵嬪伐鐨傛磥闈㈡礂鑴告礂婢℃繁灞傛竻娲佹帶娌规粙娑︽鐗╃簿娌归鐨傜敺濂?鑹捐崏鐨?锟?5.75,
闊╄姯鑾庯紙HANBASHA锛夋悡娉ュ疂鑶忓叏韬竻娲佸幓瑙掕川鍘绘鐨敺濂崇暀棣欐悡婢℃荡瀹濇车澶存 (姘磋湝妗? 1鐡秅 1鐡?锟?9.00,
,
钀冭瘲姊碉紙CUISHIFAN锛夌～纾洪櫎铻ㄦ恫浣撻鐨傜～纾洪櫎铻ㄦ矏娴撮湶纭：闄よ灗铏棙鐥樻矏娴撮湶鐢峰コ澹鐢?1鐡惰銆愰櫎铻ㄤ綋楠屻€?锟?9.00,
閲婁簳濡囩鎶戣弻鍑濊兌绉佸姘存鼎绱ц嚧淇姢绉佸瘑鍑濊兌闃撮亾濂虫€ф姢鐞嗕骇鍚庝繚鍏?12绮?鐩?锟?03.00,
鑸掕偆浣虫矏娴撮湶娓╁拰娓呮磥闀挎晥淇濇姢鐢峰コ閫氱敤婊嬫鼎娌愭荡涔冲ぇ鐡跺搴娌愭荡娑茬暀棣?绾櫧950g*2鐡?锟?5.80,
鍚嶆瓕娴极娌愭荡闇查瓍鍔涘噳鐖界敺濂冲＋瀹跺涵婊嬫鼎淇濇箍琛ユ按鎺ф补娓呴泤鐣欓 榄呭姏棣欐皼娌愭荡闇?300M,锟?6.50
鑸掕偆浣虫矏娴撮湶娓╁拰娓呮磥闀挎晥淇濇姢鐢峰コ閫氱敤婊嬫鼎娌愭荡涔冲ぇ鐡跺搴娌愭荡娑茬暀棣?绾櫧娓呴200g*2鐡?锟?2.90,
鑸掕偆浣虫矏娴撮湶娓╁拰娓呮磥闀挎晥淇濇姢鐢峰コ閫氱敤婊嬫鼎娌愭荡涔冲ぇ鐡跺搴娌愭荡娑茬暀棣?绾櫧娓呴400g*2鐡?锟?5.90,
鑸掕偆浣虫矏娴撮湶娓╁拰娓呮磥闀挎晥淇濇姢鐢峰コ閫氱敤婊嬫鼎娌愭荡涔冲ぇ鐡跺搴娌愭荡娑茬暀棣?680g绾櫧+680g钖拌。鑽?锟?8.90,
鑸掕偆浣虫矏娴撮湶娓╁拰娓呮磥闀挎晥淇濇姢鐢峰コ閫氱敤婊嬫鼎娌愭荡涔冲ぇ鐡跺搴娌愭荡娑茬暀棣?灞辫尪鑺卞暙鍠?40ml(瓒呭€?,锟?9.90
鍏嬫礇鎬濊湝锛圕LOSEKISS锛塩k娌愭荡闇插痉鍥介姘存矏娴撮湶鐣欓鐢峰コ澹幓灞戞鐥掓帶娌?鐭㈣溅鑿婅垝缂撴矏娴撮湶750mL,锟?0.00
鍏嬫礇鎬濊湝锛圕LOSEKISS锛塩k娌愭荡闇插痉鍥介姘存矏娴撮湶鐣欓鐢峰コ澹幓灞戞鐥掓帶娌?杩疯凯棣欑剷鑲ゆ矏娴撮湶750mL,锟?9.63
鑸掕偆浣虫帓娴婃矏娴撮湶灞辫尪鑺辨竻娲佹瘺瀛旀煍鎶ら姘涚暀棣欏コ娉℃搏鍟柋瀹跺涵瑁呮矏娴翠钩娑?娉℃搏娌愭荡闇?00ml+棣欑殏100鍏?锟?0.90,
鑸掕偆浣虫帓娴婃矏娴撮湶灞辫尪鑺辨竻娲佹瘺瀛旀煍鎶ら姘涚暀棣欏コ娉℃搏鍟柋瀹跺涵瑁呮矏娴翠钩娑?2绾㈢煶姒?1灞辫尪鑺?100g*3鍧楄),锟?3.90
KAIZINI鍑Э濡€?浠?浠?9銆戝北鑼惰姳绾㈢煶姒存矏娴撮湶鐢峰コ閫氱敤鎸佷箙鐣欓绾?2灏忔椂瀹跺涵瑁?绾㈢煶姒?灞辫尪鑺辨矏娴撮湶銆愬叡2鐡惰銆?锟?9.00,
COCOSILIYACOCO娌愭荡闇查姘存寔涔呯暀棣?2灏忔椂鐢峰コ閫氱敤澶х摱瀹跺涵瑁? 娑﹁偆娌愭荡闇?00ML+銆?涓荡鐞冦€?COCO棣欐皼瀹跺涵瑁呭ぇ瀹归噺,锟?5.00
,
COCOSILIYACOCO娌愭荡闇查姘存寔涔呯暀棣?2灏忔椂鐢峰コ閫氱敤澶х摱瀹跺涵瑁? 娑﹁偆娌愭荡闇?600ML+銆?涓荡鐞冦€?COCO棣欐皼瀹跺涵瑁呭ぇ瀹归噺,锟?15.00
,
鑸掕偆浣虫帓娴婃矏娴撮湶灞辫尪鑺辨竻娲佹瘺瀛旀煍鎶ら姘涚暀棣欏コ娉℃搏鍟柋瀹跺涵瑁呮矏娴翠钩娑?鍟柋灞辫尪鑺辨矏娴撮湶540ml(瓒呭€?,锟?9.90
鑸掕偆浣崇棙鑲屾磥鎶ゆ矏娴撮湶540ml(绁涚棙鎺ф补 鐥樿倢娲佹姢 鐢峰＋濂冲＋閫氱敤锛?鐧借尪540ml,锟?4.90
閮佺編鍑€    韬綋涔冲コ澹姘村瀷鐣欓鍏ㄨ韩娑﹁偆闇蹭繚婀胯ˉ姘寸鍐粙娑︾敺澹?娴村悗涔虫恫*3鐡?锟?9.90,
鍏娌愭荡闇?鍐扮墖娓呭噳澶忓鑺﹁崯鐢峰コ閫氱敤缁胯尪娓呭噳娌愭荡涔虫槗鍐叉礂澶х摱瑁?缁胯尪鐢樿崏  娌愭荡闇?000ml 娌愭荡鐞?锟?7.80,
鍏娌愭荡闇?鍐扮墖娓呭噳澶忓鑺﹁崯鐢峰コ閫氱敤缁胯尪娓呭噳娌愭荡涔虫槗鍐叉礂澶х摱瑁?閾惰€崇櫧鑼嫇娌愭荡闇?500ml 娌愭荡鐞?锟?2.80,
褰㈣薄缇庡幓灞戞礂鍙戞按鑹捐崏娲楀彂姘村幓灞戞鐥掓帶娌归櫎铻ㄦ粙鍏诲コ涓撶敤鍘诲ご鐨睉娲楀彂闇?鑹捐崏娲楀彂姘?锟?3.09,
寤哄姛绔嬩笟銆愭棗鑸颁紭閫夈€戞ū鑺辨姢鎵嬮湝婊嬫鼎淇濇箍鐢峰コ澹鍐闃插共瑁傝ˉ姘村 妯辫姳鎶ゆ墜闇?00g*2,锟?7.55
,
婊″┓锛圡ANTING锛夋鏋滄矏娴撮湶500ml娣卞眰娓呮磥鍚庤儗鐢峰コ澹寔涔呯暀棣欐矏娴存恫  妫曟灉绮惧崕娌愭荡闇?00ml*2鐡?锟?2.60,
OPOSi2023鏂版spa鎸夋懇绮炬补鍏ㄨ韩绉佸娌圭敺濂虫帹娌圭帿鐟版补鎯呬荆韬?200ml,锟?79.00
HOMILLIM绮炬补鎸夋懇鍏ㄨ韩绉佸鐢峰コ鍏嶆礂韬綋閫氱粡缁滃紑鑳屾帹鑳屾儏渚ｇ瀵嗗鎺ㄦ补 涓夌摱瑁?锟?58.00,
"鐖卞績涓滀笢	
鑹炬柉杩凤紙ACEMISS锛塧cemiss 鑹炬柉杩锋矏娴撮湶韬綋鏋滈涔崇儫閰拌兒鍏ㄨ韩淇濇箍婊嬫鼎绉嬪コ鎸佷箙鐣欓 鑹炬柉杩烽浣撲钩180ml 180ml",锟?5.00
閭规鼎瀹変簯鍗楃湡鑿岀帇鑶忔柇鐥掕啅鑻楀尰绉樻柟鐢峰コ鐨偆鐦欑棐閫氱敤娓呮磥鎶ょ悊 20g涓€鐩?锟?9.90,
,
璁扮紭鍫傜櫧鑲ょ編绁涚棙鑶忎慨澶嶇矇鍒虹敺濂冲鐢熷幓璞嗚眴闈掓槬鐥樹笂鐏棙鏉€鑿岄櫎铻ㄨ灗 1鐡讹紙鑴镐笂灏戦噺鐥樼棙锛?锟?5.10,
鑸掑缇庣揣I娑︿腹娑插コ鎬хI瀵咺鎶鐞嗕骇鍝佸幓寮傚懗绉佸瘑鑳跺泭绉佸淇濆吇绱娑︽姂鑿?宸╁浐瑁呫€愬叡40绮掋€?4绮掕瘯鐢?锟?76.00,
淇娆ц垝shu涓硅韩浣撲钩鐧芥ū鑺辨鼎鑲ら湶琛ユ按淇濇箍婊嬫鼎韬綋闇滃コ澹?鐢滆湝妯辫姳娑﹁偆闇?00ml,锟?68.00
淇娆ц垝shu涓硅韩浣撲钩鐧芥ū鑺辨鼎鑲ら湶琛ユ按淇濇箍婊嬫鼎韬綋闇滃コ澹?鐢滆湝妯辫姳娑﹁偆闇?50ml,锟?48.00
KONO灏弅娲楀彂姘磌0n0鎶栭煶鍚屾鎶ゅ彂绱犳煍椤烘帶娌瑰幓澶村睉娌愭荡闇叉礂鎶ゅ瑁呯敺濂?灏廗娲楀彂姘?00ml,锟?1.00
KONO灏弅娲楀彂姘磌0n0鎶栭煶鍚屾鎶ゅ彂绱犳煍椤烘帶娌瑰幓澶村睉娌愭荡闇叉礂鎶ゅ瑁呯敺濂?灏廗娌愭荡闇?00ml,锟?1.00
KONO灏弅娲楀彂姘磌0n0鎶栭煶鍚屾鎶ゅ彂绱犳煍椤烘帶娌瑰幓澶村睉娌愭荡闇叉礂鎶ゅ瑁呯敺濂?灏廗鎶ゅ彂绱?00ml,锟?1.00
KONO灏弅娲楀彂姘磌0n0鎶栭煶鍚屾鎶ゅ彂绱犳煍椤烘帶娌瑰幓澶村睉娌愭荡闇叉礂鎶ゅ瑁呯敺濂?灏廗娲楀彂姘?娌愭荡闇?锟?8.00,
KONO灏弅娲楀彂姘磌0n0鎶栭煶鍚屾鎶ゅ彂绱犳煍椤烘帶娌瑰幓澶村睉娌愭荡闇叉礂鎶ゅ瑁呯敺濂?灏廗娲楀彂姘?鎶ゅ彂绱?锟?0.00,
灏婅摑锛圥RIME BLUE锛夊皧钃濇矏娴撮湶鐢峰＋涓撶敤鎸佷箙鐣欓娓呮柊鏂╁コ鍙ら緳棣欐按娲楀彂姘存恫鑶忓瑁?銆?鐡?瀹跺涵瑁呫€?500ml,锟?38.00
灏婅摑锛圥RIME BLUE锛夊皧钃濇矏娴撮湶鐢峰＋涓撶敤鎸佷箙鐣欓娓呮柊鏂╁コ鍙ら緳棣欐按娲楀彂姘存恫鑶忓瑁?鍙ら緳棣欐矏娴撮湶+鍙ら緳棣欐礂鍙戞按 500ml,锟?38.00
灏婅摑锛圥RIME BLUE锛夊皧钃濇矏娴撮湶鐢峰＋涓撶敤鎸佷箙鐣欓娓呮柊鏂╁コ鍙ら緳棣欐按娲楀彂姘存恫鑶忓瑁?娴锋磱棣欐矏娴撮湶+鍙ら緳棣欐礂鍙戞按 500ml,锟?38.00
灏婅摑锛圥RIME BLUE锛夊皧钃濇矏娴撮湶鐢峰＋涓撶敤鎸佷箙鐣欓娓呮柊鏂╁コ鍙ら緳棣欐按娲楀彂姘存恫鑶忓瑁?娴锋磱棣欐矏娴撮湶+娴锋磱棣欐礂鍙戞按 500ml,锟?38.00
濮氭湰浠佸鏈粊 纭：杞啅涓囪豹鎶戣弻涔宠啅 鎴愪汉鐢峰コ鐨偆澶栫敤浜у搧 20鍏?## 3鐩?1鐩?锟?6.00,
閬块娓崏鏈姂鑿屼钩鑶忔垚浜虹敺濂崇毊鑲ゅ鐢ㄨ蒋鑶? 鎵嬭剼澶ц吙鍐呬晶鑴辩毊韬綋婀跨槞鐥?[鍒版墜1鐩抅,锟?4.00
娓増婢冲疂800ml娴锋磱娌愭荡闇叉竻鐖戒繚婀胯ˉ姘撮浣撶敺濂冲＋閫氱敤娌愭荡涔?1鐡惰 800ml娲诲姏娴锋磱娌愭荡闇?锟?9.90,
鍚嶆瓕閲戦摱鑺辫寜鑾夋竻鍑夋矏娴撮湶鑸掔埥婊嬫鼎淇濇箍琛ユ按娌愭荡涔冲鐢熺敺濂冲搴 鑼夎帀钖勮嵎娌愭荡闇?00ML,锟?9.90
杩彶濞滆嚮閲戣鎯戞氮婕鎭嬮姘涙矏娴撮湶鐣欓鍏ㄨ韩琛ユ按婊嬫鼎淇濇箍鐢峰コ澹搴 鑷婚噾娌愭荡闇?80ml锛堟柊鍖呰锛?锟?6.00,
"鐖卞績涓滀笢	
鏌忕紘鐜懓娑﹁偆琛ユ按娌愭荡闇插搴鐣欓娓呮磥鐢峰コ閫氱敤瀚╄偆娌愭荡涔虫恫 鐜懓绱ц嚧娌愭荡闇?50ml",锟?5.00
鏌忕紘灏忚媿鍏版矏娴撮湶娓呯埥婊嬫鼎琛ユ按淇濇箍瀚╄偆娓呮磥鐣欓澶у閲忓搴鐢峰コ澹?灏忚媿鍏扮編鑲岃垝鐖芥矏娴撮湶800ml,锟?9.00
姝屽€╄柊琛ｈ崏娌愭荡闇?L榄呭姏鑺遍鑸掔紦鐖借偆淇濇箍棣欐皼婊嬫鼎瀛︾敓鐢峰コ閫氱敤,锟?5.00
鍋ラ┌娴疯椈鑺﹁崯鎶戣弻鍑濊兌鎴愪汉鐢峰コ瀛︾敓鐨偆澶栫敤涔宠啅 闈掓槬鐥樺嵃鐥樺潙绮夊埡 鍒版墜涓€鐩掕,锟?2.00
涓扮尨绱犲コ娉界啓濡囧悍娉¤吘鑳跺泭缁檌绠筰鏉€绠樻i鐥掓礂娑蹭拱2+15+3,锟?50.00
,
鑼冩吵杈帮紙fanyongchen锛夋捣鐩愰櫎铻ㄦ矏娴撮湶姘ㄥ熀閰哥敺濂抽€氱敤鎸佷箙鐣欓娓呯埥淇濇箍鍏ㄨ韩鎺ф补娌愭荡涔?娴风洂娌愭荡闇层€愬璧犱竴鐡躲€戝叡2000ml,锟?2.80
淇鍙堕粍绱犳按鍑濊兌鐪肩僵鑶?鐢峰コ鑰佸皯閫氱敤鐤插姵鐢ㄧ溂鐪艰创姘村嚌鑳剁溂缃?涓夌洅瑁呭垵姝ヨ皟鐞?涔? 鍙?,锟?00.00
鑹插濞滃I濂冲亣I琛€鍚愯鑳跺泭浠跨湡鍋嘔琛€娴嗕激鏁堝褰辫琛€娴嗚惤绾㈢澶勮啘 鍥轰綋鍋嘔琛€+绱鑷存,锟?18.00
璇氭暚 鐜夊涵鑸掕啅 璨?璐?鐩掔毊鑲ゆ姂鑿岃蒋鑶忔垚浜虹敺濂冲＋鐜夊涵鑸掍钩鑶?鍙?鐩?鐜夊涵鑸?锟?8.00,
鑻楃帇鍙ゅ疂澶栭槾娓呮礂娑?5%纰抽吀姘㈤挔婧舵恫鍐呰￥濡囩敤鐢峰コ绉佸鍐叉礂灏忚嫃鎵撴按 2500ml,锟?1.00
璇氭暚 鐜夊涵鑸掕啅 璨?璐?鐩掔毊鑲ゆ姂鑿岃蒋鑶忔垚浜虹敺濂冲＋鐜夊涵鑸掍钩鑶?璨?璐?=鍙戣揣3鐩?鐜夊涵鑸?锟?6.00,
COCOSILIYA娌愭荡闇叉寔涔呯暀棣?2灏忔椂鍏ㄨ韩濂抽€氱敤棣欎綋娑﹁偆澶у閲忓搴 800ML鍘诲睉娲楀彂姘?娑﹁偆娌愭荡闇?锟?12.70,
,
銆愮簿閫夊ソ鍝併€戞悡娉ュ疂鍘昏璐ㄥ幓姝荤毊鍏ㄨ韩鐢峰コ閫氱敤娌愭荡闇叉悡娉ユ荡瀹濇悡娉?鐜懓+鑺﹁崯,锟?4.00
銆愮簿閫夊ソ鍝併€戞悡娉ュ疂鍘昏璐ㄥ幓姝荤毊鍏ㄨ韩鐢峰コ閫氱敤娌愭荡闇叉悡娉ユ荡瀹濇悡娉?鑺﹁崯2鐡惰,锟?4.00
銆愮簿閫夊ソ鍝併€戞悡娉ュ疂鍘昏璐ㄥ幓姝荤毊鍏ㄨ韩鐢峰コ閫氱敤娌愭荡闇叉悡娉ユ荡瀹濇悡娉?鐗涘ザ+鑺﹁崯,锟?4.00
銆愮簿閫夊ソ鍝併€戞悡娉ュ疂鍘昏璐ㄥ幓姝荤毊鍏ㄨ韩鐢峰コ閫氱敤娌愭荡闇叉悡娉ユ荡瀹濇悡娉?3鐡惰秴鍊艰,锟?7.00
銆愮簿閫夊ソ鍝併€戞悡娉ュ疂鍘昏璐ㄥ幓姝荤毊鍏ㄨ韩鐢峰コ閫氱敤娌愭荡闇叉悡娉ユ荡瀹濇悡娉?鍙ら緳+钖拌。鑽?锟?4.00,
OB鑹捐崏娲楀彂涔虫礂鎶ゅ瑁呮礂鍙戦湶娌愭荡闇茶暡鑹?娲楀彂姘?鐡?00ML,锟?29.80
,
鑹捐瘲 娌愭荡闇?濂崇敺娌愭荡娑查姘村啿鍑夋恫鐜懓鑺遍姘涙场娉℃荡婊嬫鼎淇濇箍娌愭荡涔?銆愬簵闀夸紭閫夈€戜紭闆呰姳棣?50ml,锟?1.00
娌愬敮浼婃悡娉ュ疂鐢峰コ鍏ㄨ韩瑙掕川鎼撴尽娉ユ尽鍫傛悡婢℃悡娉ユ荡瀹濇荡姹?400ml 2400ml 鐜懓,锟?6.00
鍞愯瘲鑷昏悆妗冩棣欐皼娌愭荡闇叉瞾棣欐竻娲佸噣浜婊戣倢鑲ゆ矏娴翠钩濂冲＋澶忓 妗冩娌愭荡闇?10g銆愪竴鐡惰銆?310ml,锟?26.00
鑻忓瓙娌愰蓟姣涜湣鎷旈蓟姣涚鍣ㄧ敺濂抽€氱敤绮橀蓟姣涜湣鑴遍蓟姣涜湝铚＄矘榧绘瘺铚￠粡姣涢蓟姣?20娆＄敤+澶熺敤涓€骞淬€愬甫鐩掕+閲忔澂銆?锟?2.00,
濡囩値娲佹箍绾稿肪鎴愪汉鏉€鑿屾秷姣掑崼鐢熺敺濂崇澶勫ぇ鍖呮箍宸炬竻娲佹€х敤鏃呰 1鍖?0鎶絒浣撻獙瑁匽,锟?.30
娌佽彶棰滐紙qinfeiyan锛夋瞾鑿查浜嬪悗鏄熺┖娌愭荡闇?缃戠孩棣欐皼娓呮櫒鐢峰コ鏄熺┖娴佹矙娌愭荡涔?400ml浜嬪悗鏄熺┖闅忔満娆?锟?2.90,
鍏銆愯倴鎴樺悓娆俱€戝啺鍑夎秴鐖芥矏娴撮湶1000ml(缂撹В鐐庣儹 娓呯埥涓嶆补鑵?鐢峰コ鐢? 銆愬啺鍑夎秴鐖姐€戞矏娴撮湶1L澶у閲? 1鐡?锟?0.96,
闅嗗姏濂囷紙LONGRICH锛? 纭：澶氭晥娌愭荡闇茬殏娑叉鐥掑幓铻ㄨ櫕鐢峰コ鍚庤儗鐥樼暀棣欎竴鐡?380mL 铔囪儐+纭：  闄よ灗姝㈢棐 380ml,锟?5.00
,
娑电惓瀵嗚灞辫尪鑺辨矏娴撮湶鎸佷箙鐣欓琛ユ按淇濇箍棣欐按鍨嬬敺濂冲＋娲楁姢濂楄瀹樻柟 灞辫尪鑺遍娌愭荡闇?50ml*1鐡?锟?3.90,
娑电惓瀵嗚灞辫尪鑺辨矏娴撮湶鎸佷箙鐣欓琛ユ按淇濇箍棣欐按鍨嬬敺濂冲＋娲楁姢濂楄瀹樻柟 灞辫尪鑺遍娌愭荡闇?50ml*2鐡?锟?9.90,
Shervy LarneCOCO棣欐按娌愭荡闇茬暀棣?2灏忚偆婊嬪吇浣撻鐢峰コ閫氱敤娲楀彂姘?銆愭鼎鑲ゆ粙鍏绘矏娴撮湶銆?鐡惰 COCO棣欐皼鐗?00ML(+娌愭荡鐞?,锟?9.00
鍏娌愭荡闇茶壘鍙跺仴鑲ゆ矏娴存恫娓呭噳姝㈢棐鏄撳啿娲楅姘涚敺濂抽€氱敤娲楁尽娑?750ml鑹惧彾鍋ヨ偆锛堟竻鍑夊瀷锛?锟?8.50,
"鐖卞績涓滀笢	
娌愬敮浼娿€愮簿閫変紭鍝併€戞悡娉ュ疂鍘昏璐ㄥ幓姝荤毊鍏ㄨ韩鐢峰コ閫氱敤娌愭荡闇叉悡娉ユ荡 鐜懓+鑺﹁崯",锟?0.30
"鐖卞績涓滀笢	
娌愬敮浼娿€愮簿閫変紭鍝併€戞悡娉ュ疂鍘昏璐ㄥ幓姝荤毊鍏ㄨ韩鐢峰コ閫氱敤娌愭荡闇叉悡娉ユ荡 鑺﹁崯1鐡?浣撻獙瑁?",锟?6.10
"鐖卞績涓滀笢	
娌愬敮浼娿€愮簿閫変紭鍝併€戞悡娉ュ疂鍘昏璐ㄥ幓姝荤毊鍏ㄨ韩鐢峰コ閫氱敤娌愭荡闇叉悡娉ユ荡 鐗涘ザ1鐡?浣撻獙瑁?",锟?3.00
"鐖卞績涓滀笢	
娌愬敮浼娿€愮簿閫変紭鍝併€戞悡娉ュ疂鍘昏璐ㄥ幓姝荤毊鍏ㄨ韩鐢峰コ閫氱敤娌愭荡闇叉悡娉ユ荡 鐜懓+钖拌。鑽?,锟?0.30
鍙偁鐒舵矏娴撮湶缇庤倢娌愭荡涔?50ML棣欐皼娌愭荡娑叉寔涔呯暀棣欏コ鐢峰搴绉?娆ｆ€″菇棣?绮夎壊浠欒崏),锟?5.00
鍙偁鐒舵矏娴撮湶缇庤倢娌愭荡涔?50ML棣欐皼娌愭荡娑叉寔涔呯暀棣欏コ鐢峰搴绉?鎭潤娓呴(钃濊壊棣欒崏),锟?5.00
HOMILLIM绉佸鎸夋懇绮炬补绉佸瘑绱ц嚧鍗靛发淇濆吇濂冲＋鏆杔瀹姢鐞嗘鼎婊戝コ鎬х瀵嗘寜鎽╂补 涓€鐡惰,锟?95.51
鍔涘＋锛圠UX锛夊姏澹矏娴撮湶骞借幉榄呰偆娌愭荡娑叉寔缁暀棣欑敺濂冲＋閫氱敤鏂拌€佸寘瑁呴殢鏈哄彂 鎭ｆ儏鏅氶1kg+娌愭荡鐞?锟?2.90
蹇冩磥娴烽┈棣欐按娌愭荡闇?2灏忔椂鐢峰コ棣欎綋鍏ㄨ韩瀹跺涵瑁呯暀棣?2000ml 2kg 娴烽┈棣欐按娌愭荡闇?kg,锟?1.00
鍙偁鐒舵矏娴撮湶澶ч粍鐡?50ml 缇庤倢棣欐皼婊嬫鼎淇濇箍 鐢峰コ閫氱敤棣欏懗鎸佷箙娌愭荡涔?缇庤倢娌愭荡闇诧紙鎭潤娓呴锛?锟?0.40
鍐呭环涓婄敤鑰抽儴绌翠綅璐村崡浜悓浠佸爞缁块噾瀹跺洯鑰宠创鐏电┐浣嶈创鐢峰コ閫氱敤鑰冲悍 5鐩掔枟绋嬭,锟?08.00
鎳胯姍缈庡洓浠ｅ嚌鑳剁敓鎬佸嚌鑳剁鎶ゅ嚌鑳跺コ鎬х澶勬姢鐞嗙淇濆吇妫掑コ閮庡嚌鑳?涓€鐩掋€?鏀€?锟?4.00
鐖卞績涓滀笢	",
,
鐖卞叞姝屽灞辫尪鑺辨矏娴撮湶鎸佷箙鐣欓涔虫恫棣欐皼娲楀彂姘村瑁呯敺濂冲＋閫氱敤 銆愪笁浠跺銆戞矏娴撮湶+娲楀彂姘?鎶ゅ彂绱?,锟?10.40
"鐖卞績涓滀笢	
鐖卞叞姝屽灞辫尪鑺辨矏娴撮湶鎸佷箙鐣欓涔虫恫棣欐皼娲楀彂姘村瑁呯敺濂冲＋閫氱敤 銆愭礂娌愮粍鍚堛€戞矏娴撮湶+闄よ灗娲楀彂姘?,锟?5.86
浼撼涔屽ア瀹犵編鑲ょ郴鍒楁按瑙ｈ兌鍘熻ˉ姘翠繚婀挎矏娴撮湶娉℃搏缁靛瘑娓╁拰娓呮磥鐢峰コ閫氱敤 銆?鐡惰銆戞按瑙ｈ兌鍘熸矏娴撮湶600g,锟?9.00
鎼暤鍏旈粦楦︾墖鐢峰コ澹姘磋嚜鐒舵贰棣欐皼鎯呬汉鑺傜敓濂崇50ml涓€鎵?鐡跺叾浠栬韩浣撴姢,锟?500.00
寮鸿壘鑹捐崏棰堟璐磋崏鏈嚜鍙戠儹鑴栧瓙鑹剧伕鑲╄叞閮ㄨ壘鑵拌创鍏ㄨ韩鍙敤涓€佸勾鐢峰コ澹?鑵版璐?鐩?12璐?,锟?9.90
榄呯偣MEIDIAN 鍥轰綋棣欒啅濂楃洅涔呯暀棣欏鐢熺敺濂冲＋澶嶅彜鍥烘€侀姘翠究鎼烘秱鎶瑰紡 缁勫悎濂楄銆愰摑鐩掕嫳鏂囥€?锟?8.00
灏婅摑搴风帇钁笟鑰佺墝瀛愪簯绮剧补娲楀彂姘存帶娌瑰幓灞戞鐥掑コ瀛︾敓鐣欓椤烘粦 婊嬫鼎椤烘粦浜戠簿绮规柊娆?400姣崌鍗曠摱瑁?锟?9.90
鍏娌愭荡闇叉粙娑︾埥鑲?鍚叚绁炲師娑叉矏娴翠钩鐢峰コ澹€氱敤娓呮柊鐣欓娌愭荡闇?娓呭噳鐖借偆娌愭荡闇?00ml*2,锟?4.90
鐖卞績涓滀笢	",
,
钂插湴钃濇矏娴撮湶鍋ュ悍鐞嗚偆缂撹В鐨偆骞茬棐骞茬嚗婊嬫鼎淇濇箍鐢峰コ閫氱敤娌愭荡涔虫恫 300ml娌愭荡闇?1鐡?,锟?8.65
闊╀附鐔欐鐗╁€嶆姢淇濇箍鍞囪啅鍙惌琛ユ按淇濇箍婊嬫鼎鐢峰コ灏忓绉嬪啲闃插共瑁傛棤鑹插彛娌?銆?鏀綋楠岃銆戞鐗╁€嶆姢淇濇箍鍞囪啅,锟?2.90
鏈村啓SAYSPU缇庤倢棣欐皼娌愭荡闇叉寔涔呮竻娲佹竻鐖芥煍娑︾敺濂抽€氱敤 鍗曠摱 480ml,锟?9.00
瀹夊埄闆呰湝娑﹁偆娌愭荡闇?50ml閿偆鐖借偆娌愭荡涔冲コ鎸佷箙鐣欓琛ユ按淇濇箍娌愭荡娑?750ml 2鐡?鐖借偆娌愭荡闇?锟?28.80,
闊╂硦鑾夎劚姣涘柗闆炬厱鏂幓鑵嬩笅鎵嬫瘺鑵挎瘺鑵嬫瘺鍏ㄨ韩娓╁拰涓嶅埡婵€鏃犵棝鑴辨瘺鑶忕敺濂?鑴辨瘺鎱曟柉150ml,锟?9.00
闊╂硦鑾夎劚姣涘柗闆炬厱鏂幓鑵嬩笅鎵嬫瘺鑵挎瘺鑵嬫瘺鍏ㄨ韩娓╁拰涓嶅埡婵€鏃犵棝鑴辨瘺鑶忕敺濂?鑴辨瘺鑶?锟?9.00,
澶у疂 缁寸敓绱燛涔?鐢峰コ绉嬪啲淇濇箍琛ユ按鍏ㄨ韩 澶у疂缁寸敓绱燛涔?100ml 涓ゆ敮,锟?4.00
澶у疂 缁寸敓绱燛涔?鐢峰コ绉嬪啲淇濇箍琛ユ按鍏ㄨ韩 澶у疂缁寸敓绱燛涔?00ml 娉垫,锟?9.00
鑸掕偆浣宠杽鑽峰啺鎬℃竻鍑夎垝鐖芥矏娴撮湶鐢峰コ澹竻娲佽ˉ姘翠繚婀挎粙娑︽矏娴翠钩娑插搴 钖勮嵎鍐版€?400g,锟?9.90
娉婄传姹€鍏帮紙Pozitilan锛夊攪閮ㄨ劚姣涜啅濂冲＋闈㈤儴娓╁拰鍘诲攪姣涘皬鑳″瓙鑵嬩笅鎵嬫瘺鑵挎瘺绉佸闄ゆ瘺鑶忓叏韬?鑴辨瘺鑶?0g+淇姢涔?0g,锟?18.00
姘翠箣钄荤櫧鑼舵矏娴撮湶鐑熼叞鑳虹簿娌归姘涙矏娴翠钩婊嬫鼎鐒曡偆娴村悗涓嶇揣缁锋灉閰稿鑲ょ敺濂?韬綋涔?60g+鏋滈吀娌?50ml 350ml,锟?38.00
鍡ㄧ毊灏忓眿鎼撴偿瀹濈敺澹コ澹韩浣撹蒋鍖栬璐ㄦ矏娴撮湶500ml 鐜懓500ml,锟?7.00
鍡ㄧ毊灏忓眿鎼撴偿瀹濈敺澹コ澹韩浣撹蒋鍖栬璐ㄦ矏娴撮湶500ml 钖拌。鑽?00ml,锟?7.00
鍙偁鐒舵棩鏈繘鍙ｆ矏娴撮湶娉℃搏娌愭荡娑茬編鑲屼繚婀挎寔涔呯暀棣欑敺濂虫矏娴翠钩 4鐡跺瑁?銆?绉嶅懗閬撳悇涓€鐡躲€?锟?18.00,
鍛ㄩ儙涓～纾鸿蒋鑶?0%闃磋櫛鐤鐤敺濂崇澶勯槾鍥婄槞鐥掓箍鐨偆澶栫敤鎶戣弻鑶?0g 涓€鐩掕,锟?4.70
钄绘柉姹€锛圞ustie锛夋矏娴撮湶鎸佷箙鐣欓瀹跺涵瑁呭ぇ瀹归噺鐢峰コ棣欐皼鑺辩摚婊嬫鼎 妯辫姳鑺辩摚娌愭荡闇?220ml涓€鐡?锟?8.20,
鑸掕偆浣?绁涚棙娌愭荡闇?姘存潹閰?娓呯埥鍘绘补娓╁拰鐢峰コ娲楁尽鍚庤儗绁涚棙娌愭荡涔?娲嬬敇鑿?40ml+鐧借尪540ml,锟?9.00
缃楁浖璇虹敺澹笓鐢ㄤ繚婀垮彜榫欐矏娴撮湶鎸佷箙鐣欓棣欐按娌愭荡鍐插噳棣欎綋娣嬫荡鐢峰コ 绱壊鍝侀瓍娴锋磱鑺遍娌愭荡闇?200ml,锟?0.00
,
缃楁浖璇虹敺澹笓鐢ㄤ繚婀垮彜榫欐矏娴撮湶鎸佷箙鐣欓棣欐按娌愭荡鍐插噳棣欎綋娣嬫荡鐢峰コ 閲戣壊鑷冲皻鍙ら緳鑺遍娌愭荡闇?200ml,锟?0.00
,
缃楁浖璇虹敺澹笓鐢ㄤ繚婀垮彜榫欐矏娴撮湶鎸佷箙鐣欓棣欐按娌愭荡鍐插噳棣欎綋娣嬫荡鐢峰コ 钃濊壊濂旀斁娴锋磱鏋滈娌愭荡涔?200ml,锟?0.00
,
缃楁浖璇虹敺澹笓鐢ㄤ繚婀垮彜榫欐矏娴撮湶鎸佷箙鐣欓棣欐按娌愭荡鍐插噳棣欎綋娣嬫荡鐢峰コ 绾㈣壊娲诲姏棣ュ鐑熼娌愭荡闇?200ml,锟?0.00
,
缃楁浖璇虹敺澹笓鐢ㄤ繚婀垮彜榫欐矏娴撮湶鎸佷箙鐣欓棣欐按娌愭荡鍐插噳棣欎綋娣嬫荡鐢峰コ 绱壊鍝侀瓍娴锋磱鑺遍娌愭荡闇?600g鍔犻噺瑁呭叡700g+娌愭荡鐞?锟?7.00,
,
COCOSILIYAcoco棣欐按鍛虫矏娴撮湶棣欏懗鎸佷箙鐣欓娌愭荡娑茬敺濂抽€氱敤鍏ㄨ韩棣欎綋,锟?7.00
,
鍚嶆瓕锛圡iNGE锛夋氮婕矏娴撮湶澶у閲忓搴増棣欐皼棣欑敺濂抽€氱敤鑸掔紦鑲岃偆 800ml 娓呴泤娌愭荡闇?00ML,锟?9.00
鍚嶆瓕锛圡iNGE锛夋氮婕矏娴撮湶澶у閲忓搴増棣欐皼棣欑敺濂抽€氱敤鑸掔紦鑲岃偆 800ml 娴极娌愭荡闇?00ML,锟?9.00
澶╂粙锛圱INJI锛夊ぉ婊嬫ū鑺辩編鑲屾矏娴撮湶鐣欓棣欐皼鍚庤儗娓呮磥娓呯埥婊嬫鼎淇濇箍琛ユ按鍏ㄨ韩鐢峰コ澹?妯辫姳缇庤倢娌愭荡闇?00ml,锟?9.00
濡囩値娲佺澶勬礂鎶ゆ恫濂虫€ф磥闃存姢鐞嗘竻娲楃瀵嗗闃存礂娑插柗闆惧柗鍓?80ml 钄撹秺鑾撶泭鐢熻弻娆?钄撹秺鑾?锟?6.87,
鍔涘＋棣欑殏瀹樻柟鍝佺墝瀹跺涵瀹炴儬瑁呯敺濂冲＋娌愭荡娲侀潰棣欏懗鎸佷箙娲楁墜鑲ョ殏 [鍏?鍧梋娓呮柊*3鍧?骞借幉*2,锟?8.00
鍔涘＋棣欑殏瀹樻柟鍝佺墝瀹跺涵瀹炴儬瑁呯敺濂冲＋娌愭荡娲侀潰棣欏懗鎸佷箙娲楁墜鑲ョ殏 [鍏?鍧梋鎭掍箙*3鍧?骞借幉*2,锟?8.00
鍔涘＋棣欑殏瀹樻柟鍝佺墝瀹跺涵瀹炴儬瑁呯敺濂冲＋娌愭荡娲侀潰棣欏懗鎸佷箙娲楁墜鑲ョ殏 [鍏?鍧梋鑸掔紦*3鍧?骞借幉*2,锟?8.00
鍔涘＋棣欑殏瀹樻柟鍝佺墝瀹跺涵瀹炴儬瑁呯敺濂冲＋娌愭荡娲侀潰棣欏懗鎸佷箙娲楁墜鑲ョ殏 [鍏?0鍧楁亽涔?6鍧?骞借幉*4,锟?7.00
鍔涘＋棣欑殏瀹樻柟鍝佺墝瀹跺涵瀹炴儬瑁呯敺濂冲＋娌愭荡娲侀潰棣欏懗鎸佷箙娲楁墜鑲ョ殏 [鍏?0鍧梋鐩堟鼎*6鍧?骞借幉*4,锟?6.00
鍔涘＋棣欑殏瀹樻柟鍝佺墝瀹跺涵瀹炴儬瑁呯敺濂冲＋娌愭荡娲侀潰棣欏懗鎸佷箙娲楁墜鑲ョ殏 骞借幉榄呰偆115g*3鍧?锟?5.00,
鍔涘＋棣欑殏瀹樻柟鍝佺墝瀹跺涵瀹炴儬瑁呯敺濂冲＋娌愭荡娲侀潰棣欏懗鎸佷箙娲楁墜鑲ョ殏 鎭掍箙瀚╄偆115g*3鍧?锟?5.00,
鍔涘＋棣欑殏瀹樻柟鍝佺墝瀹跺涵瀹炴儬瑁呯敺濂冲＋娌愭荡娲侀潰棣欏懗鎸佷箙娲楁墜鑲ョ殏 鐩堟鼎鐒曢噰115g*3鍧?锟?5.00,
鍔涘＋棣欑殏瀹樻柟鍝佺墝瀹跺涵瀹炴儬瑁呯敺濂冲＋娌愭荡娲侀潰棣欏懗鎸佷箙娲楁墜鑲ョ殏 涓濇粦娑﹁偆115g*3鍧?锟?5.00,
绱㈣姍鐗癸紙softto锛夌暀棣欐矏娴撮湶鐢峰コ瀛︾敓婊嬫鼎鑲岃偆娓呮磥婊嬪吇淇濇箍鐗归鑺辨竻闆呮矏娴翠钩鏈ㄧ摐棣?鏈ㄧ摐棣欐皼娌愭荡闇?1000ml,锟?8.00
绱㈣姍鐗癸紙softto锛夌暀棣欐矏娴撮湶鐢峰コ瀛︾敓婊嬫鼎鑲岃偆娓呮磥婊嬪吇淇濇箍鐗归鑺辨竻闆呮矏娴翠钩鏈ㄧ摐棣?姗勬棣欐皼娌愭荡闇?1000ml,锟?8.00
绱㈣姍鐗癸紙softto锛夌暀棣欐矏娴撮湶鐢峰コ瀛︾敓婊嬫鼎鑲岃偆娓呮磥婊嬪吇淇濇箍鐗归鑺辨竻闆呮矏娴翠钩鏈ㄧ摐棣?鐗涘ザ棣欐皼娌愭荡闇?1000ml,锟?8.00
"鐖卞績涓滀笢	
棰滃皬鐜夐灏忕帀 YUAU 娌愭荡闇蹭寒鑲ゆ繁灞傛竻娲侀姘涙矏娴撮湶鐢峰コ 棰滃皬鐜夋矏娴撮湶*1鐡?,锟?8.00
鍙偁鐒舵棩鏈繘鍙ｇ編鑲屾矏娴撮湶娉℃搏娌愭荡娑蹭繚婀挎寔涔呯暀棣欑敺濂虫矏娴翠钩 缁胯壊纰ч噹鎮犳偁550ml 550ml,锟?7.00
鍙偁鐒舵棩鏈繘鍙ｇ編鑲屾矏娴撮湶娉℃搏娌愭荡娑蹭繚婀挎寔涔呯暀棣欑敺濂虫矏娴翠钩 姗欒壊鑺辨季涔嬫亱550ml 550ml,锟?7.00
鏋滄劅鏋滄劅姘存潹閰告煍瀚╁噣鑲ゆ矏娴撮湶鐣欓棣欎綋澶忓ぉ鐢峰コ澹搴澶у閲?600g,锟?5.00
鍗庡肪澶ч緳鑳嗙棙鑲屼慨鎶ゆ按鐢峰コ澹啲瀛ｆ贩娌圭毊鎺ф补娓呯埥琛ユ按淇濇箍 榫欒儐鐥樿倢姘翠钩濂楄,锟?8.00
鑰愭柉婢庢編娌愭荡闇瞤onpon钃摤褰江棣欐矏娴翠钩娑茬敺濂抽€氱敤 [灏忚媿鍏版礂鍙戞按]姘翠寒娉芥鼎 閿佷綇 750g,锟?3.70
鍔涘＋娌愭荡闇叉槦绌虹摱娌夐唹鏄熸渤婊嬫鼎鐢峰コ澹鍛虫寔涔呯暀棣欏搴 鏄熸渤鐡?骞诲僵娌愭荡闇?70g*2鐡?锟?7.00
绾㈡潖鏋楄冻娴村寘娉¤剼鍖呬笁浼忓ぉ涓嵂鍖呰壘鑽夎壘鍙堕€氱粡娲荤粶姘旂敺濂?銆?琚?褰诲簳銆戝叡90鍖呪€?涓嶆墦绮夌殑鐪熸潗瀹炴枡30g/鍖?鍘?锟?42.08
娆ц姯 娣卞眰閱掕偆棣欐皼缁寸撼鏂矏娴撮湶瀹跺涵瑁呮粙娑︿繚婀跨敺濂崇敤 娣卞眰閱掕偆娌愭荡闇? 690g,锟?0.25
钄婚湶钖囷紙COCOVEL锛塁OCOVEL钄婚湶钖囨矏娴撮湶瀛︾敓鐣欓750ml棣欐按娌愭荡涔虫矏娴存恫鐢峰コ 娌愭荡娑茬敺濂?锟?9.00
鍔涘＋娌愭荡闇叉寔涔呯暀棣欐按棣欐皼鍐扮埥瀹跺涵瑁呭ぇ瀹归噺娌愭荡涔崇敺濂?骞借幉榄呰偆1kg,锟?6.00
澶氳姮娌愭荡闇?娣卞眰钀ユ鼎婊嬪吇缇庤偆娌愭荡涔虫恫 鐣欓姘村瀷鍝佺墝鐢峰コ澹搴 妯辫姳鐢滈1KG,锟?6.00
娉婃硥闆呮礂婢℃摝韬笂韬綋涔虫姢浣撻湝淇濇箍琛ユ按姝㈢棐鍏ㄨ韩鐨偆闃插共鐕ョ敺濂崇敓娉婃硥闆?1鐡?250ML./鐡?锟?6.00
鑹鸿幈鐡爞鏃犲咖鑴氬爞瓒虫荡鍓傝劚鐨姹楀紓鍛宠创鐗囩敺濂宠剼閮ㄦ姢 鐞?6鐩掕,锟?2.00
鑰愭柉婢庢編鑼舵爲绮炬补娌愭荡闇?濂冲＋ 鐢峰＋娌愭荡闇?鎺ф补鎶楃棙淇濇箍娓?婢庢編鑼舵爲绮炬补娌愭荡闇?200g,锟?0.00
钄绘柉姹€锛圞ustie锛夎敾鏂眬kustie鑺辩摚娌愭荡闇茬敺濂抽€氱敤鐣欓娴存恫婊嬫鼎淇濇箍澶╃劧0鍒烘縺 鏂板崌绾фū鑺?20ml,锟?3.90
鍕囧崥澹鐥掕垝绉佸鐥掓姂鑿岃啅15g鐢峰コ閫氱敤绉佸杞啅 15g/鐩掋€?鐩掕銆?锟?5.00
Joriole濂冲＋绉佸鑴辨瘺鑶忚厠涓嬪叏韬彲鐢ㄦ俯鍜屽攪閮ㄨ劚姣涚鍣?150g,锟?33.44
宸濅簳濂冲＋楂榠娼恫锛堢豢閲戯級鍠烽浘濂虫€х瀵嗘姢鐞嗘恫姘存憾鍏嶆礂 涓€鐩掕,锟?8.00
宕界櫧妫敯闆呴偊鐖嗘按闇滈珮淇濇箍闈㈤湝涔虫恫琛ユ按婊嬫鼎绉嬪啲鎶よ偆鍝佷寒鑲ゅ鐢熺敺濂冲＋ 闆呴偊鐖嗘按闇?5g涓ょ摱,锟?5.00
涔愮悊銆愬畼鏂广€戝皬缁跨伅绁涚棙绮惧崕鍑濊兌闈掑皯骞寸敺濂虫按鏉ㄩ吀蹇€熸唻鐥樹慨鎶ゅ嚌 15g,锟?86.00
鑹插濞滃簥涓婃鼎婊戞补 鐢峰コ鍏辩敤澶玪濡诲悓鎴挎鼎婊戞恫 姘寸簿鍗庡厤娲楁鼎婊戝墏鎯卨 鎸戞垬90鍒嗛挓铓曚笣姘ㄥ熀閰?00ml*2,锟?5.00
鍚屼粊鍫傜淮鐢熺礌e涔虫恫绉嬪啲瀛ｄ繚婀垮彲鎼ˉ姘存姢鎵嬮湝韬綋涔崇紦瑙ｇ毊鑲ゅ共鐕ョ敺濂冲＋ 銆?鐡朵綋楠岃銆戝悓浠佸爞缁寸敓绱爀涔虫恫,锟?7.00
绱姳鐩婂か閾跺か鑲藉鐢ㄦ姂鑿屽嚌鑳舵帹灏勫墏 濂虫€х澶勬姢鐞嗗绉戝嚌鑳?锟?5.80
鑸掑缇庢竻瀹父鎷夌嚎涓稿绉戝嚌鑳跺コ鎬х澶勬姢鐞嗗幓寮傚懗浜у悗娈嬬暀绉佸淇濆吇 涓夌洅24绮掋€愮枟绋嬭銆?锟?32.00
瀹濊枃娉夐粍閲戠墮鑶忛粍閲戠墮鑶忕墮娓嶆磥鍑€鐗欓娇娑蹭綋鐗欒啅鎸夊帇寮忕敺濂抽€氱敤鐗欏疄鍙? 榛勯噾鐗欒啅150ML*3鏀,锟?2.60
姊佃禐鑻椾箰瀹佸嚌鑳跺唴澶栨贩鍚堝瀷鍑濊兌鐢峰コ閫氱敤 2鐩?涓害鎮ｈ€?锟?28.00
绁烘床鐥樼瀿鍑€杞啅20g/鐡剁敺濂抽€氱敤绁涚棙鐥樺嵃绮夊埡绾㈣涓濋潰閮ㄤ钩鑶?3鐩?锟?6.00
鑹插濞滃コ鎬х澶勫揩l鎰焛鎬鐢ㄥ搧 濂崇敤濉為槾涓稿揩l鎰焞澧瀒寮烘恫i娑︽粦娌规儏绱鑷?楂榣娼増銆愪竴鐩?2绮掋€?5%浜洪€夋嫨,锟?33.00
鐗х伀鏆栬创瀹濆疂璐磋嚜鍙戠儹鏆у疂璐村コ瀹瘨璋冪悊闃插瘨淇濇殩韬创澶уЖ濡堟殩 鑹捐崏娆炬殩韬创*30 10鐗?琚?锟?8.00
榧庢矝榧庢矝 濡囩棐鍑€鑽夋湰涔宠啅 濂虫€т笓鐢ㄨ蒋鑶忎钩鑶? 鑶?5鍏?鏀?2鏈堝埌 1 鐩?锟?.00
JustWax铚滆湣鑴辨瘺绁炲櫒濂冲＋鍏ㄨ韩鑵嬩笅鐢疯儭瀛愮瀵嗚湝铚℃満鐑湣璞嗚劚姣涜啅 鑴辨瘺铚?浠跺-鍚櫤鑳借瀺铚℃満鐏拌壊,锟?58.00
闊╂硦鑾夋捣鐩愬噣閫忕編鑲ゆ竻鐖芥帶娌规繁灞傛磥鍑€瀚╄偆婊嬪吇棣欐皼娓呮柊棣欐按鐢峰コ瀛︾敓娌愭荡 娴风洂娌愭荡闇?锟?6.96
鐖卞績涓滀笢	",
,
"AHAVA琛ユ按鑶忎互鑹插垪姝绘捣妞嶈悆琛ユ按韬綋涔宠ˉ姘村ぇ榛勭摱淇濇箍濂藉惛鏀剁敺濂?韬綋涔?0ml""",锟?4.00
澶晱鍏嬬珛鍒昏揪鎶戣弻涔宠啅杞啅15g 鐨偆澶栫敺濂抽€氱敤 鎵嬭剼鑴辩毊澶ц吙鍐呬晶婀跨槞鐥?锟?4.00,
浼婂ぉ娓呴槾鐖借崏鏈姂鑿屼钩鑶忕敺濂抽€氱敤鍨嬪鐢ㄨ蒋鑶? 澶ц吙鍐呬晶韬綋娼箍鐦欑棐寮傚懗 1鐩掍綋楠岃銆愬疄鍙?鐩掋€?锟?3.00,
HOMILLIM绉佸鎸夋懇绮炬补绉佸瘑绱ц嚧鍗靛发淇濆吇濂冲＋鏆杔瀹姢鐞嗘鼎婊戝コ鎬х瀵嗘寜鎽╂补 涓夌摱瑁?锟?18.00,
NHFOUYOU鑻忛噷鍗楁煚娑︽季娌愭荡闇茬敺濂抽€氱敤鐣欓婊嬫鼎瀚╄偆澶у閲忓畼鏂?鏃楄埌 娌愭荡闇?00ML*1,锟?3.00
鎷夎姵妯辫姳棣欐皼鑺辩摚娌愭荡闇?30g鐢峰コ澹€氱敤鎸佷箙鐣欓娓╁拰娑﹁偆娌愭荡涔?[鐜夊叞鑺遍]娌愭荡闇?00g,锟?6.00
鍔涘＋棣欐皼娌愭荡闇蹭钩娑插菇鑾查瓍鑲ゅ搴澶у閲忕敺濂虫寔涔呯暀棣欎綋 1000ml,锟?6.00
,
鍔涘＋棣欐皼娌愭荡闇蹭钩娑插菇鑾查瓍鑲ゅ搴澶у閲忕敺濂虫寔涔呯暀棣欎綋 1000ml+350ml,锟?9.00
,
鍔涘＋娌愭荡闇叉槦绌虹摱娌夐唹鏄熸渤婊嬫鼎鐢峰コ澹鍛虫寔涔呯暀棣欏搴 娌夐唹鏄熸渤纾ㄧ爞鑶?60g*1缃?锟?8.00,
鍔涘＋娌愭荡闇叉槦绌虹摱娌夐唹鏄熸渤婊嬫鼎鐢峰コ澹鍛虫寔涔呯暀棣欏搴 娌愭荡闇?70g+纾ㄧ爞鑶?60g,锟?6.00
杩僵锛圖ecolor锛夎开褰╂獉棣欒寜鑾夋鑺辩簿娌规矏娴撮湶鐢峰コ閫氱敤鑺遍湶璇楅洦婊嬪吇鏌旇偆鎸佷箙鐣欓浣?鑼夎帀绮炬补娌愭荡闇?鐡?500ml,锟?9.00
闊╂硦鑾夛紙HANBOLI锛塿7鐜诲翱閰告矏娴撮湶娓呮磥鑲岃偆琛ユ按淇濇箍娌愭荡闇茬敺濂抽€氱敤棣欏懗鎸佷箙 娲楀彂姘?娌愭荡闇?360ml/鐡?锟?5.00,
鎷夎姵鎷夎姵鐧借尪棣欐矏娴撮湶鎸佷箙鐣欓棣欐按鍨嬫矏娴翠钩鐢峰コ閫氱敤 鐧借尪棣欐矏娴撮湶500 闇?00g,锟?3.00
濂借开鑺遍娌愭荡闇?鎸佷箙鐣欓鍑€閫忔瘺瀛旀煍瀚╄倢鑲ょ敺濂抽€氱敤鎺掓祳澶у閲忓搴 榄呮儜鐜懓1000ml,锟?9.90
鑸掕偆浣?娌愭荡闇茬粍鍚堣 鍑哄樊渚挎惡鏃呰瀹鹃濂楄鐢峰コ澹€氱敤 绾櫧100ml+閫佹竻鐖?00g銆愪究鎼鸿,锟?0.00
鑸掕偆浣?娌愭荡闇茬粍鍚堣 鍑哄樊渚挎惡鏃呰瀹鹃濂楄鐢峰コ澹€氱敤 绾櫧100ml+閫佹按娑?00g銆愪究鎼鸿,锟?0.00
鍔涘＋娌愭荡闇插皬鑻嶅叞浣撻獙瑁呮矏娴翠钩妞嶈悆绮炬补鍑€閫忕暀棣欑敺濂虫竻娲佹梾琛屽嚭宸?纾ㄧ爞鑶忓皬鑻嶅叞280g,锟?8.00
鍔涘＋娌愭荡闇插皬鑻嶅叞浣撻獙瑁呮矏娴翠钩妞嶈悆绮炬补鍑€閫忕暀棣欑敺濂虫竻娲佹梾琛屽嚭宸?灏忚媿鍏?100g*2[浣撻獙瑁匽,锟?.00
鍔涘＋娌愭荡闇插皬鑻嶅叞浣撻獙瑁呮矏娴翠钩妞嶈悆绮炬补鍑€閫忕暀棣欑敺濂虫竻娲佹梾琛屽嚭宸?灏忚媿鍏?100g*3[浣撻獙瑁匽,锟?3.00
"鐖卞績涓滀笢	
鍔涘＋绮炬补棣欐皼娌愭荡涔崇敺濂冲＋鎸佷箙鐣欓娓呮磥瀹跺涵瑁呭棣欏瀷娌愭荡闇茬敺濂抽€氱敤 闂寒鍐扮埥720g*1鐡?,锟?5.00
鍔涘＋娌愭荡闇插皬鑻嶅叞浣撻獙瑁呮矏娴翠钩妞嶈悆绮炬补鍑€閫忕暀棣欑敺濂虫竻娲佹梾琛屽嚭宸?浠欎汉鎺岄750g+50g,锟?8.00
鐖卞績涓滀笢	",
,
鍔涘＋绮炬补棣欐皼娌愭荡涔崇敺濂冲＋鎸佷箙鐣欓娓呮磥瀹跺涵瑁呭棣欏瀷娌愭荡闇茬敺濂抽€氱敤 鎭掍箙瀚╄偆720g*1鐡?,锟?5.00
绱㈣枃濞咃紙SOVYA锛夐姘涙矏娴撮湶娌愭荡闇茬敺濂抽€氱敤棣欏懗鎸佷箙鏋滈吀娌愭荡闇插仴搴锋竻娲?濮滆姳涓€鐡?300g,锟?7.00
"鐖卞績涓滀笢	
鍔涘＋绮炬补棣欐皼娌愭荡涔崇敺濂冲＋鎸佷箙鐣欓娓呮磥瀹跺涵瑁呭棣欏瀷娌愭荡闇茬敺濂抽€氱敤 骞借幉榄呰偆720g*2鐡?,锟?9.00
鍔涘＋娌愭荡闇插皬鑻嶅叞浣撻獙瑁呮矏娴翠钩妞嶈悆绮炬补鍑€閫忕暀棣欑敺濂虫竻娲佹梾琛屽嚭宸?鑻嶅叞纾ㄧ爞290g+鑻嶅叞100g*3,锟?2.00
鍔涘＋娌愭荡闇插皬鑻嶅叞浣撻獙瑁呮矏娴翠钩妞嶈悆绮炬补鍑€閫忕暀棣欑敺濂虫竻娲佹梾琛屽嚭宸?鑻嶅叞纾ㄧ爞290g+涓夎壊纾ㄧ爞50g*3,锟?2.00
鍔涘＋娌愭荡闇插皬鑻嶅叞浣撻獙瑁呮矏娴翠钩妞嶈悆绮炬补鍑€閫忕暀棣欑敺濂虫竻娲佹梾琛屽嚭宸?[750g*2]灏忚媿鍏伴+妯辫姳棣?锟?3.00
鍔涘＋娌愭荡闇插皬鑻嶅叞浣撻獙瑁呮矏娴翠钩妞嶈悆绮炬补鍑€閫忕暀棣欑敺濂虫竻娲佹梾琛屽嚭宸?灏忚媿鍏?50g+濡傛ⅵ钖拌。100g,锟?9.00
鏈靛€嶈敾棣欐按娲楀彂娌愭荡闇插瑁呮帶娌瑰幓灞戞礂澶磋啅鐣欓鐢峰コ 姘ㄥ熀閰告礂鍙?锟?8.00
姘翠箣瀵嗚锛圓QUAIR锛夋捣鐩愬脊娑︾揣鑷存矏娴村暙鍠辨矏娴撮湶600ml 鐢峰コ閫氱敤淇濇箍涓嶅亣婊?娴风洂寮规鼎绱ц嚧娌愭荡鍟柋 600ml,锟?6.13
BONYHAIR    楹︿腹闇叉矏娴撮湶鐣欓姘涗綋淇濇箍婊嬫鼎琛ユ按鐑熼叞鑳虹敺濂抽姘存矏娴翠钩娑?姘ㄥ熀閰搁姘涙矏娴撮湶168g,锟?6.10
璋滆崏闆嗭紙MICAOJI锛夎皽鑽夐泦灞辫尪鑺遍姘涙矏娴撮湶鐢峰コ閫氱敤棣欏懗鎸佷箙鐣欓娓呯埥鎺ф补婊嬫鼎鑲?銆?200ml澶у閲忋€戦姘涙矏娴撮湶,锟?6.00
璋滆崏闆嗭紙MICAOJI锛夎皽鑽夐泦灞辫尪鑺遍姘涙矏娴撮湶鐢峰コ閫氱敤棣欏懗鎸佷箙鐣欓娓呯埥鎺ф补婊嬫鼎鑲?銆?400ml澶у閲忋€戦姘涙矏娴撮湶,锟?3.00
缇庡姞鍑€娌愭荡闇叉粙娑︿繚婀挎潖浠佹补婊嬫鼎浜偆鑸掗€傜敺濂抽€氱敤 涔虫湪鏋滃€嶆鼎娌愭荡闇?L*2鐡?锟?5.90
鑹鸿幈鐡ぉ灞辫タ鐜嬫瘝鐙兼瘨鑿屼竴鍑€涔宠啅鐢峰コ澶ц吙鍐呬晶鐦欑棐鑴氱棐钘撹啅澶栫敤 鐙兼瘨涔宠啅鍏卞彂5鐩?锟?5.00
宕界櫧婊嬪厓鑷ｈ嫤鍙傛礂娑叉竻娲佺澶勬姢鐞嗕繚鍏诲コ鎬?3鐡?锟?4.00
宕界櫧婊嬪厓鑷ｈ嫤鍙傛礂娑叉竻娲佺澶勬姢鐞嗕繚鍏诲コ鎬?5鐡?锟?2.00
宕界櫧婊嬪厓鑷ｈ嫤鍙傛礂娑叉竻娲佺澶勬姢鐞嗕繚鍏诲コ鎬?1鐡?60姣崌,锟?0.00
鑹鸿幈鐡墖甯屽コ鎬х澶勬姢鐞嗘礂涓嬮潰鐥掑幓寮傚懗濡囩娲楁恫鐢ㄥ搧鎶ょ悊娑?绁涘懗姝㈢棐-瀛曞缁忔湡鍙敤 1鐡?锟?6.00
姘翠箣钄荤剷鑲ゅ噣婢堟矏娴存补 鍗稿娓╁拰鑲ゆ竻娲佺敺濂抽姘涙矏娴撮湶 娌愭荡娌?00ml 300ml,锟?4.00
澶氳姮娌愭荡闇叉恫涔虫寔涔呯暀棣欏畼鏂规鎮︽按閫忕敺濂冲＋淇濇箍婊嬫鼎琛ユ按绉嬪啲 妗冩偊姘撮€?80g 0g,锟?4.34
澶氳姮娌愭荡闇叉恫涔虫寔涔呯暀棣欏畼鏂规鎮︽按閫忕敺濂冲＋淇濇箍婊嬫鼎琛ユ按绉嬪啲 妗冩偊姘撮€?kg 0g,锟?6.28
澶氳姮娌愭荡闇叉恫涔虫寔涔呯暀棣欏畼鏂规鎮︽按閫忕敺濂冲＋淇濇箍婊嬫鼎琛ユ按绉嬪啲 妯辫姳鐢滈1kg 0g,锟?8.17
宕界櫧鍥借嵂闆嗗洟 澶╃洰婀栬嵂涓氬ぉ鐩箹鑽笟澶嶆柟楂橀敯閰搁捑婧舵恫濂冲＋鐢峰＋绉佸瘑澶?200mL,锟?8.00
鍗庡肪澶ц壘鑽夋矏娴撮湶闄よ灗绁涚棙鎺ф补娓呮磥鍘昏灗铏幓瑙掕川娓呯埥鐢峰コ閫氱敤鍏ㄨ韩 鍗庡肪澶ф矏娴撮湶1鐡?300ml,锟?1.10
鍗庡肪澶ц壘鑽夋矏娴撮湶闄よ灗绁涚棙鎺ф补娓呮磥鍘昏灗铏幓瑙掕川娓呯埥鐢峰コ閫氱敤鍏ㄨ韩 鍗庡肪澶ф礂鍙戞按1鐡?300ml,锟?4.04
澶氳姮娌愭荡闇叉恫涔虫寔涔呯暀棣欏畼鏂规鎮︽按閫忕敺濂冲＋淇濇箍婊嬫鼎琛ユ按绉嬪啲 妗冩偊姘撮€?kg*2鐡?0g,锟?2.35
澶氳姮娌愭荡闇叉恫涔虫寔涔呯暀棣欏畼鏂规鎮︽按閫忕敺濂冲＋淇濇箍婊嬫鼎琛ユ按绉嬪啲 妯辫姳鐢滈680g+娌愭荡闇?90g 0g,锟?8.87
瀹夊畨閲戠函锛圓锛嘒ENSN 锛?钖拌。鑽夊€嶆鼎闃茬嚗娑︿綋涔?50g 淇濇箍婊嬫鼎韬綋涔崇敺濂冲＋閫氱敤 鐢峰コ澹€氱敤,锟?2.49
鑸掕偆浣虫矏娴撮湶绾櫧娓呴缁忓吀娲佸噣瀹堟姢娌愭荡涔虫俯鍜屽懙鎶ょ暀棣欑敺澹コ澹€?妯辫姳棣欐矏娴撮湶720g,锟?7.00
鐖卞績涓滀笢	",
,
"鑸掕偆浣虫矏娴撮湶绾櫧娓呴鍨嬫煚妾竻鏂板瀷娌愭荡闇?娌愭荡鐣欓 涓€ф俯鍜?鐢峰コ澹€?鏌犳娓呯埥700ml""",锟?8.80
鑹鸿幈鐡礂娌愪笁鍚堜竴妞嶇墿鍘熸祮妾€棣欏鏂圭敺濂虫礂鍙戞按/闇?妾€棣欏鏂?1鐡?锟?9.00,
"鐖卞績涓滀笢	
鐧捐崏鎱堛€愬畼鏂广€戞厛鑽夋湰鑶? 璁ゅ噯鎱堝晢鏍?鐢峰コ閫氱敤20g/鏀?20g/鏀?20g/鏀?,锟?25.00
鍙偁鐒跺彲鎮犵劧娌愭荡闇插ア瀹犵編鑲屾矏娴存恫鏇挎崲瑁?鐢峰コ閫氱敤 锛堝畞婢勯Θ棣欙級鏇挎崲瑁?320m,锟?3.30
鍙偁鐒跺彲鎮犵劧娌愭荡闇插ア瀹犵編鑲屾矏娴存恫鏇挎崲瑁?鐢峰コ閫氱敤 锛堣湝鎭嬮Θ璇級鏇挎崲瑁?320ml,锟?3.30
濞侀湶澹紙Walch锛夊▉闇插＋娌愭荡闇叉矏娴存恫娌愭荡涔崇敺澹コ澹€氱敤棣欏懗鎸佷箙 瀚╄偆1L,锟?7.88
涓€鐙愮編鑵嬮湶鏃犻鍨?5ml鑵嬭嚟姹楄嚟浣撹嚟姝㈡睏闇茬敺濂抽€氱敤鍨嬬嫄鑷厠鑷柗鍓?涓€鐙愮編閲戣鏃犻鍨嬨€?鐩掕銆?锟?5.00
涓€鐙愮編鑵嬮湶鏃犻鍨?5ml鑵嬭嚟姹楄嚟浣撹嚟姝㈡睏闇茬敺濂抽€氱敤鍨嬬嫄鑷厠鑷柗鍓?涓€鐙愮編閾惰娓呴鍨嬨€?鐩掕銆?锟?5.00
鍔涘＋锛圠UX锛夊姏澹鐨傚畼鏂瑰搧鐗屽搴疄鎯犺鐢峰コ澹矏娴存磥闈㈤鍛虫寔涔呮礂鎵嬭偉鐨?[鍏?鍧梋娓呮柊*3鍧?骞借幉*2,锟?9.00
姣忓浣版潫瀛濇嘲搴锋眽涔愯崏娲楀彂姘寸敺濂抽叺绱犱豢鑴卞幓灞戞帶娌规鐥掓棤纭呮补娲楀彂姘?0 姹変箰鑽夋帶娌规礂鍙戞按,锟?37.50
鍔涘＋锛圠UX锛夊姏澹鐨傚畼鏂瑰搧鐗屽搴疄鎯犺鐢峰コ澹矏娴存磥闈㈤鍛虫寔涔呮礂鎵嬭偉鐨?骞借幉榄呰偆115g*3鍧?锟?3.80
鍔涘＋锛圠UX锛夊姏澹鐨傚畼鏂瑰搧鐗屽搴疄鎯犺鐢峰コ澹矏娴存磥闈㈤鍛虫寔涔呮礂鎵嬭偉鐨?鐩堟鼎鐒曢噰115g*3鍧?锟?3.80
鍏銆愬姴鍑夐叿鐖姐€戞矏娴撮湶950ml(3閲嶈杽鑽?棣欏懗鎸佷箙 娓呭噳 娑﹁偆琛ユ按 鐢峰コ) 銆愬姴鍑夐叿鐖姐€戞矏娴撮湶950ml澶у閲? 1鐡?锟?4.98
澶忎緷eve绉佸涓撶敤娲楁恫 鎯呬荆鏃ュ父鎶ょ悊濂楄 鐢峰コ鏁忔劅鑲岀瀵嗘姢鐞嗘恫 鐢峰＋237ml+濂虫€ф晱鎰?37ml,锟?12.37
鑹鸿幈鐡搱鎭╃窘蹇冨爞鑼舵爲娲嬬敇鑿婃礂娑叉姢鐞嗘恫濂虫€х澶勬俯鍜岃垝閫傛礂鎶ょ鎶ゆ竻娲椾笓 娲楁恫1鐡?40ml,锟?7.00
宕界櫧妗冭姳鎭嬫鑺辨亱灏氬緱鍑€鑽夋湰娉℃场娲楁恫30ml濂虫€х瀵嗘姢鐞嗘鐥掓竻娲佹礂娑?灏氬緱鍑€鑽夋湰绮惧崕鑰佺増15g,锟?48.00
宕界櫧妗冭姳鎭嬫鑺辨亱灏氬緱鍑€鑽夋湰娉℃场娲楁恫30ml濂虫€х瀵嗘姢鐞嗘鐥掓竻娲佹礂娑?灏氬緱鍑€鍙唴缃?0姣崌娲楁恫,锟?48.00
宕界櫧妗冭姳鎭嬫鑺辨亱灏氬緱鍑€鑽夋湰娉℃场娲楁恫30ml濂虫€х瀵嗘姢鐞嗘鐥掓竻娲佹礂娑?灏氬緱鍑€澶栫敤鍏嶆礂60姣崌娲楁恫,锟?48.00
宕界櫧妗冭姳鎭嬫鑺辨亱灏氬緱鍑€鑽夋湰娉℃场娲楁恫30ml濂虫€х瀵嗘姢鐞嗘鐥掓竻娲佹礂娑?灏氬緱鍑€瓒婃礂瓒婄矇瀚?0姣崌娲楁恫,锟?48.00
婊″┓娓呮弧娴风洂缁嗚嚧娌愭荡闇蹭钩闄よ灗姝㈢棐绁涚棙鐢峰コ澹€氱敤瀹跺涵瑁?娴风洂娌愭荡闇?50ml*1鐡?锟?8.00
鑸掕偆浣虫矏娴撮湶钖勮嵎鍐版€℃竻鍑夋竻鐖芥竻娲佽垝鐖?20g1L鐢峰＋濂充繚婀挎矏娴存恫瀹跺涵瑁?200ml,锟?4.50
鑸掕偆浣虫矏娴撮湶 婊嬫鼎淇濇箍娌愭荡涔虫俯鍜屾磥鍑€鏄撳啿娲?澶х摱瀹跺涵瑁?鐢峰コ澹€氱敤 鏌犳1kg,锟?4.28
澶氳姮锛圖ove锛夊鑺矏娴撮湶1000g 棣欏懗婊嬪吇瀚╄偆淇濇箍娌愭荡涔虫恫鐢峰コ閫氱敤 妯辫姳鐢滈1kg,锟?4.00
澶氳姮锛圖ove锛塪ove娌愭荡闇叉恫涔虫寔涔呯暀棣欎綋姘存礂婢℃搏瀹樻柟姝ｇ墝濂崇敺 妯辫姳鐢滈400g鐡惰,锟?3.00
鑸掕偆浣虫矏娴撮湶 婊嬫鼎淇濇箍娌愭荡涔虫俯鍜屾磥鍑€鏄撳啿娲?澶х摱瀹跺涵瑁?鐢峰コ澹€氱敤 绾櫧700g,锟?8.68
鑸掕偆浣虫矏娴撮湶500ml鍑€閫忕孩鐭虫Υ娉℃搏灞辫尪鑺遍娌愭荡涔虫恫娓呮磥鑲岃偆鐢峰コ瀹跺涵瑁?绾㈢煶姒撮400ml*2鐡?锟?6.00
婢抽洩鑺遍娌愭荡闇插皬鐡惰姳棣欑櫨鍚堟寔涔呯暀棣欑敺濂抽€氱敤娌愭荡闇茬敺濂抽€氱敤棣欏懗鎸佷箙 500ml鑸掓偊钖拌。鑽?锟?0.00
瑗夸簹鏂矏娴撮湶700g鐪熸垜濂充汉棣?鎽╃櫥榄呴/娴极閭傞€呴鐣欓娓呮磥钁¤悇鏌?700g娴极閭傞€?2鐡?鐗欒啅,锟?3.70
婢抽洩鑺遍娌愭荡闇插皬鐡惰姳棣欑櫨鍚堟寔涔呯暀棣欑敺濂抽€氱敤娌愭荡闇茬敺濂抽€氱敤棣欏懗鎸佷箙 500ml娓呰幑姗欒姳,锟?0.00
鑸掕偆浣虫矏娴撮湶 婊嬫鼎淇濇箍娌愭荡涔虫俯鍜屾磥鍑€鏄撳啿娲?澶х摱瀹跺涵瑁?鐢峰コ澹€氱敤 妯辫姳棣欐竻鏂拌垝鐖?kg,锟?9.48
鑸掕偆浣虫矏娴撮湶 婊嬫鼎淇濇箍娌愭荡涔虫俯鍜屾磥鍑€鏄撳啿娲?澶х摱瀹跺涵瑁?鐢峰コ澹€氱敤 绾櫧1kg+鏌犳1kg,锟?3.88
鑸掕偆浣虫矏娴撮湶 婊嬫鼎淇濇箍娌愭荡涔虫俯鍜屾磥鍑€鏄撳啿娲?澶х摱瀹跺涵瑁?鐢峰コ澹€氱敤 钖拌。鑽?50g,锟?4.68
鍔涘＋锛圠UX锛夐姘涙矏娴撮湶娑蹭钩棣欐按鎸佷箙鐣欓瀹跺涵瑁呮礂婢＄壒棣欏ぇ鐡跺コ鐢峰井閱虹孩閰?娴呴粍鑹?鏃呰,锟?7.00
澶氳姮锛圖ove锛塪ove娌愭荡闇叉恫涔虫寔涔呯暀棣欎綋姘存礂婢℃搏瀹樻柟姝ｇ墝濂崇敺 [绮惧崕婊嬫鼎]妯辫姳鐢滈500ml,锟?4.00
鑸掕偆浣冲効绔ユ矏娴撮湶涔虫恫娉℃场鐢峰＋濂充笓鐢ㄦ场娌厱鏂瀷鐗屽簵 濂堕鍨?15g銆愭礂娌愪簩鍚堜竴銆?0ml,锟?2.00
鍔涘＋锛圠UX锛夊姏澹钀冩矏娴撮湶 棣欏懗鎸佷箙 妞嶇墿绮炬补娌欓緳棣欐皼 娓╁拰閰嶆柟娌愭荡涔崇敺濂?灏忚媿鍏?50g+浠欎汉鎺?50g,锟?29.87
鍔涘＋锛圠UX锛夊姏澹钀冩矏娴撮湶 棣欏懗鎸佷箙 妞嶇墿绮炬补娌欓緳棣欐皼 娓╁拰閰嶆柟娌愭荡涔崇敺濂?澶滅殗鍚庝粰浜烘帉棣?50g,锟?7.98
鍔涘＋锛圠UX锛夊姏澹钀冩矏娴撮湶 棣欏懗鎸佷箙 妞嶇墿绮炬补娌欓緳棣欐皼 娓╁拰閰嶆柟娌愭荡涔崇敺濂?妯辫姳棣欎笌鐑熼叞鑳?50g,锟?9.27
鍔涘＋锛圠UX锛夊姏澹钀冩矏娴撮湶 棣欏懗鎸佷箙 妞嶇墿绮炬补娌欓緳棣欐皼 娓╁拰閰嶆柟娌愭荡涔崇敺濂?灏忚媿鍏?50g+娲楁墜娑?00g,锟?2.67
鍔涘＋娌愭荡闇叉恫涔冲瑁呯簿娌归鍛虫寔涔呯暀棣欐皼姘寸敺濂冲＋閫氱敤娣嬫荡闇插搴 鎭ｆ儏鑺欒搲[缃戠孩楦︾墖棣橾 [90%椤惧閫夋嫨]1kg*1鐡?锟?1.00
宕界櫧瑗块搨濂虫€х澶勬姢鐞嗘恫娓呮礂娑插紓鍛崇澶勭棔鐥掔櫧甯?50ml 250ml*2,锟?16.00
濡囩値娲佺澶勬竻娲楁恫濂崇瀵嗗鎶ょ悊澶栭槾娲楁姢娑茬敺澹姢鐞嗘恫 鐔婃灉鑻锋姢鐞嗘恫+閲戠紩姊呮姢鐞嗘恫,锟?8.28
褰㈣薄缇庡皬鑻嶅叞棣欐皼娌愭荡闇查姘涘瀷缃戠孩娆剧暀棣欑敺澹コ澹矏娴翠钩 娌愭荡闇?00ml 500ml,锟?2.00
CUISHIFAN纭：闄よ灗娌愭荡闇插悗鑳岀鐥樼～纾烘恫浣撶～纾洪鐨傛帶娌圭敺濂冲＋ 1鐡?纭：娌愭荡闇?00mL 榛樿,锟?5.90
涓濆箷鍚嶆瓕娴极棣欐皼娌愭荡闇?榄呭姏鑺遍鐜懓 娣卞眰娓呮磥瀛︾敓 鐢峰コ闀夸箙鐣欓 娴极棣欐皼1300ML,锟?3.00
涓濆箷鍚嶆瓕娴极棣欐皼娌愭荡闇?榄呭姏鑺遍鐜懓 娣卞眰娓呮磥瀛︾敓 鐢峰コ闀夸箙鐣欓 榄呭姏棣欐皼1300ML,锟?3.00
涓濆箷鍚嶆瓕娴极棣欐皼娌愭荡闇?榄呭姏鑺遍鐜懓 娣卞眰娓呮磥瀛︾敓 鐢峰コ闀夸箙鐣欓 娓呴泤棣欐皼1300ML,锟?3.00
涓濆箷鍚嶆瓕娴极棣欐皼娌愭荡闇?榄呭姏鑺遍鐜懓 娣卞眰娓呮磥瀛︾敓 鐢峰コ闀夸箙鐣欓 榄呭姏棣欐皼800ML,锟?7.00
宕界櫧鐖辩敓娲荤豢鍙跺唴琛ｆ礂琛ｆ恫鑺遍鍨嬮櫎寮傚懗娓╁拰鍘绘笉鐣欓1Kg鐢峰コ 1鐡跺唴琛ｆ礂琛ｆ恫鑺遍 1kg,锟?9.00
宕界櫧鐖辩敓娲荤豢鍙跺唴琛ｆ礂琛ｆ恫鑺遍鍨嬮櫎寮傚懗娓╁拰鍘绘笉鐣欓1Kg鐢峰コ 2鐡跺唴琛ｆ礂琛ｆ恫鑺遍 1kg,锟?5.00
鑹鹃湼鑹捐崏鑹惧彾绾㈣姳鑰佸鑽夋湰瓒虫荡鍖呮场鑴氬寘鐢峰コ瀹剁敤瓒虫荡鐩愭场鑴氱矇鍖?3鐩掕銆?2鍖呫€?锟?41.20
榛涚淮鑾塁OCO棣欐按鍨嬫矏娴撮湶涔虫恫鎸佷箙鐣欓缃戠孩棣欎綋鐢峰コ澶х摱瀹跺涵瑁?COCO棣欐按鍨嬫矏娴翠钩銆愭按娑︾編鑲屻€?1800g,锟?8.22
钄绘柉姹€锛圞ustie锛夋ū鑺辩帿鐟板叞鑺辫姳鐡ｆ矏娴撮湶鐣欓娌愭荡娉℃场濂充繚婀挎粙娑﹁ˉ姘存竻鐖芥矏娴翠钩娑?鐜懓 720g,锟?0.00
灏婅摑锛圥RIME BLUE锛夌敺澹彜榫欐矏娴撮湶娲楀彂姘撮姘涙礂娌愬瑁呮矏娴存恫鐢峰コ閫氱敤棣欏懗鎸佷箙鎺ф补 銆愭捣娲嬮-鐜囨€у皯骞淬€?鐡惰娌愭荡闇?锟?9.00
鐙壒鑹剧惓锛圖EAR LREAN锛夋皑鍩洪吀棣欐皼娌愭荡闇蹭钩鎸佷箙鐣欓淇濇箍鍏ㄨ韩棣欎綋娓呮磥娌愭荡娑茬敺濂?銆愮珷鑻ユ銆戞诞闈′箣姘?鎴戠殑灏戝勾 350ml,锟?98.90
澶忎緷eve濂虫€х澶勬礂娑?绉佸瘑鎶ょ悊娑叉晱鎰熻倢鏃ュ父鍨?19ml 鍚泭鐢熷厓鍜屼钩閰?鏁忔劅鑲岃偆 119ml,锟?9.49
鑹鸿幈鐡痓c 灏弉绉佸娲楁恫寮遍吀鎬уコ钄撹秺鑾撶澶勬竻娲楁恫娓呮磥鍘诲紓鍛?150 150ml,锟?2.00
钂傝姳涔嬬娌愭荡闇插コ澹暀棣欏搴鐢峰コ鐜懓棣?550g鐜懓棣?锟?7.40
HDCC鐖辨湭鏉ョ鎶ゅ嚌鑳剁埍鏈潵绉佹姢瀹樼綉濂虫€у鐢ㄥ喎鏁峰嚌鑳跺绉?3鐩?8鏀嚌鑳?5绾?缁?鏃犵洅鏃犳礂娑?锟?9.00
鍔涘＋娌愭荡闇茬传鑹插菇鑾查瓍鑲?绮炬补棣ラ儊棣欐皼娌愭荡涔?00g鐣欓鍛虫寔涔呯敺濂?骞借幉榄呰偆1kg,锟?1.00
HDCC鐖辨湭鏉ョ鎶ゅ嚌鑳剁埍鏈潵绉佹姢瀹樼綉濂虫€у鐢ㄥ喎鏁峰嚌鑳跺绉?3鐩?3鐩?24鏀嚌鑳?鐡舵礂娑?鍐叉礂澶嶆鍗?锟?52.00
缁胯壊婧胺婢虫床姗欒姳鑼舵爲鑸掔埥娌愭荡闇茶ˉ姘翠繚婀夸寒鑲ゆ粙娑︾暀棣欑敺濂冲鐢?鑼舵爲鑸掔埥+姗欒姳浜偆,锟?2.00
鍙嬪弸鍚涘弸鍙嬪悰杞瘺灏忓ご鐗欏埛鐢峰コ鎯呬荆瀹跺涵瑁呯墮鑶忓瑁呯粍鍚堣娆惧ぇ浜?杞瘺灏忓ご鐗欏埛2鏀?锟?.86
鍙嬪弸鍚涘弸鍙嬪悰杞瘺灏忓ご鐗欏埛鐢峰コ鎯呬荆瀹跺涵瑁呯墮鑶忓瑁呯粍鍚堣娆惧ぇ浜?杞瘺灏忓ご鐗欏埛4鏀?锟?2.14
鏌忕紘鍏冩皵妗冩娌愭荡闇?姘ㄥ熀閰镐繚婀挎寔涔呯暀棣欑敺濂抽€氱敤棣欐按娌愭荡涔虫恫 475ml 鍏冩皵妗冩娌愭荡闇?75ml,锟?3.00
AHAVA琛ユ按鑶忎互鑹插垪姝绘捣妞嶈悆琛ユ按韬綋涔宠ˉ姘村ぇ榛勭摱淇濇箍濂藉惛鏀剁敺濂?涓瓑渚挎惡韬綋涔?0ml,锟?2.00
浣版潫纭：娌愭荡闇叉恫浣撶～纾洪鐨傛帶娌圭埥鑲ゅ悗鑳岀棙鐥樻悡娉ユ竻娲佹矏娴撮湶鐢峰コ閫氱敤 2鐡?纭：娌愭荡闇?00ml,锟?9.90
浣版潫纭：娌愭荡闇叉恫浣撶～纾洪鐨傛帶娌圭埥鑲ゅ悗鑳岀棙鐥樻悡娉ユ竻娲佹矏娴撮湶鐢峰コ閫氱敤 4鐡?纭：娌愭荡闇?00ml,锟?9.90
宕界櫧濂虫€ф礂娑茬粡鏈熷幓寮傚懗瀛曞娓呮磥鎶ょ悊浜у悗澶栭槾姝㈢棐濡囩娲楁恫 涓ょ摱瑁?锟?48.00
宕界櫧CUMLAUDE LAB鐝傝敁鏈电泭鐢熷厓绉佸娓呮磥鎱曟柉 濂虫€х瀵嗗鎶ょ悊娑插闃翠繚 ml*2,锟?32.00
宕界櫧鑾樻姢 鐩婄敓鑿岀澶勬礂娑?濂虫€х瀵嗘姢鐞嗙槞鐥掑紓鍛虫鐥掔櫧甯﹀绉戠敺濂冲＋娑?娓呮磥绉佸娲楁恫1鐡剁敺濂抽€氱敤,锟?5.00
宕界櫧鑾樻姢 鐩婄敓鑿岀澶勬礂娑?濂虫€х瀵嗘姢鐞嗙槞鐥掑紓鍛虫鐥掔櫧甯﹀绉戠敺濂冲＋娑?鎱曟柉鐩婄敓鑿屾礂娑?鐡剁敺濂抽€氱敤,锟?6.00
COCOSILIYA棣欐按鍛虫矏娴撮湶棣欏懗鎸佷箙鐣欓娌愭荡娑茬敺濂抽€氱敤鍏ㄨ韩棣欎綋娓呯埥 瀹跺涵瑁?coco棣欐按娌愭荡闇?娲楀彂姘?锟?8.31
鍔涘＋娌愭荡闇蹭钩闇撳厜澧ㄥ叞骞借幉榄呰偆鐣欓鐢峰コ娌荡娲楁尽澶у閲忓搴娓呮磥 骞借幉榄呰偆1鍗冨厠+闇撳厜澧ㄥ叞1鍗冨厠,锟?4.85
姘翠箣钄伙紙WATER COME锛?  娌愭荡闇叉寔涔呯暀棣欏叏韬竻娲佺儫閰拌兒鏋滈吀棣欐皼婊嬫鼎娌愭荡娑叉补涔崇敺濂冲畼 鐗涙补鏋滄矏娴撮湶350mL+100ml涓牱,锟?6.55
宕界櫧涓告皸娲佸皵闃存厱鏂棩甯告礂娑插コ鎬х澶勬礂鎶ゆ恫娉℃场娓呮礂鎶ょ悊绉佸瘑澶勯櫎寮傚懗 150姣崌,锟?23.00
澶忎緷eve濂虫€т笓鐢ㄧ瀵嗗鎶ょ悊娑?鑺遍鍨嬪姞閲忚娲楁恫119ml*2 鐩婄敓鍏冨懙鎶?娓呮柊鑺遍 119ml*2,锟?4.97
寮虹敓锛圝ohnson锛夌編鑲屽弻鏀娌愭荡闇茬敺濂抽€氱敤娌愭荡娑?鎮犵劧鑸掔紦娌愭荡涔?20g,锟?1.10
鐜涜帀鍚変簹娌愭荡闇茬暀棣欐寔涔呮俯鍜屾粙娑︽竻娲佸師瑁呰繘鍙ｅ搴鐢峰コ閫氱敤1L 鐧芥獉闆澗,锟?8.00
鏈楀姏绂忚柊琛ｈ崏鐒曡偆棣欐荡娌规矏娴撮湶750ml棣欐皼绮炬补娌愭荡淇濇箍婊嬫鼎濂冲＋ 鐜懓棣欒柊棣欐荡娌?50ml*1鐡?锟?4.54
HDCC鐧芥涔岄緳鐝嶇彔棣欐皼娌愭荡闇叉寔l涔呯暀棣?2灏忔椂濂充汉鍛宠秴棣欎笉鍋囨粦 甯︾弽鐝犳1鐡?鐧芥涔岄緳棣?锟?5.00
HDCC鐧芥涔岄緳鐝嶇彔棣欐皼娌愭荡闇叉寔l涔呯暀棣?2灏忔椂濂充汉鍛宠秴棣欎笉鍋囨粦 涓嶅甫鐝嶇彔娆?鐡?鐧芥涔岄緳棣?锟?2.00
鑸掕偆浣虫矏娴撮湶 瑗挎煔1kg 婊嬫鼎淇濇箍 鐢峰コ澹€氱敤 鏂版棫鍖呰闅忔満 5浠?KG | 绾櫧+鏌犳+钖拌。鑽?锟?09.80
鑹鸿幈鐡箮鍒籬uko涔庡埢鎶ゆ墜闇滃コ婊嬫鼎淇濇箍琛ユ按浼存墜绀肩敺绀肩洅瑁呮暀甯堣妭绀肩墿瀚╃櫧 鏃〤鏅欰(鐧藉ぉ+鏅氫笂鐢? 榛樿,锟?46.00
鑹鸿幈鐡箮鍒籬uko涔庡埢鎶ゆ墜闇滃コ婊嬫鼎淇濇箍琛ユ按浼存墜绀肩敺绀肩洅瑁呮暀甯堣妭绀肩墿瀚╃櫧 VC闆粧姘存劅鎵嬮湝1鍙?0g 鐧藉ぉ鐢?榛樿,锟?46.00
鑹鸿幈鐡箮鍒籬uko涔庡埢鎶ゆ墜闇滃コ婊嬫鼎淇濇箍琛ユ按浼存墜绀肩敺绀肩洅瑁呮暀甯堣妭绀肩墿瀚╃櫧 鐜昏壊鍥犵簿鍗庢姢鎵嬮湝1鍙?0g 鏅氫笂鐢?榛樿,锟?46.00
娑﹁姍濡鼎鑺欏Ξ绉佸瘑鎶ょ悊濡囩敤鍑濊兌姝㈢棐婊嬫鼎鑻﹀弬鑽夋湰寮遍吀鎬т骇鍚庡コ鎬т繚鍏?1鐩掕,锟?88.00
娑﹁姍濡鼎鑺欏Ξ绉佸瘑鎶ょ悊濡囩敤鍑濊兌姝㈢棐婊嬫鼎鑻﹀弬鑽夋湰寮遍吀鎬т骇鍚庡コ鎬т繚鍏?2鐩掕,锟?28.00
闊╂柟浜旇胺缇庣櫧娌愭荡闇茬儫閰拌兒棣欐按鍨嬪叏韬暀棣欓姘涚殭鐧芥矏娴翠钩娑插コ500m,锟?0.00
鐧惧吇鐏电～纾鸿蒋鑶忛槾铏辩敺濂崇澶勭毊鑲ら槾閮ㄨ倹闂ㄨ崏鏈钩鑶?1鐩掞紙鐡惰锛?锟?1.60
澶氳姮婊嬪吇娌愭荡闇叉寔缁暀棣欐繁灞?妯辫姳/妗冩偊鐢峰コ澹竻娲佷钩澶氳鏍煎彲閫?寮规鼎姘村 730g,锟?1.90
澶氳姮婊嬪吇娌愭荡闇叉寔缁暀棣欐繁灞?妯辫姳/妗冩偊鐢峰コ澹竻娲佷钩澶氳鏍煎彲閫?妯辫姳鐢滈 730g,锟?1.90
鑹捐瘲锛圗nchanteur锛夋矏娴撮湶鐢峰コ娌愭荡650ml*3娉℃场娴寸帿鐟扮簿鍗庢粙娑︿繚 浼橀泤鑺遍(650ml*3),锟?48.00
澶氳姮婊嬪吇娌愭荡闇叉寔缁暀棣欐繁灞?妯辫姳/妗冩偊鐢峰コ澹竻娲佷钩澶氳鏍煎彲閫?娣卞眰钀ユ鼎 1000g,锟?1.90
鍔涘＋娌愭荡闇叉恫涔崇簿娌归姘涙按鍛虫寔涔呯暀棣欐粙娑︿繚婀跨敺濂冲ぇ瀹归噺瀹跺涵濂楄 998g鑾规鼎妗冭姳棣?锟?8.55
钂插湴钃濇矏娴撮湶缂撹В鐨偆骞茬棐骞茬嚗婊嬫鼎淇濇箍l鐣欓娣卞眰婊嬪吇鐢峰コ閫氱敤娌愭荡涔虫恫 200ml娌愭荡闇?1鐡?锟?6.00
钀冭瘲姊碉紙CUISHIFAN锛夌～纾哄噣铻ㄩ櫎铻ㄦ矏娴撮湶鍘昏灗铏悗鑳岃璐ㄧ敺濂冲＋鎼撴偿瀹濈～纾烘恫浣撻鐨傞 涓ょ摱瑁?锟?8.90
鍔涘＋娌愭荡闇叉恫涔崇簿娌归姘涙按鍛虫寔涔呯暀棣欐粙娑︿繚婀跨敺濂冲ぇ瀹归噺瀹跺涵濂楄 绮夋ū棣欏叡璁?98g銆愯瑁呫€?锟?4.85
鍔涘＋娌愭荡闇叉恫涔崇簿娌归姘涙按鍛虫寔涔呯暀棣欐粙娑︿繚婀跨敺濂冲ぇ瀹归噺瀹跺涵濂楄 鑾规鼎妗冭姳鍏辫200g銆愭梾琛岃銆?锟?1.99
鍔涘＋娌愭荡闇叉恫涔崇簿娌归姘涙按鍛虫寔涔呯暀棣欐粙娑︿繚婀跨敺濂冲ぇ瀹归噺瀹跺涵濂楄 骞借幉榄呰偆鍏辫200g銆愭梾琛岃銆?锟?1.99
澶氳姮锛圖ove锛塪ove澶氳姮娌愭荡闇叉恫涔虫寔涔呯暀棣欎綋姘存礂婢℃搏濂崇敺澹?妗冩偊姘撮€?00g+妗冩偊姘撮€?00g鐗规儬 0g,锟?4.00
钀冭瘲姊碉紙CUISHIFAN锛夌～纾哄噣铻ㄩ櫎铻ㄦ矏娴撮湶鍘昏灗铏悗鑳岃璐ㄧ敺濂冲＋鎼撴偿瀹濈～纾烘恫浣撻鐨傞 涓€鐡惰400g,锟?4.00
鍔涘＋娌愭荡闇蹭钩闇查姘涚簿娌规礂婢℃粙娑︽寔涔呯暀棣欑敺濂冲＋澶у閲忓搴 700g+閫?娴寸悆) 棣欐皼绮炬补娌愭荡闇?锟?6.70
鑸掕偆浣崇孩鐭虫Υ娉℃搏娌愭荡闇叉帓娴婂暙鍠辨场鐢峰コ鎸佷箙鐣欓绁涚棙灞辫尪鑺辨矏娴翠钩 鏂?鍝侀灞辫尪鑺?40g*1(鍟柋) 0ml,锟?0.00
鍔涘＋锛圠UX锛夋矏娴撮湶娑蹭钩瀹跺涵瑁呭コ棣欐按鎸佷箙鐣欓鐢峰＋娣嬫荡娲楁尽瀛︾敓濂楄 闂寒鍐扮埥1kg+骞借幉350g+娴寸悆,锟?7.97
COCOSILIYA缃戠孩娌愭荡闇叉寔涔呯暀棣?2灏忔椂瀹跺涵瑁呭ぇ瀹归噺娑﹁偆琛ユ按鐢峰コ澹矏娴撮湶 娲楀彂闇?00g+娌愭荡闇?00g 婊嬫鼎琛ユ按鎸佷箙鐣欓,锟?07.48
缁寸壒涓濓紙vetes锛夌淮鐗逛笣娌愭荡闇茬敺濂抽€氱敤棣欏懗鎸佷箙棣欐按鍨嬫矏娴存恫婊嬫鼎淇濇箍娲楀彂娌愭荡闇插 銆愬ぇ瀹归噺銆戞竻鍐疯寜鑾夋矏娴撮湶800ml,锟?8.60
缁寸壒涓濓紙vetes锛夌淮鐗逛笣娌愭荡闇茬敺濂抽€氱敤棣欏懗鎸佷箙棣欐按鍨嬫矏娴存恫婊嬫鼎淇濇箍娲楀彂娌愭荡闇插 銆愯秴鍊煎瑁呫€戣寜鑾夋矏娴撮湶800ml*2,锟?8.40
鑹鸿幈鐡憺鍦ｇ瀵嗗娓呮礂娑插コ鎬ф礂鎶ゆ厱鏂姢鐞嗘恫姝㈢棐鍘诲紓鍛虫竻娲楀墏 150ml 300ml,锟?7.00
瀹夋稙鎯犻泴涓夐唶杞啅闆屽共娑╂洿骞存湡濂虫€х澶勯泴鎬цˉ鍏呭鐢?銆愪笁鐩掕銆戦泴涓夐唶杞啅,锟?18.80
瀹夋稙鎯犻泴涓夐唶杞啅闆屽共娑╂洿骞存湡濂虫€х澶勯泴鎬цˉ鍏呭鐢?銆愪簲鐩掕銆戦泴涓夐唶杞啅,锟?78.20
婢抽洩娌愭荡闇插畼鏂规礂婢＄櫨鍚堣姳鎸佷箙鑺遍瀹跺涵涓撶敤娓呮磥澶у閲忕敺濂?鐧惧悎鑺遍900g,锟?9.00
鑸掕偆浣冲噣閫忔场娌矏娴撮湶 500g 鍚灉閰?鐢峰コ澹€氱敤 鏂版棫鍖呰闅?[鍑€鐖界鐐]500g*1鐡?锟?4.00
HDCCreze娌愭荡闇蹭钩鐑熼叞鑳烘灉閰告寔i涔呯埍鐫夸笣鐣欓鐢峰コ娣卞眰缇巌鐧?銆愮矇榛勫悇涓€鐡躲€戞贩鍚堣,锟?26.00
缁寸壒涓濇矏娴撮湶棣欏懗鎸佷箙鎺ф补闄よ灗淇濇箍棣欐按娌愭荡涔虫恫娲楀彂娌愭荡闇插瑁呯敺濂抽€氱敤 鐧芥涔岄緳娌愭荡闇?00ml,锟?5.90
鎷滆开鐢熺墿鐧戒簯灞辩編鐧芥矏娴撮湶鐢峰コ缇庡叏韬彉缇庣櫧绁炲櫒鐢峰コ鎸佷箙鐣欓瀚╃櫧娌愭荡闇茬編 1鐡舵矏娴撮湶300ml,锟?6.90
婢抽洩锛坅ccen锛夎姳棣欐矏娴撮湶娓呰幑姗欒姳绉嬪啲婊嬫鼎缇庤倢鎸佷箙鐣欓鐢峰コ閫氱敤瀹跺涵瑁?00ml瀹?姘存季鐧惧悎 500ml,锟?9.00
婢抽洩锛坅ccen锛夎姳棣欐矏娴撮湶娓呰幑姗欒姳绉嬪啲婊嬫鼎缇庤倢鎸佷箙鐣欓鐢峰コ閫氱敤瀹跺涵瑁?00ml瀹?娓呰幑姗欒姳 500ml,锟?9.00
闅嗗姏濂囷紙LONGRICH锛夌帿鐟版矏娴撮湶娴翠箣瀹濊柊琛ｈ崏鑸掔湢婊嬫鼎淇濇箍娓呴鍨嬬敺濂抽€氱敤娌愭荡娑?銆愪竴鐡躲€戣柊琛ｈ崏鑸掔湢900ml+鐗欒啅,锟?2.35
娣峰悎鏁呬簨锛圫TORYMIX锛夋贩鍚堟晠浜婼torymix娌愭荡闇叉儏缁姘涙娲插コ鎸佷箙鐣欓72灏忔椂棣欎綋 韬綋涔宠厞姊?绉嬪啲鍗囩骇娆?50g  300g,锟?14.00
NHFOUYOU娲楁尽鎼撴偿瀹濇捣鐩愭皑鍩洪吀鍘昏璐ㄥ幓姝荤毊鎼撴尽娉ョ鍣ㄨ€佺墝鍏ㄨ韩鐢峰コ 娴风洂鐑熼叞鑳哄幓瑙掕川鎼撴偿鍑濋湶500ml 1鐡?锟?5.00
宕界櫧CUMLAUDE LAB鐝傝敁鏈电澶勬竻娲佹厱鏂?50ml 濂虫€х瀵嗗鎶ょ悊娑插闃翠繚鍏?涓ょ摱瑁?锟?58.00
",
