﻿Column1,Column2
Name,Price
熊火 渔具包鱼竿包轻便防水双层125cm多功能加厚海杆包双肩钓鱼包背包,￥49.00
臻佑（Grsaed）鱼护包手提袋48cm多功能防水轻便渔具包鱼护袋加厚耐磨收纳活鱼桶钓鱼配件短柄有侧包 灰色,￥45.00
民间艺人硬壳鱼竿包轻便型鱼具包钓鱼包多功能迷你杆包手提渔具包防水,￥69.00
钓鱼王 钓鱼配件收纳盒渔具多功能收纳盒小药盒钓鱼工具箱 收纳盒大号,￥39.90
秋本川钓鱼收纳包渔具多功能收纳箱用品装备渔具包钓鱼工具箱配件盒大全 小号(双层)【26*22*10cm】手提,￥38.00
卡仕特（KAST）明邦路亚盒MEBAO钓鱼配件假饵鱼钩收纳盒钓鱼路亚箱多功能鱼饵盒 大容量路亚盒（蓝色）,￥35.00
臻佑（Grsaed）绿白主线盒8轴 精品主线轴收纳盒便携方便线组盒泡沫线圈鱼线主线盒渔具用品钓鱼配件,￥10.90
威拓森漂盒多功能大容量主线盒二合一大双层鱼漂盒浮漂盒鱼漂收纳盒 52CM梦幻蓝【12个线轴+6个漂夹】,￥85.00
威拓森鱼护包手提袋钓鱼加厚防水多功能鱼具包装鱼鱼袋渔具收纳包 轻量款单层无侧兜天青色40*38cm,￥39.00
可折叠鱼护包手提袋防水多功能钓鱼加厚收纳便捷装鱼袋渔护渔具包 防水鱼护袋【大号】,￥18.80
渔之源 活鱼桶鱼箱钓鱼桶鱼笼装鱼箱折叠水桶透明桶50藏蓝+氧气泵,￥139.00
臻佑(Grsaed)渔具包硬壳防水杆包大容量加厚竿包鱼竿包内置收纳层手竿包钓鱼包方格黑1.25米*14cm升级带伞兜,￥159.00
熊火(Bear fire)钓鱼桶40cm多功能加厚可折叠EVA鱼桶透气活鱼箱活鱼桶,￥39.80
熊火路亚盒便携渔具配件盒20cm多功能假饵铅皮鱼钩太空豆八字环收纳盒工具盒,￥32.90
皓顿（HAUT TON） 多功能正反双面路亚盒渔具盒钓鱼防水大配件盒假饵盒工具盒储物盒鱼钩盒收纳盒 中号桔色【防水款】,￥15.00
熊火鱼护包手提袋48cm蓝色多功能防水轻便加厚耐磨收纳渔具包活鱼袋,￥29.90
熊火 打水桶 20CM加厚钓鱼桶可折叠便携EVA带绳网盖活鱼桶方形水桶装鱼桶,￥29.00
熊火 鱼护 渔网防挂速干加厚网兜30cm*1.7m小号装鱼袋耐磨钓鱼包渔具配件,￥23.80
钓鱼王渔具收纳包加厚便携多功能鱼护包野钓户外大容量手提袋钓鱼包 渔具收纳盒包黑色小号,￥24.90
骇克大驻马马扎大驻马铁马扎大马扎折叠加厚板凳不锈钢防滑收纳钓鱼椅 军绿色,￥40.00
太宇 钓鱼抄网1.7米网杆+40cm网头不锈钢轻便便携可伸缩网杆捞鱼网渔网兜渔具用品 TY1113,￥29.00
中逵（ZKLS)乐钓吧硬壳竿包大号1.25米黑色硬壳加厚防水防摔轻便型杆包渔具包钓鱼竿包多功能收纳杆包,￥108.00
皓顿（HAUT TON）鱼漂盒多功能四合一浮漂盒子线盒主线盒鱼线收纳盒钓鱼盒渔具垂钓 55CM透明盒硅胶线圈,￥38.00
simago喜曼多鱼护网兜渔网加厚防挂速干钓鱼网兜鱼护包渔具30cm*1.7m,￥23.90
臻佑（Grsaed）新关东鱼钩套装盒太空豆八字环铅皮座漂座竿止绑钩器醒目豆夜光棒无倒刺渔具配件垂钓用品,￥38.00
钓鱼王活鱼袋防水加厚鱼护包钓鱼折叠鱼袋渔获装鱼袋垂钓用品 大号,￥39.90
盛河鱼竿挂架展示架多功能路亚竿收纳架挂墙车载鱼竿收藏架鱼竿架,￥35.00
二次元束竿球多功能路亚竿收纳球便携束杆球路亚插杆球 绿色（2只装）,￥9.98
拜杰（BAIJIE） 儿童抄网可伸缩碳素抄网小孩捞鱼带折叠钓鱼桶帆布打水桶 儿童碳素捞鱼网+折叠活鱼桶24cm,￥30.80
臻佑（Grsaed）强磁拉饵盘拉饵盆三合一钓箱竞技全磁拉饵盘饵盘拉丝开饵盆散炮盆钓鱼饵盒饵料盆渔具透灰中号,￥39.00
熊火鱼护包手提袋52cm蓝色多功能3D防水轻便加厚耐磨收纳渔具包活鱼袋,￥45.00
渔之源（Yuzhiyuan）鱼竿包硬壳杆包多功能收纳包钓鱼包AK渔具包14*125cm黑【伞兜】,￥139.00
臻佑（Grsaed）多功能钓鱼桶可折叠便携加厚洗车桶大容量活鱼桶户外水桶蓝13L,￥39.90
钓鱼王方形鱼护加厚涂胶速干防挂渔护钓鱼网兜溪流鱼户垂钓用品25*1.8米,￥49.90
熊火鱼护包手提袋多功能EVA加厚防水鱼护桶渔具包耐磨收纳活鱼桶 60cm橙色,￥30.80
熊火 路亚包多功能单肩路亚腰包渔具包防水耐磨大容量加厚鱼竿包配件收纳包 大容量暗夜色路亚包,￥68.00
"爱心东东	
天南兄弟渔具收纳盒多功能带卡扣小配件鱼线铅皮铅座漂座小工具垂钓收纳箱 S款卡扣透明收纳盒",￥14.80
路亚钓箱 路亚箱钓箱渔具收纳箱插竿可坐海船钓黑坑竞技筏钓路亚多功能鱼箱路亚饵箱 多功能路亚箱带两个竿架一个杯筒+可调节肩带,￥239.00
杰米仕（JMISI）鱼护野钓专用谷麦钓鱼便携黑坑新款速干折叠大物编织束口加长鱼护 纳米鱼护-60*100cm【带收纳袋】,￥26.80
TRESZ路亚竿保护套束竿带护竿套 鱼竿袋骑车背竿带鱼竿帽稍水滴轮收纳 【M中号套装】背带+水滴轮包,￥45.00
熊火钓鱼桶EVA加厚活鱼桶折叠便携打水桶网盖带增氧孔钓鱼水桶 50CM,￥49.80
连球鱼护包手提袋装鱼袋钓鱼护桶活鱼桶多功能鱼户渔户便携渔具收纳包 多功能鱼护包48L【蓝色】,￥108.00
钓鱼王 活鱼桶鱼箱钓鱼桶加厚钓箱折叠水桶多功能装鱼桶渔具  50*30cm,￥79.00
AUBELO防水渔具包鱼护包手提袋多功能加厚便捷折叠装鱼袋渔护钓鱼收纳包 【35cm黑色】带拉链 可装水,￥8.80
杰米仕（JMISI）儿童捞鱼网兜抄网套装捕虫网小孩渔网户外伸缩杆蜻蜓蝴蝶 抄网+折叠活鱼桶,￥31.80
连球鱼护黑坑野钓小鱼护网方形迷你便携鱼护包手提袋折叠加厚鱼网兜 方型小鱼护23*23*200CM（带包）,￥159.00
小凤仙漂筒浮漂桶加厚带芯款鱼漂收纳大号调漂桶浮漂盒70cm大容量鱼漂盒,￥33.00
熊火活鱼袋加厚耐磨防水装鱼袋渔具包手提鱼袋多功能折叠鱼护包渔获袋迷彩蓝70*70cm,￥36.00
六鱼折叠渔具包可放伞钓鱼包轻量收纳包便携多功能双层防水鱼杆包501 双层双侧包,￥69.90
民间艺人鱼护包PVC防水单层手提袋折叠收纳袋耐磨多功能活鱼袋鱼护袋装鱼袋 黑色,￥39.00
熊火加厚鱼桶活鱼桶一体成型多功能EVA钓鱼桶鱼护桶折叠装鱼箱装鱼桶 升级款48cm【带侧包带插杆】,￥68.80
杰米仕（JMISI）新款钓鱼配件盒防水路亚盒工具盒鱼钩收纳盒路亚饵盒钓鱼用品装备 大号防水抗压30格【橘色】,￥31.00
HENGJIA/亨嘉 双层 (5+6格)收纳盒 渔具盒 多功能盒子 双层收纳盒(21.5*12*7cm-220g) 按图发货,￥19.00
龙天将帆布鱼竿包轻便防水可放伞钓鱼收纳包多功能伞包杆包大容量渔具包 【80cm双层复合加厚】,￥28.00
鱼箱钓鱼活鱼桶鱼护桶装鱼桶装鱼折叠多功能一体成型加厚渔具钓箱 40公分灰色加厚（带提手侧袋）,￥28.00
连球鱼竿包硬壳渔具包钓鱼包手提鱼竿包可放伞鱼竿包轻便渔具包多功能 轻量化碳纤纹竿包,￥268.00
科迈雷路亚包背包迷彩多功能腰包胸包斜挎包单肩包休闲垂钓钓鱼收纳包,￥19.80
西格Seaguar路亚钓箱10L多功能渔具收纳箱大容量可插竿可坐钓鱼箱子 灰色 10L,￥368.00
川泽硬壳鱼竿包轻便型钓鱼包杆包便携渔具包防水多功能专用放伞收纳包 [七层加厚抗压]10*125cm中号,￥89.00
熊火多功能钓椅包渔具包大容量双肩包防水鱼具包钓鱼包钓椅背包鱼竿包 【升级3层】60CM主包黑蓝,￥45.80
川品社迷你鱼漂盒多功能防水传统钓短漂盒收纳盒塑料垂钓渔具储存配件盒 双层大号,￥29.10
鑫美仑渔具收纳包多功能收纳箱钓鱼用品装备渔具包钓鱼工具箱配件盒大全 特大（三层）【40*29*14】,￥74.00
渔之源 钓椅包渔具包多功能钓椅包双肩背包 渔具钓鱼收纳包背包款用品 PVC抗压耐磨 60cm黑色钓椅包,￥75.00
龙宝来（LONGBAOLAI）大容量多功能渔具收纳袋钓鱼配件包防潮包手提软式垂钓包,￥39.00
连球新款鱼护桶EVA加厚多功能可折叠打水桶钓鱼桶活鱼桶渔箱渔具用品 40CM黑红鱼桶,￥159.00
连球新款硬壳鱼桶鱼护桶钓鱼水桶活鱼装鱼野钓专用手提鱼箱多功能 48L硬壳鱼护桶（200斤无压力）,￥306.00
民间艺人硬壳鱼竿包轻便防水杆包钓鱼装备渔具用品鱼具包钓鱼手竿包 硬壳杆包小号,￥69.00
连球硬壳竿包钓鱼包防水超轻耐用收纳包多功能鱼包鱼竿包杆包渔具 ABS竿包（带支架）,￥495.00
一帆精工一帆精工渔具收纳盒钓箱多功能加厚工具包钓鱼配件盒线组工具箱 钓箱收纳包【湖蓝橙】,￥69.00
"爱心东东	
我思我梦手提双层渔具配件收纳箱路亚假饵台钓配件配件盒钓鱼工具箱 超大号",￥84.55
凡圣鱼漂盒多功能四合一收纳盒钓鱼主线盒子线盒鱼线盒浮漂盒渔具用品 45cm灰色多功能盒,￥25.00
KGWD KONG GOU WU DAO空钩悟道多功能渔事箱超轻路亚矶钓插竿箱多用途整理储物箱活鱼桶 多功能渔事箱Ⅱ 黑色,￥368.00
KGWD KONG GOU WU DAO空钩悟道轻便钓鱼伞包 一体防水硬壳渔具包碳纤板耐磨收纳鱼竿包 黑色版,￥100.00
美钓家（MEDICOM）鱼护包手提袋多功能钓鱼包双层防水鱼具加厚大容量渔护渔具包手提包 双侧兜军绿款,￥19.00
渔之源鱼竿包硬壳钓鱼包渔具包收纳包伞包支架包多功能包合金包加厚加硬 【加硬护竿】墨渊黑7*130cm,￥45.00
KGWD KONG GOU WU DAO硬壳椅包 轻便立体钓椅收纳双肩包防水易清洗钓鱼渔具包 硬壳全折叠椅包,￥298.00
熊火新款硬壳包鱼竿包多功能钓鱼包渔具包轻便手提型手提鱼具包钓鱼包 灰色硬壳大号带支架,￥79.90
六鱼多功能渔具桶501 手提钓鱼桶加厚便携折叠收纳鱼护桶装鱼活鱼桶 大号-手提款,￥219.00
Tuban捞鱼网兜渔网儿童捞小鱼捕鱼抄网可伸缩便携碳素杆超轻超密捞网 碳素儿童抄网+折叠水桶卡其,￥43.60
ICE FORCETRESZ路亚竿保护套束竿带护竿套 鱼竿袋骑车背竿带鱼竿帽稍收纳包 水滴轮款 背带+轮包套装（M号）,￥53.00
川品社 渔具收纳箱钓鱼配件便携收纳盒路亚多功能小配件钓鱼盒 三层【大号】,￥34.99
活鱼护桶新款eva加厚多功能钓鱼桶 防水活鱼桶鱼箱装鱼桶折叠鱼桶 黑色 40CM,￥38.00
"韵沐汐钓鱼伞包,鱼竿包,斜背轻便渔具用品多功能防水收纳钓杆套 纯素色（随机发货）",￥45.00
渔之源（Yuzhiyuan）鱼竿包轻便型鱼杆硬壳竿包伞包一体多功能收纳钓鱼包渔具包双层 去野双层杆包1.25米橙色(伞兜),￥59.00
空鈎悟道（KONGGOUWUDAO）空钩悟道原创轨道钓箱2023新款大容量钓鱼箱多功能便携收纳工具箱 轨道钓箱白色+三件套,￥1103.30
云影之间谷麦鱼护加厚束口带地插网兜装鱼袋野钓谷麦走钓鱼护隐形渔网袋 0.7宽#2米长特固谷麦鱼护【+包】,￥66.00
野营者加厚鱼桶装鱼桶钓鱼活鱼桶钓鱼桶多功能折叠水桶鱼箱 36CM【加厚款】,￥58.00
牧马人 鱼竿包 1.25米带轮硬壳防水2层三层渔具包杆包 380竿包,￥62.00
尚庄腾辉双肩钓椅包渔具包大背包鱼竿包防水钓鱼包鱼护包海杆包大容量杆包 豪华款】军黄80主包+鱼护包+杆包,￥75.00
威拓森（weituosen） 超轻便小马扎折叠凳子便携式拆登札户外板凳钓鱼椅神器火车旅行 黑银色小号(收纳袋）,￥39.00
eva加厚一体成型装鱼桶 钓鱼桶多功能防水钓鱼箱塑料折叠 活鱼桶 一体成型40cm蓝色(不可折叠),￥39.80
拜杰（BAIJIE） 伞包 渔具包加大加厚多功能折叠便携鱼竿袋收纳袋防水耐磨钓鱼包 双侧兜渔具伞包1.3米,￥15.80
龙天将帆布鱼竿包轻便可放伞钓鱼收纳包鱼具包伞包背包杆包大容量渔具包 卡其色带侧兜100cm*18cm,￥19.90
梦达 折叠钢丝鱼护鱼篓网兜渔护渔网装鱼金属不锈钢铁丝鱼笼编织鱼户 特大号 直径45cm【送失手绳】,￥38.80
海陆丰 新款三角抄网折叠收缩铝合金超轻便携捞鱼网网兜钓鱼抄网 天蓝色 2m,￥39.00
熊火钓鱼伞包收纳袋渔具钓鱼包便携防水牛津可折叠鱼竿包一体带双侧兜 1.45米双侧兜,￥21.80
连海渔具新品渔具包渔具盒钓鱼装备用品EVA钓鱼配件收纳盒 红色,￥38.00
BENSU本塑BS-0520便携式钓箱多功能路亚箱大容量插杆可坐收纳箱钓鱼箱 满配夜空黑+两杆架+一杯架,￥494.00
渔之源（Yuzhiyuan）路亚包多功能腰包单肩斜挎包钓鱼背包渔具路亚竿包收纳包装备大全 典雅黑单肩包,￥96.00
中逵竞技鱼竿包渔具收纳包单拉单肩防水2023新款轻便型软壳钓鱼包,￥120.00
化氏化氏提袋多功能钓鱼加厚防水收纳可便捷渔具包 48*55cm,￥79.00
渔之源（Yuzhiyuan）鱼竿包钓鱼海杆背包多功能鱼包大容量收纳防水钓椅渔具包双肩 加强防水棕色80厘米,￥168.00
连球新款EVA加厚黑坑竞技鱼桶鱼护多功能加厚折叠钓鱼桶活鱼桶装鱼箱 魅力黑款48L,￥188.00
京品 开放式折叠抬网鱼虾网笼捕鱼网鱼笼虾笼捕虾笼搬网渔网捕鱼工具a 1.2米无杆（配3饵+6米绳+饵球）,￥35.80
钓鱼王 大容量鱼竿包多功能支架渔具收纳渔具包轻硬便携防水钓鱼竿包 轻硬便携竿包-黑色大号,￥79.00
威拓森鱼护包手提袋钓鱼加厚防水多功能鱼具包装鱼鱼袋渔具收纳包 【无侧兜】天青色51*50cm,￥59.00
熊火钓鱼包渔具包硬壳杆包鱼具包竿包 硬壳小号蒂芙-尼蓝125*6,￥39.80
三只鸬鹚 渔轮包水滴轮路亚包 纺车轮收纳包保护套鼓轮包 水滴轮包（黑色）,￥13.80
太宇 EVA折叠水桶钓鱼桶 加厚鱼桶钓鱼箱渔具垂钓用品 TY1015 橘黄色,￥49.00
"爱心东东	
我思我梦折叠渔具包大容量防水鱼竿包软包卷竿包杆袋伞包钓鱼收纳袋 鹿皮绒蓝色1.3米",￥69.00
渔之源（Yuzhiyuan）复合加厚钓鱼伞收纳包鱼竿袋防水耐磨渔具用品可卷可折叠伞包 加厚鱼形布 130cm*71cm,￥72.00
杰米仕（JMISI）路亚鱼竿包渔具包海竿杆包多功能收纳防水大肚竿包专用 （普通无双兜）1.2米炫酷黑竿包,￥35.00
大号手提可坐钓鱼桶剧组多用桶现场桶车载收纳桶方形塑料水桶方桶 大号 墨绿色,￥95.00
YZJ加厚1.3mm双肩鱼获背包桶渔具装鱼桶渔获钓鱼桶饵料钓鱼装备水箱LDN 加厚1.3MM长43宽20高43(黑色),￥120.00
郁郁鱼新款鱼桶塑料加厚装鱼黄鳝螃蟹泥鳅小龙虾钓鱼渔具鱼桶 10升绿色鱼篓[耐摔],￥20.80
转化率 渔具包鱼竿包钓鱼伞包可背帆布收纳袋一体钓伞包杆包防水伞袋 【大号蓝色有侧兜】1.4米,￥18.80
千渔筏 新款路亚杆插杆器筏钓立杆器钓箱配套多功能配件鱼竿收纳桶 黑色,￥29.00
悦物耐典钓鱼折叠椅 户外小马扎便携美术写生凳火车排队旅行露营帆布凳 【全折口袋款+送收纳袋】大号黑,￥28.00
熊火 (Bear fire) 可折叠饵料盆加厚加宽开饵盆不沾散炮盆拌饵盆拉饵盘钓鱼配件,￥9.90
熊火 水溶袋 环保野钓定点打窝袋手竿远投打窝勺神器水溶钓鱼塑料袋投食器渔具配件,￥11.80
臻佑（Grsaed）打水桶便携折叠水桶钓鱼桶活鱼桶手提带失手绳小鱼桶装鱼桶圆桶,￥19.80
三只鸬鹚 三只鸬鹚 路亚配件收纳盒双面别针盒附件盒鱼钩盒小配件盒亮片盒 配件盒（大号）,￥15.00
熊火打水桶24cm加厚加固钓鱼桶可折叠便携带绳网盖活鱼桶方形装鱼桶,￥32.80
臻佑（Grsaed）渔具包钓鱼包海竿包钓鱼竿包防水鱼杆包台钓竿包多功能加厚海杆手竿鱼竿包双层130cm,￥66.00
熊火路亚包 背包鱼竿包多功能腰包 钓鱼斜挎包单肩包 渔具收纳包 路亚背包【天蝎】,￥45.80
熊火路亚盒便携渔具配件盒双面多功能假饵铅皮鱼钩太空豆八字环收纳盒工具盒,￥17.80
威拓森（weituosen）儿童小网兜捕蝴蝶网玩具渔网捞鱼蝌蚪兜网小抄网昆虫捕捉网装鱼桶 折叠水桶-蓝色,￥7.80
臻佑（Grsaed）主线盒大线轴6轴多功能收纳盒炫彩硅胶主线轴主线组盒渔具盒套装绕线盘线圈钓鱼配件,￥19.90
途趣路亚双面13格路亚饵收纳盒 钓鱼小配件盒硬饵盒米诺铅笔VIB亮片鱼饵盒,￥9.00
达亿瓦（DAIWA） 假饵盒A 多功能钓鱼配件 拟饵收纳盒子 钓组 便携路亚盒鱼饵盒渔具盒 黑色,￥40.00
太宇牛津布渔具包双层轻量便携加厚底座手提加固多功能钓鱼包竿包,￥29.00
臻佑（Grsaed）折叠椅折叠马扎户外钓鱼椅写生椅野餐旅行地铁便携椅带收纳袋雨林,￥19.90
臻佑（Grsaed）钓鱼桶EVA多功能加厚活鱼桶水桶钓箱钓鱼箱活鱼箱装鱼桶渔具包便捷折叠鱼桶40cm蓝色,￥49.00
库尤23新款鱼竿包硬壳杆包轻便型伞包一体多功能竿包大容量钓鱼收纳包 【PC合金强化】127*7cm祖母绿,￥106.80
臻佑（Grsaed）渔具包钓鱼包多功能加厚鱼竿包手竿包防水鱼杆包轻便型125CM蓝色,￥39.00
垂弦（ChuiXian） 钓鱼打水桶带绳渔具加厚鱼桶可折叠装鱼活鱼箱小水桶渔具 黑色圆桶无盖（提绳款）,￥8.80
臻佑（Grsaed）全磁折叠饵料盆开饵盆两用强磁拉饵盘散炮盆通用饵料盒全磁折叠开饵盆蓝色,￥23.80
漂盒20轴线组盒鱼线子线主线盒线圈收纳盒大容量渔具配件垂钓用品 8轴,￥5.80
熊火打水桶24CM加厚EVA鱼桶可折叠方形鱼桶带绳网盖活鱼桶便携装鱼桶,￥29.80
熊火鱼护包手提袋53cm带前兜多功能防水加厚耐磨装鱼袋轻便收纳渔具包钓鱼包配件包,￥49.00
钓鱼王 打水桶可折叠提水桶带绳活鱼桶加厚装鱼桶钓鱼桶可提装鱼桶,￥45.00
臻佑（Grsaed）钓鱼桶鱼护桶EVA加厚钓箱鱼护包多功能折叠渔具包装鱼桶水桶活鱼桶带侧兜53cm蓝色插杆,￥118.00
神鲨活鱼桶钓鱼桶40cm加厚EVA折叠多功能鱼护桶水桶装鱼箱渔具,￥38.80
太宇路亚盒多功能双层黄色木虾路亚饵盒拟饵盒多层收纳渔具配件盒,￥19.00
Daijia路亚盒多功能双面饵盒路亚软饵硬饵盒便携式收纳盒 大号 蓝色,￥9.90
民间艺人鱼箱钓鱼活鱼桶装鱼桶装鱼EVA折叠多功能加厚渔打水桶中号,￥55.00
臻佑（Grsaed）活鱼袋加厚耐磨防水小号装鱼袋便携折叠手提鱼袋多功能渔获袋鱼护包鱼桶垂钓用品,￥28.00
熊火捞鱼网兜儿童抄网套装户外渔具钓鱼网蜻蜓网捕虫网捕蝴蝶  儿童碳素捞鱼网+折叠活鱼桶24cm,￥30.80
木丁丁 便携式鱼护 野钓迷你小渔护 黑坑竞技网兜 防挂防臭速干装鱼网袋 野钓简易小鱼护黑色60*150CM,￥36.00
臻佑（Grsaed）渔具包硬壳鱼竿包大容量加厚竿包耐摔耐磨防水杆包内置收纳层手竿包钓鱼包方格黑1.25米*14cm,￥139.00
臻佑（Grsaed）子线盒多功能超长超薄竞技子线仕挂盒43cm加长鱼钩盒子线收纳盒钓鱼配件,￥23.00
中逵漂桶浮漂桶加厚加长鱼漂盒收纳调漂筒大容量漂筒,￥13.80
六鱼渔具收纳包501加厚轻便携装鱼护多功能户外装鱼手提袋钓鱼折叠包 中号,￥27.90
熊火 钓鱼打水桶可折叠可装鱼桶带绳带盖加厚活鱼桶取水桶渔具配件,￥26.80
臻佑（Grsaed）鱼竿包钓鱼包加厚渔具包1.25米鱼包海竿包多功能海杆包鱼具包竿包路亚包杆包台钓包,￥99.00
臻佑（Grsaed）儿童抄网伸缩碳素抄网杆捞鱼网捕虫网折叠钓鱼打水桶户外渔具套装,￥35.90
达亿瓦（DAIWA）21新款 软式鱼竿收纳包 鱼竿竿袋收纳袋 鱼竿包渔具包 黑色,￥240.00
美钓家（MEDICOM）多功能鱼护包防水圆形加厚鱼护包渔具包渔护手提袋包带侧兜渔护包 美钓家黑色单层带侧兜38cm护包,￥15.90
渔之源（Yuzhiyuan）鱼竿包碳纤纹渔具包轻便防水杆包多功能加厚鱼竿收纳包护竿 蓝色,￥199.00
臻佑（Grsaed）路亚包多功能路亚腰包斜挎包插竿渔具包鱼竿包配件收纳包 军绿,￥69.00
伟冠多功能鱼竿展示架渔具收纳架子路亚架挂墙上收纳架鱼竿墙壁收藏架 垂直安装款6孔位（黑色）,￥10.90
渔之源 活鱼桶鱼箱钓鱼桶鱼笼装鱼箱折叠水桶透明水桶50cm黄色,￥89.00
木丁丁 鱼竿包 渔具包 钓鱼包 防水鱼竿包双层直方包多功能单肩钓鱼包 渔具包【黑色1.2米双层直方包】,￥36.00
CLCEY钓鱼配件收纳盒多功能渔具箱路亚鱼钩盒子线收纳箱小药饵盒工具 专注品质(不软塌)加厚用料 放 大号 (43*20cm)黑色,￥64.00
Hicreat钓鱼神器水怪霸王捆鱼笼渔网拉网丝挂网爆炸网 白色四目钓二两左右的鱼,￥5.40
臻佑（Grsaed）钓鱼水溶袋环保野钓定点打窝袋手竿远投打窝勺神器水溶塑料袋投食器渔具配件用品,￥11.90
一帆精工收纳桶加厚防水多功能钓具收纳包渔具鱼护包手提袋装鱼袋 mini渔具包,￥32.00
拜杰（BAIJIE）路亚包背包鱼竿包多功能腰包钓鱼斜挎包单肩包渔具收纳包 路亚背包【天蝎】,￥45.80
京品 开放式折叠鱼网抬网鱼虾网笼折叠虾笼搬网龙虾网虾米网捕鱼工具a 60厘米×60厘米1个（1饵+3米绳+1圈）,￥11.90
千锐鱼桶钓鱼桶eva加厚多功能活鱼箱折叠水桶鱼桶装鱼桶装鱼箱 30公分黑色加厚（无侧袋无提手）,￥13.00
民间艺人大号加厚款活鱼桶干EVA一体成型可折叠湿分离鱼护桶钓鱼装鱼桶,￥109.00
任鸟飞（Rbirdsfly） 渔具包鱼竿包钓鱼包1.25米双层渔具包鱼护包台钓包多功能渔具包 RBF362 迷彩灰,￥99.00
飞秒 飞秒儿童抄网 儿童捕鱼蜻蜓网 昆虫网捞鱼网伸缩抄网兜折叠小水桶户外钓鱼渔具捕鱼网渔网玩具组合套装,￥18.90
国王路亚饵盒加厚工具盒鱼饵盒子配件储物收纳盒多功能路亚盒 大号红黑路亚盒,￥32.00
拜杰（BAIJIE） 路亚包多功能单肩路亚腰包渔具包防水耐磨大容量加厚鱼竿包配件收纳包 大容量路亚包（暗夜色）,￥55.80
川品社 主线盒大轴大号加厚线盒鱼线收纳盒线组合钓鱼盒 6轴盒大号（配6个线轴）,￥16.90
龙天将帆布鱼竿包轻便可放伞钓鱼收纳包鱼具包伞包杆包加厚大容量渔具包 【加宽】长126cm宽22.5cm卡其色,￥31.80
饵料瓶宽口密封鱼饵瓶子防晒防水防潮钓鱼收纳盒窝料储物罐渔具垂钓用品 大号【1000ml】,￥8.50
鼎立（DINGLI） 鱼袋网袋胶丝网袋装鱼网袋渔网兜密眼装鱼网鱼袋子篓钓鱼捕鱼袋 鱼袋【40cm×40cm】1个,￥6.80
臻佑（Grsaed）钓鱼打水桶手提款带绳多功能加厚EVA鱼桶可折叠水桶鱼箱钓鱼桶活鱼桶渔具 灰色,￥39.00
惊浪125CM双层大肚包渔具包防水杆包钓鱼包海竿手竿路亚杆鱼竿包渔具,￥48.00
探险者（TAN XIAN ZHE）探险者（TANXIANZHE）户外折叠椅露营便携钓鱼凳子休闲月亮导演椅 【六层夹棉】米白色+收纳袋,￥63.00
臻佑（Grsaed）钓鱼水桶鱼饵料盆套装 EVA折叠活鱼桶加厚渔具包鱼护包鱼护桶户外钓鱼桶45cm,￥69.00
梦多福路亚钓箱路亚箱 路亚多功能鱼箱可坐 钓箱钓鱼箱免安装路亚收纳箱 天蓝色带竿架和杯桶  长60*宽40*高28,￥219.00
臻佑（Grsaed）打水桶多功能折叠水桶家用洗车桶户外钓鱼桶活鱼桶双盖鱼桶20L 蓝,￥39.00
臻佑（Grsaed）鱼竿包加厚渔具包双层大肚包1.25米竿包多功能收纳包手竿包台钓竿包防水路亚包海竿钓鱼包玄鳞,￥108.00
拜杰钓鱼伞包收纳袋渔具钓鱼包便携防水牛津可折叠鱼竿包一体带双侧兜 1.40米单侧兜,￥14.80
臻佑（Grsaed）渔具包三层130CM加厚大容量鱼竿包多功能收纳钓鱼包耐磨防水台钓杆包手竿包垂钓用品 黑色,￥89.00
KGWD KONG GOU WU DAO空钩悟道钓鱼收纳配件包路亚小药鱼钩多功能收纳包钓箱硬壳工具包 配件收纳包,￥68.00
臻佑（Grsaed）打水桶大容量加厚钓鱼桶可折叠便携网盖活鱼桶水桶装鱼桶15L 绿色,￥45.00
连球装鱼打水桶带绳加厚EVA鱼桶可折叠水桶小号水桶活鱼桶渔具 黑红款,￥62.00
连球新式钓椅躺椅折叠便携式钓鱼座椅多功能钓凳高级椅子野钓带拉饵盘 新款钓椅可收纳送六件套钓椅包,￥738.00
装鱼桶加厚鱼护桶一体多功能钓鱼桶钓箱鱼箱大号活鱼桶折叠渔具包 30公分黑色加厚（无提手侧袋）,￥13.80
鼎立（DINGLI）开放式提网抬网搬筝网捕鱼工具叠虾网鱼虾拉网搬网折叠捕渔笼扳网 双层【2米直径】赠品5包饵料,￥69.00
WEFOX 威狐路亚包多功能防沷水钓鱼专用工具包单肩包收纳包路亚斜挎包 WDX-1086 路亚斜挎包-灰迷彩,￥215.00
佰奇钓鱼配件盒双层路亚饵盒折叠大容量假饵收纳双层工具渔具假饵便携 双层收纳饵盒,￥11.90
环盛竿袋鱼竿护竿袋收纳袋台钓鱼竿杆袋弹力伸缩帆布空气层钓鱼竿套 加厚空气层竿袋【5.4米】1条,￥9.80
N·S BlackHoleNS黑色鱼竿收纳支架橡胶鱼竿鱼竿架家用鱼竿收纳钓鱼竿架 黑色,￥89.00
熊火钓鱼伞包收纳袋渔具包防水钓伞袋轻便型竿包一体鱼竿包杆包钓伞包 升级款加厚蓝色帆布140cm,￥23.80
任鸟飞（Rbirdsfly） 鱼钩套装 全套渔具配件鱼钩盒120斤承重抗压防水收纳盒垂钓用品 伊势尼有刺大号 RBF104,￥69.00
臻佑（Grsaed）打水桶钓鱼桶加厚渔具包鱼护包旅行便携带网盖手绳eva折叠多功能户外活鱼桶20cm,￥29.00
郁郁鱼自动渔网拉网抬网搬网提筝网折叠虾网鱼笼扳网捕鱼虾网捕虾网自动 直径0.8米（4毫米网眼双钢丝,￥22.11
一帆精工 新品双层仕挂盒多功能鱼线盒钓鱼用品子线盒 [白紫]酷子线盒38cm，内衬升级,￥33.00
臻佑（Grsaed）钓鱼水桶带增氧泵鱼饵料盆EVA折叠活鱼桶加厚渔具包鱼护桶户外钓箱钓鱼桶鱼护包50cm,￥125.00
无上佳品串钩收纳盒泡沫板子线绕线收线板存放盒路亚饵盒渔具盒垂钓配件盒 串钩收纳盒【1个】+5个绕线板,￥12.80
垂弦（ChuiXian） 不锈钢搭钩伸缩式勾鱼器刨钩捞鱼钩起鱼器钩大鱼渔具,￥13.80
凡圣 鱼桶活鱼桶便携可折叠钓鱼桶多功能鱼桶活鱼箱13L超大容量鱼桶加厚一体成型家用养鱼水箱钓鱼装鱼桶 带盖【13L】多功能折叠钓鱼桶,￥37.00
龙天将钓鱼伞包帆布竿包鱼竿袋耐磨加厚折叠轻便型便携渔具收纳包 卡其色小号带侧兜78cm*16cm,￥15.90
威宝莱 便携小鱼护野钓渔护折叠迷你速干装鱼袋赶海活饵网兜防跳鱼篓 22*45,￥19.90
卡斯丁(KastKing)路亚竿鱼竿架摆放展示鱼杆架家用壁挂式渔具收纳架,￥49.00
臻佑（Grsaed）钓鱼桶鱼.护桶EVA加厚鱼桶钓箱多功能折叠渔具包装鱼桶水桶活鱼桶蓝色48cm,￥69.00
GUBPMTSHIM渔具配件收纳箱 手提便携工具箱 零件储物盒垂钓鱼线八字环配件箱 双层特大号,￥54.00
路亚束竿球束竿器多功能抛竿拔鱼杆神器保护竿丸鱼竿收纳装配配件 束竿球颜色随机[1只装],￥4.88
焱思泰水滴轮包加厚水滴轮收纳包路亚纺车轮渔轮收纳包防震防水保护套 【升级5MM加厚】水滴轮收纳包 【敞开设计可以套在鱼竿上】,￥25.80
任鸟飞（Rbirdsfly） 海竿渔具包鱼竿包钓鱼包路亚包海竿包1.3米多功能渔具包带侧包 RBF365 黑色,￥69.00
小凤仙钓鱼饵料盒密封防潮大容量饵料带刻度收纳罐加厚抗压便携鱼饵分装 大号-1050ml,￥11.90
臻佑（Grsaed）活鱼袋加厚耐磨防水大号装鱼袋便携折叠手提鱼袋多功能金属增氧孔渔获袋鱼护包鱼桶垂钓用品,￥42.00
杰米仕（JMISI）路亚饵盒双层配件盒子双面多功能便携收纳盒钓鱼工具假饵防水 大号橙色,￥27.80
鱼竿展示架家用落地架子手竿海竿路亚竿收纳架钓鱼支架抄网摆放架 WKT-1多用鱼竿展示架,￥128.00
任鸟飞（Rbirdsfly） 饵料盆 聚碳材质加厚耐用拌饵盆开饵盆鱼饵盘方便携带易清洗鱼食盆大中小3件套 RBF309,￥39.00
六鱼 钓竿竿袋/521s541原装绒布鱼竿保护套防磨损防刮花收纳袋 541钓竿竿袋/5.7m【绒布】,￥14.90
皓顿（HAUT TON） 渔具盒渔具钓鱼防水大配件盒假饵盒路亚盒工具盒储物盒鱼钩盒收纳盒垂钓用品 防水款【中号桔色】,￥15.00
三只鸬鹚 路亚盒双面多功能收纳盒铅头钩套装盒便携软饵套装双层 蓝色 路亚盒￥28,￥28.00
理想鱼新款渔具包加厚便携收纳包多功能户外手提袋折叠钓鱼包 黑色,￥28.00
力丸 便携钓椅加粗加厚多功能台钓椅子 钓鱼折叠椅户外休闲小马扎座椅 四方平凳(含收纳袋),￥16.80
达瓦凌云路亚包多功能腰包斜跨包大容量鱼竿包专用收纳包渔具包防水 经D款蟒纹灰 单包可插杆,￥88.00
逗号船长（DOUHAOCHUANZHANG）钓椅包双肩渔具背包鱼竿包钓鱼多功能杆包大容量防水加厚收纳包 钓椅包,￥89.00
木丁丁 活鱼袋 装鱼袋充氧 折叠鱼护袋大号带孔 渔具包钓鱼包配件箱 折叠鱼护袋大号带孔,￥32.00
木丁丁 鱼护 万向定位台钓鱼网 不锈钢双圈鱼护 涂胶竞技速干防挂渔护 不锈钢双圈鱼护25*1.5米,￥28.00
"威拓森（weituosen）钓椅户外马扎折叠凳子钓鱼椅便携伸缩椅全地形钓鱼马扎露营折叠凳 黑银全折款(大号,收纳袋)",￥39.00
朝宇（ZHAOYU）溪流钓装备腰包饵料腰盒挂多功能面筋拉饵盒溪流走钓装备拉磁盒 腰挂盒【蓝】,￥31.80
圆形开放式抽拉折叠搬网渔网捕鱼网神器浮网虾网捕虾篓抬网 1.2米防跑鱼款+5饵+绳子,￥26.80
威拓森（weituosen）钓鱼帆布伞包竿包一体轻便型便携鱼竿杆包收纳袋渔具专用 【卡其色超大号加宽】126.5cm 带侧兜,￥28.80
京品 鱼护网钓鱼竞技鱼网兜双圈不锈钢涂胶渔护鱼虾网笼渔网渔具配件a 不锈钢双圈直径25*1.5米（配鱼护包+挡针）,￥18.80
雷臣钓鱼EVA软竿包鱼竿包钓鱼伞包收纳袋轻量便携渔具包收纳包 湖蓝色,￥79.00
豪纳1.25米防水长节定型鱼竿包双层渔具包钓鱼包带支架渔具钓鱼包三层鱼具包耐磨杆包 1.25米卡其色大3层免安装支架,￥125.00
威拓森（weituosen）活鱼袋鱼护包防水防臭大容量钓鱼收纳手提渔具袋装鱼活鱼一体成型 软式多功能鱼护包(小号）,￥39.00
飞秒ABS硬壳大容量竿包1.25米黑色加大加厚防水防摔轻便型包渔具包长节钓鱼包手竿包多功能收纳杆包钓鱼装备,￥79.00
BKK小小鲫瓜  黑金开饵盆收纳桶舀水勺钓鱼黑坑四件套 黑金开饵桶,￥249.00
千锐钓鱼防水配件盒小路亚盒鱼钩盒收纳盒工具盒储物盒垂钓用品 台钓小号配件盒（橙色）,￥8.80
达亿瓦（DAIWA）23新款 路亚渔具包 多功能收纳大容量双肩包斜挎包钓鱼腰包 路亚腰包-黑色（32x12x20cm),￥209.00
卡文迪主线盒大线轴6轴钓鱼线圈线组渔具垂钓用品配件鱼线收纳盒 斑点线4.5米2.0六组带线盒,￥11.50
京品 开放式捕虾笼鱼笼鱼网捕虾网抬网搬筝搬网虾米网龙虾网渔网a 60cm1个（1饵+3米绳+1圈）,￥8.90
皓顿（HAUT TON） 路亚包渔轮盒水滴轮收纳包路亚轮纺车轮水滴轮筏钓鱼线轮包渔具包 水滴轮收纳包左手【黑色】,￥20.00
威和钓鱼腰包路亚溪流鱼饵配件收纳包迷彩小巧包户外 迷彩溪流腰包,￥35.00
美钓家（MEDICOM）活鱼袋便携钓鱼包手提袋渔具包鱼护袋活鱼桶钓鱼牛津布防水大容量 升级款黑色38cm,￥14.90
君拓 EVA加厚防水防臭收纳折叠鱼护包手提袋多功能渔具包活鱼袋鱼护袋 鱼护包【蓝色带底】45x45x10cm,￥36.80
卡仕特（KAST）明邦路亚盒双面双层多功能假饵盒矶钓铅头钩收纳配件盒鱼钩盒钓鱼 1410-D2,￥15.00
DAIWA达亿瓦 REVERSIBLE CASE 路亚假饵配件收纳盒路亚盒钓鱼配件 烟灰色 RC100,￥80.00
维卡莱林多功能防水钓鱼配件收纳盒PVC路亚盒鱼钩小药饵盒工具包 银色 大号 WL-D2023A,￥27.60
Hicreat防水渔具盒路亚饵盒钓鱼小配件盒子收纳盒多功能全套鱼钩盒工具盒 大号灰色（30格）,￥29.00
君拓钓鱼配件盒防水路亚盒工具盒鱼钩收纳盒路亚饵盒假饵渔具配件盒 【小号-橙色】防水配件盒,￥13.80
益山益水钓鱼包渔具鱼竿包鱼包1.3米竿包多功能杆包包收纳包台钓包海杆包 1.3米 豪华版 偏软,￥45.00
凡圣多功能ABS漂盒双层加长加厚浮漂盒抗压耐摔鱼漂收纳盒子钓鱼用品 51CM黑色抗摔漂盒,￥17.99
无上佳品防缠绕串钩收纳盒鱼钩绕线板虾皮子线钓鱼翻板勾海杆配件大全线组 泡沫板【10个】+10个大头针,￥13.80
川品社串钩收纳盒神器钓鱼用品盒专用防缠绕线组收纳盒鱼钩配件路亚饵盒 串钩盒4个装（20个大头针）,￥18.14
君拓 主线轴线盒大轴子线盒鱼线收纳盒多功能鱼线盒主线轴钓鱼线圈线组渔具用品配件 16轴加厚主线盒(直径4.5cm),￥16.90
鼎立（DINGLI） 钓鱼抄网抄网头轻便便携鱼具木抄网餐馆饭店渔具超市抄网杆抄鱼捞鱼网兜水产木柄抄网 黄色平头抄网【35cm直径50厘米木柄长】,￥25.00
武汉邓刚可折叠鱼护包手提袋防水多功能钓鱼加厚收纳便捷装鱼袋渔护渔具包 防水鱼护袋【中号】,￥31.60
中逵（ZKLS)乐钓吧硬壳竿包大号1.25米黑色硬壳加厚防水防摔轻便型杆包渔具包钓鱼竿包多功能收纳杆 乐钓吧硬壳竿包-大号,￥128.00
HENGJIA/亨嘉 5格2格鱼饵收纳盒 透明防水渔具盒路亚钓鱼盒 A款5格盒40G(13.5*6.3*2.7cm) 按图发货,￥1.54
钓迷钓鱼桶活鱼桶打水绳加厚耐磨EVA黑色活鱼箱13L便携手提可折叠鱼桶,￥29.00
熊火 钓鱼桶 活鱼桶钓鱼箱多功能钓鱼桶鱼箱装鱼桶折叠便携箱打水加厚 钓鱼桶-50cm[密封款带侧兜],￥35.80
川品社路亚饵盒多功能铁板米诺铅笔假饵多功能钓鱼小配件双面收纳盒 小号+大号【送失手绳2条】,￥24.42
达亿瓦（DAIWA）假饵盒A 多功能钓鱼配件收纳盒子便携米诺双面路亚盒 双面橙色收纳盒140,￥34.00
川品社 路亚假饵盒多功能双层大号收纳盒便携木虾盒双面防水钓鱼配件盒子 透明双面【10格中号】,￥19.95
君拓 硅胶主线盒大线轴大号钓鱼线组盒6轴/8轴/12轴/16轴多功能鱼线绕线盘收纳轴专用 10轴彩色主线盒【加厚款】,￥24.80
川品社 多功能线轴盒硅胶线轴收纳盒钓鱼多功能绕线子线主线盒 彩虹硅胶主线盒【12轴】送贴纸,￥24.60
秋本川路亚饵盒双层便携盒子钓鱼配件箱米诺铁板双面假饵大收纳盒 【小号】双层(黄色),￥17.00
"爱心东东	
狮奥利兴串钩收纳盒专用 新款串钩收纳盒海杆路亚钓鱼海竿配件盒泡沫板渔 串钩收纳盒+7片中号泡沫板【D款",￥51.00
君拓 主线盒子线盒大轴多功能鱼线盒主线轴钓鱼线圈线组渔具用品配件子线盒鱼线收纳盒 8轴加厚主线盒【直径4.5cm】,￥11.90
BENSU本塑BS-006H双面路亚饵盒配件盒米诺铅笔波爬钓鱼防水饵盒收纳盒 白色228*143*39,￥49.00
连海渔具大容量手提配件盒钓鱼小配件收纳盒EVA路亚配件箱 大号,￥75.00
福阿九矶钓小配件收纳盒海钓垂钓鱼钩盒子夜光防水路亚零件配件盒咬铅盒 魔盒6个装（带隔断）黑色,￥48.00
连海渔具钓鱼工具箱大号配件盒路亚盒收纳箱收纳盒钓鱼配件箱 墨绿色H518,￥72.00
川品社 串钩收纳盒收纳神器钓鱼盒防缠绕子线钩收纳盒鱼钩配件路亚饵盒 串钩盒6个装(15个大头针),￥26.40
骏皮钓鱼鱼竿包渔具包竿包大容量渔具收纳包多功能轻便型套装ZP8 【2023尊享款】120cm三层直方包,￥219.00
帆布钓鱼包 折叠渔具包鱼竿包软包大容量鱼竿收纳包收纳袋卷竿包钓鱼伞包伞袋1464 棕色牛津布1.5米,￥76.95
骏皮鱼竿包手提杆包硬壳轻便型新款钓鱼渔具包收纳多功能鱼具竿包ZP8 【双倍加厚合金】黑125×14×14cm,￥299.00
明邦路亚中国明邦钓箱MEBAO多功能迷彩路亚箱户外钓鱼箱全套收纳便携黑坑 数码迷彩（杯架*1+插竿器*2),￥199.00
化氏湛卢鱼护包提袋多功能钓鱼加厚防水收纳可便捷装鱼袋渔具包 湛卢鱼护包,￥79.00
达亿瓦（DAIWA）竿包21新款软式鱼竿收纳包 杆包竿袋收纳袋渔具包折叠式多功能 黑色 130（B),￥240.00
DAIWA 达亿瓦 大肚子竿包 海钓竿包 渔具包收纳包大容量竿子鱼轮套装包 125（大肚包） 蓝色,￥390.00
达瓦凌云硬壳渔轮包海钓电绞轮收纳包钓鱼路亚纺车轮水滴轮筏钓保护包渔具 纯色 中号,￥49.00
渔具线组收纳包便携手提多功能防水钓鱼工具箱配件盒垂钓整理箱 大号,￥96.70
豪纳渔具包加厚防水双肩包鱼竿包钓鱼包鱼具包 80cm加厚加宽2层,￥36.26
熊火 钓椅包双肩渔具背包鱼竿包钓鱼多功能杆包大容量防水加厚收纳包 渔具双肩包70cm（黑色）,￥52.80
火玲珑1.25米多功能收纳包伞包鱼竿包硬壳超轻防水台钓鱼杆包装备渔具包 118cm单层小包【黑色红边】,￥17.50
钓椅后挂包双兜后挂包工具包配件包粘扣包渔具小包饵盘包饵料包 双兜后挂包,￥19.80
MFREE 鱼护包渔护包渔户包双层渔具包圆形防水多功能加厚背包涂胶鱼包 棕绿色 双层,￥77.00
璟胜路亚配件盒绕线板串钩收纳盒子线渔具盒泡沫板收线矶钓盒垂钓用品 串钩收纳盒【1个】+5个绕线板,￥12.80
熊火钓鱼桶加固加厚打水桶EVA活鱼桶可折叠带侧兜多功能装鱼桶 50CM,￥55.80
京品 饵料球黄鳝笼鱼笼虾笼捕虾笼龙虾网诱饵盒鱼饵蚯蚓盒捕鱼笼a 15个球+1包饵料(颜色随机),￥9.90
渔之源椅包渔具包新款钓鱼包多功能大全渔具收纳包钓鱼双肩背包 牛津布 不空-45cm背包-黑色 不空系列,￥64.00
君趣鱼竿包渔具包 加厚帆布鱼竿包伞包钓鱼收纳包耐磨海竿包路亚 加厚帆布卡其色 80X19无侧兜,￥17.30
威拓森 钓鱼帆布伞包竿包一体轻便型便携鱼竿杆包收纳袋渔具专用 【卡其色超大号加宽】136.5cm,￥44.80
龙天将帆布鱼竿包轻便可放伞钓鱼收纳包鱼具包伞包杆包单肩大容量渔具包 复古黑大号带侧兜136cm×22.5c,￥32.80
一帆精工新款鱼护包手提袋活鱼袋便携加厚防水多功能收纳袋渔具 软式鱼护包（黄）小号,￥59.00
熊火 活鱼袋带充氧孔加厚耐磨便携钓鱼折叠鱼袋渔获装鱼袋垂钓用品 80cm活鱼袋【蓝色】,￥38.80
木兰旅鱼护包手提袋多功能钓鱼加厚防水收纳折叠可便携装鱼袋鱼护渔具包 蓝色渔具袋37cm 带拉链滴水不漏,￥19.00
武汉天·元邓刚硬壳鱼竿包防水渔具包多功能鱼具杆包超轻手提钓鱼包轻便收纳鱼包 【加厚款】灰色14cm,￥127.60
小人鱼（XIAORENYU） 多功能钓鱼桶 渔具台钓箱桶钓椅钓台 垂钓装鱼桶鱼箱活鱼桶 多功能钓鱼桶,￥78.00
儿童捞鱼网捕虫网捞鱼小网兜儿童鱼网渔网捕蝴蝶网捕鱼蝶虫网户外捞玩具渔具 淡蓝色单个装(不含渔桶) 买两个配渔桶,￥5.80
鑫美仑（SINMELON） 便携折叠50CM加厚防水鱼护包手提袋eva渔具包渔护装鱼桶钓鱼包手提包 蓝色款,￥39.00
渔之源（Yuzhiyuan）渔具包多功能鱼竿包收纳大肚包杆包鱼包竿包防水钓鱼包鱼具包 三·层直包[130CM],￥84.00
渔情湾鱼护包手提袋多功能钓鱼加厚防水收纳袋折叠装鱼便携大容量专用包 黑金防水渔具收纳包35#,￥14.80
捷戈（JoggerTeam）防水钓椅包渔具包双肩包带鱼护包收纳钓鱼包多功能背包加厚 90厘米（可拆卸鱼护）加厚面料,￥69.00
渔之源（Yuzhiyuan）鱼竿包钓鱼伞包钓鱼背包鱼竿袋钓鱼收纳包可折叠大容量钓鱼杆包 尺寸130x20双侧兜60x17 蓝迷彩,￥35.00
熊火 钓鱼伞包收纳袋渔具钓鱼包便携防水牛津可折叠鱼竿包一体带双侧兜杆包渔具配件 1.3米单侧兜,￥16.80
雷臣加厚EVA钓鱼打水桶折叠便携小渔桶垂钓活鱼桶收纳桶渔具小桶 灰色21cm,￥59.00
800度大容量钓鱼子线收纳盒浮漂盒加长鱼钩钩盒双层仕挂盒 酷黑漂盒62CM,￥53.00
MPPMCK加厚伞包竿包帆布收纳袋防水耐磨钓鱼杆包斜跨伞袋手提便携包渔具 迷彩红130双兜,￥38.00
龙天将帆布鱼竿包轻便防水可放伞钓鱼收纳包鱼具包伞包杆包大容量渔具包 2022升级款【卡其色100*24加宽】,￥36.80
"爱心东东	
狮奥利兴海杆包大肚包不拆轮鱼竿包钓鱼包海竿大容量渔具收纳包双肩背包 80cn 双层冲量款蓝色大肚包",￥36.00
梦巴赫（monbacher） 梦巴赫鱼竿包渔具竿包钓鱼杆包收纳防水多功能轻便型大容量鱼具包 梦巴赫竿包85cm,￥45.00
达亿瓦（DAIWA）22新款 风尚路研系列路亚收纳包单肩包斜挎包腰包 时尚刷街斜挎包 多功能贴身斜挎包/军绿色,￥305.00
璟胜子线收纳盒串钩存放盒海竿路亚盒子鱼钩铅坠小配件盒收线绕线板 串钩收纳盒【1个】+5个绕线板,￥12.80
川品社鱼竿保护套速竿带高弹骑车绑杆背杆带护竿帽通用水滴纺车轮收纳包 护竿套装（背带款）,￥34.30
龙宝来（LONGBAOLAI） 龙宝来钓椅配件包钓鱼椅侧包收纳包后挂包钓椅小配件包渔具包 一代侧包（黑色）,￥39.00
"爱心东东	
天颛鱼竿收纳盒鱼竿包1.2米1.3米1.25米台钓包手竿包硬壳垂钓包 1.25米小号有侧包红色",￥39.00
本诺本诺鱼竿包钓鱼包鱼具包新款轻便型鱼杆包渔具收纳包钓鱼杆专用包 镜面直形双层包80CM 蓝色 加厚牛津布大容量,￥26.80
捍太郎带肚鱼竿袋免拆轮矶竿袋前打杆袋便携式竿轮一体收纳袋渔具包袋 83CM大肚鱼竿袋,￥30.00
护王钓鱼用品主线盒大容量8轴16轴20轴EVA主线轴收纳盒套装渔具鱼漂 12轴主线盒,￥13.00
渔之君鱼包渔具收纳包鱼竿包多功能防水海杆大肚包大容量钓鱼包 时尚迷彩120公分三层肚包,￥98.45
帝昂鱼竿包轻便帆布伞包收纳袋1.25米1.35m钓鱼伞袋包耐磨可折叠竿包 135厘米加厚帆布包(加宽版),￥99.00
弘嘉鱼竿包硬壳包渔具收纳袋包竿包鱼包鱼杆包杆包防水钓包 硬壳鱼竿包（黑色-大号）+带支架,￥88.80
达亿瓦（DAIWA）HERA鲫鱼系列 台钓竿包收纳袋 坐垫背包段差 台钓钓鱼装备渔具包 收纳袋35(C) 金属绿,￥658.00
达瓦凌云路亚包多功能腰包斜挎包大容量鱼竿包专用收纳包渔具包防水渔具包 经D纯黑色+路亚钳+控鱼器+5扣鱼,￥157.00
捷戈（JoggerTeam）防水钓椅包渔具包双肩包带鱼护包收纳钓鱼包多功能背包加厚鱼具 75厘米（可拆卸鱼护）加厚面料,￥49.00
CLCEY硬壳渔轮包海钓电绞轮收纳包钓鱼路亚纺车轮水滴轮筏钓保护包渔具 中号,￥46.00
达亿瓦（DAIWA） DAIWA达亿瓦 21新款 多功能防水双肩包大容量钓鱼背包拉链渔具包轻量收纳包 黑色,￥522.50
佳钓尼伏魔鱼硬壳竿包1.3米钓鱼竿包多功能收纳杆包防水 伏魔硬壳竿包,￥138.00
贝意品钓鱼背包男多功能双肩包户外耐脏大容量渔具包收纳打路亚专用 军绿色加大号,￥39.00
橙央钓鱼包背包款钓鱼背包男多功能双肩包户外耐脏大容量渔具包收纳打 黑色加大号,￥59.10
淡泊淡泊路亚钓箱插竿器立杆桶鱼竿收纳筒明邦钓箱多功能竿插竿桶杯架 红色-插杆器,￥28.00
好果伞包竿包一体渔护包折叠渔具包鱼竿包软包大容量鱼竿收纳包收纳袋 棕色鹿皮1.3米,￥125.00
威宝莱 渔具包 鱼护袋 便携手提袋 多功能收纳包 折叠钓鱼包 户外渔事包 天青渔具包,￥35.00
拜杰（BAIJIE)活鱼袋加厚耐磨防水大号迷彩装鱼袋便携折叠手提鱼袋多功能渔获袋鱼桶垂钓用品 迷彩活鱼袋中号,￥15.80
钓嗨尼鱼护包手提袋新款eva一体成型方形多功能防水大容量活鱼桶 收纳袋/活鱼桶-大号【灰色】,￥58.00
NXDOUGHNUT 抓小鱼神器捕麦穗鱼食蚊鱼鳑鲏白条网虾网虾笼捕鱼网阵鱼桶 捕鱼桶一个,￥68.00
民间艺人鱼护包PVC防水单层手提袋折叠收纳袋耐磨多功能活鱼袋鱼护袋装鱼袋 黑色,￥39.00
小凤仙活鱼桶鱼箱EVA折叠钓箱加厚打水桶装鱼桶野钓渔具用品龙虾装备 多功能便携打水桶,￥49.00
铭汇通鱼竿架子摆放架10位简约式鱼竿收纳架展示架手钓鱼竿摆放架实 6位横款,￥97.00
钓鱼摘钩子钳弯头18cm不锈钢脱钩器路亚钳子摘钩钳渔具,￥15.00
垂弦（ChuiXian） 加厚带侧袋鱼桶钓鱼桶eva加厚多功能活鱼箱折叠水桶气泵装鱼箱子 30公分黑色（无提手侧袋）,￥13.00
卡仕特（KAST）新款路亚盒多功能户外钓鱼配件盒便捷路亚饵收纳盒套装 2020DWU,￥35.00
辰义大物主线盒大线轴钓鱼线圈线组盒子鱼线收纳盒渔具垂钓用品配件盒 黑灰双轴盒无轴 3套,￥8.80
南北 浮漂盒加长大容量75公分秩父胡桃木漂盒实木鱼漂收纳盒钓鱼盒 54CM双面,￥128.00
川品社 迷你子线盒三层仕挂盒鱼线盒多层子线收纳盒钓鱼钩配件盒子 三层/蓝色仕挂盒,￥13.10
飞秒路亚饵盒五格渔具配件盒多功能假饵渔具配件收纳盒工具盒配件盒,￥12.90
润克/RUNCL路亚饵盒路亚盒假饵配件盒硬饵铅头钩鱼饵收纳盒钓鱼软饵盒 路亚饵盒【中号】【一对装】,￥55.00
护王 漂盒鱼漂盒二层钓鱼多功能漂盒三层浮漂盒大容量线盒主线鱼漂收纳盒漂盒大容量加长漂盒实木浮漂专用盒 拉丝桐木漂盒长55厘米,￥35.00
国王路亚盒台钓鱼配件盒多功能双层盒子微物路亚饵盒多层收纳盒渔具盒 白色-大号,￥28.00
鱼桶可坐 大号可坐钓鱼桶剧组多用桶汽车载收纳桶手提方形塑料水桶方桶 大号 墨绿色,￥63.00
车载路亚架多功能魔术贴绑竿带便携鱼竿架车内收纳通用款渔具配件车载鱼竿架路亚竿架鱼竿收纳车内挂鱼竿杆带 经典黑【一对/2个】轿车SUV通用,￥39.00
黑坑上岸黑猫钓箱收纳箱 加厚EVA材质 加大空间 钓鱼垂钓用品7L大容量黑坑 钓箱收纳箱【黑色】,￥98.00
明邦路亚中国明邦路亚箱MB-705双层小号路亚钓箱钓鱼箱加厚超轻便携收纳箱 个性粉单箱 +杯架*1+插竿器*2,￥149.00
"爱心东东	
狠派铝合金鱼竿展示架渔具支架铝合金收纳摆放架展示架家用经 黑色大号铝合金展示架【24位】",￥169.00
新款鱼竿展示架钓鱼竿海杆路亚竿家用架子钓鱼支架抄网收纳摆放架 鱼竿展示架（灰白色）,￥68.00
森林龙鱼护包手提袋多功能钓鱼包防水鱼袋活鱼袋便携收纳鱼护鱼包渔具包 【升级款】蓝色52# （大号-加宽,￥38.00
臻佑（Grsaed）折叠椅折叠马扎户外钓鱼椅写生椅露营野餐旅行地铁便携椅带收纳袋 折叠凳  黑条纹款+收纳袋,￥19.80
鑫美仑（SINMELON）鱼饵防潮箱多功能钓箱透明塑料收纳箱密封储物罐鱼饵保鲜盒 加大号透明密封箱+双管充氧泵,￥138.00
尚澈声钓鱼桶鱼箱活鱼桶鱼i护桶折叠钓箱加厚水桶装鱼桶渔具用品 30厘米无手提-颜色随机,￥9.50
亚翔可折叠 装鱼桶活鱼桶钓鱼桶可折叠装鱼箱野钓专用鱼包一体成型 大物活鱼桶70cm黑色,￥60.00
盖世美人鱼钓桶可坐人加厚带盖钓鱼桶活鱼桶活鱼箱鱼护桶带绳小鱼桶方形可坐 墨绿色【加厚中号】13L,￥58.00
京品开放式折叠抓鱼网鱼虾网笼抬网鱼笼虾笼捕虾笼龙虾网捕鱼工具a 60CM（拉绳+饵料+浮圈）,￥10.80
活鱼桶带充氧 鱼箱装鱼带充氧便携式耐磨氧气钓鱼桶渔箱夜钓有盖活鱼桶小鱼加 加厚30*20CM黑色,￥27.00
加笛（JIADI）装鱼桶 折叠鱼桶 加厚eva活鱼桶 多功能钓箱 鱼护桶 源头厂家批发 60CM无天窗黑色,￥50.00
一帆精工 多功能加厚路亚桶收纳箱活鱼桶打窝矶钓桶装鱼桶钓鱼桶 40cm多功能路亚活鱼桶,￥219.00
焱思泰 鱼竿袋鱼竿套弹力收纳布袋高弹伸缩鱼竿护杆套钓鱼用品渔具配件 【特惠混色4件装】鱼竿袋（适合1.4m以内鱼竿） 【升级高弹力款】便携收纳...,￥30.30
云影之间鱼竿展示架家用货架多功能便携海钓杆路亚台球杆收纳架 【绅士黑】-鱼竿展示架,￥266.00
龙天将单层帆布鱼竿包防水轻便可放伞大容量杆包钓鱼收纳包鱼具包渔具包 2022升级款【卡其色126*18普宽】,￥36.80
"爱心东东	
新款加长鱼竿包钓鱼包渔具包加厚防水手竿海杆钓伞收纳杆包 精品130公分三层直包",￥135.00
尚庄腾辉钓鱼伞包渔具包防水钓伞袋轻便型竿包一体鱼竿包杆包收纳袋垂钓包 伞包：长125cm 迷彩灰不带侧兜,￥9.90
焱思泰路亚竿收纳包可调节便捷保护套路亚装备束竿带多功能鱼竿袋束杆带 护竿带大号（110-114cm可调节） 【轻装易携带长度可调节】,￥55.00
拜杰（BAIJIE） 钓鱼桶活鱼桶折叠钓鱼桶鱼箱eva加厚鱼护桶装鱼桶钓鱼水桶装鱼箱 天窗款带侧兜40cm黑色透明款,￥38.80
URADE鱼竿包硬壳渔具包大肚包防水轻便路亚海杆包钓竿包免拆线轮收纳包 1.25米黑色（无侧袋）,￥95.00
仓吉主线盒大轴绕线轴收纳线盒渔具盒钓鱼线组盒钓鱼配件垂钓用品 双层1X3大号线圈主线盒-灰色,￥35.00
纵鹰魂1鱼漂盒钓鱼收纳包渔具多功能收纳箱用品装备渔具包钓鱼工具箱配 超大-三层【40*29*14】+背带,￥117.00
达瓦凌云活鱼桶透明大号车载养鱼装鱼箱钓鱼运输打氧水箱密封防漏水收纳箱 茶色85L+充氧管1根 70.5*48*38.5,￥331.20
AFW渔具包防水鱼竿包杆包多功能收纳包大肚鱼包便捷1.2米鱼杆包 直包两层125CM,￥55.90
曙业志瑔  路亚工具箱插竿可坐钓鱼箱多功能超轻钓箱大容量加厚收纳箱 蓝小号【插杆器*2+杯架+背带】送,￥601.20
狮奥利兴鱼竿收纳箱渔具包大容量鱼竿包钓鱼包多功能加厚鱼杆包鱼包大肚包 【加厚大师升级款】130cm三层直,￥102.00
"爱心东东	
路亚竿收纳 鱼竿展示架路亚竿收纳架抄网手竿海竿立式墙壁 6孔位(黑色)水平安装款",￥35.00
浮烟山渔具包钓鱼伞收纳袋帆布竿包鱼杆袋鱼竿包渔具野钓黑坑折叠伞袋包 78cm*16cm【钓鱼帆布包】,￥19.90
秋本川鱼袋手提鱼护包多功能钓鱼加厚防水收纳折叠可便携装鱼袋鱼护渔具包 黑色渔具袋50cm 带拉链滴水不漏,￥18.00
"爱心东东	
我思我梦帆布鱼竿包杆包伞包一体轻便型收纳袋竿袋海竿包路亚渔具包 米黄色131*14*14(拒水款拉链帆布",￥98.00
渔之源（Yuzhiyuan）渔具收纳包多功能收纳箱钓鱼用品装备渔具包钓鱼工具箱配件盒大全 黑色款 中号(三层)[34*22*11],￥95.00
猫乐鱼渔具包鱼竿包新款多功能收纳大肚包防水杆包钓鱼背包用品 130双层牛津布直包,￥32.30
君趣鱼竿包渔具包 野钓加厚帆布包鱼竿包伞包钓鱼收纳袋耐磨可折 60X18加厚帆布单侧兜卡其色,￥22.60
鑫美仑渔轮收纳包路亚轮纺车轮便携渔具包钓鱼配件多功能包工具包钓鱼包 大号A款,￥66.00
铭汇通鱼竿收纳箱硬壳鱼竿包鱼竿包渔具包竿包大容量渔具收纳包多功能防 银127x14x14【合金强化版】,￥219.00
日本进口高端新款渔具包手提袋活鱼袋便携多功能加厚防水抄网钓鱼收纳包高品质 【灰色小号】可折叠鱼护包,￥149.00
"爱心东东	
佳威隆渔具包钓鱼竿收纳包新款帆布加厚防水大肚包多功能鱼杆杆包大容量 90双层升级加厚蓝色大肚包",￥54.59
卓驰实木式鱼竿架展示架 手钓鱼竿展架6位收纳架家用渔具摆放架子 6位台式两用鱼竿架胡桃色,￥105.00
钓鱼王 轻便多功能硬壳鱼小竿包防水耐磨收纳渔具包钓鱼支架抄网杆包 轻盈便携竿包-黑色小号,￥59.00
途酷新款钓鱼伞包绒布竿袋杆袋钓伞袋加厚布袋储藏收纳袋单肩斜挎 绒布伞袋,￥35.00
枫瀚渔具包鱼竿包新款多功能收纳海竿大肚包防水杆包钓鱼背包鱼具用品 80CM三层渔具 直包,￥39.00
维卡莱林（WALKING LIVING） 帆布鱼竿袋渔具包软竿包钓鱼伞收纳包多功能大容量垂钓包 魅影祥云1.35米,￥85.00
DAIWA达亿瓦 CHALK BAG（A）随身收纳包渔具包 配件收纳袋小物袋 垂钓用品 银色,￥240.00
渔之君鱼竿包轻便型硬壳杆包防水钓鱼包大容量钓伞手杆收纳鱼包渔具包 蓝色双层带支架,￥178.00
武汉天·元邓刚鱼护包手提袋多功能钓鱼加厚防水收纳折叠可便捷装鱼袋渔护渔具包 【EVA大师款】加大号天空蓝(加宽底 带侧兜 带拉,￥77.80
"爱心东东	
渔之源（Yuzhiyuan）新款鱼竿包轻便型杆包钓鱼收纳包多功能鱼具包海竿包大容量渔具包 90cm四层(复合加厚)",￥142.00
叮当鱼钓鱼配件收纳盒多功能渔具手提箱路亚鱼钩小药饵盒工具包 EVA方形收纳盒中号10L【可装配件可装鱼】,￥24.00
仓吉钓箱2700硬式可坐多功能保险箱钓鱼收纳箱全套配件便携钓箱 套餐七（双炮台款）,￥1820.00
达亿瓦22款亚洲版路亚收纳包钓鱼双肩包挎包便携式可拆卸手机收纳袋腰包 战术腰包 黑色,￥213.24
惠利猫路亚束竿球保护套束竿带绑带拔杆器鱼竿固定圈硅胶束杆球收纳配件 升级高密度硅胶[4个]黑色+红,￥88.00
智飞 大钓椅专用渔具后挂包收纳包坐垫钓鱼加厚透气立体座垫靠枕新款 大钓椅后挂包,￥68.00
木丁丁 路亚包 鱼竿包 路亚背包多功能腰包 钓鱼斜挎包单肩包渔具收纳包 灰色迷彩单肩路亚包,￥68.00
牧马人 钓箱全套2023新款多功能钓鱼箱台钓箱轻量化超轻便保温免安装备 加高款无轮1】豪华包角五件套+支架【大收纳空间】 颜色：黄色款【包角配...,￥378.00
骁洋 多功能鱼竿展示架式路亚架挂墙上收纳架海收藏架 渔具展架式 竖向6孔EVA款,￥13.80
"爱心东东	
折叠小凳子户外小马扎超轻便携式椅子靠背钓鱼装备休闲家用小板凳 全折叠牛津布口袋凳(不锈钢加大号银色 收纳袋)",￥79.00
渔之源（Yuzhiyuan）渔之源鱼竿包钓椅背包渔包钓椅包双肩包轻便型鱼包钓鱼包多功能包 【加固牛津布】60cm黑色,￥59.00
新型开放式折叠鱼笼抬网折叠搬网渔网笼搬网虾网捕渔虾鱼网 双钢丝100cm4毫米赠3饵,￥36.00
渔之君儿童捞鱼网 捞鱼网伸缩网抄网昆虫网儿童鱼网兜捕蝴蝶 粉红色  满2件带折叠水桶,￥15.00
海陆丰 鱼网新款三角抄网折叠收缩铝合金超轻便携捞鱼网网兜钓鱼抄网 金色杆 绿网 1.9米,￥39.00
美钓家（MEDICOM）便携小鱼护迷你折叠小网眼野钓渔护网密网眼速干装鱼网袋钓鱼网兜 精简便携款(黑色)30*60cm,￥25.80
CLCEY新款鱼竿架子展示架家用展会摆放架抄网收纳架摆放架鱼竿架子木质 加厚23位,￥217.00
川品社 子线盒三层多功能竞技仕挂盒鱼线鱼钩收纳盒钓鱼用品 三层橘色仕挂盒,￥12.60
NXDOUGHNUTEVA硬壳包海绵鱼竿渔轮配件工具包整理收纳渔具箱包渔具包F50 黑色 F50 无肩带 无肩带,￥48.00
卡蓓娜仙僖俫装钓鱼竿的袋子 鱼竿包渔具竿包钓鱼杆包收纳防水多功能轻 [新款加厚绿色1.25米双层],￥73.00
熊火鱼护包手提袋42cm灰色多功能防水轻便渔具包加厚耐磨收纳活鱼桶钓鱼配件,￥45.00
六鱼渔具收纳箱收纳包多功能钓鱼用品装备钓具整理工具配件箱501 钓具收纳箱一只,￥119.00
钓鱼王多功能渔具收纳盒硬壳收纳手提便携加厚防水渔具包 收纳盒长68cm【8L容量】,￥49.00
齐莛户外折叠椅凳子钓鱼椅座椅美术写生椅折叠凳便携钓椅折叠椅靠背椅 枫叶款-加大号带侧包+收纳袋,￥25.10
科迈雷 鱼竿架套装车载路亚架多功能魔术贴绑带固定带收纳渔具配件（一对装） 汽车座椅鱼竿带（一对装）,￥38.80
叮当鱼饵料盒高密封性鱼饵盒保鲜瓶保鲜盒储饵盒收纳盒钓鱼小配件 饵料盒【直径8.5*高11】,￥3.50
川品社 多功能线轴盒 硅胶线轴收纳盒大号鱼线圈大物大线轴盒钓鱼多功能绕线子线主线盒 彩虹硅胶主线盒【16轴】,￥33.40
路亚饵盒便携双层多功能小路亚盒大号双面收纳鱼钩工具盒钓鱼配件 双层中号黄色20cm,￥16.90
凡圣鱼漂盒大容量多功能桐木子线盒加长加宽款主线盒鱼具收纳盒浮漂盒 经典桐木漂盒长45厘米,￥28.00
任鸟飞 户外折叠椅折叠凳便携钓鱼椅子凳子靠背月亮椅 RBF014 蓝色,￥149.00
途酷 日式棉布鱼竿袋 抄网杆杆袋支架布袋长短杆袋抄网竿收纳袋 蓝色短款,￥10.00
民间艺人 鱼护桶加厚双层渔护水桶多功能折叠装鱼桶活鱼桶活鱼袋 多功能鱼护桶,￥109.00
钓鱼桶折叠水桶便携带盖水桶活鱼桶钓鱼用具工具箱装鱼箱帆布鱼桶 直径32,￥32.00
加厚1.3mm双肩鱼护背包桶渔具装鱼桶活鱼袋渔获钓鱼桶饵料钓鱼装备水箱鱼护包鱼护桶鱼护袋钓鱼包渔具包 加厚1.3MM长48宽22高48(黑色),￥100.00
钓鱼取水桶配件用品大全 装备渔具装鱼桶便携式简易轻便拆叠桶 直径25厘米桶带防跳网+绳子,￥19.90
钓鱼伞收纳袋帆布竿包鱼杆袋防水耐磨渔具垂钓用品可折叠伞袋伞包 涂鸦（黑白骷髅）伞包 1.5米米,￥58.80
贝图（BEITU）主线盒大线轴16轴主线轴盒子钓鱼线圈钓鱼主线组鱼线绕线圈收纳盒 大2轴硅胶主线盒（不带线轴） 无规格,￥5.90
杰米仕（JMISI）钓鱼伞包竿包一体渔具收纳包防水伞袋轻便型鱼竿包杆包收纳袋 130单侧兜,￥19.10
途趣路亚12格14格双面路亚饵收纳盒 钓鱼小配件盒米诺铅笔VIB亮片鱼饵盒 蓝色 小号12格路亚盒,￥9.90
雷灵 路亚饵盒配件盒假饵盒矶钓路亚垂钓钓鱼盒铅笔米诺收纳盒 卡扣中五格,￥2.50
智飞 轻骑士渔具钓椅专用用品垂钓挂包骑士收纳包钓鱼坐垫 一体式坐垫,￥118.00
"爱心东东	
渔之源（Yuzhiyuan）钓椅包渔具包新款钓鱼包多功能大全渔具收纳包钓鱼双肩背包大品牌 盖世-55cm背包-黑色 默认1",￥112.00
创威创威渔具收纳包加厚轻量便携鱼护收纳包多功能户外手提袋折叠钓鱼 手提袋【提芙尼蓝】,￥59.00
AFW硬壳渔具包防水加厚鱼包杆包多功能收纳包钓多功能鱼包鱼具鱼竿包 金色1.25米双层大肚包【大容量】,￥98.39
N.S BlackHoleNS多功能路亚腰包轻量便携大容量渔具包胸包旅行垂钓收纳包防水 N.S多功能腰包,￥88.00
WEFOX威狐海钓专用保温可坐人软冰桶户外钓鱼收纳箱隔热可坐人保冰钓箱 WBX-3007-25L 黑金,￥399.00
捍太郎【好物】  鱼竿展示架摆放架47位渔具展示架展会抄网收纳鱼竿 38位加厚升级版,￥188.10
太宇便携式橙色可拆档板路亚饵盒空盒路亚饵假饵钓鱼配件收纳盒子,￥18.00
维卡莱林（WALKING LIVING） 维卡莱林新款竿袋杆包渔具鱼竿钓鱼包多功能帆布伞包收纳大容量 蓝麒麟愿者竿袋,￥85.00
鱼竿展示架家用式收纳架鱼杆墙壁摆放架 加厚加强型横挂4孔款水平安装,￥23.46
多组主线盒大线轴大号线轴三层线轴4轴8轴16轴盒钓鱼线主线收纳盒灰色透明灰方形主线盒多功能主线盒 8轴24组主线盒,￥36.00
URADE阿波收纳包钓鱼矶钓配件袋防水渔具鱼钩配件盒多功能药饵料盒子 绿色大号,￥49.00
800度捌佰度战车轱辘收纳套收纳袋钓鱼防尘袋杂物收纳袋小物件 战车轱辘收纳袋,￥28.00
仓吉仓吉主线盒大轴绕线轴收纳线盒渔具盒钓鱼线组盒钓鱼配件垂钓用品 双层大号主线盒1-3（蓝色）,￥35.00
维诺亚车载路亚架鱼竿架挂鱼竿架独节陈列车内绑带可调节收纳束带实用 两条装-T58,￥42.00
梦者钓具（fisherman's dream）浮漂子线主线组收纳盒便携式钓鱼配件仕挂盒大容量钓箱收纳包 浮漂主线收纳盒（红）,￥98.00
儒煜折叠椅户外钓鱼椅凳写生美术折叠椅靠背美术生专用画画椅子沙 特大号黑色42*42*72+收纳袋,￥39.00
户外钓鱼椅子野钓台钓座椅多功能折叠椅子便携钓凳靠背椅美术写生家用小马扎凳子 【新升级加粗钢管】中号树叶蓝(带侧兜+收纳袋),￥23.80
叮当鱼钓鱼配件收纳盒多功能渔具手提箱路亚鱼钩小药饵盒工具包 EVA方形收纳盒大号14L【可装配件可装鱼】,￥28.80
黑坑上岸黑坑上岸新款抄网头收纳包高品质防水防刮加厚PU材料垂钓钓鱼装备 收纳包【黑猫】（无抄网头）,￥45.00
逗号船长多功能渔具桶活鱼桶手提钓鱼桶便携可折叠加厚收纳鱼护桶装鱼渔具 渔具桶,￥219.00
HENGJIA/亨嘉 15格收纳盒透明鱼饵盒  渔具钓鱼配件盒 透明白色 15格多功能鱼盒(17.5CM*9.8CM*2.3,￥2.37
凡圣 钓鱼失手绳大物水库专用钓箱自动伸缩收缩高弹力盒式收纳盒多功能鱼竿护竿绳渔具钓鱼放护杆溜鱼器 弹力绳多用款（配钓箱支架）10M蓝色,￥19.90
威拓森（weituosen）大容量鱼漂盒浮漂收纳漂盒专用多功能钓鱼鱼标加长抗压套装 62CM克莱因蓝大容量漂盒,￥44.00
10位鱼竿收纳架展示架置物架实木挂墙摆放架渔竿包渔具杆架 10位鱼竿架-黑胡桃色,￥105.00
新升级钓鱼桶可坐代脚轻便加厚带盖储物桶沐浴凳水桶钓鱼桶手提桶洗澡用收纳桶可坐桶家用桶 【加厚大号】坐高26厘米卡兰,￥28.03
美嘉彩收纳箱钓鱼配件收纳盒多功能路亚箱装备工具箱渔具包整理盒大全 19寸创世旗舰款【三层,￥206.00
智飞锦鲤印花防水软质竿包钓鱼伞收纳包鱼竿收纳袋超轻便携伞包 伞包,￥88.00
DAIWA达亿瓦 PROOF CASE 迷你防水盒饭盒 钓鱼配件迷你收纳盒 渔具配件 白色,￥60.00
国王路亚包多功能腰包战术腰带斜挎包钓鱼渔具包耐磨防泼水收纳包 鸦青色,￥286.00
好果鱼竿收纳盒鱼竿包1.2米1.3米1.25米台钓包手竿包硬壳垂钓包 1.25米中号有侧包蓝色,￥96.00
HENGJIA/亨嘉 10格3格塑料透明收纳盒渔具配件盒便携盒批发 10格路亚盒(12.8*6.6*2.2cm-31g 按图发货,￥1.68
米悠鼠双层路亚饵盒钓鱼多功能米诺软饵双面假饵小配件收纳盒子装备大全 综合兼容盒双层,￥19.80
科迈雷 路亚马口亮片包渔具包收纳盒铅头钩渔具路亚包便携钓鱼配件 M号小包,￥19.90
钓之屋 多功能便携双层路亚盒插片式饵盒钓鱼配件钓鱼工具收纳盒装备 多功能双层路亚盒,￥19.00
弘嘉 钓椅钓鱼椅 钓凳加粗加厚多功能台钓椅便携折叠椅休闲椅 垂钓椅 户外休闲小马扎写生座椅 渔具用品 套餐八（加大号+全套配件）送收纳袋,￥51.00
NXDOUGHNUT防水鱼竿包钓鱼伞收纳袋便携超轻型竿包鱼竿袋耐磨折叠加厚渔具 紫色136*28加宽 单侧兜,￥88.00
黑坑上岸max黑猫多功能收纳盒加厚EVA材质加大收纳空间钓鱼垂钓用品 黑猫多功能收纳金色,￥150.00
好果鱼竿收纳箱 竿包渔具包钓鱼包多功能硬壳鱼具收纳包防水钓杆包鱼 蓝色80厘米*20*14 十字直包加厚,￥195.00
龙宝来鱼钩收纳盒多功能钓鱼配件盒鱼钩集钩器集钩盒鱼钩回收盒渔具垂钓钓鱼用品小配件鱼钩盒鱼钩散装收纳盒 橙色,￥14.90
pure-lure路亚饵盒假饵盒双面便携收纳盒加厚配件盒多功能路亚饵钓鱼配件盒 超实用防摔耐磨红色 双面饵盒,￥30.00
达瓦凌云路亚包多功能腰包斜挎包大容量鱼竿包专用收纳包渔具包防水 【裸包】黑色,￥58.00
达瓦凌云达瓦水滴轮保护包渔轮收纳袋绑带户外跑亚鱼竿纺车轮收纳包便捷 新标达瓦水滴轮包,￥29.00
"爱心东东	
骄烁渔具包防水牛津布鱼护双肩背包加厚耐磨钓鱼垂钓用品收纳多功 三层中号防水款",￥118.00
时尚迷彩多功能路亚单肩包  小巧钓鱼背包鱼饵盒鱼线钓鱼小配件收纳提包户外渔具包 迷彩棕绿色,￥49.00
盛河盛河鱼竿展示架多功能鱼竿收纳架挂墙车载鱼竿收藏架 挂式鱼竿架（横装款）,￥19.90
流彗鱼竿包可放伞 软 钓鱼伞包钓鱼背包鱼竿袋钓鱼收纳包可折叠大容量 尺寸130x20无侧兜 灰迷彩,￥18.00
龙宝来鱼杆包多功能大容量折叠收纳软式鱼竿包渔具包鱼竿支架收纳包鱼竿收纳袋卷杆包软杆包钓伞包 黑色小号,￥48.00
渔之源（Yuzhiyuan）钓椅包双肩背包防水多功能欧式骑士专用包鱼护鱼竿钓鱼渔具收纳包 63cm骑士钓椅包,￥118.00
馍彭杆包加厚伞包竿包帆布收纳袋防水耐磨钓鱼杆包斜跨伞袋手提便携包 迷彩蓝130单兜,￥17.10
CLCEY路亚包多功能腰包斜挎包大容量鱼竿包收纳包渔具包防水渔具包 迷彩[裸包],￥48.00
路亚竿收纳袋 防水耐磨鱼竿袋布杆袋护竿套 矶竿鱼竿手竿伸缩竿 渔具竿包防护网 130(黑色),￥37.73
CLCEY路亚竿保护套鱼竿袋护竿套绑竿背带束竿带纺车轮水滴轮收纳包杆包 护竿两件套(背带款)+纺车轮包,￥91.60
无上佳品钓鱼虾皮防缠绕串钩勾收纳盒缠线板海杆收纳翻板钩配件大全子线板 收纳盒1个+泡沫板【10个】,￥18.80
野营者钓鱼伞包竿包防水钓鱼伞收纳袋鱼竿包杆包可折叠鱼具钓鱼包渔具包 大号145X25【迷彩蓝】+侧包,￥19.80
明邦路亚中国明邦MB系列钓箱多功能大容量路亚箱便捷式钓鱼可坐配件收纳箱 小号橘红 杯架*1 插竿器*2,￥178.00
CLCEY车载路亚鱼竿架支架便携车内收纳架固定杆架多功能绑杆带垂钓用品 新升级魔术贴款[实发两个]灰,￥74.00
800度收纳袋防臭鱼护护包渔护手提袋酷黑钓鱼防水收纳包杂物装鱼袋 黑色防水杂物袋,￥88.00
川品社 渔具收纳箱钓鱼配件盒路亚多功能双层装备箱垂钓储物渔具盒 三层【小号】,￥34.20
