﻿Column1,Column2
Column1,Column2
Name,Price
迪士尼（Disney）爱莎公主串珠玩具女孩生日礼物手工DIY冰雪奇缘手链儿童项链首饰,￥36.90
西下儿童水晶彩滴胶手工diy套装材料包磨具ab胶玩具女孩礼物挂饰兔子,￥65.90
缔羽 公主换装贴纸书少女化妆本儿童手工粘贴贴画玩具女孩3-6岁4本装,￥18.80
,
康迪拉家族（Cawndilla Families）儿童迷你厨房过家家做饭玩具女孩国潮喷雾火锅生日礼物礼盒74件套,￥99.00
乐高（LEGO）积木迪士尼43218安娜和艾莎的旋转宫殿6岁+女孩儿童玩具生日礼物,￥189.00
丹米琦 儿童玩具手账咕卡全套装公主过家家小麻薯DIY手工手账贴纸本创意女孩玩具礼盒礼物,￥109.00
北欧时光（BEIOUSHIGUANG）儿童diy手工画画沙画儿童彩沙刮画纸玩具女孩男孩胶画涂色画涂料 【女孩款】24色约3000粒+图册+豪华配件包,￥99.00
欣格过家家玩具女孩子儿童手工diy制作串珠手链项链头饰指甲油女儿的宝藏6-10岁生日礼物首饰盒3层礼盒送礼,￥299.00
布鲁奇儿童玩具女孩奶油胶咕卡套装公主过家家贴画咕盘手工diy生日礼物,￥39.00
迪士尼水晶球音乐盒爱莎公主八音盒旋转玩具女孩生日礼物小夜灯桌面摆件,￥168.00
Beityos库洛米安静书免裁剪全套6-7-10岁儿童手工玩具女孩生日圣诞节礼物 4本【免裁剪+材料包+视频】,￥19.90
叶罗丽娃娃屋宝石盒子女孩儿童玩具夜萝莉公主城堡生日礼物 冰晶宫,￥64.00
欣格购物车玩具儿童过家家收纳仿真趣味手推车模拟超市厨房买菜蔬菜水果切切乐大号26件套3-4岁女孩生日礼物,￥58.00
奥智嘉梦幻换装娃娃别墅卧室手提包女孩公主洋娃娃套装大礼盒儿童过家家女孩玩具生日圣诞节礼物,￥89.00
若来（Rolife）圣诞节礼物立体拼图成人积木diy小屋拼装儿童玩具生日礼物女生 贝卡的面包店,￥169.00
迪士尼（Disney）冰雪奇缘透明艾莎公主旋转声光音乐盒八音盒儿童生日礼物女孩玩具,￥499.00
迪士尼玩具女孩音乐盒艾莎公主皇冠八音盒女生生日礼物冰雪奇缘桌面摆件,￥399.00
乐加酷迷你厨房真煮套装做饭厨具可食用全套儿童过家家玩具男孩女孩礼物 农家厨房套餐B【内容详见图2】,￥98.00
叶罗丽娃娃屋宝石盒子女孩儿童发光玩具夜萝莉公主城堡生日礼物 四时钟,￥89.00
贝比童话 咕卡全套工具套装玩具女孩生日礼物DIY礼盒手工创意过家家儿童咕盘贴纸贴画大号奶油胶,￥48.00
迪漫奇儿童玩具接豆豆机接球机 儿童早教思维训练玩具 逻辑专注力桌面游戏 亲子互动桌游电动别墅屋生日礼物,￥99.00
乐哲安静书免裁剪全套豪华儿童玩具女孩手工diy礼物3-7-14岁,￥29.90
迪士尼（Disney）八音盒爱莎公主音乐盒玩具女孩生日礼物冰雪奇缘艾莎水晶球桌面摆件送女生闺蜜,￥299.00
憨憨乐园  音乐盒透明手摇八音盒小女生八音盒天空之城六一儿童节礼物,￥19.90
永聚乐儿童玩具幼儿爬行哄娃神器男女婴儿0-1岁宝宝抬头练习新生儿6个月 会叫爸爸妈妈的爬娃充电版,￥58.00
乐高（LEGO）积木拼装迪士尼43217飞屋环游记9岁+女孩儿童玩具生日礼物,￥389.00
迪士尼（Disney） 盲盒手办娃娃公仔男女孩毛绒玩具潮玩解压玩偶摆件挂件 送女友老婆女孩生日礼物女生闺蜜礼品 玩具总动员草莓熊水果派对盲盒,￥61.00
ZURU男孩女孩生日礼物独角兽抱抱星球 盲盒潮流儿童玩具女孩毛绒公仔,￥299.90
TOIdiy儿童手工服装设计女孩过家家玩具生日礼物4-5-6岁宝宝 TK10606小小裁艺师,￥129.00
叶罗丽娃娃屋宝石盒子女孩儿童发光玩具夜萝莉公主城堡生日礼物 浮云楼,￥115.00
,
雅斯妮娃娃别墅公主屋过家家玩具书包变形换装洋娃娃DIY女孩 生日礼物,￥229.00
益米儿童玩具小鸡磁力鸭动物摇摆小分队男孩女孩宝宝0-2岁礼物3只装,￥67.00
搭一手积木拼装公主城堡成人小颗粒女生兼容乐高儿童玩具7-14岁生日礼物,￥219.00
菲贝 小兔子存钱罐儿童可存取储蓄罐过家家玩具女孩3-4-5-6岁7-14男孩女孩女童送女生生日礼物,￥24.80
NICI生日礼物女生玩偶毛绒娃娃克拉拉毛绒玩具女孩可爱毛绒公仔送女孩,￥279.00
奥智嘉儿童玩具女孩过家家小兔养成屋遥控感应仿真宠物场景生日礼物,￥66.00
迪士尼（Disney）3d打印笔无线低温安全立体绘画神笔马良手工儿童玩具6-12岁女孩,￥139.00
酷火爱莎公主小女孩生日礼物女儿童7-14岁女童玩具4-6小学生学习用品,￥99.00
淘嘟嘟（Taodudu）抓娃娃机儿童大号玩具夹公仔毛绒小型迷你扭蛋机女孩男孩生日礼物,￥198.00
Pacherie日本儿童女孩玩具生日礼物手工拼包包手提包PCR-012三宅一生,￥320.00
贝初众儿童玩具女孩7-14岁手工diy手链串珠6-10岁女孩首饰盒生日礼物 【豪华版】软绒首饰盒-6色300珠 【创意手工 随心搭配】,￥85.81
乐高（LEGO）积木拼装 41711 艾玛的艺术学校 8岁+女孩儿童玩具生日礼物,￥519.00
欣格手帐套装咕卡礼盒全套手账本女童过家家玩具6-10岁女孩生日礼物女生笔记本子小学生手杖素材高配205件套,￥109.00
迪漫奇儿童服装设计师女孩玩具5套diy手工制作材料包国风古装创意时装娃娃衣服7-14岁女童过家家节日生日礼物,￥89.00
JJR/C玩具女孩电动精灵蝴蝶翅膀发光装扮天使背饰表演仙儿童生日礼物 手提大礼盒装【彩灯版精灵羽翼】,￥70.00
西下儿童手工diy奶油胶冰淇淋杯玩具制作材料包甜甜品杯女孩礼物生日,￥32.90
乐哲库洛米美乐蒂安静书免裁剪全套豪华儿童玩具女孩生日礼物7-14岁,￥39.90
索迪独角兽公仔布娃娃女生睡觉抱枕儿童玩具女孩生日礼物大号毛绒玩偶,￥99.00
安丽莉儿童玩具女孩3-6岁娃娃生日礼物过家家洋娃娃幸福家园儿童节礼物,￥286.60
酷火星空投影灯儿童玩具女孩生日礼物 女孩7-14岁女童玩具6-10投影仪,￥67.90
乐高（LEGO）积木拼装 41703 友谊树屋 8岁+女孩儿童玩具生日礼物,￥669.00
马丁兄弟 公主宝石玩具女孩儿童钻石水晶串珠diy过家家宝箱30颗钻生日礼物,￥15.00
奇妙萌可玩具梦幻梳妆背包套装爱心萌可化妆包女孩玩具过家家礼物MK106,￥58.00
煦贝乐儿童玩具女孩手工diy制作石膏娃娃彩绘涂色幼儿节生日礼物公主,￥23.90
奥贝比（AOBEIBY）儿童玩具男孩电动拼插积木大颗粒旋转乐园女孩3-4-5-6岁生日礼物,￥29.00
,
美乐童年儿童奶油胶diy材料包女孩发夹镜梳子套装礼物手工玩具甜心发饰,￥75.90
TOP TOY中国积木三丽鸥奶萌摇摇床库洛米儿童玩具积木拼装生日礼物,￥59.00
奥迪双钻（AULDEY）儿童玩具巴啦啦8颜可可花铃魔法棒（萌趣版）生日礼物女孩581812,￥69.00
小麻薯手帐套装礼盒儿童玩具圣诞礼物女孩生日礼物7-14岁胶带整卷手杖贴纸分装全套手账本本子豪华大礼包 【91件套】小麻署分装+手账贴纸+贴纸包+...,￥18.90
凯卡西儿童手链项链diy女儿的宝藏水晶串珠玩具宝箱女孩儿童生日礼物 女儿的宝藏【现货秒发】,￥399.00
迪士尼儿童包包女童可斜跨女孩单肩冰雪奇缘艾莎公主流沙手提包 蓝色,￥46.50
尚韵毕业生日礼物女草莓兔玩偶情人节七夕毛绒玩具娃娃公仔儿童玩具,￥26.03
迪士尼 【800贴】儿童卡通贴纸卷卷镭射贴画奖励贴小礼盒贴纸书 男女宝宝粘贴画玩具女孩生日礼物,￥42.90
ZURU佩特宠物毛线猫咪女孩卡通玩偶趣味发声互动玩具生日礼物猫咪摆件,￥139.90
熊猫熊独角兽公仔玩偶毛绒玩具女孩子布娃娃儿童床上陪睡觉抱枕长条宝宝安抚婴儿玩具布偶生日礼物女生送女友60cm,￥68.00
熊猫熊大白鹅睡觉抱枕公仔娃娃玩偶毛绒玩具女孩生日礼物女生送女友儿童大鹅布娃娃大号女生陪睡觉抱枕长条布偶男孩男朋友床上成人夹腿实用靠枕,￥39.00
朵帆女生生日礼物女孩7-14岁儿童小学生手帐套装礼盒女童玩具6-10小孩,￥49.00
俏皮谷冰雪奇缘魔术道具儿童礼盒套装男女孩礼物STEAM教具小学生创意玩具生日节日礼物,￥199.00
森贝儿家族（Sylvanian families）森贝儿家族快乐树小学女孩过家家学校房子玩具 儿童礼物,￥499.00
海惠有品网红变形美美兔玩偶公仔拉耳兔毛绒玩具可伸缩创意礼物毛绒娃娃送女友儿童生日节日礼品75cm,￥79.00
麦格萌儿童玩具女孩换装娃娃礼盒套装洋娃娃过家家玩具艾莎公主生日礼物 冰雪公主【眨眼音乐+228件套】 六一儿童节礼物,￥159.00
迪士尼（Disney） 盲盒手办娃娃公仔男女孩毛绒玩具潮玩解压玩偶摆件挂件  送女友老婆女孩生日礼物女生闺蜜礼品 草莓熊挂件盲盒-莓开眼笑,￥65.00
FORSUNNY儿童厨房玩具女孩男孩过家家做饭仿真模拟喷雾2岁3-6岁生日礼物 豆红【电动出水+饮水机+蒸蛋器】,￥228.00
名创优品（MINISO）羊咩咩系列-暖白小羊公仔毛绒玩具抱枕睡觉卧室礼物 抱郁金香款,￥29.90
北斗儿童图画画画本套装 绘画工具涂色本涂鸦绘色本 男孩女孩儿童学生生日礼物2岁+ 入门简笔画6册,￥21.00
勒米熊游戏桌婴儿玩具0-1-2-3岁一岁宝宝儿童女孩6个月以上10月周岁礼物 至尊款双面板多功能游戏桌带积木,￥259.00
欣格儿童发饰豪华礼盒过家家玩具女孩生日礼物发夹首饰盒发卡圈公主手工饰品梳妆打扮6-10岁收纳盒高配141件,￥259.00
欣格手帐套装奶油胶咕卡礼盒全套手账本过家家玩具6-10岁女孩生日礼物女生笔记本子小学生手杖素材豪华282件,￥139.00
奥智嘉换装娃娃玩具女孩带闪光星空棒3D真眼公主洋娃娃大礼盒过家家圣诞节礼物,￥79.00
雅斯妮娃娃玩具女孩早教智能换装公主洋娃娃儿童过家家玩具生日礼物 粉,￥99.00
俏皮谷小小甜品师儿童手工diy冰激凌杯制作材料包仿真玩具女孩生日生日节日礼物,￥28.90
菲贝（feibei）儿童鸡蛋玩具婴幼儿早教形状配对宝宝聪明蛋颜色益智启蒙锻炼1男女孩2-3岁生日礼物,￥46.00
贝比童话 流沙卡砖咕卡奶油胶全套工具套装玩具女孩生日礼物DIY礼盒手工创意儿童咕盘贴纸贴画 470件套咕卡,￥125.00
乐高（LEGO）积木得宝DUPLO10913中号缤纷桶1.5岁+大颗粒儿童玩具生日礼物,￥239.00
煦贝乐公主换装贴纸书3-6岁儿童玩具女孩少女换妆本贴贴画生日礼物B,￥21.90
MOZHOU生日礼物送儿童存钱罐只进不出小房子存钱罐女孩密码储蓄儿童礼物 粉色小屋+贴纸贴片套装,￥23.80
舒星奶油胶咕卡套装开学礼物生日礼物女孩玩具贴纸手账咕咔盘DIY全套卡套卡砖贴画估咔手帐的素材工具古顾卡,￥79.80
艾福儿龙珠抽抽乐儿童玩具七龙珠弹力发光球觉醒女孩抽龙球 【散装】27号弹力球10个,￥4.98
煦贝乐儿童魔法公主换装贴纸玩具女孩换妆秀专注力贴贴画3-6生日礼物,￥23.90
神马先生儿童玩具8-12岁男孩生日礼物10圣诞节礼物男童7-14女孩小学生男生 灭火英雄【600闯关+教学模式】 华容道9女童十逻辑思维电子拼图,￥138.00
缔羽 石膏娃娃背包熊涂鸦涂色白坯男孩女孩手工填色彩绘儿童DIY玩具,￥29.90
迪士尼儿童相机照相机3-6岁小女孩生日礼物女童玩具7-14岁小学生圣诞节 草莓熊【前后双摄+32G内存】 智能对焦超长续航,￥189.00
,
迪士尼儿童过家家玩具 女孩梳仿真妆台 冰雪奇缘玩具化手提妆背包,￥45.00
缔羽 钻石贴画女孩粘贴创意玩具diy儿童手工制作材料包 24款公主贴画,￥19.90
,
奥智嘉换装娃娃套装大礼盒闪光棒公主洋娃娃过家家儿童玩具女孩生日圣诞节礼物,￥59.00
叶罗丽娃娃女孩儿童玩具洋娃娃玩具灵冰时希情公主生日礼物 乐公主60CM,￥341.00
尚美贝贝儿童手工制作早教启蒙钻石贴画女孩创意贴纸玩具【冰淇淋公主】,￥19.90
奇妙萌可闪亮宝石手表女孩玩具声光腕表徽章梦珂公主装扮道具新年礼物101,￥99.00
,
奥智嘉魔法城堡房子手提包换装娃娃公主洋娃娃套装大礼盒 儿童过家家女孩玩具生日圣诞节礼物,￥126.40
TOI卢卡磁力书儿童磁力拼图磁力贴3-5-6岁宝宝早教男孩玩具女孩生日礼物 公主换装,￥69.80
益米儿童淘金沙玩具考古宝石挖掘宝藏矿石男孩女孩2-4-6岁生日礼物,￥63.00
缔羽 公主换装贴纸书女孩换妆秀换衣服的粘贴贴画3-6岁宝宝儿童女孩玩具书,￥22.80
雅斯妮儿童玩具过家家医生玩具女孩男孩医药箱听诊器打针输液生日礼物粉,￥68.00
纽奇 儿童玩具百变贴纸机咕卡魔法书手工创意DIY饰品戒指女孩生日礼物 魔法3D贴纸机-豪华189件套,￥104.90
酷火玩具女孩生日礼物女7-14岁女童玩具8-12岁八音盒音乐盒星空投影灯,￥149.00
,
尚韵 六一儿童节礼物儿童玩具小女孩7-14女童玩具小男孩陶艺机套装,￥89.00
罗弗 超轻粘土彩泥儿童节礼物女孩过家家玩具益智手工diy黏土美食12盒,￥69.80
爸爸妈妈儿童玩具男孩女孩1-2-3岁钓鱼玩具捞鱼玩具电动钓鱼池自动钓鱼台,￥79.00
贝思迪抓娃娃机大号儿童玩具夹公仔扭蛋机小型家用男女孩生日圣诞节礼物,￥198.00
迪士尼过家家玩具 女孩仿梳真妆台 冰雪奇缘2合1梳妆化手提拉箱妆套装,￥91.10
MAIER FEILE儿童玩具女孩生日礼物7-14岁8-12岁10-15女童八音盒兼容乐高积木,￥99.00
百里霜昆虫观察盒6件套儿童玩具男孩女孩多功能生物放大镜户外儿童礼物,￥54.90
纽奇 儿童玩具百变贴纸机咕卡魔法书手工创意DIY饰品戒指女孩生日礼物 魔法3D贴纸机-基础67件套,￥59.90
活石儿童串珠玩具diy手工材料水晶女孩生日礼物7-14岁女童玩具女孩6岁 400颗水晶珠【8色+礼袋+收纳盒】,￥59.00
凯伦猫 奶油胶咕卡套装贴纸公主过家家伴手礼DIY手工创意收纳礼盒女孩玩具生日礼物,￥35.00
迪漫奇Q萌恐龙躲猫猫玩具开关盒弹出式因果关系惊喜盒宝宝早教按键机关盒0-1岁婴儿男孩女孩玩具生日礼物,￥49.00
宝乐星儿童益智玩具车拆装变形巴士惯性汽车模拟声光音效驾驶室过家家玩具男孩女孩生日圣诞节礼物  蓝色,￥129.00
万火星空投影灯八音盒音乐盒小女孩生日礼物7-14岁儿童玩具女童投影仪,￥119.00
雅斯妮儿童玩具女孩过家家玩具洗衣机套装大礼盒换装洋娃娃公主生日礼物,￥79.00
启蒙莉娅公主城堡模型积木拼装玩具儿童节礼物女孩 繁花绮梦城堡32022,￥499.00
虎式飞跃儿童玩具女孩手工串珠diy手链首饰盒3-6生日礼物女儿的宝藏7-14岁 冰雪公主三合一宝箱【2000+PCS】 精美礼盒/小女孩生日礼物优选,￥108.00
zak!毛绒玩具泰迪熊公仔抱枕娃娃中秋节礼物小熊女孩送女友生日礼物熊熊大号熊抱枕衬衣泰迪60cm,￥95.00
欣格儿童首饰串珠礼盒玩具女孩公主过家家手链项链DIY手工串珠套装女童生日礼物彩虹独角兽精美礼盒6-10岁,￥89.00
奥智嘉儿童发夹冰蓝首饰礼盒玩具女孩生日礼物手链串珠过家家diy手工圣诞节礼物,￥259.00
弥鹿（MiDeer）儿童拼图玩具幼儿早教进阶纸质男孩女孩拼图礼物5岁以上6阶-森林幻想派对,￥66.80
赟娅儿童过家家厨房玩具女孩启智仿真汉堡薯条模型女童生日男孩礼物 标准双人餐【40PCS】,￥38.00
鑫思特宝宝购物车玩具儿童收纳手推车超市厨房过家家买菜水果切切乐仿真大号拉车男孩女孩生日礼物,￥58.40
叶罗丽娃娃女孩儿童玩具DIY洋娃娃精灵梦卡通套装礼盒改装换装玩具 时间公主29CM,￥151.00
酷火星空投影灯儿童生日礼物女孩玩具6-10岁女童7-14女生小学生投影仪,￥78.00
EAKI心奇亿奇魔法粘粘乐男孩女孩儿童玩具手工小配饰气球补充装礼物,￥33.00
奥智嘉儿童玩具女孩大号抓娃娃机夹公仔过家家扭蛋游戏机生日圣诞节礼物 粉,￥249.00
奥智嘉换装娃娃套装大礼盒3D眼公主洋娃娃儿童过家家玩具女孩生日圣诞节礼物,￥99.00
奇妙萌可玩具爱心公主萌可女孩儿童生日礼物-爱心萌可梦幻梳妆背包+MK106,￥59.00
糖米儿童大颗粒拼装积木玩具女孩公主城堡迪士尼送女友节日生日圣诞节礼物,￥138.00
马丁兄弟儿童玩具女孩手工串珠DIY手链项链首饰盒小公主女孩生日礼物6-8岁,￥69.00
熊猫熊独角兽公仔玩偶毛绒玩具女孩子布娃娃陪睡觉抱枕大号生日礼物女送女友80cm,￥99.00
秘恋泰迪小熊玩偶抱抱花束玫瑰公仔生日礼物送女友小女孩闺蜜万圣诞节 熊+卡布奇诺玫瑰+礼盒+串灯 50cm,￥79.90
北欧时光（BEIOUSHIGUANG）叶罗丽宝石盒子儿童女孩发光玩具精灵梦夜萝莉魔法宝石盒生日礼物 宝石盒子-灵公主-花圣殿,￥179.00
爱尚熊毛绒玩具女孩娃娃玩偶泰迪熊公仔布娃娃女生陪睡觉抱枕床上抱抱熊猫玩偶大号布偶儿童婴儿玩具生日礼物女送女友,￥79.00
冠巢儿童玩具汽车大冒险闯关玩具车停车场套装益智男孩女孩六一节礼物,￥56.00
,
Smart Games爱思极 小红帽 4-7岁 智力玩具桌游 路径规划训练 男孩女孩玩具,￥249.00
海伊朵考古宝石库洛米考古挖掘玩具儿童宝藏女孩寻宝化石砸石膏玩具 库洛米【配工具】,￥19.60
星涯优品 纯72件套磁力棒儿童玩具磁力片大颗粒积木拼插3-6岁生日礼物,￥99.00
伟易达（Vtech）儿童玩具 4合1益智小火车 英语早教 手推车学步 男孩女孩生日礼物,￥499.00
奇妙萌可玩具爱心魔杖套装变身器魔法棒公仔组合女孩声光玩具儿童礼物公主玩具魔杖爱心萌可+MK102-1,￥89.00
,
沃知 跳舞仙人掌玩具会唱歌录音学说话婴儿玩具女孩男孩毛绒玩偶公仔,￥39.90
朵帆小学生生日礼物女孩7-14岁儿童玩具3-6岁文具礼盒学习用品,￥99.00
缔羽 公主戳戳乐换装本diy儿童搓搓乐玩具女孩换妆画手工戳戳画套装,￥26.90
元气贝比儿童手机玩具仿真可啃咬宝宝婴儿触屏早教电话机模型女孩男孩,￥29.90
汪汪队立大功玩具超能狗救援队阿奇毛毛儿童动漫男孩女孩玩具  汪汪队经典款回力车4款,￥99.00
,
马丁兄弟儿童俄罗斯套娃玩具叠叠乐层层杯玩具创意玩具男孩女孩 生日礼物,￥27.90
迪漫奇儿童玩具狗走路会叫 1岁2岁宝宝儿童男孩女孩婴儿玩具礼物 智能感应音乐电动唱歌仿真拉线小狗遛狗,￥69.00
灵动宝宝儿童玩具抓娃娃机过家家女孩扭蛋机大号夹娃娃毛绒公仔3-6岁礼物,￥266.00
伟易达（Vtech）儿童玩具 豪华版电动火车站 双层扭扭轨道车1-5岁男孩女孩礼物,￥499.00
贝比童话 儿童首饰礼盒套装女孩生日礼物公主过家家玩具DIY手工饰品梳妆打扮3-6-10岁发夹发圈戒指收纳盒礼物 透明抽屉熊熊收纳盒-157件套,￥119.00
奥智嘉儿童发夹首饰盒玩具女孩生日礼物公主过家家DIY手工串珠收纳盒圣诞节礼物,￥229.00
舒星咕卡套装奶油胶咕卡砖贴纸咕咔女孩女生生日礼物儿童玩具咕咔盘diy流沙卡砖透明咕卡砖估卡手帐贴纸,￥136.80
凯伦猫 免裁剪安静书捏捏乐全套豪华儿童女孩手工制作diy女生玩具生日礼物 【两套】,￥18.00
弥鹿（MiDeer）女孩首饰DIY过家家套装玩具手链项链儿童手工串珠穿珠生日礼物 串珠首饰礼盒：梦幻花园,￥99.00
若来（Rolife）圣诞节礼物diy小屋咖啡店手工拼装立体拼图成人积木玩具儿童生日礼物,￥179.00
卡游叶罗丽卡片梦幻包SL 魔法包 灵犀包 星愿包MR稀有卡女孩玩具礼物 叶罗丽魔法包【第19弹】1包,￥1.00
史泰萌丽娜手工关节小萌熊公仔毛绒玩具泰迪熊玩偶抱抱熊女孩情人节礼物 棕兔耳朵套装+小熊 白色【30cm】纸盒装+透明礼袋,￥188.00
欣格儿童玩具首饰礼盒女孩生日礼物DIY串珠手工创意饰品公主过家家梳妆打扮发饰发夹戒指发圈收纳盒3-10岁,￥169.00
MAIER FEILE儿童玩具女孩生日礼物7-14岁8-12岁10-15女童八音盒兼容乐高积木,￥89.00
千百嘉儿童玩具女孩子10岁3以上7一9女童娃娃5女生8的13男孩生日礼物小6 蛋挞组合一【4盒装】-R87,￥20.00
Chongker花花大熊猫玩偶仿真果赖毛绒公仔女孩生日礼物西柚工厂 熊猫花花-标准款,￥1039.00
爸爸妈妈射击打弹珠球弹珠游戏机3-6岁大型儿童益智玩具男孩女孩生日礼物,￥129.00
我的奇妙世界（i·wow）儿童玩具花仙子独角兽彩绘涂鸦手工DIY玩具女孩儿童生日礼物,￥69.00
mimiworld快乐松鼠屋特别版女孩过家家仿真玩偶动物玩具儿童生日礼物,￥299.00
凯驰玩具（Kaichi）婴儿安抚套装新生儿礼盒0-3岁宝宝摇铃早教玩具周岁满月新年礼物 安抚12件套【手提双层豪华礼盒】,￥389.00
可优萌儿童相机拍立得7-14岁女孩生日礼物圣诞节可打印照相机女童玩具10 【店长推荐】拍立得+64G/粉猫咪 【礼袋+WIFI版】4800万双摄,￥399.00
奥迪双钻（AULDEY）超级飞侠儿童玩具变形合体机器人小爱X爱宝玩具男孩女孩750944,￥109.00
迪漫奇儿童首饰礼盒套装女孩生日礼物3-10岁公主饰品diy手工过家家玩具发夹发圈梳妆收纳盒熊熊草莓277件套,￥189.00
麦格萌换装娃娃套装礼盒儿童玩具女孩洋娃娃爱莎公主过家家玩具生日礼物 灵雪儿换装娃娃【精美礼盒】 六一儿童节生日礼物女孩,￥98.00
叶罗丽玲珑娃娃女孩子洋娃娃玩具灵冰时希情公主夜萝莉生日礼物 情公主,￥51.50
叶罗丽娃娃屋宝石盒子女孩儿童发光玩具夜萝莉公主城堡生日礼物 娃娃店,￥142.00
,
肯伦婴儿玩具0-1半一岁有声会动儿童早教8幼儿9宝宝6到12个月四五 充电版电动跳舞兔子20首歌曲,￥59.00
索迪儿童玩具女孩话筒音响一体麦克风卡拉ok唱歌早教讲故事机生日礼物,￥199.00
冠巢儿童数字变形玩具机器人拼装积木男孩女孩3-6岁六一儿童节礼物,￥69.00
,
麦格萌换装娃娃套装礼盒儿童玩具女孩过家家玩具爱莎公主洋娃娃生日礼物 古风套系【3个娃娃+配饰】 六一儿童节礼物女孩,￥59.00
集思天文望远镜儿童玩具8-12岁生日礼物男孩 7-14岁观星科学实验套装 入门级【天文望远镜礼盒装】,￥149.00
雅斯妮换装娃娃套装大礼盒带皇冠公主洋娃娃过家家儿童女孩玩具生日礼物,￥19.90
贝思迪收银机玩具套装儿童仿真收银台超市购物女孩过家家厨房女童3岁6,￥84.00
西下手帐套装礼盒贴纸带活页本胶带笔diy素材儿童玩具女孩礼物茶话会,￥39.90
得力（deli）咕卡贴纸豪华大满贯套装【3层工具箱】手账套装diy手工笔记本本子722件生日礼物玩具女孩BT138,￥123.00
Beityos3D立体库洛米安静书免裁剪全套6-7-10岁儿童手工玩具女孩生日礼物 豪华八本全套【三丽欧+阿花酱】 手提礼盒款,￥98.10
史泰萌丽娜手工关节小萌熊公仔毛绒玩具泰迪熊玩偶抱抱熊女孩情人节礼物 恐龙套装+小熊 白色【30cm】纸盒装+透明礼袋,￥188.00
儿童3d打印笔三d立体打印笔冰雪奇缘爱莎公主5-12岁女孩小学生生日礼物 蓝色【视频+共60米多色耗材等10件礼】,￥138.00
TaTanice儿童洞洞盲盒小礼物女孩戳戳乐抽奖盒学生自制生日礼物惊喜盒玩具,￥39.90
宝宝巴士毛绒玩具妙妙玩偶儿童抱枕公仔熊娃娃安抚陪伴站姿女孩生日礼物,￥47.00
蔻达diy小屋手工制作别墅生日礼物女孩男孩儿童玩具拼装房子模型礼品 DIY小屋豪华款,￥118.00
蛋宝乐儿童扭蛋机玩具男孩女孩礼物抓娃娃机-惊喜萌可扭蛋机+12颗爆蛋,￥99.90
费乐积木玩具女孩城堡公主屋男孩别墅房子3-6岁儿童大颗粒拼装玩具5岁过家家8岁女童生日礼物4-7岁 天才建筑师【灯光组件+随机2公仔娃娃】246颗粒,￥208.00
52TOYS 玩具总动员草莓熊IT'S ME 动漫潮玩手办女孩生日礼物 单只盲盒,￥69.00
Hape儿童过家家玩具仿真多功能现代声光厨房宝宝生日节日礼物 E3213,￥498.00
福孩儿27合1飞行棋五子棋跳棋类桌游儿童益智玩具男孩女孩小学生日礼物,￥99.00
麦趣星球儿童考古挖掘恐龙蛋化石挖宝石敲敲夜光恐龙男孩女孩steam玩具,￥69.80
贝比童话 儿童首饰礼盒套装女孩生日礼物公主过家家玩具DIY手工饰品梳妆打扮3-6-10岁发夹发圈戒指收纳盒礼物 透明抽屉熊熊收纳盒-146件套,￥89.00
奥迪双钻（AULDEY）儿童玩具巴啦啦8夏乐彤甜星魔法棒生日礼物女孩玩具 581801,￥169.00
,
索迪儿童早教玩具沙画箱台10岁小女孩生日礼物7-14岁学生男孩画画套装,￥178.00
马丁兄弟 儿童玩具球魔幻飞碟变形踩踩球发光球弹力球飞盘减压发泄球亲子户外运动球类玩具男孩女孩 生日礼物,￥19.90
TaTanice万圣节服装蝴蝶翅膀背饰儿童仙女裙服饰花仙子魔法棒道具生日礼物,￥19.80
北欧时光（BEIOUSHIGUANG）魔法粘粘黏黏乐波波手工diy制作气球六一节礼物儿童玩具女孩北欧 补充装【怪兽】,￥99.00
意大利TRUDI 白月光兔子毛绒玩具小白兔公仔可爱兔兔玩偶女孩生日礼物情人节礼物娃娃送女友 20cm,￥259.00
奇妙萌可玩具爱心城堡游乐园组合套装公主过家家女孩圣诞新年礼物130-1,￥69.00
,
马丁兄弟 惯性弹射车儿童玩具宝宝婴儿回力车按压小汽车玩具男孩女孩 生日礼物,￥13.50
朵发（DUOFA）儿童串珠玩具 DIY手工女孩 制作手链项链儿童过家家玩具生日礼物,￥19.90
迪士尼 流沙发光手环 艾莎公主旋转陀螺女童发光玩具啪啪圈手环女孩礼物,￥19.90
,
"爱心东东	
辰至尚品儿童迷你冰箱可开门仿真过家家玩具女孩女童小孩子生日套装3-6岁 1368-35面包机",￥31.92
NAYANAYA棉花娃娃儿童玩具女孩玩偶公仔玩偶有骨架毛绒玩具哒思,￥149.00
安娜公主女儿的串珠宝藏首饰盒手链diy手工穿珠子项链女孩礼物生日玩具,￥259.00
西下免烤胶画diy手工制作儿童涂鸦画女孩玩具水晶涂料填色挂件18公主,￥49.00
叶罗丽宝石手环盒子夜萝莉儿童玩具娃娃女孩饰品生日礼物 情公主款,￥29.90
叶罗丽娃娃屋宝石盒子女孩儿童发光玩具夜萝莉公主城堡生日礼物 花圣殿,￥89.00
,
迪士尼  魔法棒首饰套装【高级礼盒】冰雪奇缘艾莎公主魔法棒皇冠首饰发光仙女棒女孩玩具礼物 冰雪1蓝色女孩生日礼物,￥79.90
,
康迪拉家族（Cawndilla Families）儿童过家家玩具梳妆台化妆盒仿真拆装变形拉杆箱套装女孩生日礼物,￥49.00
北欧时光沙画儿童彩沙启智玩具女孩刮画礼物无毒画幼儿园diy手工制作工具 沙画套装,￥69.00
梦多福儿童玩具女孩生日礼物1-3-6岁女童4-5岁2岁超市收银贩卖机圣诞节 超市贩卖机 塑料儿童玩具,￥72.00
途象 猜拆乐惊喜娃娃盲盒扭蛋球玩具女孩换装娃娃手办儿童盲盒礼物,￥59.00
活石（LIVING STONES）儿童相机照相机高清数码相机宝宝迷你拍照学生玩具六一儿童节礼物 粉【9600w双摄+32G+变焦】,￥79.00
奥贝比（AOBEIBY）儿童玩具换装公主洋娃娃套装大礼盒女孩过家家3-4-6岁生日礼物,￥69.00
迪士尼（Disney）女孩生日礼物艾莎公主儿童发饰礼盒套装冰雪奇缘发夹发圈圣诞礼物,￥159.00
mimiworld公主小猫咪儿童仿真毛绒动物玩偶玩具女孩过家家宠物生日礼物,￥299.00
迪士尼 儿童包包女童可斜跨女孩单肩可爱时尚冰雪奇缘艾莎公主小香风包手提包FZ338-1 生日礼物,￥89.00
,
TOI进阶故事拼图玩具幼儿早教大块纸质拼图男孩玩具女孩儿童生日礼物3-4-5-6岁宝宝 6阶海底世界,￥99.80
丹米琦 叶罗丽儿童夜光指甲贴纸【5张图案不重复】卡通贴女孩公主美甲贴纸玩具,￥11.90
欣格儿童发饰礼盒玩具女孩生日礼物发夹首饰盒套装发卡圈过家家玩具公主手工饰品梳妆打扮6-10岁收纳盒奶咖色,￥139.00
奇妙萌可玩具乐美公主的衣橱磁力拼图爱心换装磁吸贴画女孩圣诞元旦礼物08,￥69.00
,
弥鹿（MiDeer）儿童手工桶diy制作圣诞礼物扭扭棒材料包幼儿园宝宝粘贴益智玩具 太空奇旅【20个成品】配视频教程,￥69.00
朵帆显微镜儿童玩具男孩生日礼物 女孩7-14小学生玩具8-12岁男童女童,￥68.00
TOI免烤胶画儿童玩具女孩手工儿童diy水晶胶画冰冰胶生日礼物3-4-5-6岁宝宝闪亮人鱼,￥89.80
MAILE KID解压玩具【彩珠葡萄3个装】发泄减压儿童捏捏乐女孩创意解压球,￥14.90
Pacherie日本儿童女孩玩具生日礼物手工拼包包冰雪奇缘PCR-007冰雪配色,￥150.00
俏皮谷儿童服装设计师玩具女孩diy手工制作实验材料包公主创意娃娃生日节日礼物,￥89.90
奥智嘉儿童发饰礼盒玩具女孩生日礼物发夹首饰盒发卡圈过家家玩具基础版圣诞节礼物,￥259.00
虎式飞跃儿童玩具女孩手工串珠diy手链首饰盒3-6生日礼物女儿的宝藏7-14岁 三合一宝箱款【2000+PCS】 精美礼盒/小女孩生日礼物优选,￥108.00
雅斯妮儿童玩具女孩娃娃别墅过家家换装洋娃娃公主厨房变形巴士生日礼物,￥98.00
冠巢儿童积木桌玩具儿童玩具男孩女孩大颗粒积木拼装3-6岁生日礼物,￥68.00
,
森贝儿家族探险木小屋女孩子过家家小木屋房子生日树屋玩具 节日礼物 探险木小屋5451,￥299.00
JOYSTONEAR地球仪3d立体小学生用儿童8-12岁男10生日圣诞节礼物女孩7-14岁 公主粉充电款【20cm+AR+礼盒】,￥63.00
麦格萌换装娃娃套装礼盒儿童玩具女孩洋娃娃爱莎公主过家家玩具生日礼物 贝尼儿换装娃娃【精美礼盒】 六一儿童节生日礼物女孩,￥69.00
KELEIGE儿童火箭玩具汽车大楼停车场3-6岁男孩女孩生日儿童节礼物送小孩 24车太空火箭汽车大楼 【惯性小车+旋转升降梯】,￥198.00
鸿趣  中国古风换装娃娃套装仿真3D眼睛公主洋娃娃玩具女孩生日礼物,￥76.80
小麻薯手账套装礼盒大礼包手帐本胶带贴纸咕卡的所有东西可爱十岁女孩生日礼物一整套便宜六一儿童节玩具礼品 小麻薯手账套装大礼包基础款-鲜花...,￥80.31
缔羽 公主换装贴纸书玩具女孩儿童玩具3到6岁少女化妆本贴贴画4本装,￥25.90
酷火星空投影灯投影仪儿童礼物女孩玩具6-10岁女生生日礼物女童音乐盒,￥139.00
,
欣格儿童首饰套装女孩生日礼物公主过家家玩具DIY手工饰品串珠梳妆打扮3-10岁发夹发圈戒指超豪华大礼盒送礼,￥239.00
迪士尼（Disney）玩具女孩生日礼物送女童玩具7-14岁冰雪奇缘艾莎包包小孩3-6-10岁 艾莎小挎包【手提/单肩/斜跨】,￥79.00
冠巢城堡笔筒积木拼装儿童玩具女孩男孩微颗粒diy立体模型生日礼物,￥58.00
,
迪士尼（Disney）艾莎公主女孩生日礼物玩具儿童串珠手链diy手工圣诞节日礼物7-14,￥109.00
弥鹿（MiDeer）女生DIY服装设计玩具儿童手工制作女孩过家家礼盒生日礼物礼盒 豪华礼服套装-公主的衣柜,￥109.00
xunlu巡鹿玩具女孩14岁兼容乐高小颗粒拼装积木拼图立体3d模型diy摆件 【16%用户购买】玲娜贝儿6款套装 儿童玩具男孩女生生日圣诞节礼物,￥48.90
聚乐宝贝儿童玩具解压按按乐闯关速推游戏机男孩打地鼠逻辑训练女生日礼物,￥14.90
古欧（GUOU）玩具女孩过家家娃娃屋公主城堡双层仿真别墅儿童生日礼物大礼盒,￥98.00
弥鹿（MiDeer）新品女孩DIY手链项链玩具儿童手工串珠穿珠过家家首饰生日礼物 【新品】串珠首饰礼盒-梦幻花园,￥99.00
迪士尼 冰雪奇缘艾莎公主DIY女孩玩具手工串珠手链项链儿童过家家玩具女孩生日礼物,￥39.90
,
奇妙萌可玩具爱心萌可镜盒套装公主萌宠正正勇气泪泪幸福梦珂公仔希望乖乖闹闹组合女孩过家家礼物+601501,￥69.00
,
木丸子  水果字母数字串珠儿童早教积木拼玩具男女孩生日六一儿童节礼物,￥35.80
zak!毛绒玩具可爱萌宠羊驼公仔摆件仿真羊大号抱枕靠垫女孩睡觉玩偶生日礼物送女友白55cm,￥87.70
丹米琦 儿童玩具手账咕卡全套装公主过家家小麻薯DIY手工手账贴纸本创意女孩玩具礼盒礼物,￥129.90
叶罗丽宝石手环盒子夜萝莉儿童玩具娃娃女孩饰品生日礼物 叶罗丽款,￥29.90
乐哲积木儿童玩具男女孩拼插房子积木拼装大颗粒启蒙拼图2-3-6岁玩具,￥29.90
"爱心东东	
贝初众女孩生日礼物5-7-14岁儿童玩具女孩创意礼盒套装6-10岁圣诞节礼物 【围巾+耳罩+手套+保温杯】 冬天送幼儿园小学生小朋友宝宝",￥119.00
安娜公主80厘米超大号娃娃女孩智能对话爱莎公主WIFI联网儿童玩具生日礼物,￥318.00
奥智嘉换装娃娃套装大礼盒3D眼公主洋娃娃过家家儿童玩具女孩生日圣诞节礼物,￥149.00
威尔通 兔子毛绒玩具公仔儿童小白兔玩偶 送女友老婆女孩生日礼物女生闺蜜创意礼品布娃娃床上夹腿睡觉抱枕枕头长条布偶 40cm甜心兔,￥39.00
艾希妮变脸小章鱼玩偶公仔双面翻转生气表情八爪鱼翻面心情章鱼毛绒玩具女孩娃娃儿童礼物男孩生日礼物女送女友40cm,￥32.00
艾杰普（JEPPE）儿童手工制作早教启蒙钻石贴画女孩创意贴纸玩具儿童礼物【星黛露】,￥15.90
赟娅儿童过家家厨房玩具女孩启智仿真汉堡薯条模型女童生日男孩礼物 全家桶豪华家庭餐【82PCS】,￥58.00
迪士尼（Disney）爱莎公主绘画套装3-6岁玩具女孩生日礼物7-14岁冰雪奇缘画笔儿童水彩笔画画套装,￥209.00
伊贝智陶艺机陶土陶泥儿童玩具女孩3-6-7-14岁女童生日礼物学生手工制作 粉兔-2档动力+陶泥*2 创意生日礼物过家家亲子玩具,￥59.00
IMVE儿童服装设计师女孩玩具diy生日礼物7-14岁手工制作汉服实验材料,￥54.00
欣格奶油胶咕卡套装儿童玩具女孩生日礼物DIY礼盒手工创意挂件公主过家家幼儿园咕盘贴纸贴画小皮箱收纳775件,￥139.00
mimiworld女孩厨房套装玩具变色冰淇淋雪糕机收银机儿童过家家生日礼物,￥369.00
乐高（LEGO）积木拼装41756假日滑雪场9岁+男孩女孩儿童玩具生日礼物上新,￥749.00
欣格玩具儿童饰品礼盒女孩生日礼物DIY首饰串珠手工创意过家家梳妆打扮发饰发夹戒指发圈收纳盒3-10岁豪华版,￥199.00
万火音乐盒八音盒女生生日礼物女孩礼物7-14岁儿童玩具6-10岁女童女儿,￥99.00
艾睿思草莓熊玩偶公仔娃娃毛绒玩具女孩生日礼物女生送女友闺蜜儿童布娃娃女生陪睡觉抱枕正版大号男孩子玩具抱抱熊,￥188.00
乐高（LEGO）积木拼装 10785 烘焙之乐 4岁+男孩女孩儿童玩具生日礼物,￥99.00
奇妙萌可惊喜魔法日记大本音乐收纳盒爱心萌可公仔吊坠女孩玩具礼物B61,￥108.00
迪士尼（Disney）冰雪奇缘艾莎公主音乐八音盒水晶球女孩学生毕业生日礼物皇冠摆件,￥315.00
伟易达（Vtech）早教机 4合1点触学习桌 英语点读学习机儿童玩具男孩女孩生日礼物,￥619.00
欣格儿童过家家玩具仿真喷雾冰箱升级款厨房套装按压出冰音乐早教模拟生活家电亲子互动3-4岁女孩生日礼物,￥79.00
冠巢儿童玩具遥控汽车灯光耐摔电动越野车3-5-6岁女孩男孩生日礼物,￥48.00
,
美乐童年（JoanMiro）儿童水晶滴胶diy套装手工制作玩具饰品女孩生日礼物节日,￥89.90
菲贝（feibei）儿童桌面玩具双人桌游平衡树太空人二人游戏亲子互动早教启智3-6,￥19.90
乐哲奶油胶发卡冰淇淋套装儿童玩具女孩3-6岁手工diy材料包树脂配件,￥39.90
酷火创意解压神器玩具女孩生日礼物女儿童7-14岁初中女生减压小兔子 趴趴兔-充电七彩拍拍变色款,￥59.00
雷朗小熊口琴宝宝儿童玩具初学者可吹奏乐器16孔男孩女孩 生日礼物,￥38.60
迪士尼 儿童钻石贴画贴纸爱莎公主手工diy制作材料包女孩玩具冰雪款女孩生日礼物,￥39.90
多加（duga）小麻薯手帐胶带小飞侠款贴画贴纸儿童玩具男孩女孩节日生日礼物,￥13.80
雅斯妮娃娃玩具女孩过家家公主屋甜甜圈厨房换装洋娃娃DIY儿童生日礼物,￥98.00
TOI进阶科普认知拼图玩具幼儿早教大块纸质拼图男孩玩具女孩儿童生日礼物3-4-5-6岁宝宝 4阶建筑的诞生,￥71.60
steiff德国进口毛绒玩具公仔娃娃honey玫瑰花泰迪熊安抚玩偶小熊情人节礼物送女友男生生日礼物女结婚纪念日礼物送老婆闺蜜布娃娃玩具送女朋友陪睡...,￥199.00
欣格儿童手机玩具仿真电话女孩男孩可啃咬婴幼儿宝宝音乐婴儿早教双语趣味1-2周岁小孩玩具生日礼物独角兽粉,￥35.00
奥智嘉换装娃娃套装大礼盒3D真眼公主洋娃娃过家家玩具女孩儿童玩具带配件礼包 生日圣诞节礼物,￥69.00
欣格儿童玩具女孩咕卡套装全套贴纸公主过家家幼儿园贴画宝宝专注力训练咕盘diy礼盒收纳盒生日礼物295件套,￥48.00
灵动创想 奥特曼男孩女孩儿童变形玩具超人手办可动人偶生日圣诞礼物 宇宙英雄奥特必杀 特利迦奥特曼ATM0208,￥89.00
,
计客超级积木电子拼图逻辑思维机智能儿童玩具男孩女孩生日礼物小学生,￥269.00
缔羽 绘画本12册启蒙早教3-6岁玩具儿童小学生简笔画教材一步一步学画画宝宝涂色幼儿园男孩女孩涂鸦书本,￥37.80
聚乐宝贝儿童玩具对对碰棋盘游戏桌面对战6-12岁亲子互动思维训练男孩女孩,￥29.80
迪漫奇儿童扭蛋机玩具恐龙萌可扭扭蛋盲盒奶油胶咕卡盲抓娃娃机DIY奇趣蛋3-6岁女孩生日礼物惊喜【含8爆蛋】,￥39.90
尚韵儿童画板玩具女孩男孩4-6-8-10岁绘画工具小学生水彩笔画画套装,￥84.50
奇妙萌可玩具全明星套装B款爱心萌可镜盒幻幻仿仿害羞公仔人偶女孩礼物公主玩偶萌宠组合套装+601303,￥129.00
,
古欧（GUOU）娃娃屋玩具女孩仿真别墅过家家公主城堡儿童生日礼物豪华礼盒3岁+,￥248.00
安娜公主儿童仿真猫咪玩具会叫会动猫猫小玩偶猫毛绒电动女孩宠物动物,￥84.50
奥智嘉超大80cm换装娃娃礼盒眨眼音乐智能洋娃娃公主儿童玩具女孩冰女皇圣诞节礼物,￥225.10
赟娅小兔子大城堡别墅客厅卧室双层床女孩过家家儿童玩具生日礼物 小兔精美大城堡,￥98.00
灵动宝宝婴儿玩具塞塞乐不倒翁四个圈叠叠乐形状配对早教0-1岁男女宝宝,￥61.00
若客（ROKR）空中飞椅八音盒音乐盒圣诞节礼物积木成人拼图女生生日礼物儿童diy手工拼装模型玩具,￥209.00
芭比（Barbie）娃娃时尚衣橱套装女孩礼物收纳过家家套装玩具 时尚衣橱套装HJL66,￥309.00
爱尚熊嘟嘟猫玩偶毛绒玩具女孩嘟嘟喵公仔娃娃正版布娃娃女生陪睡觉抱枕儿童生日礼物女送女友老婆女生,￥59.00
JARLL甜蜜粉金灯光旋转木马 女孩水晶球八音盒生日情人圣诞礼物 遇见,￥768.00
贝比童话 手工DIY饰品收纳盒首饰儿童礼盒套装女孩生日礼物公主过家家玩具梳妆打扮发夹发圈奶油胶咕卡 手工制作饰品340件套,￥95.90
抖音同款储钱罐偷钱猫储钱罐卡通存钱罐皮卡丘小猫咪叮当猫创意可爱儿童可存可取带音乐送男孩女孩生日礼物 【皮卡丘】偷钱存钱罐,￥39.90
迷你特工队手表玩具露西晶龙战甲特雷斯恐龙力量2路茜女孩儿童玩具手表+MN510-5,￥49.00
奥迪双钻（AULDEY）儿童玩具巴啦啦小魔仙9白尹玥暖秋魔法礼盒女孩生日礼物581917TZ,￥199.00
Beityos库洛米美乐蒂安静书免裁剪全套6-7-10岁儿童手工玩具女孩生日礼物 【免裁剪】换衣橱窗12本,￥58.00
迪漫奇咕卡套装儿童玩具女孩生日礼物DIY礼盒手工创意幼儿园过家家咕盘贴纸贴画兔子款收纳盒223件套紫色系列,￥39.00
尚韵生日礼物女小羊公仔玩偶520七夕情人节毕业礼物女生毛绒玩具娃娃,￥25.50
育儿宝（YuErBao）儿童玩具狗毛绒电动小狗会走会叫仿真动物男孩女孩宝宝生日礼物,￥43.80
俏皮谷儿童服装设计师diy玩具女孩手工制作洛丽塔公主创意时装娃娃生日节日礼物,￥113.00
南方智库三丽鸥库洛米美乐蒂安静书4套免裁剪捏捏乐儿童玩具女孩diy手工,￥19.90
恬爱宝儿童玩具咕卡套装奶油胶全套贴纸7-10-14岁公主贴画女孩生日礼物,￥39.90
鑫思特（XST）儿童冰箱玩具女孩子仿真家电大号厨房过家家套装男孩早教宝宝女童,￥69.90
咔巴熊 妮妮换装贴纸儿童女孩玩具美丽公主换妆贴卡通人物化妆diy表情包贴纸书贴画换装派对 公主+古风,￥17.73
奥智嘉儿童玩具女孩服装设计师diy手工制作汉服换装娃娃创意生日圣诞节礼物,￥139.00
迪漫奇大号抓娃娃机玩具小黄鸭款迷你仿真卡通摇杆夹公仔夹娃娃扭蛋女孩男孩过家家3-6岁儿童过年生日礼物,￥109.00
奥迪双钻（AULDEY）巴啦啦小魔仙第八季魔法仙女棒礼盒女孩少女儿童玩具节日礼物 夏乐彤甜星魔法棒581801,￥139.00
北欧时光跳舞小黄鸭婴儿玩具有声会动儿童启智早教宝宝1岁幼儿新生男女孩 【12首歌】电动跳舞小黄鸭【充电,￥119.00
盈佳 智能机器狗儿童玩具男孩女孩生日礼物小孩婴幼儿编程早教机器人,￥168.00
魔法汇（MOFAHUI）儿童魔术道具礼盒生日礼物男孩女孩魔法米奇系列魔法套装小学生,￥188.00
迪士尼  魔法棒玩具 冰雪奇缘公主仙女闪光魔法棒女孩玩具发光发声权杖,￥49.00
,
雅斯妮冰雪娃娃玩具女孩早教智能换装公主洋娃娃儿童过家家玩具生日礼物,￥128.00
"爱心东东	
佳都玩具百宝箱玩具女孩6-13岁过家家魔法惊喜女孩玩具小屋公主娃娃屋儿童 惊喜小超市",￥69.00
奥智嘉换装娃娃套装大礼盒仿真别墅玩具屋儿童玩具女孩过家家公主城堡四层别墅生日圣诞节礼物,￥229.00
初格贴纸儿童贴画玩具换装贴纸男女孩公主动漫卡通泡泡贴精灵美少女,￥27.80
得力（deli）科学实验套装趣味综合实验学生儿童生日礼物男孩女孩玩具 74392,￥129.00
奇妙萌可女孩儿童贴画玩具闪亮宝石爱心萌可DIY安静书泡泡贴纸书-购物篇,￥15.90
俏娃宝贝（QIAO WA BAO BEI）儿童钢琴玩具女孩二三周岁半益智玩具两2岁宝宝3生日礼物4圣诞节,￥238.00
迪漫奇婴儿玩具多功能猫头鹰手风琴0-1-2-3-6岁幼儿早教安抚音乐宝宝玩具男孩女孩周岁新年生日礼物,￥59.00
青葫芦儿童玩具2两1-3-6岁男孩女孩一周岁生日礼物小孩0圣诞节宝宝4女童 【礼盒礼袋】格林童话立体书8册 二三四五5岁小朋友小女孩实用书,￥169.00
迪士尼六一儿童节礼物女孩生日过家家玩具爱莎公主手提仿真模拟化梳妆台,￥79.00
七朵虹安静书免裁剪三丽鸥库洛米过家家女孩捏捏乐diy手工生日礼物玩具,￥39.00
菲贝 仿真小医生玩具套装扮演过家家声光听诊器医疗箱打针医院护士牙医看病牙科宝宝医药箱儿童玩具女孩3-6岁,￥68.00
未及儿童生日礼物女孩成人玩具小颗粒积木书童话公主画册 心愿火柴,￥159.00
沃知 科学实验套装儿童玩具化学小实验5-14岁小学生男女孩生日礼物,￥68.00
,
迪漫奇娃娃套装大礼盒关节3d仿真眼睛带音乐故事儿歌儿童女孩玩具大号换装洋娃娃过家家生日礼物,￥43.00
叶罗丽宝石手环盒子夜萝莉儿童玩具娃娃女孩饰品生日礼物 冰公主款,￥29.90
奥迪双钻（AULDEY）儿童玩具巴啦啦8夏乐彤甜星魔法礼盒生日礼物女孩玩具 581841,￥329.00
,
奇妙萌可闪亮宝石玩具学校场景套装组合爱心萌可娃娃公主礼盒女孩生日礼物,￥399.00
,
Eve Stone SPECIAL GIRL LIKE YOU儿童水晶球音乐盒玩具女孩生日七夕情人节礼物7-14岁送女生八音盒 樱花少女【彩灯+音乐+自动飘雪】,￥49.90
欣格儿童首饰串珠玩具女孩公主过家家手链项链DIY手工串珠套装女童生日礼物彩虹独角兽双层礼盒高配版6-10岁,￥129.00
迪士尼（Disney）儿童手工diy制作材料包卡通魔幻艺术贴画创意斑彩女孩粘贴纸玩具 【迪士尼公主系列】,￥35.94
丹米琦 小猪佩奇儿童卡通趣味贴纸书4本 男女宝宝早粘贴画玩具3-4-5-6岁玩具礼物女孩生日礼物,￥29.90
迪漫奇婴儿电动爬娃玩具趣味宝宝婴幼儿学爬早教声光音乐启萌爬行跳舞男孩女孩0-1岁4-6月新生儿小孩抬头训练,￥89.00
童溢儿童早教学习机婴儿手机玩具宝宝手机电话仿真0-1-3岁女孩男孩,￥48.60
蓓斯曼【当次日达】毛绒玩具女生公仔趴趴兔子睡觉抱枕布娃娃玩偶陪睡生日礼物送女生夹腿布偶女孩儿童抱枕 粉色爱的就是你蝴蝶结兔 80厘米,￥78.00
丹米琦儿童公主换装贴纸本玩具女该diy手工制作礼物4本,￥19.90
贝比童话 儿童首饰礼盒套装女孩生日礼物公主过家家玩具DIY手工饰品梳妆打扮3-6-10岁发夹发圈戒指收纳盒礼物,￥138.00
猫贝乐儿童手机玩具男孩女孩婴幼儿宝宝启蒙故事早教电话送小孩生日礼物,￥45.90
安娜公主儿童服装设计diy5-10岁十女孩生日礼物12女童8衣服小孩手工材料包,￥146.90
Hape(德国)儿童科学实验套装亲子玩具万花筒多棱镜女孩礼物E8401,￥27.00
Hape儿童过家家厨房玩具丰富食材美味乌冬面男孩女孩生日礼物E3196,￥115.20
伟易达（Vtech）儿童玩具过家家 贝贝狗宠物箱 双语早教仿真玩偶 女孩生日礼物,￥199.00
聚乐宝贝儿童迷你小厨房真煮教具过家家真做饭小厨具女孩礼物全套装6-12岁,￥169.00
奥迪双钻（AULDEY）儿童玩具巴啦啦8魔法惊喜DIY咕卡旅行包女孩生日礼物581890TZ,￥169.00
朵帆兔子10岁女孩生日礼物女儿童7-14岁小学生玩具8-12初中生女生女儿,￥69.00
JJR/C四驱遥控车越野车儿童玩具车小孩遥控汽车赛车男女孩生日礼物B款,￥129.00
TaTanice万圣节服装儿童蝴蝶翅膀女孩玩具背饰魔仙魔法棒头饰表演装扮礼物,￥16.90
航行者十万个为什么点读书儿童宝宝有声绘本百科发声故事书早教机启蒙玩具3-4-5-6岁男孩女孩生日礼物圣诞节,￥87.00
丹米琦 小猪佩奇儿童卡通贴纸游戏书欢乐的假日4本 男女宝宝早粘贴画玩具3-6岁玩具女孩生日礼物,￥29.90
迪士尼八音盒草莓熊音乐盒女生生日礼物实用走心小夜灯桌面摆件玩具女孩,￥199.00
比乐B.串珠玩具男孩女孩DIY项链手链手工珠子波普珠500粒生日礼物,￥164.80
伊贝智小女孩生日礼物7-14岁儿童玩具发饰礼盒4-5-6-10岁女生孩子女童 小熊127件套-礼盒+礼袋 六一儿童节礼物小朋友,￥49.00
哈梵游网红棉花娃娃毛绒玩具人形公仔娃衣可换装衣服玩偶送女孩礼物正版 无骨可可-带猫爪+随机衣服+梳妆,￥33.74
TaTanice棉花娃娃衣服20cm娃娃换装玩具儿童毛绒玩偶公仔裙子女孩生日礼物,￥66.00
前谷（CEGA）女孩玩具拇指琴生日礼物男孩早教乐器卡林巴儿六一童节礼物 17音粉色樱花+EVA包,￥57.90
维尼小象儿童套圈亲子互动玩具套圈塔彩虹圈室内外幼儿园套圈圈男孩女孩,￥18.80
丹米琦网红款长条手账贴纸卡通手账diy制作贴纸玩具20条,￥19.90
卡尔贝比儿童多功能玩具37键电子6岁女孩早教启蒙乐器生日蜜桃粉礼盒装,￥99.00
丹米琦 婴幼儿手风琴【手拉琴丨多样音效丨车载】0-1-2岁安抚早教玩具女孩生日礼物,￥59.00
"爱心东东	
活石玩具小女孩生日礼物儿童首饰盒女童发饰礼盒4-7岁六一儿童节礼物 双层粉【卡通发饰+手提礼袋】",￥69.00
奥智嘉换装娃娃公主洋娃娃手提包套装大礼盒儿童过家家女孩玩具生日圣诞节礼物,￥99.00
森贝儿家族 儿童玩具过家家梦幻家园礼品套装女孩子生日礼品 节日礼物 梦幻家园礼品套JD03,￥1099.00
马丁兄弟【 6只】小鸭子爬楼梯玩具儿童小黄鸭轨道滑滑梯声光玩具男孩女孩,￥24.80
糖米公主屋娃娃豪宅儿童玩具仿真别墅城堡女孩过家家生日礼物,￥157.00
Hape(德国)儿童过家家玩具厨房缤纷鲜果切切乐女孩节日礼物 E3182,￥98.00
童溢儿童厨房迷你厨房真煮套装做饭全套迷你小厨房玩具女孩过家家玩具,￥82.00
NICI生日礼物女生玩偶毛绒娃娃公主毛绒玩具女孩可爱毛绒公仔送女孩,￥389.00
凯驰玩具（Kaichi）婴儿安抚套装新生儿礼盒0-3岁宝宝摇铃早教玩具周岁满月新年礼物 安抚6件套【音乐+投影+灯光】,￥349.00
同趣猫的欢聚拼装八音盒旋转音乐盒积木拼插复古创意玩具女生生日礼物,￥85.00
安娜公主80厘米艾莎爱莎公主儿童玩具洋娃娃女孩套装超大号大礼盒生日礼物,￥198.00
冠巢儿童玩具男孩女孩婴儿玩具0-1岁钓鱼敲琴早教音乐6个月新生儿礼物,￥88.00
,
Beityos3D立体库洛米安静书免裁剪全套6-7-10岁儿童手工玩具女孩生日礼物 4本【库洛米+美乐蒂+帕恰狗+KT猫 手提礼盒款,￥59.00
好写（howshow）儿童玩具女孩子送男孩生日礼物3岁男童7-14岁实用小学生礼品开学 黑色【13英寸单色版加粗】+礼品,￥123.28
"爱心东东	
赟娅网红儿童低温打印3D笔玩具女孩生日六一儿童节礼物女生男孩至玩具 粉色500毫安-36米耗材 （分9卷）",￥83.30
"莂来六一儿童diy女孩玩具女童水晶滴胶女生制作材料小学生礼物子zp8 ""水晶滴胶-升级版【39件套】 """,￥199.00
贪趣女孩生日礼物玩具7-14岁女童3-6发夹饰礼盒幼儿园奖品天使翅膀,￥29.80
Hape轨道车玩具 儿童火车拼装积木亲子互动套装3-6岁男孩女孩礼物 E3773火车轨道交运枢纽收纳套,￥698.00
JUMP HERO大容量可爱蘑菇屋存钱罐只进不出儿童玩具女孩储蓄储钱罐生日礼物,￥35.00
亚之杰玩具儿童3-6岁男孩女孩礼物过家家厨房玩具做饭煮饭喷雾电饭煲礼盒,￥69.90
乐高（LEGO）积木拼装 31133 可爱的白兔 8岁+男孩女孩儿童玩具生日礼物,￥179.00
福孩儿婴幼儿童蒙氏早教益智玩具男孩女孩宝宝数字形状积木拼图启蒙认知,￥28.00
EagleStone儿童首饰盒套装发饰礼盒小女孩生日礼物4-14岁圣诞节礼物,￥239.00
雅斯妮儿童玩具女孩厨房玩具做饭过家家仿真喷雾电饭煲切切乐 生日礼物,￥96.10
若来（Rolife）Nanci囡茜大唐风华盲盒摆件潮流手办玩具女孩生日节日礼物 大唐风华【单盒随机发货】,￥69.00
qdrone For the Good Moments儿童遥控汽车遥控车越野车赛车男孩玩具女孩生日礼物3-6岁 粉【160分钟续航+酷炫灯光】,￥79.00
活石（LIVING STONES）儿童迷你厨房真煮套装做饭迷你小厨房玩具女孩7-14六一儿童节礼物 落樱粉35件【煎锅+大小2汤锅】,￥106.00
威尔通 老虎毛绒玩具虎年十二生肖吉祥物公司聚会礼品 送女友老婆生日礼物女生闺蜜创意礼品布娃娃 男孩玩具玩偶陪睡觉抱枕枕头 23cm仿真虎,￥39.00
麦格萌儿童相机玩具女孩可拍照可打印迷你数码照相机拍立得男孩生日礼物 公主粉儿童相机【32g+读卡器】 六一儿童节生日礼物,￥89.00
活石弹珠射击游戏机电动恐龙玩具儿童男孩女孩生日礼物7-14岁 【标靶移动射击】恐龙彩盒 游乐园射击乐趣,￥159.00
KIDNOAM跳舞仙人掌生日礼物送女友儿童女孩男孩仙人掌会唱歌录音  充电款【抖音热曲+录音】,￥56.90
奇妙萌可闪亮宝石信信萌可公仔女孩玩具梦珂公主过家家人偶娃新年礼物204,￥49.00
,
煦贝乐儿童玩具女孩公主换装贴纸书梦幻手绘本戳戳乐贴贴画节日生日礼物,￥49.80
儿童智能语音对话洋娃娃会说话唱歌陪睡毛绒仿真布娃娃女孩公主玩具礼物 196-3粉色 充电动眼版（第七代智能语音对话）,￥118.00
乐高（LEGO）积木得宝DUPLO 10993  3合1创意树屋3岁+大颗粒儿童玩具生日礼物,￥579.00
TaTanice动物立体拼图儿童3D恐龙模型幼儿园小朋友手工玩具女孩生日礼物,￥9.90
张晟凯玩具史迪仔变身莉熊娜公仔毛绒玩具抱着睡觉玩偶布娃娃情人节礼物女生 史迪仔 28厘米,￥14.20
Pacherie儿童女孩玩具手工拼包包生日礼物手提包CRSML0291 5件套拼包包,￥189.00
叶罗丽玲珑娃娃女孩子洋娃娃玩具灵冰时希情公主夜萝莉儿童礼物 冰公主,￥52.10
益米儿童玩具摇摆小鸡电动磁力鸭子动物小分队男女孩0-3-6岁生日礼物,￥117.00
狂野骑士大黄蜂智能遥控机器人儿童玩具小孩婴幼儿编程特技早教3-6-10岁男孩女孩生日礼物变形金刚正版授权,￥159.00
Eve Stone SPECIAL GIRL LIKE YOU爱莎公主女孩玩具套装儿童过家家洋娃娃玩具过生日礼物六一儿童节 加大号-带灯娃娃/生日歌公主裙,￥89.90
凯伦猫 免裁剪安静书捏捏乐全套豪华儿童女孩手工制作diy女生玩具生日礼物 【一套】,￥9.30
欣格儿童玩具天平秤教具数学加减法思维启蒙早教类益智玩具男孩女孩儿童生日礼物亲子互动青蛙天平称XG777-1,￥39.90
早稻牛【活动中】现货有骨棉花娃娃网红ins风毛绒玩具女孩换装礼物便宜 无骨[晴晴]+七件套 20cm裸娃+随机衣服1件[活动中,￥40.90
叶罗丽娃娃60厘米女孩儿童玩具可改装换装洋娃娃套装礼盒生日礼物 傅冉,￥311.00
离草 刮刮画刮刮乐刮画纸刮画本闪闪刮画便签纸儿童刮刮画刮画便签纸男孩女孩儿童玩具闪闪刮刮画 萌宠兔兔,￥9.90
展高迷你特工队玩具X机甲露西金刚变形机器人汽车女孩儿童礼物,￥129.00
儿童过家家玩具梳妆台仿真迷你电子琴钢琴益智玩具公主桌椅道具套装女孩3-6岁生日礼物 钢琴城堡化妆台,￥119.00
尚韵玩具女孩蓝牙儿童话筒音响一体唱歌机1-3岁k歌无线麦克风讲故事机,￥45.00
伟易达（Vtech）过家家玩具 女孩男孩1岁+ 趣味多士炉 仿真厨房做早餐 儿童礼物,￥129.00
奇妙萌可宝箱化妆盒魔法书爱心梦珂闪亮宝石收纳盒公仔吊坠女孩玩具B63,￥99.00
STYLEPIE女孩玩具无线K歌音箱儿童生日礼物3一6岁小孩朋友实用高端创意 麦克风+音响,￥10.00
福孩儿 木质水果绕珠串珠 婴幼儿童宝宝早教玩具男孩女孩子认知积木启蒙幼儿园教具手指精细动作训练手眼协调,￥39.80
乐哲公主换装贴纸书儿童玩具女孩3-6岁专注力训练安静书贴画生日礼物,￥29.70
乐哲贴纸儿童玩具女孩幼儿园奖励贴纸男孩3D立体粘贴画宝宝动漫泡泡贴,￥29.90
叶罗丽儿童串珠子玩具女孩手工diy项链手链水晶饰品4-5-6岁女童生日礼物,￥36.90
弥鹿（MiDeer）魔术道具套装圣诞节儿童小学生玩具8-12岁男孩生日礼物女孩7-14岁 女儿初中4小朋友十5岁小孩大礼盒 6-10岁8以上15女童12男童13女生9,￥238.00
欣格 儿童玩具 汽车华容道早教玩具 移车出库男孩女孩 3-4-5-6岁幼儿园宝宝专注力逻辑思维训练新年礼物,￥25.00
乐高（LEGO）积木拼装哈利波特76414守护神咒14岁+男孩女孩玩具生日礼物,￥599.00
sk zuru下午茶派对惊喜魔法杯换衣水溶娃娃超大奶茶杯女孩盲盒玩具冰淇淋独角兽1 软软乐史莱姆魔法药水瓶-随机颜色一个-送小盲盒1个,￥99.90
迪士尼（Disney）仿真彩妆玩具 女孩米妮系列二合一化妆玩具背包-DS020A生日礼物,￥79.00
星星舟猜猜我是谁儿童桌游玩具男孩女孩生日礼物亲子互动逻辑思维游戏 【基础款】96张卡片,￥15.80
文具套装手账本文具大礼包开学小学生学习用品女童一年级文具礼盒十岁小女孩生日礼物六一儿童节礼物笔袋 粉色系【送礼袋+手表+手账】1-6年级适用,￥98.00
未及儿童生日礼物女孩成人玩具小颗粒积木书童话公主 灰姑娘闯入现实,￥299.00
安娜公主60厘米洋娃娃大号超大套装女孩爱莎公主大礼盒儿童玩具布生日礼物,￥128.00
水画本儿童神奇水画册反复涂鸦绘画画本清水涂色水彩本临摹水画板宝宝男孩女孩玩具 儿童节礼物 女孩款【4本不重复 多加2只笔】共6只笔,￥17.30
淘嘟嘟儿童画画板磁性写字板可擦DIY绘画板男孩女孩婴幼儿玩具生日礼物,￥35.00
神童小子300片雪花片儿童积木中号加厚拼插玩具男孩女孩生日礼物立体拼图,￥29.90
汪汪队立大功玩具盲盒扭蛋12款全套男孩女孩玩具狗狗救援队阿奇毛毛套装,￥147.00
乐爱祥（LEAIXIANG）儿童玩具小小泥瓦匠盖房子diy积木塑料砖块男孩女孩3-6岁生日礼物,￥99.00
"爱心东东	
赟娅可擦涂鸦涂色书儿童玩具游戏女孩子小孩礼物女童生日六一节礼物 斯基沃乐园",￥69.00
奥智嘉儿童发夹首饰盒玩具女孩生日礼物公主发箍过家家DIY手工收纳盒圣诞节礼物,￥259.00
迪漫奇儿童首饰礼盒玩具套装女孩生日礼物过家家DIY手工饰品发夹发圈戒指梳妆打扮收纳盒3-6-10岁豪华165件套,￥189.00
乐加酷儿童玩具女孩儿男孩铝盒礼物小学生六一节生日画画工具咕卡套装 【礼盒套装】粉+248件套+画架,￥53.53
梦多福儿童玩具8-12岁男孩生日礼物圣诞节男童7-13女孩小学生10-15男生 电子拼图【进阶闯关+教学+礼盒】 电子拼图逻辑思维机华容道,￥99.00
伊美娃娃陪睡毛绒玩具狗玩偶女孩长条抱枕睡觉公仔送女友圣诞节情人节礼物 1.6米【表白神器~领卷再享10】 你表达爱意超棒的选择,￥195.00
麦如幼儿童玩具木制数字拼图积木早教益智玩具男孩女孩1-2岁半3宝宝数字形状配对颜色认知生日礼物,￥59.00
迪士尼（Disney）草莓熊玩偶公仔娃娃毛绒玩具女孩子生日礼物女生送女朋友闺蜜儿童布娃娃女生陪睡觉抱枕小熊实用正版大号抱抱熊50cm,￥118.00
玩控 抖音同款儿童电动泡泡机全自动泡泡枪七彩蝴蝶仙女魔法棒泡泡棒夏季户外戏水玩具男孩女孩 粉色仙女棒,￥27.00
渥驰小颗粒不兼容乐高星黛露玲娜贝儿积木拼装拼插图女孩女生玩具礼物 Q版星黛露（190颗粒）,￥7.90
TOI环游世界探险家桌面游戏儿童玩具男孩玩具女孩生日礼物亲子互动5-6-8岁 环球探险家,￥186.80
雅斯妮公主屋换装娃娃diy女孩玩具屋仿真别墅城堡过家家儿童 生日礼物,￥419.00
巧巧兔奶油胶冰淇淋甜甜杯儿童玩具女孩手工diy制作工具套装礼物7-14岁,￥39.00
奥智嘉换装娃娃礼盒儿童玩具女孩迷你公主洋娃娃过家家生日圣诞节礼物 6只装,￥139.00
沃知儿童画板绘画套装小学生蜡笔水彩笔画画玩具女孩6-10岁生日礼物,￥58.00
,
TOI儿童串珠玩具手链珠子串珠diy手工项链首饰创意打扮礼盒女孩3-4-5岁生日礼物 梦幻城堡,￥99.80
,
缔羽 涂色本3-6岁幼儿园涂鸦画画套装简笔画儿童玩具男孩女孩绘画本,￥27.90
,
恋熊坊难哄棉花娃娃20cm可换装娃衣有骨架毛绒公仔人形玩偶女生礼物 难哄炸毛+小怪兽两件套 无骨20厘米,￥95.00
"爱心东东	
活石抓娃娃机儿童玩具女孩3-5-8-12岁夹娃娃机女孩生日礼物过新年礼物 经典粉【360°水晶摇杆+爽拍】 六一儿童节礼物61礼物",￥98.00
Hape儿童大颗粒穿绳积木玩具丛林火车串珠套男孩女孩生日礼物E8476,￥138.00
菲贝 仿真小医生玩具套装扮演过家家声光听诊器医疗箱打针医院护士牙医看病牙科宝宝医药箱儿童玩具女孩3-6岁,￥45.00
乐高（LEGO）积木拼装 10713 创意手提箱 4岁+男孩女孩儿童玩具生日礼物,￥159.00
赟娅咕卡全套材料包玩具套装贴纸礼品儿童女孩过家家手工DIY动手玩具 豪华305件套【主图款-三层盒】,￥99.00
欣格过家家仿真儿童玩具蔬菜水果切切乐厨房做饭果蔬男孩女孩玩具套装27件套手提菜篮礼盒3-6岁宝宝生日礼物,￥49.00
迪漫奇 儿童抛接球玩具 亲子互动球类弹射对接球 运动锻炼弹弹球 趣味双人对战弹射弹力球 男孩女孩生日礼物,￥19.90
萌璃 安静书免裁剪全套豪华立体安静书豆豆本捏捏乐女孩diy玩具 免剪-美容院,￥9.90
三丽鸥玉桂狗玩偶正版大耳狗公仔毛绒玩具女孩娃娃布娃娃儿童男孩女生陪睡觉抱枕生日礼物女送女朋友,￥68.00
欣格儿童玩具电话机1-2岁婴儿幼儿早教多功能仿真座机12个月男孩女孩宝宝音乐周岁生日礼物拉线电话汽车蓝色,￥45.00
古迪儿童生日礼物玩具女孩立体拼插玩具拼装城堡 梦幻糖果城堡30004,￥192.00
欣格不倒翁玩具婴幼儿玩具0-1岁宝宝早教启蒙玩具3-6-12个月男孩女孩安抚新生儿可啃咬眨眼小蜜蜂黄色,￥14.50
欣格奶油胶咕卡套装儿童玩具女孩生日礼物DIY礼盒手工创意挂件公主过家家幼儿园咕盘贴纸贴画皮箱收纳1138件,￥199.00
可爱布丁 玩具女孩串珠约650粒DIY儿童过家家玩具3-6-8岁创意生日礼物花仙,￥35.00
,
迪漫奇钓鱼儿童玩具2一3岁宝宝两周岁半早教电动磁性捞鱼捕鱼套装女孩动脑男孩生日礼物礼物 飞天海豚钓鱼台,￥79.00
梦多福八音盒音乐盒9儿童10圣诞节女童小女孩生日礼物玩具女孩7-14岁4-6 莎莎公主水晶球+旋转+音乐+礼袋 5岁八8-12小学生11小孩13女生十,￥128.00
,
缔羽【全套8册】公主换装贴纸书儿童古典百变换装手工书女孩早教玩具,￥14.80
活石（LIVING STONES）儿童早教手机玩具女孩益·智男孩小孩1-3-6岁婴儿宝宝仿真电话礼物 28键早教机【10000内容+充电版】,￥29.00
星涯优品 儿童玩具积木桌大颗粒多功能玩具男孩女孩可增高桌子生日礼物,￥179.00
Eve Stone SPECIAL GIRL LIKE YOU女孩玩具手工首饰盒手链项链套装DIY串珠女孩生日六一儿童节礼物 樱花粉DIY手链套装-含首饰盒,￥48.00
火火兔早教机音乐故事机婴幼儿童宝宝国学机学习机男孩女孩玩具生日礼物,￥218.00
贝比童话 咕卡奶油胶全套工具套装玩具女孩生日礼物DIY礼盒手工创意儿童咕盘贴纸贴画大号346件套 +收纳盒,￥68.90
"爱心东东	
活石玩具小女孩生日礼物儿童首饰盒女童发饰礼盒4-7岁六一儿童节礼物 双层升级【卡通发饰+礼袋+手表】",￥76.28
班迪萌（BANDIMENG）儿童玩具小兔子爬楼梯电动音乐轨道玩具男孩女孩3-6岁益智玩具 萌兔趣味爬楼梯【灯光+音乐】3兔,￥12.50
巧乐熊女孩安静书diy材料免裁剪版库洛米成品做手工礼盒儿童玩具 免裁剪礼盒装【1盒装】库洛米,￥3.80
万火音乐盒八音盒生日礼物女生实用走心高级摆件送女朋友女孩老婆闺蜜,￥63.00
安娜公主80厘米超大号洋娃娃wifi联网女孩爱莎公主套装玩具儿童生日礼物,￥318.00
JOYSTONEAR地球仪3d立体小学生用儿童8-12岁男10生日圣诞节礼物女孩7-14岁 王子蓝充电款【20cm+AR+礼盒】,￥108.00
多加（duga）小麻薯手帐胶带奶茶嘉年华pet加贴纸玩具女孩生日六一儿童节礼物,￥24.90
