﻿Column1,Column2
Column1,Column2
Name,Price
英雄（HERO）钢笔 359B 明尖铱金男女学生初学练字三年级正姿签字钢笔（附加6支墨囊） EF尖 渐变粉,￥25.00
提拉多多多酱浪漫下午茶手帐胶带兔兔梦想家特油手账贴纸贴画平价整卷分装可爱人物少女心和纸胶带胶卷 【特油3m】七彩精灵,￥6.80
晨光(M&G)文具透明网纱笔袋 考试专用袋 文具袋文具盒 灰色 开学文具APB95494,￥5.50
金值 生日贺卡立体卡片 生日礼物3D立体留言卡带灯光音乐蛋糕纸雕 信封信纸套装男女生手写感恩信创意明信片,￥19.80
晨光(M&G)文具150m耐摔修正带 不断带双重外壳改正带 航天博物馆联名 你好火星限定开学涂改带 5只装开学文具,￥18.80
天高（TWINGO）可爱猫爪推拉橡皮擦 创意果冻色伸缩橡皮学生用干净少屑少女心高颜值文儿童幼儿园礼物 TG1033 梦幻果冻橡皮-4支,￥17.80
晨光(M&G)文具大容量学生笔袋 三层多功能便携可手提铅笔文具盒 耐磨耐脏 开学文具APB932CHB,￥18.80
得力(deli)21g高粘度PVA固体胶水/胶棒 快干耐用便携 学习生活手工DIY  12支/盒 办公用品 P07102,￥11.90
得力(deli)12色超轻粘土 儿童橡皮泥粘土 手工DIY礼物玩具男孩女孩 质地温和不易粘手粘土彩泥 粉色7022,￥5.50
文具套装手账本文具大礼包开学小学生学习用品女童一年级文具礼盒十岁小女孩生日礼物六一儿童节礼物笔袋 粉色系【送礼袋+手表+手账】1-6年级适用,￥98.00
金值 大容量笔袋文具盒 女孩款帆布铅笔盒小学生儿童铅笔袋女生文具袋一年级初中高颜值收纳袋网红流行少女心,￥32.80
新款点点胶高粘度点点胶笔不留痕修正带双面胶学生儿童手工胶笔贴纸手账胶带便携少女心点状胶手帐用品 点点胶-葡萄果汁,￥5.72
得力(deli)24色超轻粘土 儿童宝宝彩泥橡皮泥黏土陶泥盒装易收纳 DIY玩具男孩女孩生日礼物 YC150-24A,￥38.00
六品堂行书字帖成年行楷手写体心灵美文男生女生成人速成高中生大学生字体漂亮钢笔硬笔书法临摹练字帖,￥15.80
"京品文具	
晨光(M&G)文具30色双头酒精性速干马克笔 袋装油性学生款水彩笔 绘画手绘涂鸦 礼物送男孩女孩APMV1413",￥19.00
得力(deli)连中三元考试套装 绘图套尺+中性笔+涂卡2B自动铅笔+笔芯+橡皮  中考文具套装 中高考专用6696,￥13.50
得力(deli)36色超轻粘土 儿童彩泥橡皮泥 DIY玩具男孩女孩礼物 质地温和柔软粘土套装 盒装易收纳 YC150-36A,￥50.50
得力(deli)12色超轻粘土 儿童彩泥橡皮泥陶泥 DIY玩具黏土 男孩女孩生日礼物 抑菌安心盒装易收纳  YC150-12A,￥22.00
日本KOKUYO国誉笔袋透明新款流行中学生一米新纯文具袋女孩小学生大容量文具盒女 【经典款大容量】黑色,￥24.60
得力(deli)橡皮擦4B 适用活动铅笔 12块大号装 中考高考学生学习用品 黄色 考试美术绘图橡皮7535A开学文具,￥10.10
极度空间 贺卡【5个装】信封信纸感恩节礼物生日贺卡高级感商务祝福贺卡心愿卡明信片卡片送老师同学男女朋友,￥12.90
ins女生笔袋文具盒女孩款男初中高中生帆布笔袋简约创意双层拉链 【单个装】深灰色,￥5.79
舒星手帐咕卡套装礼盒手账本女孩生日礼物女生开学礼物大礼包全套笔记本子儿童文具小学生手杖素材工具材料,￥89.20
得力纽赛(NUSIGN)5g高粘笔形固体胶 环保PVP环保胶棒边角涂抹学生手账DIY办公财务用品 便携单支装NS138,￥3.20
得力(deli)36色超轻粘土 彩泥粘土橡皮泥 儿童宝宝手工DIY玩具质地温和柔软黏土男孩女孩礼物 袋装YC143-36A,￥19.50
得力哈利·波特 15cm高考中考考试直尺 波浪边 刻度清晰 OPP袋包装 79755,￥2.50
得力(deli)24色彩泥 学生橡皮泥超轻粘土 儿童礼物女孩玩具手工DIY盒装黏土工具套装玩具粉色67825,￥12.90
得力10色30张彩色手工卡纸剪纸折纸 创意手工DIY手工纸 儿童学生礼物男孩女孩A4手工礼物83640,￥7.20
得力(deli)大包装超轻粘土 儿童玩具婴幼儿沙滩彩泥橡皮泥柔软黏土礼物男孩女孩DIY手工制作 100g装黄 67841,￥7.90
得力(deli)大包装超轻粘土 儿童玩具婴幼儿沙滩彩泥橡皮泥柔软黏土礼物男孩女孩DIY手工制作 100g装蓝 67841,￥7.90
得力(deli)【抗摔小金刚】连中三元0.5mm考试按动中性笔ST头加强型针管速干黑色3支笔+10支芯/盒V1,￥13.70
晨光(M&G)文具小学生笔袋 EVA大容量3D文具盒 星球之梦抗压耐摔铅笔盒 开学文具APB932Z5A独角兽,￥16.80
猫太子旋转创意笔筒儿童女孩多功能可爱简约笔筒小学生斜插式文具收纳盒办公室桌面大容量笔架,￥15.90
金值 火漆印章套装 六一儿童节礼物火星印章咕卡玩具女孩火气火漆蜡蜡粒章头全部收纳盒工具儿童蜡烛火机女生,￥42.80
三年二班多功能电子闹钟学生专用起床神器强力叫醒儿童男孩女孩桌面时钟摆件七夕礼物 白色（充电款）,￥39.80
得力(deli)Ф20cm学生自用办公地球仪 教学研究摆件 教学用品开学升学季男孩女孩儿童教师节礼物 3033,￥39.90
得力(deli)电子闹钟学生专用起床神器计时器儿童智能闹钟超大声男孩女生桌面时钟LE104黄色,￥29.90
得力(deli)电子闹钟学生专用起床神器计时器儿童智能闹钟超大声男孩女生桌面时钟LE104白色,￥26.90
得力(deli)电子闹钟学生专用起床神器计时器儿童智能闹钟超大声男孩女生桌面时钟LE104蓝色,￥29.90
晨光(M&G)文具8g果冻PVP固体胶  学生手工固体黏胶 学习生活手工DIY胶棒 单个装颜色随机ASG97166,￥2.00
"京品文具	
英雄（HERO）钢笔1520绒砂多彩细尖铱金钢笔/特细钢笔/美工笔三合一 男女款办公节日礼物墨水礼盒套装 黑色",￥159.00
,
"京品文具	
晨光(M&G)文具60色双头酒精性速干马克笔 袋装油性学生款水彩笔 绘画手绘涂鸦 礼物送男孩女孩APMV1415",￥39.00
三年二班透明网纱笔袋大容量男孩女孩学生文具考试专用铅笔盒简约风文具袋铅笔袋 灰色,￥9.90
晨光(M&G)文具24色食品级马克笔 儿童三角杆双头水性彩笔 学生美术专用绘画画笔套装 礼物送男孩女孩APMV0976,￥23.22
晨光(M&G)文具48色双头丙烯马克笔 一笔双色 美术学生儿童手绘咕卡画笔涂鸦DIY 礼物送男孩女孩APMT8021,￥40.68
极度空间 纸质书签30张感恩节礼物书签中国风生日礼物考试励志礼物古风书签古诗词便签书夹卡片送男女友同学,￥6.80
得力(deli)3D打印笔语音款 无线3D绘画笔智能打印笔 创意玩具女孩男孩生日礼物礼盒套装白(附3色耗材) 74868,￥129.00
凯伦猫 免裁剪安静书捏捏乐全套豪华儿童女孩手工制作diy女生玩具生日礼物 【一套】,￥9.30
英雄（HERO）钢笔 359B 明尖铱金男女学生初学练字三年级正姿签字钢笔（附加6支墨囊） EF尖 渐变深蓝,￥25.00
金值云朵解压笔袋 网红手提大容量文具盒小学生儿童女孩简约减压铅笔盒 可爱少女心文具袋 毕业生日礼物,￥28.90
金值 笔袋大容量透明ins高颜值女孩款网红文具盒学生中学生初中生女生版男孩男生男童文具用品袋小学生铅笔盒,￥20.80
TaTanice 金属书签 情侣送礼生日礼物中秋节礼物送老师送女朋友创意礼物 荷花礼盒装,￥6.80
凯伦猫 奶油胶咕卡套装贴纸公主过家家伴手礼DIY手工创意收纳礼盒女孩玩具生日礼物,￥35.00
得力(deli)12色超轻粘土 彩泥橡皮泥儿童手工DIY玩具  宝宝黏土益智玩具生日礼物男孩女孩 袋装YC143-12A,￥9.30
晨光(M&G)文具学生笔袋 大容量简约小方包 学生考试铅笔盒 文具收纳袋 黑色 开学文具APB932H8,￥9.90
得力小学生电动文具套装/儿童节日开学礼物/开学礼包(桌面吸尘器+电动卷笔刀+洞洞铅笔+电动橡皮擦) 粉33303A,￥70.90
得力(deli)小学生笔袋 EVA大容量笔袋 儿童立体潮酷风文具盒 防水抗压铅笔盒 蓝色 BC133-01,￥19.90
得力(deli)臻顺滑按动学生中性笔0.5mm混色4黑1红签字笔办公用品学生家用学校走珠笔5支/盒A575-5,￥10.70
得力(deli)软胶护套按动中性笔书写签字笔 办公学生家用学校走珠笔 0.5mm子弹头 黑色12支/盒 SA179,￥10.50
文具套装手账本文具大礼包开学小学生学习用品女童一年级文具礼盒十岁小女孩生日礼物六一儿童节礼物笔袋 豪华版3D手提箱【文具+手账+水晶球】,￥139.90
凯伦猫 火漆印章 火星印章蜡粒勺子工具男孩女孩创意DIY手工生日礼物 尊享套装,￥56.00
舒星5层超大容量透明笔袋初中专用女孩子ins风日系高颜值女生小学生简约高中生中学生文具盒铅笔盒多层文具袋,￥25.60
舒星超大容量笔袋2023年高颜值文具盒女孩版初中生ins简约铅笔盒女生多功能收纳包儿童小学生六年级网红,￥24.90
离草 咕卡套装流沙咕卡砖套装 儿童中秋生日礼物大礼包奶油胶磁吸透明冰块亚克力diy砖块相框女孩流沙砖套装,￥56.05
递乐  手工折纸星空彩色折纸千纸鹤折纸材料学生益智趣味彩色剪纸彩纸儿童手工纸100张 4388繁星女孩款,￥12.80
晨光(M&G)文具学生笔袋 大容量简约小方包 学生铅笔盒 文具收纳盒 灰色 开学文具APB932U6K,￥10.50
晨光(M&G)文具学生笔袋 大容量简约小方包 学生铅笔盒 文具收纳盒 蓝色 开学文具APB932U6B,￥10.50
晨光(M&G)文具80色水性马克笔 双头无异味方杆盒装水彩笔 学生美术专用儿童绘画画笔 礼物送男孩女孩APMV1434,￥74.80
晨光(M&G)文具锦鲤学生礼盒 中性笔/本子/书签/水笔/墨囊/涂卡笔/铅芯/橡皮 11件套HAGP1958,￥69.00
晨光(M&G)文具故宫文化联名初高中学生考试套装 中性笔/涂卡铅笔/替芯/橡皮齐备 金榜题名8件套HAGP1457考研,￥15.30
真彩（TRUECOLOR）直液式中性笔黑色0.5mm全针管大容量巨能写商务办公走珠签字笔学生文具刷题笔水笔GP118,￥8.00
三年二班 st笔尖速干按动中性笔 学生用白色笔杆刷题笔高颜值水笔考试专用办公签字笔文具 黑色5支装,￥9.80
得力(deli)时尚可擦按动中性笔0.5mm子弹头晶蓝 热可擦魔力学生水笔 6支/盒SA165-6,￥18.60
点石巨好写双珠全针管按动中性笔0.5mm黑学生刷题笔办公商务签字笔DS-3164E  礼盒装（4支笔+4支黑替芯）,￥21.90
晨光（M&G） 修正带实惠装简约大容量透明膜涂改休正改正小学生用初中生文具可爱少女小清新改字图修改字 6个装/共72米【经典款】,￥9.23
三年二班 多功能大容量透明笔袋中学生高颜值ins日系多隔层笔盒男孩女孩铅笔盒文具盒文具袋 米白,￥19.80
六品堂道德经字帖成人练习上林赋抄写本楷书临摹书法初学者手抄套装女生男生兰亭序簪花小楷硬笔钢笔练字,￥21.90
毕加索（pimio）签字笔 商务办公礼品宝珠笔 成人签名笔 学生练字 男女生日礼物0.5mm马拉加系列916纯黑色,￥58.00
,
英雄（HERO）钢笔1520 黑色绒砂多彩细尖铱金钢笔 签字笔 男女款办公礼品墨水礼盒套装,￥119.00
誉禾100张不重复手账贴纸套装礼盒可爱卡通少女心PET装饰贴纸手账本素材防水贴画 4263粉色,￥9.90
得力(deli)24色橡皮泥 儿童玩具DIY手工彩泥材料超轻粘土 黏土生日礼物男孩女孩 学生手工好物 蓝色7021,￥25.00
猫太子一日之用文具盒小学生多功能高颜值铅笔盒一二年级儿童高级笔盒幼儿园简约男孩铅笔袋女生日礼物 蓝,￥29.90
三年二班渐变色修正带套装学生用涂改带高颜值女生ins日系改正带初中生学习用品大容量修改带 渐变紫六个装,￥12.80
百乐（PILOT）卡利贵妃奶茶钢笔 学生入门练字笔（含墨囊6支）男女成人速写钢笔生日礼物 FP-60R F尖 透明杆,￥49.68
毕加索（pimio）机长系列钢笔礼盒签字笔套装 生日礼物成人学生练字笔高端商务办公送礼 机长蓝套装,￥208.00
,
派克（PARKER）钢笔 签字笔 商务送礼男女生日学生练字书法礼品文具套装礼物 IM黑金时代墨水笔+黑墙礼盒,￥608.00
TaTanice 文创书签礼盒装1个装 节日礼物开学季中国风书签商务文创生日礼物送老师老外女友同学,￥14.80
,
派克（PARKER）圆珠笔 签字笔 商务送礼男女生日学生练字书法文具礼物 威雅XL幻影黑金夹宝珠笔+虎嗅蔷薇礼盒,￥430.00
派克（PARKER）钢笔 签字笔 商务送礼 男女生日礼物 学生练字文具 威雅XL经典黑白夹墨水笔+深灰迷你墨水礼盒,￥321.00
南国书香成人行书行楷书凹槽字帖初中大学生速成反复使用练字帖神器临摹初学者男女生漂亮字体练字,￥39.00
三年二班 透明笔袋小学生用文具盒多层大容量初中女孩男孩简约日系文具袋铅笔盒 米白色（六层）,￥16.80
迪士尼(Disney)小学生笔盒 3层大容量文具盒 甜美多功能铅笔盒女孩 冰雪奇缘P88103,￥19.80
晨光(M&G)文具可调折叠午睡枕 小学生护脊护眼午休枕头 儿童不压手趴睡枕 开学文具AHAN4735粉,￥69.00
得力哈利·波特 小学生电动文具套装儿童节日学习礼包开学礼物防尘塞（电动削笔机+电动橡皮擦+螺旋本）68918,￥99.00
KACO文采0.5黑色中性笔高颜值按动笔签字笔水笔 与海为邻 3支装,￥19.90
离草 活页错题本替芯活页纸 初中高中考研学生专用活页可拆卸笔记英语数学错题本改错纠错本加厚作业本,￥9.90
晨光(M&G)文具48色双头水性马克笔 细杆盒装无异味水彩笔 绘画手绘涂鸦 礼物送男孩女孩APMT4214,￥40.80
晨光(M&G)文具36色食品级马克笔 儿童三角杆双头水性彩笔 学生美术专用绘画画笔套装 礼物送男孩女孩APMV0977,￥46.80
晨光(M&G)文具60色水性马克笔 双头无异味方杆盒装水彩笔 学生美术专用儿童绘画画笔 礼物送男孩女孩APMV1433,￥56.80
英雄（HERO）钢笔850 黑色 男女商务个性办公签字笔钢笔礼盒墨水套装,￥79.00
派克（PARKER）钢笔礼盒 签字笔 商务办公男女生日学生练字书法文具套装礼品礼物 IM理性之黑墨水笔+麒麟礼盒,￥687.00
英雄（HERO）钢笔 359B 明尖铱金男女学生初学练字三年级正姿签字钢笔（附加6支墨囊） EF尖 渐变浅蓝,￥27.50
,
毕加索（pimio）美工笔弯头弯尖硬笔书法钢笔男女士练字成人学生用笔暗尖0.7mm马拉加系列916纯黑色,￥58.00
,
英雄（HERO） 热可擦钢笔 369正姿小学生三年级练字热敏可擦摩易擦男女初学者墨水笔 F尖  炫彩变色绿,￥30.00
派克（PARKER）钢笔 签字笔 商务办公送礼 男女生日礼物 学生练字 威雅系列XL经典黑金夹墨水笔,￥188.00
派克（PARKER）宝珠笔 圆珠笔 签字笔 商务送礼 男女生日礼物 学生练字书法文具套装 IM丽雅黑金夹宝珠笔,￥378.00
弘典钢笔礼盒1850黑森林F尖+18ml墨水钢笔高端墨水签字笔礼盒毕业男女学生老师钢笔礼物,￥53.00
施耐德（Schneider）钢笔学生成人练字笔男女三四年级办公书写专用签字笔德国进口墨水笔F尖 蝙蝠侠,￥54.00
施耐德（Schneider）钢笔 学生成人练字笔 男女三四年级办公专用签字笔进口墨水笔EF尖BK406黑色,￥41.00
派克（PARKER）钢笔 签字笔 商务送礼 学生男女生日练字书法文具套装礼物 IM复古绿流金墨水笔+大唐盛世礼盒,￥687.00
派克（PARKER）签字笔 商务办公送礼 男女生日礼物 学生练字 威雅XL入门级黑色金夹宝珠笔,￥158.00
得力(deli)文具0.5mm毛衣熊系列魔力热可擦笔 学生全针管中性笔水笔签字笔 黑色 12支/盒A651,￥26.40
晨光(M&G)文具故宫文化联名学生考试套装中性笔/涂卡铅笔/替芯/橡皮/尺规 金榜题名15件套HAGP1456考公考研,￥29.90
真彩（TRUECOLOR）直液式中性笔黑色0.38mm全针管大容量巨能写商务办公走珠签字笔水笔学生文具刷题笔GP118A,￥8.00
KACO菁点与海为邻中性笔按动笔高颜值0.5mm黑色签字笔学生用考试刷题水性笔3支/盒 K1028,￥19.90
晨光(M&G)文具 热可擦金属钢笔2.6mm口径 书写练字钢笔 小学生正姿专用 6支装男生款(不含墨囊)开学文具,￥35.50
晨光(M&G)文具优握正姿可擦纯蓝钢笔套装（洞洞钢笔*1+3.4mm口径墨囊*2）学生儿童墨囊矫姿练字笔-外观蓝开学文具,￥19.90
广博(GuangBo)按动中性笔唇釉系列 0.5mmST笔头签字笔水笔高颜值书写顺滑 黑色5支装 （款式随机）B72113D,￥16.90
得力(deli))全新按动直液笔0.5mm子弹头中性笔 可换芯直液笔 商务办公学生水笔走珠笔 黑色3支/盒SF666-B,￥18.49
"京品文具	
北斗30cm万向浮雕3D立体AR地球仪卫星智能男孩女孩儿童教师节生日早教礼物特大号文具升级版",￥329.00
国誉（KOKUYO） 日本KOKUYO国誉展一米新纯笔袋简约大容量文具盒男女儿童中学生笔盒文具猫 黑色（经典款）,￥24.60
文具套装手账本文具大礼包开学小学生学习用品女童一年级文具礼盒十岁小女孩生日礼物六一儿童节礼物笔袋 豪华电动款【电动文具+礼袋+手表+手账】,￥108.99
三年二班透明笔袋ins日系大容量初中男孩女孩用简约高颜值铅笔盒开学必备学生文具考试笔袋 少女粉+5支刷题笔+便签贴纸包35件+手账夹赠提手,￥28.80
舒星手帐咕卡套装火漆印章奶油胶礼盒少女女孩女生生日礼物儿童玩具手账本贴纸可爱女孩手帐工具材料大礼包,￥199.00
深柏利 卡通按动中性笔ins风高颜值学生按压水笔创意文具签字笔 随机3支 0.5mm,￥10.00
三年二班 透明网纱考试笔袋ins日系学生男女孩用考试用品大容量文具铅笔盒 灰色笔袋*1个,￥8.90
三年二班 透明网纱考试笔袋ins日系学生男女孩用考试用品大容量文具铅笔盒 白色笔袋*1个,￥8.90
4层日系笔袋超大容量铅笔盒文具盒小学生专用多层女孩子初中ins风简约高颜值女生男生高中生中学生文具袋 奶白色|4层大容量 无规格,￥13.80
多加(duga)小麻薯weeks手帐本方格内页方方本子可爱简约学生少女笔记本ins迷你手账记事本册 小麻薯Y2K甜妹week本粉色,￥14.80
咔巴熊帆布笔袋大容量高中生简约文具盒铅笔盒男孩小学生可爱笔盒女ins日系初中生文艺复古风创意个性文具 [三角款]浅灰色/1个,￥9.90
咕卡套装奶油胶咕卡豪华古卡全套姑卡流沙酷卡估卡孤卡咕卡砖儿童手账本贴纸套装玩具女孩生日礼物 226件咕卡+奶油胶套装+双层箱,￥23.80
纸欧莉 千里江山笔记本本子礼盒套装中国风商务企业伴手礼男女学生a5记事本国潮文创金属手账书签礼物定制 【礼盒款】海屋朝鹤图A,￥20.80
超大容量透明可视笔袋学生文具盒初中高中笔盒高颜值铅笔袋2023女生简约风六一儿童节礼物 【米白色】+5支刷题笔+口袋本+手帐夹,￥22.80
猫太子 学生时间管理计时器礼盒套装定时电子闹钟倒计时儿童自律学习打卡计划表习惯养成文具女孩生日礼物,￥199.00
大容量补习袋手提袋拎书袋小学生用男孩书包文件袋帆布女生美术袋补习作业袋试卷收纳袋儿童学习补课包拉链式 【酷酷狗】黑色1个,￥22.80
得力(deli)36色大克重单罐50g超轻粘土 柔软彩泥橡皮泥安心黏土男孩女孩太空泥儿童手工DIY玩具礼物YC171-36,￥86.30
duga多加新品小麻薯手帐全套礼盒套装大礼包文具套装手账笔记本女生生日礼物豆豆本便携随身高颜值本子 恋恋之音（粉色)套装礼盒,￥49.90
舒星手账咕卡套装礼盒手账本少女女孩女生开学生日礼物全套笔记本子儿童文具小学生做手杖素材工具材料大礼包,￥109.80
英雄牌钢笔7006男士高档书签送礼礼物礼盒装美工弯头书法男孩女孩学生练字专用定制logo免费刻字 亮黑金夹书签礼盒装+墨水一瓶 0.5mm明尖直尖,￥49.00
舒星100张防水手账贴纸套装贴画手帐本儿童女孩少女ins风手杖套装装饰粘贴小图案透明水杯咕卡卡通贴贴纸,￥17.80
派克（PARKER）高端签字笔  商务办公送礼 男女学生练字 文具 书法 生日礼物 IM系列黑森林宝珠笔,￥680.00
得力×颐和园联名 春风正得颐手账本礼盒套装(皮面记事本/中性笔/和纸胶带)笔记本本子套装生日礼物送礼 SZ627,￥102.00
天色 黄铜书签古典中国风直尺书签 年会礼品文创教师节礼物男女老师新年礼物生日礼物 TS-5890 西湖,￥19.80
TaTanice 金属书签 情侣送礼生日礼物中秋礼物送老师送女朋友创意礼物 荷叶礼盒装,￥6.80
派克（PARKER）钢笔 签字笔 商务办公送礼 男女生日礼物 学生练字 威雅XL钢杆金夹墨水笔+浅灰迷你墨水礼盒,￥348.00
南国书香行书行楷书凹槽字帖初中大学生硬钢笔速成反复使用练字帖神器临摹初学者男女生字体书法练字本22件套,￥25.90
乐卡利 欧式复古羽毛笔礼盒套装欧伦哈利波特周边鹅毛蘸水笔火漆印章机械蒸汽朋克鲁苏男女学生创意生日礼物 中号藏青,￥39.90
三年二班 按动软欧包中性笔刷题笔高颜值日系ins速干ST笔尖黑笔顺滑学生开学必备0.5黑色简约签字笔 抹茶绿（4支装）,￥9.20
派克（PARKER）钢笔 签字笔 商务送礼 男女生日礼物学生练字书法文具套装 威雅XL系列樱花粉特别款礼盒,￥398.00
kinbor A6手账本三丽鸥联名款少女心笔记本日记本子生日礼盒女生中秋礼物文具套装钢笔-玉桂狗套装DT56071,￥169.00
毕加索（pimio）美工笔弯头弯尖硬笔书法钢笔男女士练字成人学生用笔明尖1.0mm马拉加系列916纯黑色,￥58.00
,
羚小鹿 学生文具套装手工DIY制作大礼包 安静书 钻石画 折纸 咕卡套装儿童生日礼物 送礼礼盒 采销推荐女生款,￥119.00
离草透明笔袋女孩大容量ins日系初中小学生女孩高颜值铅笔文具盒男孩款多功能2024流行中学生男生奶油白,￥18.80
猫太子360度旋转笔筒收纳盒学生可爱创意时尚桌面办公室个性简约儿童女上班族多功能摆件 静谧蓝,￥26.90
舒星小麻薯大容量笔袋2023年文具盒笔盒多功能铅笔袋女生铅笔盒女孩小学生新一年级创意儿童帆布高颜值文具袋,￥36.80
得力（deli） 3d打印笔低温充电立体绘画笔男女孩学校小学生创意智能玩具涂鸦画笔生日新年儿童节礼物 低温充电款/附耗材60米+礼盒+19件礼【公主粉】,￥159.00
派克（PARKER）圆珠笔 签字笔 男女生日学生练字书法文具套装礼物 威雅XL月光白玫瑰金夹宝珠笔+虎嗅蔷薇礼盒,￥430.00
咔巴熊 妮妮换装贴纸儿童女孩玩具美丽公主换妆贴卡通人物化妆diy表情包贴纸书贴画换装派对 全套4盒/200张,￥33.50
纸欧莉 复古油画手账本礼盒套装日记记事笔记本子文创手帐胶带贴纸素材大礼包送朋友男女学生生日礼物 【礼盒+礼袋】莫奈后花园（128件套）,￥31.80
米詅 男女通用防水绒防寒办公生活防滑可触屏 1双【颜色随机】,￥29.90
感恩节礼物风琴本情侣相册diy手工纪念册立体书生日礼物女照片纪念册复古风琴折叠相册风琴折页本照片书 复古风琴折叠相册【黑卡纸内页15*21cm34页】,￥13.80
咕卡套装古卡全套贴纸奶油胶咕卡姑卡手账本套装贴纸孤卡估卡酷卡女孩diy玩具生日礼物 243件套(含40咕盘+2层收纳盒),￥22.80
细雨 卡通多色圆珠笔少女心可爱的网红彩色儿童用创意好看的文具学习用小学生小奖品 10支套装,￥35.00
kinbor 手账本A6樱花日系记事本少女心文具笔记本子可替换内芯刺绣款手帐本 朝花早樱DTB61130,￥89.00
三年二班 Basic系列按动修正带文具 学生可换替芯涂改带高颜值日系女生初中生高科技按压改正液  雪青灰,￥6.80
得力(deli)彩泥面条机 彩泥橡皮泥超轻粘土创意儿童玩具男孩女孩 温和柔软无味手工DIY黏土 含工具YC138,￥39.50
三年二班 格子大容量笔袋学生可爱文具盒初中男生女生笔盒高颜值文具袋 提手可立大容量款,￥19.80
剑桥树坐姿矫正器小学生儿童写字姿势纠正器坐姿支架防低头 少女粉,￥69.00
六品堂 簪花小楷字帖女生字体漂亮诗经练字帖本大学生成人楷书钢笔硬笔书法行楷速成21天初学者临摹描红,￥17.20
kinbor 双层手账本钢笔套装笔记本子A6记事效率手帐本创意文具女孩生日礼盒-Honey2.0 DT56055,￥149.00
剑桥树立式儿童笔袋小学生文具盒儿童铅笔盒男生女孩大容量简约笔袋 洛可可粉,￥49.90
剑桥树立式儿童笔袋小学生文具盒儿童铅笔盒男生女孩大容量简约笔袋 静谧蔚蓝,￥49.90
舒星咕卡套装全套咕卡毕业礼物女孩生日礼物贴纸咕盘卡全套材料包古卡估卡diy做手账的素材工具儿童女孩玩具,￥65.60
天色 黄铜金属书签祥云故宫文创书签创意礼品古典 教师节礼物男女老师年会礼品新年礼物 TS-5891,￥13.80
羽毛笔钢笔文具礼盒火漆印章套装鹅毛蘸水初中生生日礼物送男生高中男女朋友 哈利波特周边圣诞礼物 洒金宝蓝【英伦35件套】 男生生日礼物送男孩...,￥128.00
凌美（LAMY）钢笔礼盒 宝可梦IP联名款墨水笔签字笔 节日礼物大学生文具情侣送礼 小火龙VT3602-MA-0.5mm,￥498.00
天色 黄铜书签礼盒 伴手礼创意金属古风书签书夹 教师节礼物男女老师生日礼物新年礼物 TS-5876 玫瑰,￥15.00
誉禾手账边框贴纸创意少女心和纸手帐贴画 2包装 4237,￥16.00
舒星电动文具套装礼盒开学文具大礼包小学生学习用品男孩一二年级礼盒幼儿园毕业女孩生日礼物儿童礼品盲盒,￥68.00
离草 敦煌书签黄铜金属书签 创意古风博物馆生日礼物文创新年贺礼礼物伴手礼教师节礼物女 礼盒装,￥59.90
嘉然恒 金榜题名礼盒套装伴手礼礼品手账本成人礼物十八岁男女生生日礼物初中高中生升学礼物送同学送朋友,￥48.80
迪士尼(Disney)文具套装 艾莎公主绘画文具礼盒 小学生女开学大礼包学习套装儿童生日礼物E0317F,￥99.00
ins日系高颜值按动中性水笔黑白速干文具简约签字学生签字笔 混色1盒5只装 0.5mm,￥3.80
三年二班 按动中性笔学生考试开学必备刷题笔小白笔高颜值速干黑色签字笔 【买一桶送一桶】白色+透明+粉色+紫色共20支,￥24.80
得力(deli)小学生笔袋 EVA大容量文具盒 帕帕乐园抗压耐摔铅笔盒 轻盈防水笔袋 粉色 BC213,￥20.10
斑马牌（ZEBRA）JJ15-WI魔女限定中性笔 0.5mm子弹头按压签字笔 彩色考试学生手账标记笔 白杆红芯 单支装,￥12.00
毕加索（pimio）钢笔 签字笔财务特细0.38mm商务办公礼品成人学生练字男女生日礼物铭志系列606亮黑色,￥42.00
英雄（HERO）钢笔礼盒 10K金笔【韶华系列】商务办公个性送礼钢笔高端男女礼物墨水套装 黑丽雅,￥319.00
派克（PARKER）钢笔 签字笔 商务办公送礼 礼品 男女生日礼物 学生练字 威雅系列XL经典黑白夹墨水笔,￥177.00
金值5支礼盒装热可擦钢笔 小学生三年级练字热敏可擦正姿钢笔男女初学者可替换墨囊 初学者练字专用,￥38.00
施耐德（Schneider）钢笔学生成人练字笔男女三四年级办公书写专用签字笔德国进口墨水笔F尖 蜘蛛侠,￥59.00
英雄（HERO） 热可擦钢笔 3209正姿小学生三年级练字热敏可擦摩易擦男女初学者墨水笔 EF暗尖 橘色,￥21.00
,
英雄（HERO） 热可擦钢笔 3209正姿小学生三年级练字热敏可擦摩易擦男女初学者墨水笔 EF暗尖 灰色,￥21.00
,
晨光(M&G)文具故宫文化联名学生考试套装 中性笔/涂卡铅笔/替芯/橡皮齐备 金榜题名10件套HAGP1454考研文具,￥19.90
晨光(M&G)文具小学生正姿钢笔3.4mm口径 EF尖初学者练字笔 墨水笔 简约清爽蓝色款 3支装HAFP1892B3-B开学文具,￥21.50
得力（deli）咕卡贴纸豪华大满贯套装【3层工具箱】手账套装diy手工笔记本本子722件生日礼物玩具女孩BT138,￥123.00
PLUS普乐士修正带 涂改带WH-635少女心高颜值网红款智能滚轮改错修改带替芯 大容量替换芯 黑色替芯 10个整盒,￥46.64
男孩透明笔袋大容量男童铅笔盒黑科技网红初中女孩文具盒高颜值包 六层绅士黑+5支刷题笔,￥17.80
迪士尼(Disney)文具套装 开学大礼包儿童小学生书包文具礼盒 学习送礼儿童生日礼物女 冰雪奇缘系列,￥189.00
派克（PARKER）钢笔礼盒 签字笔 商务送礼  男女生日礼物学生练字文具礼品套装 IM黑森林墨水笔+墨水礼盒,￥976.00
kinbor少女心ins手帐本生日礼物教师节套装创意记事本礼盒笔记本子手账计划本日程自填本DT56050早安,￥199.00
四季年华透明笔袋ins日系风大容量初中女孩版高颜值女生创意小学生铅笔文具盒软简约 【5层大容量】可可淡奶-可装约100支笔 无规格,￥12.00
毕加索（pimio）美工笔弯头弯尖硬笔书法钢笔男女士练字成人学生用笔暗尖0.7mm马拉加系列916慕白色,￥58.00
,
金值5支礼盒装热可擦钢笔 小学生三年级练字热敏可擦正姿钢笔男女初学者可替换墨囊 开学礼物 漫步宇宙,￥38.00
递乐 按动热可擦中性笔男女水笔晶蓝色热敏易消擦涂改中小学生带橡皮擦0.5mm6支晶蓝刷题/笔记 4253打工熊,￥9.90
得力(deli)文具学生钢笔中国航天EF尖可换墨囊 正姿练字钢笔签字笔 单支笔附6支墨囊黑色 生日礼物A933,￥9.90
得力(deli)刷题中性笔0.5mm子弹头红笔 软胶护套书写不累手抗摔小金刚 红色12支/盒SA188,￥40.90
小麻薯手帐套装礼盒儿童玩具圣诞礼物女孩生日礼物7-14岁胶带整卷手杖贴纸分装全套手账本本子豪华大礼包 【158件套】小麻署整卷胶带+贴纸包+手账...,￥59.90
海洋之心 ins风渐变修正带学生用女生高颜值涂改带大容量学生专用静音改正带可爱少女心便携初中生用 【随机5支装/30米】渐变粉,￥9.72
英雄（HERO）钢笔 1359芝士奶盖系列 明尖铱金男女学生初学练字三年级正姿签字钢笔(附加6支墨囊) EF尖 粉色,￥25.00
,
英雄（HERO）钢笔 1359芝士奶盖系列 明尖铱金男女学生初学练字三年级正姿签字钢笔(附加6支墨囊) EF尖 绿色,￥25.00
,
毕加索（pimio）钢笔 签字笔财务特细0.38mm商务办公礼品成人学生练字男女生日礼物铭志系列606珍珠红,￥42.00
英雄（HERO） 热可擦钢笔 E601小学生三年级练字热敏可擦正姿钢笔可替换墨囊 女款-6支装（颜色随机）,￥79.00
,
英雄（HERO）钢笔学生三年级EF尖卡通正姿铱金钢笔+可消字笔+可擦蓝色墨囊套装 女款 6支装（颜色随机）,￥36.00
,
派克 （PARKER）钢笔 签字笔 商务送礼 男女学生钢笔 文具 生日礼物 威雅XL系列樱花蓝特别款礼盒,￥398.00
简繁 大容量透明笔袋考试专用 学生文具盒铅笔盒文具袋ins风初中高中男女多层功能收纳袋学习用品 抹茶绿,￥13.80
英雄（HERO）钢笔1520 白色绒砂多彩细尖 男女款铱金钢笔练字笔墨水笔办公签字笔,￥83.00
樱花(SAKURA)学生钢笔可换墨囊三角握杆正姿男女中小学生书法练字办公签字初学者适用钢笔粉色,￥25.00
迪士尼(Disney)笔袋小学生 简约帆布双层大容量女生文具盒 儿童可爱高颜值铅笔袋 冰雪奇缘E6017F1,￥26.80
迪士尼(Disney)学生笔袋 儿童大容量双层笔袋 可爱卡通男孩女孩收纳袋 草莓熊系列TS50003B4,￥28.00
英雄（HERO） 热可擦钢笔 3209正姿小学生三年级练字热敏可擦摩易擦男女初学者墨水笔 EF暗尖 绿色,￥21.00
,
英雄（HERO） 热可擦钢笔 3209正姿小学生三年级练字热敏可擦摩易擦男女初学者墨水笔 EF暗尖 绿色 JD,￥21.00
,
三年二班 透明笔袋小学生用文具盒多层大容量初中女孩男孩简约日系文具袋铅笔盒 活力黄（六层）,￥16.80
真彩(TRUECOLOR)0.5mm蓝色子弹头中性笔笔芯拔帽签字笔水笔替芯 学生办公文具用品 20支/盒GR-009,￥9.90
广博(GuangBo)盲盒笔按动中性笔1支 三丽鸥独角兽联名签字笔 0.5黑笔st笔头学生考试笔高颜值文具礼物KT82050,￥9.90
得力(deli)萌趣清新中性笔学生签字笔套装 0.5mm全针管24支/桶DL33633-24 中小学生用品,￥26.90
咕卡套装奶油胶咕卡豪华古卡全套姑卡流沙酷卡估卡孤卡咕卡砖儿童手账本贴纸套装玩具女孩生日礼物 532件咕卡+奶油胶至尊套装+3层转转箱,￥98.80
"爱心东东	
六品堂 古诗词字帖临摹唐诗宋词练字帖楷书描红小学生每日一练成人练字男生女生钢笔硬笔书法练字本书法纸 古诗Ⅰ+古诗Ⅱ+宋词+笔+6支笔芯+褪色笔...",￥39.80
毕加索（Pimio）钢笔美工弯头弯尖练字书法笔916美工笔学生用男女款可刻字墨水笔练字钢笔毕加索钢笔 0.7mm黑色美工暗尖,￥58.00
毕加索（pimio）916钢笔美工笔弯头弯尖硬笔书法钢笔男女士练字成人学生用礼盒装可刻字笔 0.7mm916黑色美工笔暗尖,￥58.00
KACO FIRST初心中性笔旋转出芯创意签字笔红色小爱心礼品盒装黑白简洁少女风情人节生日礼物爱意 【初心系列】白色套装+黑色套装,￥16.30
三年二班 按动中性笔学生考试开学必备刷题笔小白笔高颜值速干黑色签字笔 【买一桶送一桶】混色20支+20支替芯,￥28.80
提拉多多多酱熊猫梦之旅萌柯来袭手帐胶带特油手账贴纸贴画整卷分装可爱人物少女心和纸胶带胶卷装饰素材 【整卷3m】熊猫梦之旅（剧场版）,￥6.80
细雨 好看的卡通中性笔可爱女生文具学习用品漂亮签字笔套装小学生奖品批发 20支混色套装不重复,￥29.80
"京品文具	
北斗智能点读语音3D立体学生用AR地球仪儿童男女孩生日早教启蒙礼物学生文具开学教师节摆件G2389AR",￥419.00
中性笔 ins云握胖胖按动笔美式复古ST头中性笔高颜值海绵笔握学生刷题笔黑笔 【3支装】甜酷少女 -A款,￥9.90
六品堂 自由手写体字帖成人行楷行草速成男女生钢笔练字帖临摹硬笔书法练字贴成年人 2本装 （钢笔 临摹纸 墨囊 笔芯 磁性书签）,￥34.90
樱花(SAKURA)学生钢笔可换墨囊三角握杆正姿男女中小学生书法练字办公签字初学者适用钢笔蓝绿色,￥25.00
三年二班多功能电子闹钟学生专用起床神器强力叫醒儿童男孩女孩桌面时钟摆件七夕礼物 粉色（充电款）,￥39.80
猫太子计划日历台历2024年打卡日历台历手撕记事本摆件自律打卡本神器儿童时间管理学习计划本表生日礼物女男,￥54.90
得力(deli)30cm万向浮雕3D立体AR大号地球仪智能男孩女孩儿童早教启智中秋国庆节生日礼物桌面摆件,￥299.00
广博(GuangBo)按动中性笔黑色0.5mm学生刷题笔 三丽鸥库洛米联名高颜值水笔签字笔ST笔头 3支/盒 KT86383-3,￥13.90
三尺鲤文创笔记本子文具宫猫套装书签手账礼盒女生日礼物圣诞节 (精装盒+礼袋),￥99.00
"爱心东东	
毕加索（PIMIO） 916新款钢笔黑尖钢笔美工笔弯头弯尖男女学生送礼礼盒签名硬笔练字书法笔刻字定制 【星夜灰特细EF尖】铱金笔尖",￥88.00
晨光云握手自动铅笔0.5作业神器按动铅不易断芯活动铅笔0.7自动笔男孩女孩学生刷题初中小学生专用 【1支装】 软云握手丨自动铅笔【0.7mm】,￥3.60
得力（deli） 橡皮泥超轻儿童粘土手工面粉泥文具彩泥男孩女孩美术DIY制作玩具礼物不粘手模具工具 12色可手提（蓝色）,￥5.90
三年二班 简约帆布笔袋女孩ins日系文具袋小学生初中生铅笔盒男孩文具盒 小四方-白色-赠金属胸针*1,￥8.80
细雨 卡通减压笔软绵绵可爱解压少女心小学生实用奖品小礼品好看的创意文具批发 混装10支,￥59.80
北斗智能AR点读地球仪星座夜灯充电3d立体悬浮儿童男女孩礼物益智生日学生文具教师节G3088新,￥519.00
派克（PARKER）钢笔礼盒签字笔 商务送礼 男女生日礼物练字礼品文具套装 IM理性黑金夹墨水笔+大都会杭州礼盒,￥575.00
猫太子多功能自律打卡器360度旋转笔筒学习计划表男孩女孩时间管理器任务规划卡片简约书桌文具学习用品 自律打卡器+旋转笔筒升级款-淡雅粉【含3D...,￥45.90
duga多加小麻薯阅读书架笔盒多功能文具盒小学生女孩铅笔盒儿童支架网红学生用收纳创意机关双层笔袋 小麻薯创意文具盒-云朵小马,￥36.80
【非热敏可擦墨囊】点石钢笔墨囊学生钢笔墨水笔可擦墨囊可替换复写笔小学生用双头消字魔笔 【可擦·蓝】墨囊12支装DS-1020,￥4.50
三年二班 多功能大容量透明笔袋中学生高颜值ins日系多隔层笔盒男孩女孩铅笔盒文具盒文具袋 绿色,￥19.80
舒星咕卡奶油胶咕卡套装贴纸毕业礼物女孩生日礼物送礼古卡酷卡玩具礼品diy咕咔盘贴画姑卡估孤卡做手帐礼盒,￥96.80
三年二班多层可爱卡通笔袋小学初中女孩大容量文具袋多功能文具盒少女心高颜值铅笔袋 紫色,￥23.80
凯伦猫 火漆印章 火星印章蜡粒勺子工具男孩女孩创意DIY手工生日礼物 豪华套装,￥89.00
六品堂行书字帖练字成年行楷手写体唐诗宋词男生女生成人速成高中生大学生字体漂亮钢笔硬笔书法临摹练字帖,￥20.80
kinbor Hello Kitty手账本套装少女心创意儿童节文具礼盒女孩生日礼物14件套(皮面笔记本子钢笔胶带)DTB6507,￥169.00
拾点渔书签 创意金属文创古风书签文具生日礼物情侣送礼 开学季礼物送老师同学男生女生 敦煌仙境,￥68.80
六品堂衡水中学英语字帖凹槽练字帖印刷体手写中考作文高中生高考衡水体英文大学生考研初中生男生女生临摹,￥19.90
得力(deli)3D打印笔绘画耗材套装-行走机器人 创意学生儿童diy涂鸦手工制作生日礼物男孩女孩 YC502,￥42.90
kinbor三丽鸥玉桂狗少女心6支装按动中性笔套装0.5mm速干st笔头学生用考试黑色签字笔DT52041,￥35.40
得力(deli)12色超轻粘土 汪汪队联名柔软黏土彩泥橡皮泥创意学生儿童玩具手工DIY 生日礼物男孩女孩YC148-12,￥31.50
六品堂道德经字帖成人练习上林赋抄写本楷书临摹书法初学者手抄套装女生男生兰亭序簪花小楷硬笔钢笔练字,￥19.90
凯伦猫 免裁剪安静书捏捏乐全套豪华儿童女孩手工制作diy女生玩具生日礼物 【四套】,￥30.00
舒星文具套装礼盒大礼包小学生一年级学习用品开学男孩生日礼物套盒用具礼品二年级女孩儿童礼物盲盒初中生,￥149.00
极度空间 贺卡5个装信封信纸感恩节礼物生日礼物贺卡表白心愿卡祝福卡片送男女朋友同学老师,￥15.90
三年二班三层大开口笔袋 学生用大容量文具袋 高颜值日系风文具盒男孩女孩文具收纳铅笔盒 灰色撞藏青色,￥18.80
三年二班三层大开口笔袋 学生用大容量文具袋 高颜值日系风文具盒男孩女孩文具收纳铅笔盒 米白撞军绿色,￥18.80
三年二班 笔方说拼色按动中性笔套装学生用CS笔头顺滑速干刷题笔高颜值男女生签字笔黑笔水性笔8支装,￥14.90
tramol 梵高系列钢笔女生男士学生专用文艺复古高端精致练字签字笔教师节礼物生日送老师礼盒套装刻字 莫兰迪灰钢笔礼盒 F笔尖0.5mm(店长推荐),￥158.00
舒星手账本套装礼盒儿童女生礼物手杖本可爱精致活页手帐本文具笔记本子日记本小学生工具材料记账本大礼包,￥44.80
三年二班 格子大容量笔袋学生可爱文具盒初中男生女生笔盒高颜值文具袋 方形大容量款,￥18.80
金值 5支礼盒装热可擦钢笔 初学者小学生三年级练字热敏可擦正姿钢笔男女初学者可替换墨囊 漫步宇宙,￥38.00
舒星笔袋小学生文具盒卡通铅笔盒女孩小学生文具袋一年级EVA大容量分层笔盒儿童幼儿园可爱收纳盒高颜值男孩,￥11.50
舒星火漆印章套装全套毕业礼物女孩生日礼物火星印章咕卡玩具女孩火气火漆蜡蜡粒章头收纳盒工具 228件全套,￥68.80
誉禾学生手提补习包儿童补习袋单双肩斜挎书包男女帆布大容量收纳书袋手拎补课包 6165黑色,￥23.80
樱花(SAKURA)学生笔袋大容量高颜值文具盒帆布多功能简约男女用文具袋蓝黑色,￥63.00
得力(deli)12色超轻粘土 儿童礼物男孩女孩柔软黏土彩泥橡皮泥 升级大罐装学生美术手工DIY玩具 YC101-12,￥39.90
猫太子帆布笔袋多层大容量铅笔袋文具盒包男女中小学生韩版简约文具袋 黑色,￥29.90
剑桥树小学生笔袋大容量女孩儿童文具盒笔盒分层简约铅笔盒男童 藏青红,￥25.90
猫太子ins风笔袋小学生创意液态硅胶铅笔袋简约大容量文具盒儿童笔盒男女生文具袋开学必备文具,￥24.80
舒星电动文具套装礼盒小学生一年级入学必备学习用品女孩生日礼物儿童礼物礼盒开学文具大礼包幼儿园毕业礼物,￥68.00
西玛（SIMAA）手账套装礼盒少女女孩女生生日毕业礼物 全套笔记本子儿童文具小学生礼物柚嘟嘟系列-童话日记,￥38.90
三年二班 透明笔袋小学生用文具盒多层大容量初中女孩男孩简约日系文具袋铅笔盒 熏衣紫（六层）,￥16.80
舒星简约大容量透明笔袋女孩2023流行中学生ins风高颜值文具盒日系初中小学女生男孩男生文具收纳袋,￥14.60
猫太子360度旋转笔筒收纳盒学生可爱创意时尚桌面办公室个性简约儿童女上班族多功能摆件 淡雅粉,￥26.90
苏拉达(Surada)奶油胶咕卡 咕卡套装咕卡贴纸diy手工制作儿童女孩奶油胶发卡咕卡盘卡片不卡牌 550件套sd118,￥99.80
,
凯伦猫 咕卡奶油胶套装贴纸流沙卡砖DIY手工创意转转收纳礼盒女孩生日礼物,￥99.00
西玛（SIMAA）火漆印章咕卡套装 全套装咕卡玩具 女孩迷你抽屉工具箱收纳礼盒 蜡粒复古可爱章头火炉 7133,￥65.00
晨光(M&G)文具孔庙考试专用套装 套尺/橡皮/按动中性笔/涂卡2B铅笔/替芯? 中高考/考公/考研文具10件套,￥19.00
得力(deli)全自动电动文具套装9件套儿童节日礼物/小学生学习礼包开学礼物全自动削笔机礼盒装 蓝色VG808,￥220.00
离草 小学生笔袋EVA大容量文具盒抗压耐摔笔盒小学生幼儿园儿童笔盒中考文具套装粉色草莓兔,￥12.80
KACO文具盒ECHO爱可半透明环保塑料磨砂糖果色多功能文具盒学生男女收纳铅笔盒钢笔收纳盒 透明黑,￥9.00
晨光（M&G）超轻粘土彩泥儿童幼儿园男孩女孩手工diy玩具彩泥安全无毒环保手工橡皮泥彩泥轻粘土 【老师推荐】24色盒装 贈模具,￥29.22
金值 红色学院风大容量手提笔袋 男孩子小学生文具盒男孩款大容量笔袋男童女童一年级文具袋铅笔盒英伦风初中,￥28.80
丙烯马克笔丙烯笔专业小学生儿童彩笔10岁女孩生日礼物水彩笔初中礼物女学习用品文具儿童礼物水彩笔画画笔 【免按压】48色/草莓兔,￥29.80
丙烯马克笔丙烯笔专业小学生儿童彩笔10岁女孩生日礼物水彩笔初中礼物女学习用品文具儿童礼物水彩笔画画笔 【免按压】60色/草莓兔,￥49.80
小麻薯多加新品手账胶带小学日记素材贴纸套装手账贴童话系列合集海的女儿文创产品随心配整卷 小麻薯4点上新-二十四节气①,￥15.80
kinbor玉桂狗的来信B6手账本少女心粉蓝生日礼盒套装(钢笔/胶带/挂件/亚克力夹)DT56095,￥109.00
多加duga小麻薯新品小学日记手账胶带素材贴纸套装手账贴童话系列合集海的女儿文创产品合集整卷 小麻薯-快乐动物园,￥13.80
拾点渔 生日贺卡 心愿卡礼物送老师同学烫金礼品卡明信片创意生日卡片商务送礼送男女 2张装,￥9.80
玩控 文字装饰贴纸卡通可爱手账素材套装DIY少女心贴纸包手帐日记相册手机笔记本小图案标签彩色可粘贴 好运不断,￥9.70
"爱心东东	
迪士尼（Disney）钢笔套装开学礼盒节日生日礼物小学生儿童练字正姿卡通钢笔墨囊男孩女孩三年级钢笔 美国队长（带礼袋）",￥39.00
迪士尼(Disney)文具套装 开学礼物小学生书包文具礼盒 开学大礼包儿童生日礼物女孩 冰雪奇缘系列,￥249.00
英雄（HERO）钢笔文具时尚男女铱金钢笔850商务办公个性钢笔礼盒套装EF尖 黑色,￥79.00
舒星5层超大容量透明笔袋初中专用女孩子ins风日系高颜值女生小学生简约高中生中学生文具盒铅笔盒多层文具袋,￥20.60
简繁 大容量透明笔袋考试专用 初中透明学生文具盒儿童铅笔盒高颜值多功能收纳袋ins风男女生文具礼物,￥16.80
得力(deli)彩泥套装 儿童3D橡皮泥超轻粘土创意手工黏土DIY玩具男孩女孩 厨房系列 生日礼物YC120,￥32.90
六品堂衡水体英语字帖词汇中考2000词汇提分练字帖大学生单词积累同步书法临摹练习本男女生漂亮字体钢笔速成,￥15.80
三年二班 按动软欧包中性笔刷题笔高颜值日系ins速干ST笔尖黑笔顺滑学生开学必备0.5黑色简约签字笔 天空蓝（4支装）,￥9.80
得力(deli)儿童水晶滴胶DIY创意钥匙扣挂饰套装 30件套 手工制作玩具 女孩礼物套盒 儿童节 JW101,￥55.00
四季年华笔袋女孩小学生文具盒女生大容量2022新款流行铅笔盒可爱双层文具袋女孩 桃桃茶话会 无规格,￥13.70
四季年华笔袋女孩小学生文具盒女生大容量2022新款流行铅笔盒可爱双层文具袋女孩 妮妮的甜心派对 无规格,￥13.70
一正（YiZHENG） 橡皮擦可爱少女心水果樱花夹心橡皮擦创意学生橡皮儿童幼儿园奖品礼物擦得干净无痕 茄子+菠萝+樱花+西瓜+胡萝卜共10块,￥15.80
众石 字帖成人草书练字帖行书字帖硬笔成年人练字神器钢笔行楷行草速成女生字体练字帖临摹练字初学者手写体,￥45.98
六品堂行书字帖练字成年行楷手写体男生女生成人速成高中生大学生字体漂亮钢笔硬笔书法临摹练字帖 【唐诗宋词】,￥18.80
卡游（Kayou）蛋仔派对盲盒笔中性笔男孩女孩按动水笔签字笔文具0.5针黑笔圆珠笔学生考试专用笔 【第1弹】狂欢版12支全套整盒,￥119.90
涵瑶伊笑 帆布笔袋三层大容量日系高颜值初中女生文具盒2023小学生高中男孩简约ins风小众流行铅笔盒 黑色修狗【3层前开窗】,￥28.80
KOKUYO日本国誉笔袋双层文具盒大容量简约小学生少女笔盒创意铅笔袋高中生文具袋 灰色,￥33.30
ins风高颜值文具盒大容量笔袋女孩版初中学生大开口多层简约铅笔 松岛小熊,￥16.00
大容量透明笔袋初中专用女孩子ins风日系高颜值女生小学 牛油果绿,￥20.00
多加小麻薯镭射随心贴手帐贴纸手工玩具女孩儿童卡通可爱少女手账贴纸套装装饰小图案素材个性创意粘贴贴纸画 小麻薯镭射随心贴（糖果彩虹）,￥11.80
艾蒙（AMOON） 入园宝宝姓名贴名字贴幼儿园儿童布贴防水刺绣可缝入园衣服被子标记定制 刺绣【女宝款】6个留言名字,￥15.80
艾蒙（AMOON） 入园宝宝姓名贴名字贴幼儿园儿童布贴防水刺绣可缝入园衣服被子标记定制 刺绣【女宝升级带缝孔款】12个留言名字,￥25.80
玉桂狗笔袋透明大容量文具袋女孩儿童小学生用文具盒ins日系高颜值铅笔盒库洛米卡通可爱多层文具包 库洛米笔袋【正版：库洛米贴纸+5支笔】,￥23.80
纸欧莉 复古油画手账本礼盒套装日记记事笔记本子文创手帐胶带贴纸素材大礼包送朋友男女学生生日礼物 【礼盒款】莫奈后花园（128件套）,￥29.80
纸欧莉 复古油画手账本礼盒套装日记记事笔记本子文创手帐胶带贴纸素材大礼包送朋友男女学生生日礼物 【礼盒+礼袋】月半睡莲池（128件套）,￥34.80
誉品 火漆印章套装全套咕卡 小学生六一儿童节礼物玩具火气印章火器印章女孩生日礼物 【简装A款】426件10色经典色,￥19.90
三年二班透明笔袋ins日系大容量初中男孩女孩用简约高颜值铅笔盒开学必备学生文具考试笔袋 少女粉+6支修正带+2中性笔+10笔芯（送粉色手提,￥29.80
ins风韩系修狗笔袋大容量学生ins高颜值小众双层文具收纳袋少女心铅笔袋 黑色修狗笔袋,￥23.80
三年二班透明笔袋ins日系大容量初中男孩女孩用简约高颜值铅笔盒开学必备学生文具考试笔袋 清澈蓝+6支修正带+2中性笔+10笔芯（送透明手提,￥29.80
三年二班透明笔袋ins日系大容量初中男孩女孩用简约高颜值铅笔盒开学必备学生文具考试笔袋 少女粉 （赠送粉色提手）,￥16.80
三年二班透明笔袋ins日系大容量初中男孩女孩用简约高颜值铅笔盒开学必备学生文具考试笔袋 奶油白+5支刷题笔（赠送透明提手）,￥20.80
三年二班透明笔袋ins日系大容量初中男孩女孩用简约高颜值铅笔盒开学必备学生文具考试笔袋 少女粉+5支刷题笔（赠送粉色提手）,￥20.80
三年二班透明笔袋ins日系大容量初中男孩女孩用简约高颜值铅笔盒开学必备学生文具考试笔袋 薄荷绿+5支刷题笔（赠送透明提手）,￥20.80
日系多功能大容量伸缩笔袋女孩初高中学生可折叠简约ins高颜值网红文具铅笔袋女大学生文具盒新款笔盒 紫色【大容量可伸缩】,￥25.80
三年二班透明笔袋ins日系大容量初中男孩女孩用简约高颜值铅笔盒开学必备学生文具考试笔袋 清澈蓝+5支刷题笔+便签贴纸包35件+手账夹赠提手,￥28.80
三年二班透明笔袋ins日系大容量初中男孩女孩用简约高颜值铅笔盒开学必备学生文具考试笔袋 奶油白+5支刷题笔+便签贴纸包35件+手账夹赠提手,￥28.80
六品堂 瘦金体字帖女生小清新字体漂亮成人宋徽宗行楷大学生楷书练字帖钢笔硬笔书法临摹练字贴正楷体男生 升级瘦金体【精选版一】,￥19.80
得力（deli）电动文具套装礼盒削笔机大礼包组合一年级小学生儿童开学必备学习用品文具儿童节毕业礼物 【特别款】粉色独角兽套装,￥148.00
得力（deli）电动文具礼盒套装小学生一二三年级考试奖品礼品新年生日六一儿童节毕业礼物开学文具大礼包 68896粉色+开心礼袋,￥30.50
深柏利 INS按动笔黑色中性笔学生开学礼品0.5mm少女心可爱速干水笔 随机款式 3支【随机】,￥10.00
得力(deli)汪汪队彩泥面条机 彩泥橡皮泥超轻粘土创意玩具儿童男孩女孩 手工DIY黏土配套齐全生日礼物 YC141,￥54.80
佳茉 圣诞烫金立体贺卡鲜花礼物送情人女朋友创意手工祝福感谢卡片创意公司年会商务生日贺卡 洛神珠,￥15.90
,
派克（PARKER）钢笔 签字笔 商务办公送礼 男女生日礼物 学生练字 书法礼品 威雅XL逐浪蓝金夹墨水笔,￥188.00
派克（PARKER）钢笔 签字笔  商务办公送礼 男女生日礼物学生练字文具书法 IM魅影黑耀红墨水笔+大唐盛世礼盒,￥727.00
递乐 按动热可擦中性笔男女水笔晶蓝色热敏易消擦涂改中小学生带橡皮擦0.5mm6支晶蓝刷题/笔记 4253萌恐龙,￥9.90
小麻薯手帐套装礼盒儿童玩具圣诞礼物女孩生日礼物7-14岁胶带整卷手杖贴纸分装全套手账本本子豪华大礼包 【184件套】小麻署整卷胶带+贴纸包+手账...,￥79.90
玩控 咸鱼笔袋搞怪创意文具盒小学生初高中生大容量仿真男女文具袋网红 鲫鱼,￥16.76
多加小麻薯镭射随心贴手帐贴纸手工玩具女孩儿童卡通可爱少女手账贴纸套装装饰小图案素材个性创意粘贴贴纸画 小麻薯镭射随心贴（糖果彩虹+摩卡...,￥23.60
艾蒙（AMOON） 入园宝宝姓名贴名字贴幼儿园儿童布贴防水刺绣可缝入园衣服被子标记定制 刺绣【女宝推荐款】12个留言名字,￥19.80
沐苼 笔记本本子高颜值生日礼物女生送闺蜜男生实用记事本升学宴伴手礼升学礼物送同学  乘风破浪含礼袋,￥32.90
云水墨四层纽扣棉绳笔袋大容量文具盒女孩款高颜值女孩小学生初高中铅笔袋简约日系帆布笔盒儿童男女生文具袋 薄荷绿,￥18.80
maruman 日本满乐文session活页本错题记事B5活页夹扣环外壳厚A4笔记本初高中女活页纸本 【B5】渐变色,￥29.80
安静书儿童女孩手工diy制作贴纸的玩具库洛米美乐蒂捏捏乐泡泡贴纸立体书蜡笔小新布丁狗安静本材料免剪裁 【4本装送材料包】库洛米+布丁狗+美乐...,￥18.80
三年二班 ins无印风透明笔筒简约亚克力笔桶学生儿童女孩办公室桌面笔筒整理收纳盒化妆刷收纳桶男孩学习 单格笔筒-加厚款款,￥4.60
三年二班 透明笔袋小学生用文具盒开学必备大容量初中女孩男孩简约日系文具袋铅笔盒 加州黑 约装80支笔（赠5支中性笔）,￥15.80
透明笔筒 笔筒收纳盒轻奢感学生儿童男孩女孩带盖文具整理置物架简约办公室桌面可爱大容量多功能创意 带盖带抽屉笔筒 SF1221,￥91.20
丙烯马克笔丙烯笔专业小学生儿童彩笔10岁女孩生日礼物水彩笔初中礼物女学习用品文具儿童礼物水彩笔画画笔 【免按压】36色/草莓兔,￥25.80
芯陌闪闪胶带整卷全套新品手帐胶带分装贴纸彩色可爱少女心手账本胶带随心配手杖胶带特油百万像素和纸胶带 闪闪/旅行时光【当月上新】,￥10.60
点石时空舱笔袋大容量按动中性笔太空舱笔小学生高中笔盒男孩网红卡通创意女孩高颜值收纳袋生日礼物 【白色】时空舱家族笔袋（笔*9+替芯*2+铅芯）,￥75.00
细雨 卡通闪光流沙笔炫彩少女心小清新好看又好玩的小学生奖品仙女中性笔学生奖品 网红流沙笔10支/袋,￥29.80
六品堂 瘦金体字帖女生小清新字体漂亮成人宋徽宗行楷大学生楷书练字帖钢笔硬笔书法临摹练字贴正楷体男生 升级瘦金体【高配版】,￥36.80
三年二班 按动软欧包中性笔刷题笔高颜值日系ins速干ST笔尖黑笔顺滑学生开学必备0.5黑色简约签字笔 欧包全家福（16支装）,￥39.80
齐心（Comix）迷你世界IP 手账本记事本高颜值笔记本子文具日记本小学生女孩开学文具 36k MWCT0001-EB红,￥15.90
百乐（PILOT）签字笔88G学生书法练字钢笔高档礼盒墨水套装商用办公送礼FPMR2白色虎纹M尖 生日礼物,￥201.60
派克（PARKER）钢笔礼盒签字笔 商务送礼 男女生日礼物 学生练字 书法礼品文具 IM丽雅黑白夹墨水笔+墨水礼盒,￥598.00
网纱简约笔袋大容量透明文具笔袋ins男生女可带入考场铅笔袋高颜值小学初高中生网格袋拉链资料袋文件袋 A6白色 1套装,￥3.64
派克（PARKER）高端签字笔 圆珠笔 商务送礼 男女生日礼物 学生练字书法礼品文具 精英睿智黑金夹宝珠笔,￥1475.00
舒星咕卡砖咕卡套装麻将卡砖磁吸透明咕冰块高颜值亚克力diy女孩儿童卡盘套装便宜的一元一块咕咔砖姑卡全套,￥83.50
多加duga小麻薯新品小学日记手账胶带素材贴纸套装手账贴童话系列合集海的女儿文创产品合集整卷 小麻薯新-二十四节气②,￥15.80
多加duga小麻薯新品小学日记手账胶带素材贴纸套装手账贴童话系列合集海的女儿文创产品合集整卷 小麻薯新-二十四节气①,￥15.80
得力（deli） 点点胶大容量双面透明胶带修正带式点状粘贴胶涂改带型手账无痕可擦贴纸胶带高粘度少女心 【1个装体验】梦幻蓝,￥4.90
得力（deli） 点点胶大容量双面透明胶带修正带式点状粘贴胶涂改带型手账无痕可擦贴纸胶带高粘度少女心 【1卡3个装】蓝+粉+绿,￥9.50
晨光彩色点点胶笔形笔状双面胶大容量液体胶水学生手帐儿童DIY手工贴纸装饰点状胶办公文具用品U2406 3支 / 各色1支,￥9.80
英雄（HERO）钢笔 1359芝士奶盖系列 明尖铱金男女学生初学练字三年级正姿签字钢笔(附加6支墨囊) EF尖 蓝色,￥25.00
,
百乐（PILOT）FP-78G+钢笔 商务办公送礼 男女生日礼物 学生练字签字笔 复古礼盒装绿色M尖,￥113.04
巨能装大容量日系笔袋2023新款文具盒女小学生初中生高中铅笔盒ins高颜值女生收纳袋女孩学习用品 抹茶绿-5层巨能装大容量,￥16.12
百乐（PILOT）意式风情钢笔墨水套装 商用办公送礼 男女生日礼物 学生练字签字笔 FP-78G嫩绿F尖,￥113.04
英雄（HERO）钢笔礼盒 7032铱金钢笔三合一（明尖F+美工+宝珠）男女商务办公墨水笔套装 F尖 黑色,￥80.00
,
得力(deli)刷题中性笔0.5mm子弹头黑色 软胶护套柔软升级写字不累手抗摔度加倍12支/盒SA188,￥40.90
三年二班 补习袋手提袋拎书袋小学生男孩儿童帆布女生美术袋作业试卷收纳袋 绿色,￥19.80
三年二班 ins无印风透明笔筒简约亚克力笔桶学生儿童女孩办公室桌面笔筒整理收纳盒化妆刷收纳桶男孩学习 两格-升级款,￥6.80
三年二班 奶油色系伸缩书立简约学生桌面立书架课桌书本收纳架子分格放书阅读初中高中男女生书挡板 绿色,￥21.80
毕加索（pimio）美工笔弯头弯尖硬笔书法钢笔男女士练字成人学生用笔暗尖0.7mm马拉加系列916法兰红,￥58.00
,
斑马牌（ZEBRA）日本笔魔女限定JJ15躲藏动物限定JJS29中性笔轻食限定黑色学生用可换芯水性笔 JJ15动物限定【五支装】,￥58.90
派克（PARKER）钢笔礼盒 签字笔 商务办公送礼  男女生日礼物 学生练字 IM纯白白夹墨水笔+大都会北京礼盒,￥684.00
三年二班 修正带高颜值女生渐变色学生用实惠装大容量涂改带无痕去字初中生专用ins女孩多功能创意修正改 【10件套】海洋蓝6个+4支芋泥荧光笔,￥15.80
小麻薯手帐套装礼盒儿童玩具圣诞礼物女孩生日礼物7-14岁胶带整卷手杖贴纸分装全套手账本本子豪华大礼包 【240件套】小麻署整卷胶带+贴纸包+手账...,￥129.90
得力(deli)汪汪队彩泥套装 彩泥橡皮泥超轻黏土粘土创意儿童玩具男孩女孩手工DIY 配件齐全 生日礼物YC145,￥37.90
慢作 100张同学录小学生六年级毕业留言纪念册活页夹高颜值ins简约男生女生创意动漫成长记录册通讯录 毕业季/100张+相册收纳袋+贴纸+云空间,￥18.80
安静书女孩新款diy材料免裁剪泡泡立体贴纸书换装贴纸场景拼贴素材卡通人物儿童玩具手工捏捏乐手帐装饰贴 【免剪裁礼盒新款】Aki酱的魔法乐园,￥12.03
网纱简约笔袋大容量透明文具笔袋ins男生女可带入考场铅笔袋高颜值小学初高中生网格袋拉链资料袋文件袋 A6灰色+3色笔 1套装,￥4.80
"爱心东东	
毕加索（PIMIO） 签字笔606宝珠笔刻字笔定制男女签字笔商务签单笔金属笔男士送礼生日礼物免费刻字 黑色（礼盒装配礼袋）",￥47.00
佳茉 换装贴纸4本装 儿童益智玩具少女心公主贴纸古风娃娃DIY换装贴画手工制作礼物 萌柚姐妹百变妆容,￥19.90
,
"爱心东东	
迪士尼（Disney）钢笔套装开学礼盒节日生日礼物小学生儿童练字正姿卡通钢笔墨囊男孩女孩三年级钢笔 米奇新款（带礼袋）",￥39.00
毕加索（pimio）钢笔 签字笔财务特细0.38mm商务办公礼品成人学生练字男女生日礼物马拉加系列916纯黑色,￥58.00
,
英雄（HERO）钢笔 1359莫兰迪系列 明尖热敏可擦铱金男女初学练字三年级正姿墨水笔 EF尖 深蓝色 JD,￥25.00
,
英雄（HERO）钢笔 3172卡通铁盒三年级正姿练字日常书写套装 女款 5支装（颜色随机）JD,￥65.00
,
施耐德（Schneider）钢笔学生用成人练字笔男女三四年级23K镀金笔尖德国进口签字笔EF尖BK406透明色,￥57.00
英雄（HERO）宝珠笔 荣耀系列 商务送礼日常书写男女办公签字笔 黑色,￥125.00
,
施耐德（Schneider）钢笔学生成人练字笔男女三四年级书写办公签字笔德国进口墨水笔EF尖克里普黑色168561,￥68.00
百乐（PILOT）纤扬长笔杆钢笔 男女手绘速写练字学生成人钢笔DPP-70-B-F F尖黑色,￥86.40
英雄（HERO） 热可擦钢笔 369正姿小学生三年级练字热敏易擦男女墨水笔 （2支墨囊+润笔器）F尖紫色,￥25.00
英雄（HERO）钢笔礼盒 荣耀系列 商务送礼日常书写男女办公签字笔墨水套装 黑色,￥145.00
,
递乐 按动热可擦中性笔男女水笔晶蓝色热敏易消擦涂改中小学生带橡皮擦0.5mm6支晶蓝刷题/笔记 4253万物可爱,￥9.90
得力(deli)彩泥套装火箭面条机 儿童3D橡皮泥超轻粘土创意手工黏土DIY玩具男孩女孩 配套齐全生日礼物YC122,￥55.00
得力(deli)文具学生钢笔可爱棉花小狗EF尖可换墨囊 可擦纯蓝练字钢笔 单支笔+可擦复写笔套装 生日礼物S692,￥10.90
得力(deli))0.5mm全针管可擦中性笔 签字笔水笔学生文具 可擦黑色 12支/盒 SA268,￥47.70
KACO文具中性笔0.5mm黑笔高颜值签字笔学生用刷题水笔 菁点与海为邻套装（新老包装交替发货中）,￥31.80
点石 指间温柔速干按动全针管中性笔DS-3137E   4支装,￥18.90
金隆兴 透明笔袋高颜值三层大容量 儿童小学生女孩可爱ins多功能文具盒铅笔袋 紫色 7957-2,￥26.90
派克（PARKER）签字笔 商务办公送礼 男女生日礼物 学生练字 IM冰河蓝白夹宝珠笔+以梦为马宝珠笔礼盒,￥736.00
派克（PARKER）签字笔 宝珠笔 商务办公送礼 男女生日礼物 学生练字 威雅XL森林绿金夹宝珠笔,￥166.00
毕加索（pimio）美工笔弯头弯尖硬笔书法钢笔男女士练字成人学生用笔1.0mm绅士系列902亮黑金夹,￥105.00
丙烯马克笔丙烯笔专业小学生儿童彩笔10岁女孩生日礼物水彩笔初中礼物女学习用品文具儿童礼物水彩笔画画笔 【120色】草莓兔/双倍墨水,￥106.80
英雄（HERO） 热可擦钢笔 E601小学生三年级练字热敏可擦正姿钢笔可替换墨囊 女款-10支装（颜色随机）,￥119.00
,
梦特娇（MONTAGUT）签字笔男女士黑色高档商务宝珠笔教师节礼物送老师永恒系列 黑丽雅0.5mm,￥126.00
派克（PARKER）钢笔 签字笔 商务办公送礼 男女生日礼物 学生练字 威雅XL贝母白墨水笔+追星揽月礼盒,￥260.00
得力(deli)汪汪队彩泥冰淇淋机 彩泥橡皮泥超轻粘土创意黏土玩具手工DIY 配套齐全 礼物男孩女孩YC140,￥54.80
施耐德（Schneider）钢笔学生成人练字笔经典Base系列男女办公商务德国进口签字笔专用墨水笔深空灰F尖161313,￥159.00
舒星咕卡套装奶油胶咕卡砖贴纸咕咔女孩女生生日礼物儿童玩具咕咔盘diy流沙卡砖透明咕卡砖估卡手帐贴纸,￥136.80
派克 （PARKER）钢笔 签字笔 商务送礼 男女学生钢笔文具生日礼物 威雅XL蛟龙红墨水笔+龙年系列御龙商务礼盒,￥428.00
派克（PARKER）钢笔 签字笔 商务办公男女生日礼物学生练字书法文具 IM应龙黑墨水笔+龙年系列御龙商务礼盒,￥788.00
"爱心东东	
六品堂 凹槽练字帖成人行书儿童小学生男女生硬笔书法钢笔临摹练字贴成年人字帖行楷楷书正楷体",￥32.90
文具礼盒套装大礼包女生6-10岁儿童女孩女童生日礼物开学学习用品11小学生4初中生8女儿小女孩9十7 紫底月亮兔丨礼袋装27件套 八岁九9/11岁12一二三4-6...,￥89.00
,
ins风韩系修狗笔袋大容量学生ins高颜值小众双层文具收纳袋少女心铅笔袋 灰色修狗笔袋,￥23.80
弘典钢笔男士高档学生用包尖练字书法笔女士高档精致暗尖特细办公财务笔墨囊礼物高颜值C1探索者送礼签字 冷静黑（墨囊盒装） EF,￥26.00
许愿熊手帐礼盒一整套学习用品笔袋小女生高颜值套盒大礼包 12福袋盲盒,￥12.00
笔下 轮回黑檀木中性签字笔转经笔解压转运文创原创意国潮男女生日高档商务办公礼物送礼品笔礼盒装,￥269.00
多加duga小麻薯新品小学日记手账胶带素材贴纸套装手账贴童话系列合集海的女儿文创产品合集整卷 奶盖熊-名画系列①,￥13.80
"爱心东东	
六品堂泡泡笔多功能儿童神奇的魔法笔卡通可爱灯光滚轮印章笔小学生女孩礼物公主仙女礼品发光笔 六色款-6支装",￥26.80
涵瑶伊笑 自动铅笔带橡皮头小学生自动笔低重心0.5和0.7活动铅笔可爱高颜值笔超萌少女小清新绘画专用 3支随机装蜜桃果汁0.5+两盒芯,￥9.60
晨光针顺芯按动中性笔0.5黑色针管速干签字笔学生专用刷题考试碳素水笔解压减负高颜值好看的笔按压式秒干 J2804【新升级 针顺芯】1支,￥2.90
名马按动中性笔子弹头水笔笔芯可按压式黑色0.5mm笔芯学生考试签字碳素教师学生文具用品水性办公用品 黑色笔芯20支,￥4.80
三年二班 按动软欧包中性笔刷题笔高颜值日系ins速干ST笔尖黑笔顺滑学生开学必备0.5黑色简约签字笔 樱花粉（4支装）,￥9.60
三年二班 按动软欧包中性笔刷题笔高颜值日系ins速干ST笔尖黑笔顺滑学生开学必备0.5黑色简约签字笔 10支ST速干笔芯,￥5.80
北斗ar智能地球仪夜灯摆件学生男女孩教学启蒙生日礼物双子座3d立体悬浮万向王子蓝G2075DARQL礼盒版,￥98.00
迪士尼（Disney）小学生笔袋 3D大容量文具盒耐脏防水抗压耐摔EVA铅笔盒儿童铅笔袋女生 安娜紫DF5311-F4,￥19.90
派克（PARKER）高端钢笔礼盒 签字笔 商务办公男女生日礼物学生练字文具 IM黑森林墨水笔+喜乐礼盒,￥894.00
英雄（HERO） 美工笔钢笔暗尖抖音同款弯头弯尖硬笔书法笔成人练字用商务男女手绘书法美工钢笔免费刻字 丽雅黑【弯尖0.8mm美工笔】,￥55.00
英雄（HERO）签字笔商务高档1530男士女士高颜值中国红金属重手感宝珠笔礼盒装免费刻字定制logo 亮黑金夹H1礼盒装+3个笔芯,￥31.80
小麻薯多加荧光标记笔学生用记号笔彩色划重点手帐专用笔可爱少女心手账笔工具双头大容量高颜值荧光 小麻薯荧光笔-盐系,￥13.80
派克（PARKER）高端钢笔签字笔 商务送礼男女生日学生文具练字书法礼物 卓尔磨砂黑金夹钢笔/墨水笔+墨水礼盒,￥2368.00
TOME图米刷题笔按动中性笔ST笔头改错笔红笔教师批改作业学生考试用 黑色笔芯-20支,￥25.00
英雄（HERO） 1502签字笔商务高档宝珠笔男女士办公用宝珠笔签名黑色笔定制logo免费刻字 磨砂黑金夹(高档礼盒),￥38.00
東米 中性笔精工简约男女小清新按动式水性笔学生考试专用黑色水笔办公文具用品软胶签字笔黑笔 透明杆-6支装,￥16.80
广博按动中性笔唇釉系列高颜值0.5mm黑色st笔尖刷题笔5支装女孩子学生日常书写笔签字 丁香花（紫）,￥15.90
得力(deli)彩泥蒸笼机 彩泥橡皮泥超轻粘土创意儿童玩具男孩女孩 温和柔软无味手工DIY黏土 含工具YC139,￥43.90
多加（duga） 小麻薯点点胶笔高粘度不留痕修正带双面胶学生用涂改错题粘贴手工贴纸手账胶带手帐少女心 点点胶5个装+（三包便签）,￥26.90
北斗星座点读智能语音AR地球仪3d立体悬浮儿童益智初中学生男女孩教师节生日礼物开学文具桌面摆件G3087WXAR,￥379.00
众石 字帖成人草书练字帖行书字帖硬笔成年人练字神器钢笔行楷行草速成女生字体练字临摹练字本初学者手写体 A【心灵随笔3册套装 】临摹版,￥45.00
咔巴熊帆布笔袋大容量高中生简约文具盒铅笔盒男孩小学生可爱笔盒女ins日系初中生文艺复古风创意个性文具 [三角款]浅军绿/1个,￥9.90
kt猫印花笔袋大容量学生ins高颜值小众文具袋可爱少女心铅笔袋初高中生文具收纳 kt猫印花笔袋,￥38.80
汉状元正楷练字帖成人矫正握笔器魔法练字笔女生儿童小学初中高中大学生硬笔书法楷书字帖20本套装,￥29.90
金得利三用可背式补习袋小学生书包升级多功能手提袋大容量拎书袋男女儿童美术袋补习包补课包文件袋红DC1925,￥31.00
涵瑶伊笑 帆布笔袋简约大容量文具盒女孩男孩女生初中小学生ins风日系流行小众高颜值铅笔盒网红文具袋 大容量奶油白色+5支中性笔,￥34.50
斑马牌（ZEBRA）日本笔魔女限定JJ15躲藏动物限定JJS29中性笔轻食限定黑色学生用可换芯水性笔 JJ15动物限定【深蓝色】,￥11.78
弘典钢笔男士高档商务办公学生练字用女士精致礼物盒装成人硬笔书法笔高颜值签字笔1866木头笔复古高端 苏木 EF 墨囊盒装（含20只墨囊）,￥76.00
舒星双层笔袋高颜值大容量文具袋小学生简约ins系可爱多层女生初中高中铅笔盒2023年流行儿童多功能文具女孩,￥19.80
三年二班 3D大容量减压文具盒 儿童男女孩小学生文具铅笔盒轻盈防水笔袋可爱学生文具 独角兽B款,￥17.80
英雄（HERO）钢笔礼盒 韶华系列-玉兰花 10K金笔商务办公钢笔高端男女送礼墨水套装 白色,￥339.00
"京品文具	
凌美（LAMY）钢笔 狩猎限定款墨水笔签字笔 节日送礼企业团购定制 奶油白色VT2001-CR-0.5mm",￥399.00
安蔻（ANGOO） 可爱布艺文具盒女小学生卡通高颜值大容量网红笔袋儿童铅笔盒男女生文具袋日系简约笔盒 粉色独角兽1,￥22.61
可爱库洛米渐变修正带卡通高颜值ins少女玉桂狗改正带简约涂改带 库洛米渐变ins紫【6支装】,￥23.80
帕恰狗笔袋女生初高中生大容量文具盒ins高颜值学生库洛米铅笔盒笔袋初中生 二十红郁金香 +磁吸夹,￥48.00
恶搞笔记本生日礼物创意新奇送男生女友闺蜜整蛊情人节送同学同桌好朋友毕业开学愚人节礼物实用的礼品 五年高考 三年模拟,￥9.90
安静书女孩新款diy材料免裁剪泡泡立体贴纸书换装贴纸场景拼贴素材卡通人物儿童玩具手工捏捏乐手帐装饰贴 【免裁剪版 可爱爆棚】Aki酱的日常生活,￥12.80
蝶设商务礼品定制送客户纪念品员工福利女朋友男士智能黑科技办公套装实用企业周年庆活动奖品公司年会伴手礼,￥98.00
得力修正带学生用ins日系高颜值女生实惠装顺滑涂改带改正带初中生专用多功能修改带改字带改错带替芯可换 【灰色】一支装,￥3.50
小麻薯手帐套装胶带随心配超便宜手账大礼包女孩手杖贴纸盲盒超值 手账随心配(出17-19样)_送离,￥33.01
派克（PARKER）签字笔 圆珠笔 商务办公送礼 男女生日礼物 学生练字书法文具礼品 威雅XL逐浪蓝金夹宝珠笔,￥166.00
马培德（Maped） 个性原创印花手包多功能手机包零钱包笔袋男女 大容量网红笔袋铅笔盒开学文具礼物 时尚印花-红,￥34.90
百乐（PILOT）FP-78G+钢笔 签字笔商务办公送礼 男女生日学生书法练字生日礼物  复古礼盒装 透明色EF尖,￥113.04
百乐（PILOT）签字笔88G学生书法练字钢笔高档礼盒墨水套装商用办公送礼FPMR2黑色鳄纹M尖 生日礼物,￥201.60
英雄（HERO）钢笔100仕女（10K）金尖钢笔金笔签字笔办公礼品墨水笔 黑色,￥229.00
,
英雄（HERO） 钢笔 E609铱金日常书写商务练字三年级中小学男女墨水笔 耀黑 简装 F明尖 JD,￥33.80
,
三年二班 格子大容量笔袋学生可爱文具盒初中男生女生笔盒高颜值文具袋 基础大容量款,￥18.80
安静书女孩新款diy材料免裁剪泡泡立体贴纸书换装贴纸场景拼贴素材卡通人物儿童玩具手工捏捏乐手帐装饰贴 【免剪裁礼盒新款】满小满和她的日常,￥12.80
得力(deli) AR智能30cm大号3D立体浮雕地球仪 地理启蒙创意教师节生日礼品物早教男孩女孩儿童玩具,￥279.00
六品堂行楷字帖练字帖成人大学生行书练字帖硬笔书法女生字体钢笔临摹写字帖控笔训练初中生高中生练字本 人生格言-（楷书凹槽）,￥9.80
四季年华笔袋女孩小学生文具盒女生大容量2022新款流行铅笔盒可爱双层文具袋女孩 丸子的银河梦 无规格,￥13.40
普乐士 PLUS修正带学生用涂改带大容量学生用改正带可替换芯进口文具女可爱少女改字带初中生修改带 透明浅蓝1本体+10替芯 1件,￥58.26
百乐格多功能文具盒铅笔盒阅读书架笔盒可折叠可调节看书支架学生桌面书夹伸缩多功能文具盒小学生用男女孩子 阅读书架 阅读书架文具盒[粉色1个]...,￥78.00
安蔻（ANGOO） 可爱布艺文具盒女小学生卡通高颜值大容量网红笔袋儿童铅笔盒男女生文具袋日系简约笔盒 粉色独角兽,￥22.61
晨光 计数器一二年级专用统一标准教具老师推荐幼儿园数学小学早教学具盒女小学生算盘珠心算 十二行大珠计数器,￥19.80
帕恰狗笔袋女生初高中生大容量文具盒ins高颜值学生库洛米铅笔盒笔袋初中生 清华大学 +磁吸夹,￥48.00
小麻薯多加新品手账胶带小学日记素材贴纸套装手账贴童话系列合集海的女儿文创产品随心配整卷 奶盖熊-名画系列①,￥13.80
马培德Maped 极光钢笔 高颜值小学生钢笔三四年级入门男女日常书写可替换墨囊练字钢笔 蓝色极光-塑盒装,￥22.90
派克（PARKER）钢笔 签字笔 商务办公送礼 礼品 男女生日礼物 学生练字 IM系列黑森林墨水笔,￥788.00
晨光故宫瑞兽联名金榜题名限定礼盒考试套装中性笔0.5学生黑色学生用的按压式圆珠笔初中生文具用品高颜值 【锦鲤】云握手黑色0.5-4支（12支一盒）...,￥19.90
云水墨 天空物语明信片信纸信封套装唯美文艺风景情侣书信笺高级感贺卡生日礼物套装装饰贺卡片送老师女朋友 迷失森林,￥6.60
得力(deli)24色超轻粘土 彩泥黏土橡皮泥套装 儿童男孩女孩手工DIY玩具质地温和柔软 学生生日礼物 袋装67851,￥12.90
笔筒收纳盒 7格多层抽屉式笔筒大容量文具收纳办公室笔桶遥控器收纳儿童创意男女生可爱宿舍书桌装放笔的 樱花粉【diy贴纸】,￥29.90
